ISO-10303-21;
HEADER;
/* Generated by software containing ST-Developer
 * from STEP Tools, Inc. (www.steptools.com) 
 */

FILE_DESCRIPTION(
/* description */ (''),
/* implementation_level */ '2;1');

FILE_NAME(
/* name */ 'pug_motor_plate v3.step',
/* time_stamp */ '2025-12-07T10:18:12+01:00',
/* author */ (''),
/* organization */ (''),
/* preprocessor_version */ 'ST-DEVELOPER v20.1',
/* originating_system */ 'Autodesk Translation Framework v14.21.0.0',
/* authorisation */ '');

FILE_SCHEMA (('AUTOMOTIVE_DESIGN { 1 0 10303 214 3 1 1 }'));
ENDSEC;

DATA;
#10=MECHANICAL_DESIGN_GEOMETRIC_PRESENTATION_REPRESENTATION('',(#63,#64,
#65,#66),#10744);
#11=CONTEXT_DEPENDENT_OVER_RIDING_STYLED_ITEM('',(#10818),#10775,#66,(#5709,
#5706));
#12=MAPPED_ITEM('',#13,#6263);
#13=REPRESENTATION_MAP(#6263,#10773);
#14=(
BOUNDED_CURVE()
B_SPLINE_CURVE(2,(#9341,#9342,#9343),.UNSPECIFIED.,.F.,.F.)
B_SPLINE_CURVE_WITH_KNOTS((3,3),(0.393459306365057,0.427924053948274),
 .UNSPECIFIED.)
CURVE()
GEOMETRIC_REPRESENTATION_ITEM()
RATIONAL_B_SPLINE_CURVE((1.41064802700454,1.42482041610952,1.43832484687197))
REPRESENTATION_ITEM('')
);
#15=(
BOUNDED_CURVE()
B_SPLINE_CURVE(2,(#9357,#9358,#9359),.UNSPECIFIED.,.F.,.F.)
B_SPLINE_CURVE_WITH_KNOTS((3,3),(0.249040960517362,0.256428056621473),
 .UNSPECIFIED.)
CURVE()
GEOMETRIC_REPRESENTATION_ITEM()
RATIONAL_B_SPLINE_CURVE((1.02483912578207,1.02488380769823,1.02490928577119))
REPRESENTATION_ITEM('')
);
#16=(
BOUNDED_CURVE()
B_SPLINE_CURVE(2,(#9365,#9366,#9367),.UNSPECIFIED.,.F.,.F.)
B_SPLINE_CURVE_WITH_KNOTS((3,3),(0.00775409795611821,0.0479528175798212),
 .UNSPECIFIED.)
CURVE()
GEOMETRIC_REPRESENTATION_ITEM()
RATIONAL_B_SPLINE_CURVE((1.00067608397281,1.00238885526846,1.00368997385108))
REPRESENTATION_ITEM('')
);
#17=(
BOUNDED_CURVE()
B_SPLINE_CURVE(2,(#9370,#9371,#9372),.UNSPECIFIED.,.F.,.F.)
B_SPLINE_CURVE_WITH_KNOTS((3,3),(1.8696833376869,1.90481884696489),
 .UNSPECIFIED.)
CURVE()
GEOMETRIC_REPRESENTATION_ITEM()
RATIONAL_B_SPLINE_CURVE((1.46153547689757,1.44781312154957,1.43341202883789))
REPRESENTATION_ITEM('')
);
#18=(
BOUNDED_CURVE()
B_SPLINE_CURVE(2,(#9408,#9409,#9410),.UNSPECIFIED.,.F.,.F.)
B_SPLINE_CURVE_WITH_KNOTS((3,3),(0.412712896344421,0.447811103603017),
 .UNSPECIFIED.)
CURVE()
GEOMETRIC_REPRESENTATION_ITEM()
RATIONAL_B_SPLINE_CURVE((1.43214576184492,1.44653413272365,1.46024436583093))
REPRESENTATION_ITEM('')
);
#19=(
BOUNDED_CURVE()
B_SPLINE_CURVE(2,(#9416,#9417,#9418),.UNSPECIFIED.,.F.,.F.)
B_SPLINE_CURVE_WITH_KNOTS((3,3),(0.00775185663633428,0.0479388119521644),
 .UNSPECIFIED.)
CURVE()
GEOMETRIC_REPRESENTATION_ITEM()
RATIONAL_B_SPLINE_CURVE((1.00067492208767,1.00238467448655,1.00368276660627))
REPRESENTATION_ITEM('')
);
#20=(
BOUNDED_CURVE()
B_SPLINE_CURVE(2,(#9421,#9422,#9423),.UNSPECIFIED.,.F.,.F.)
B_SPLINE_CURVE_WITH_KNOTS((3,3),(1.86700532467538,1.90210353193403),
 .UNSPECIFIED.)
CURVE()
GEOMETRIC_REPRESENTATION_ITEM()
RATIONAL_B_SPLINE_CURVE((1.46024436583095,1.44653413272365,1.43214576184491))
REPRESENTATION_ITEM('')
);
#21=(
BOUNDED_CURVE()
B_SPLINE_CURVE(2,(#9501,#9502,#9503),.UNSPECIFIED.,.F.,.F.)
B_SPLINE_CURVE_WITH_KNOTS((3,3),(2.34627061718489,2.37445458047021),
 .UNSPECIFIED.)
CURVE()
GEOMETRIC_REPRESENTATION_ITEM()
RATIONAL_B_SPLINE_CURVE((1.,1.,1.))
REPRESENTATION_ITEM('')
);
#22=(
BOUNDED_CURVE()
B_SPLINE_CURVE(2,(#9506,#9507,#9508),.UNSPECIFIED.,.F.,.F.)
B_SPLINE_CURVE_WITH_KNOTS((3,3),(6.1975572936559,6.19756017719258),
 .UNSPECIFIED.)
CURVE()
GEOMETRIC_REPRESENTATION_ITEM()
RATIONAL_B_SPLINE_CURVE((1.,1.,1.))
REPRESENTATION_ITEM('')
);
#23=(
BOUNDED_CURVE()
B_SPLINE_CURVE(2,(#9578,#9579,#9580),.UNSPECIFIED.,.F.,.F.)
B_SPLINE_CURVE_WITH_KNOTS((3,3),(1.81867508984139,1.85310046939167),
 .UNSPECIFIED.)
CURVE()
GEOMETRIC_REPRESENTATION_ITEM()
RATIONAL_B_SPLINE_CURVE((1.43696298284524,1.42347133862299,1.40931236850815))
REPRESENTATION_ITEM('')
);
#24=(
BOUNDED_CURVE()
B_SPLINE_CURVE(2,(#9582,#9583,#9584),.UNSPECIFIED.,.F.,.F.)
B_SPLINE_CURVE_WITH_KNOTS((3,3),(0.418166273840982,0.453444162227197),
 .UNSPECIFIED.)
CURVE()
GEOMETRIC_REPRESENTATION_ITEM()
RATIONAL_B_SPLINE_CURVE((1.438245625702,1.45269528021946,1.46646390860859))
REPRESENTATION_ITEM('')
);
#25=(
BOUNDED_CURVE()
B_SPLINE_CURVE(2,(#9588,#9589,#9590),.UNSPECIFIED.,.F.,.F.)
B_SPLINE_CURVE_WITH_KNOTS((3,3),(0.293240436287934,0.333394088110428),
 .UNSPECIFIED.)
CURVE()
GEOMETRIC_REPRESENTATION_ITEM()
RATIONAL_B_SPLINE_CURVE((1.00301555078004,1.00171982416451,1.00001270602513))
REPRESENTATION_ITEM('')
);
#26=(
BOUNDED_CURVE()
B_SPLINE_CURVE(2,(#9594,#9595,#9596),.UNSPECIFIED.,.F.,.F.)
B_SPLINE_CURVE_WITH_KNOTS((3,3),(0.00775409795615597,0.0479528175799577),
 .UNSPECIFIED.)
CURVE()
GEOMETRIC_REPRESENTATION_ITEM()
RATIONAL_B_SPLINE_CURVE((1.00067608397269,1.00238885526803,1.00368997385042))
REPRESENTATION_ITEM('')
);
#27=(
BOUNDED_CURVE()
B_SPLINE_CURVE(2,(#9600,#9601,#9602),.UNSPECIFIED.,.F.,.F.)
B_SPLINE_CURVE_WITH_KNOTS((3,3),(1.86700589138229,1.90210410653427),
 .UNSPECIFIED.)
CURVE()
GEOMETRIC_REPRESENTATION_ITEM()
RATIONAL_B_SPLINE_CURVE((1.46024463903735,1.44653440336495,1.43214602979424))
REPRESENTATION_ITEM('')
);
#28=(
BOUNDED_CURVE()
B_SPLINE_CURVE(2,(#9616,#9617,#9618),.UNSPECIFIED.,.F.,.F.)
B_SPLINE_CURVE_WITH_KNOTS((3,3),(1.83174041792066,1.86634762438607),
 .UNSPECIFIED.)
CURVE()
GEOMETRIC_REPRESENTATION_ITEM()
RATIONAL_B_SPLINE_CURVE((1.44325332535289,1.42970261708358,1.41548166126859))
REPRESENTATION_ITEM('')
);
#29=(
BOUNDED_CURVE()
B_SPLINE_CURVE(2,(#9713,#9714,#9715),.UNSPECIFIED.,.F.,.F.)
B_SPLINE_CURVE_WITH_KNOTS((3,3),(0.392261243300587,0.426686622850922),
 .UNSPECIFIED.)
CURVE()
GEOMETRIC_REPRESENTATION_ITEM()
RATIONAL_B_SPLINE_CURVE((1.40931236850813,1.42347133862299,1.43696298284525))
REPRESENTATION_ITEM('')
);
#30=(
BOUNDED_CURVE()
B_SPLINE_CURVE(2,(#9720,#9721,#9722),.UNSPECIFIED.,.F.,.F.)
B_SPLINE_CURVE_WITH_KNOTS((3,3),(0.399248893967209,0.427433600696635),
 .UNSPECIFIED.)
CURVE()
GEOMETRIC_REPRESENTATION_ITEM()
RATIONAL_B_SPLINE_CURVE((1.,1.,1.))
REPRESENTATION_ITEM('')
);
#31=(
BOUNDED_CURVE()
B_SPLINE_CURVE(2,(#9725,#9726,#9727),.UNSPECIFIED.,.F.,.F.)
B_SPLINE_CURVE_WITH_KNOTS((3,3),(0.432280398525231,0.489214609815589),
 .UNSPECIFIED.)
CURVE()
GEOMETRIC_REPRESENTATION_ITEM()
RATIONAL_B_SPLINE_CURVE((0.99843179944393,0.998613604063799,0.998870501466257))
REPRESENTATION_ITEM('')
);
#32=(
BOUNDED_CURVE()
B_SPLINE_CURVE(2,(#9733,#9734,#9735),.UNSPECIFIED.,.F.,.F.)
B_SPLINE_CURVE_WITH_KNOTS((3,3),(0.292553028042753,0.332694853934105),
 .UNSPECIFIED.)
CURVE()
GEOMETRIC_REPRESENTATION_ITEM()
RATIONAL_B_SPLINE_CURVE((1.00300942726545,1.00171675513803,1.00001268340335))
REPRESENTATION_ITEM('')
);
#33=(
BOUNDED_CURVE()
B_SPLINE_CURVE(2,(#9769,#9770,#9771),.UNSPECIFIED.,.F.,.F.)
B_SPLINE_CURVE_WITH_KNOTS((3,3),(1.61217415952013,1.75070773056418),
 .UNSPECIFIED.)
CURVE()
GEOMETRIC_REPRESENTATION_ITEM()
RATIONAL_B_SPLINE_CURVE((1.24464237743932,1.21670383885909,1.18215738598896))
REPRESENTATION_ITEM('')
);
#34=(
BOUNDED_CURVE()
B_SPLINE_CURVE(2,(#9773,#9774,#9775),.UNSPECIFIED.,.F.,.F.)
B_SPLINE_CURVE_WITH_KNOTS((3,3),(0.292014174475493,0.369635300487689),
 .UNSPECIFIED.)
CURVE()
GEOMETRIC_REPRESENTATION_ITEM()
RATIONAL_B_SPLINE_CURVE((1.01505121305966,1.01201393295308,1.00629849078945))
REPRESENTATION_ITEM('')
);
#35=(
BOUNDED_CURVE()
B_SPLINE_CURVE(2,(#9803,#9804,#9805),.UNSPECIFIED.,.F.,.F.)
B_SPLINE_CURVE_WITH_KNOTS((3,3),(1.34282527248046,1.70291443536648),
 .UNSPECIFIED.)
CURVE()
GEOMETRIC_REPRESENTATION_ITEM()
RATIONAL_B_SPLINE_CURVE((3.31999784141605,3.47560315222276,3.54783414470496))
REPRESENTATION_ITEM('')
);
#36=(
BOUNDED_CURVE()
B_SPLINE_CURVE(2,(#9807,#9808,#9809),.UNSPECIFIED.,.F.,.F.)
B_SPLINE_CURVE_WITH_KNOTS((3,3),(3.60561429770969,3.66786391243812),
 .UNSPECIFIED.)
CURVE()
GEOMETRIC_REPRESENTATION_ITEM()
RATIONAL_B_SPLINE_CURVE((4.42027096343722,4.2828369351333,4.13963793813518))
REPRESENTATION_ITEM('')
);
#37=(
BOUNDED_CURVE()
B_SPLINE_CURVE(2,(#9810,#9811,#9812),.UNSPECIFIED.,.F.,.F.)
B_SPLINE_CURVE_WITH_KNOTS((3,3),(1.70291443536648,2.45928791161454),
 .UNSPECIFIED.)
CURVE()
GEOMETRIC_REPRESENTATION_ITEM()
RATIONAL_B_SPLINE_CURVE((3.54783414470496,3.69955658599903,3.48341715597081))
REPRESENTATION_ITEM('')
);
#38=(
BOUNDED_CURVE()
B_SPLINE_CURVE(2,(#9903,#9904,#9905),.UNSPECIFIED.,.F.,.F.)
B_SPLINE_CURVE_WITH_KNOTS((3,3),(0.302066537449397,0.342265257076236),
 .UNSPECIFIED.)
CURVE()
GEOMETRIC_REPRESENTATION_ITEM()
RATIONAL_B_SPLINE_CURVE((1.00368997385012,1.00238885526773,1.00067608397237))
REPRESENTATION_ITEM('')
);
#39=(
BOUNDED_CURVE()
B_SPLINE_CURVE(2,(#9909,#9910,#9911),.UNSPECIFIED.,.F.,.F.)
B_SPLINE_CURVE_WITH_KNOTS((3,3),(0.000149364220064776,0.0403030160419421),
 .UNSPECIFIED.)
CURVE()
GEOMETRIC_REPRESENTATION_ITEM()
RATIONAL_B_SPLINE_CURVE((1.00001270602518,1.00171982416441,1.00301555077984))
REPRESENTATION_ITEM('')
);
#40=(
BOUNDED_CURVE()
B_SPLINE_CURVE(2,(#9963,#9964,#9965),.UNSPECIFIED.,.F.,.F.)
B_SPLINE_CURVE_WITH_KNOTS((3,3),(0.412712896344474,0.447811103603069),
 .UNSPECIFIED.)
CURVE()
GEOMETRIC_REPRESENTATION_ITEM()
RATIONAL_B_SPLINE_CURVE((1.43214576184493,1.44653413272366,1.46024436583094))
REPRESENTATION_ITEM('')
);
#41=(
BOUNDED_CURVE()
B_SPLINE_CURVE(2,(#9969,#9970,#9971),.UNSPECIFIED.,.F.,.F.)
B_SPLINE_CURVE_WITH_KNOTS((3,3),(1.81882265368267,1.85325008645173),
 .UNSPECIFIED.)
CURVE()
GEOMETRIC_REPRESENTATION_ITEM()
RATIONAL_B_SPLINE_CURVE((1.43703400901168,1.42354169792484,1.40938202796083))
REPRESENTATION_ITEM('')
);
#42=(
BOUNDED_CURVE()
B_SPLINE_CURVE(2,(#9977,#9978,#9979),.UNSPECIFIED.,.F.,.F.)
B_SPLINE_CURVE_WITH_KNOTS((3,3),(0.301382598746303,0.341569554065195),
 .UNSPECIFIED.)
CURVE()
GEOMETRIC_REPRESENTATION_ITEM()
RATIONAL_B_SPLINE_CURVE((1.00368276660578,1.00238467448613,1.00067492208732))
REPRESENTATION_ITEM('')
);
#43=(
BOUNDED_CURVE()
B_SPLINE_CURVE(2,(#9982,#9983,#9984),.UNSPECIFIED.,.F.,.F.)
B_SPLINE_CURVE_WITH_KNOTS((3,3),(1.81882208607101,1.85324951094229),
 .UNSPECIFIED.)
CURVE()
GEOMETRIC_REPRESENTATION_ITEM()
RATIONAL_B_SPLINE_CURVE((1.43703373580535,1.42354142728362,1.40938176001161))
REPRESENTATION_ITEM('')
);
#44=(
BOUNDED_CURVE()
B_SPLINE_CURVE(2,(#10031,#10032,#10033),.UNSPECIFIED.,.F.,.F.)
B_SPLINE_CURVE_WITH_KNOTS((3,3),(1.83174041792062,1.86634762438602),
 .UNSPECIFIED.)
CURVE()
GEOMETRIC_REPRESENTATION_ITEM()
RATIONAL_B_SPLINE_CURVE((1.44325332535285,1.42970261708355,1.41548166126856))
REPRESENTATION_ITEM('')
);
#45=(
BOUNDED_CURVE()
B_SPLINE_CURVE(2,(#10116,#10117,#10118),.UNSPECIFIED.,.F.,.F.)
B_SPLINE_CURVE_WITH_KNOTS((3,3),(0.000149320726887659,0.0402911466175584),
 .UNSPECIFIED.)
CURVE()
GEOMETRIC_REPRESENTATION_ITEM()
RATIONAL_B_SPLINE_CURVE((1.0000126834034,1.00171675513827,1.00300942726583))
REPRESENTATION_ITEM('')
);
#46=(
BOUNDED_CURVE()
B_SPLINE_CURVE(2,(#10174,#10175,#10176),.UNSPECIFIED.,.F.,.F.)
B_SPLINE_CURVE_WITH_KNOTS((3,3),(0.392323732124454,0.426751164893581),
 .UNSPECIFIED.)
CURVE()
GEOMETRIC_REPRESENTATION_ITEM()
RATIONAL_B_SPLINE_CURVE((1.40938202796094,1.42354169792498,1.43703400901185))
REPRESENTATION_ITEM('')
);
#47=(
BOUNDED_CURVE()
B_SPLINE_CURVE(2,(#10207,#10208,#10209),.UNSPECIFIED.,.F.,.F.)
B_SPLINE_CURVE_WITH_KNOTS((3,3),(2.64257015996047,2.64257169043542),
 .UNSPECIFIED.)
CURVE()
GEOMETRIC_REPRESENTATION_ITEM()
RATIONAL_B_SPLINE_CURVE((1.,1.,1.))
REPRESENTATION_ITEM('')
);
#48=(
BOUNDED_CURVE()
B_SPLINE_CURVE(2,(#10274,#10275,#10276),.UNSPECIFIED.,.F.,.F.)
B_SPLINE_CURVE_WITH_KNOTS((3,3),(0.038193183003701,0.115807611657592),
 .UNSPECIFIED.)
CURVE()
GEOMETRIC_REPRESENTATION_ITEM()
RATIONAL_B_SPLINE_CURVE((1.00627574756727,1.01199346205274,1.01503308943052))
REPRESENTATION_ITEM('')
);
#49=(
BOUNDED_CURVE()
B_SPLINE_CURVE(2,(#10339,#10340,#10341),.UNSPECIFIED.,.F.,.F.)
B_SPLINE_CURVE_WITH_KNOTS((3,3),(0.56494707185521,0.56494860241708),
 .UNSPECIFIED.)
CURVE()
GEOMETRIC_REPRESENTATION_ITEM()
RATIONAL_B_SPLINE_CURVE((1.,1.,1.))
REPRESENTATION_ITEM('')
);
#50=(
BOUNDED_CURVE()
B_SPLINE_CURVE(2,(#10348,#10349,#10350),.UNSPECIFIED.,.F.,.F.)
B_SPLINE_CURVE_WITH_KNOTS((3,3),(2.5826832343932,2.58269844652685),
 .UNSPECIFIED.)
CURVE()
GEOMETRIC_REPRESENTATION_ITEM()
RATIONAL_B_SPLINE_CURVE((1.,1.,1.))
REPRESENTATION_ITEM('')
);
#51=(
BOUNDED_CURVE()
B_SPLINE_CURVE(2,(#10355,#10356,#10357),.UNSPECIFIED.,.F.,.F.)
B_SPLINE_CURVE_WITH_KNOTS((3,3),(1.81882265368273,1.85325008645184),
 .UNSPECIFIED.)
CURVE()
GEOMETRIC_REPRESENTATION_ITEM()
RATIONAL_B_SPLINE_CURVE((1.43703400901186,1.42354169792499,1.40938202796096))
REPRESENTATION_ITEM('')
);
#52=(
BOUNDED_CURVE()
B_SPLINE_CURVE(2,(#10412,#10413,#10414),.UNSPECIFIED.,.F.,.F.)
B_SPLINE_CURVE_WITH_KNOTS((3,3),(0.39232373212435,0.426751164893501),
 .UNSPECIFIED.)
CURVE()
GEOMETRIC_REPRESENTATION_ITEM()
RATIONAL_B_SPLINE_CURVE((1.40938202796081,1.42354169792486,1.43703400901174))
REPRESENTATION_ITEM('')
);
#53=(
BOUNDED_CURVE()
B_SPLINE_CURVE(2,(#10420,#10421,#10422),.UNSPECIFIED.,.F.,.F.)
B_SPLINE_CURVE_WITH_KNOTS((3,3),(0.392323643014858,0.426751077122854),
 .UNSPECIFIED.)
CURVE()
GEOMETRIC_REPRESENTATION_ITEM()
RATIONAL_B_SPLINE_CURVE((1.40938206350054,1.4235417383306,1.43703405384768))
REPRESENTATION_ITEM('')
);
#54=(
BOUNDED_CURVE()
B_SPLINE_CURVE(2,(#10478,#10479,#10480),.UNSPECIFIED.,.F.,.F.)
B_SPLINE_CURVE_WITH_KNOTS((3,3),(0.0569992966095197,0.230705569217687),
 .UNSPECIFIED.)
CURVE()
GEOMETRIC_REPRESENTATION_ITEM()
RATIONAL_B_SPLINE_CURVE((1.04083139966874,1.08534235325125,1.02193332782769))
REPRESENTATION_ITEM('')
);
#55=(
BOUNDED_CURVE()
B_SPLINE_CURVE(2,(#10481,#10482,#10483),.UNSPECIFIED.,.F.,.F.)
B_SPLINE_CURVE_WITH_KNOTS((3,3),(0.138604152515417,0.15198075621472),
 .UNSPECIFIED.)
CURVE()
GEOMETRIC_REPRESENTATION_ITEM()
RATIONAL_B_SPLINE_CURVE((1.00522840940141,1.00286650002978,1.))
REPRESENTATION_ITEM('')
);
#56=(
BOUNDED_CURVE()
B_SPLINE_CURVE(2,(#10484,#10485,#10486),.UNSPECIFIED.,.F.,.F.)
B_SPLINE_CURVE_WITH_KNOTS((3,3),(0.,0.0569992966095197),.UNSPECIFIED.)
CURVE()
GEOMETRIC_REPRESENTATION_ITEM()
RATIONAL_B_SPLINE_CURVE((1.,1.02622574952423,1.04083139966874))
REPRESENTATION_ITEM('')
);
#57=SHAPE_REPRESENTATION_RELATIONSHIP('SRR','None',#10774,#60);
#58=SHAPE_REPRESENTATION_RELATIONSHIP('SRR','None',#10779,#61);
#59=SHAPE_REPRESENTATION_RELATIONSHIP('SRR','None',#10780,#62);
#60=ADVANCED_BREP_SHAPE_REPRESENTATION('',(#67),#10737);
#61=ADVANCED_BREP_SHAPE_REPRESENTATION('',(#68),#10742);
#62=ADVANCED_BREP_SHAPE_REPRESENTATION('',(#69),#10743);
#63=STYLED_ITEM('',(#10819),#67);
#64=STYLED_ITEM('',(#10817),#68);
#65=STYLED_ITEM('',(#10817),#69);
#66=STYLED_ITEM('',(#10820),#12);
#67=MANIFOLD_SOLID_BREP('Body1',#5692);
#68=MANIFOLD_SOLID_BREP('Body1',#5693);
#69=MANIFOLD_SOLID_BREP('Body1',#5694);
#70=TOROIDAL_SURFACE('',#5994,4.,2.);
#71=TOROIDAL_SURFACE('',#6004,4.,2.);
#72=FACE_BOUND('',#1988,.T.);
#73=FACE_BOUND('',#1989,.T.);
#74=FACE_BOUND('',#2008,.T.);
#75=FACE_BOUND('',#2010,.T.);
#76=FACE_BOUND('',#2053,.T.);
#77=FACE_BOUND('',#2054,.T.);
#78=FACE_BOUND('',#2055,.T.);
#79=FACE_BOUND('',#2076,.T.);
#80=FACE_BOUND('',#2080,.T.);
#81=FACE_BOUND('',#2082,.T.);
#82=FACE_BOUND('',#2128,.T.);
#83=FACE_BOUND('',#2130,.T.);
#84=FACE_BOUND('',#2189,.T.);
#85=FACE_BOUND('',#2192,.T.);
#86=FACE_BOUND('',#2202,.T.);
#87=FACE_BOUND('',#2205,.T.);
#88=CYLINDRICAL_SURFACE('',#5837,2.);
#89=CYLINDRICAL_SURFACE('',#5840,2.);
#90=CYLINDRICAL_SURFACE('',#5843,2.);
#91=CYLINDRICAL_SURFACE('',#5846,2.);
#92=CYLINDRICAL_SURFACE('',#5849,1.75);
#93=CYLINDRICAL_SURFACE('',#5852,2.);
#94=CYLINDRICAL_SURFACE('',#5855,2.);
#95=CYLINDRICAL_SURFACE('',#5858,0.6);
#96=CYLINDRICAL_SURFACE('',#5919,1.75);
#97=CYLINDRICAL_SURFACE('',#5921,2.);
#98=CYLINDRICAL_SURFACE('',#5923,2.);
#99=CYLINDRICAL_SURFACE('',#5925,0.4);
#100=CYLINDRICAL_SURFACE('',#5927,0.4);
#101=CYLINDRICAL_SURFACE('',#5929,0.4);
#102=CYLINDRICAL_SURFACE('',#5931,0.4);
#103=CYLINDRICAL_SURFACE('',#5933,0.6);
#104=CYLINDRICAL_SURFACE('',#5939,0.4);
#105=CYLINDRICAL_SURFACE('',#5943,0.4);
#106=CYLINDRICAL_SURFACE('',#5945,0.4);
#107=CYLINDRICAL_SURFACE('',#5948,0.4);
#108=CYLINDRICAL_SURFACE('',#5951,2.);
#109=CYLINDRICAL_SURFACE('',#5979,2.);
#110=CYLINDRICAL_SURFACE('',#5985,2.);
#111=CYLINDRICAL_SURFACE('',#5988,2.);
#112=CYLINDRICAL_SURFACE('',#5989,2.);
#113=CYLINDRICAL_SURFACE('',#5992,2.);
#114=CYLINDRICAL_SURFACE('',#5998,2.);
#115=CYLINDRICAL_SURFACE('',#6000,2.);
#116=CYLINDRICAL_SURFACE('',#6001,2.);
#117=CYLINDRICAL_SURFACE('',#6008,2.);
#118=CYLINDRICAL_SURFACE('',#6009,2.);
#119=CYLINDRICAL_SURFACE('',#6010,2.);
#120=CYLINDRICAL_SURFACE('',#6024,9.6592);
#121=CYLINDRICAL_SURFACE('',#6028,9.85931653120455);
#122=CYLINDRICAL_SURFACE('',#6038,2.30000000000001);
#123=CYLINDRICAL_SURFACE('',#6043,1.65);
#124=CYLINDRICAL_SURFACE('',#6047,2.30000000000001);
#125=CYLINDRICAL_SURFACE('',#6049,5.90999999999977);
#126=CYLINDRICAL_SURFACE('',#6052,6.90999814334038);
#127=CYLINDRICAL_SURFACE('',#6060,5.90999999999977);
#128=CYLINDRICAL_SURFACE('',#6078,9.65931653120455);
#129=CYLINDRICAL_SURFACE('',#6092,6.90999999999943);
#130=CYLINDRICAL_SURFACE('',#6106,6.90999814334038);
#131=CYLINDRICAL_SURFACE('',#6132,1.65);
#132=CYLINDRICAL_SURFACE('',#6133,1.65);
#133=CYLINDRICAL_SURFACE('',#6143,5.90999814334038);
#134=CYLINDRICAL_SURFACE('',#6144,5.9099999999992);
#135=CYLINDRICAL_SURFACE('',#6177,9.65931653120455);
#136=CYLINDRICAL_SURFACE('',#6200,5.90999999999977);
#137=CYLINDRICAL_SURFACE('',#6219,0.4);
#138=CYLINDRICAL_SURFACE('',#6222,0.4);
#139=CYLINDRICAL_SURFACE('',#6224,9.6592);
#140=CYLINDRICAL_SURFACE('',#6225,9.6592);
#141=CYLINDRICAL_SURFACE('',#6229,3.00000000000001);
#142=CYLINDRICAL_SURFACE('',#6235,3.);
#143=CYLINDRICAL_SURFACE('',#6240,0.4);
#144=CYLINDRICAL_SURFACE('',#6242,0.4);
#145=CYLINDRICAL_SURFACE('',#6244,1.65);
#146=CYLINDRICAL_SURFACE('',#6245,1.65);
#147=CYLINDRICAL_SURFACE('',#6247,5.90999814334038);
#148=CYLINDRICAL_SURFACE('',#6252,6.90999999999943);
#149=CYLINDRICAL_SURFACE('',#6255,5.9099999999992);
#150=CYLINDRICAL_SURFACE('',#6258,6.90999814334038);
#151=CIRCLE('',#5772,0.6);
#152=CIRCLE('',#5773,0.399999999999999);
#153=CIRCLE('',#5776,1.80000000000001);
#154=CIRCLE('',#5777,2.);
#155=CIRCLE('',#5780,1.8);
#156=CIRCLE('',#5781,2.);
#157=CIRCLE('',#5784,1.75);
#158=CIRCLE('',#5785,1.95);
#159=CIRCLE('',#5788,2.);
#160=CIRCLE('',#5789,1.80000000000001);
#161=CIRCLE('',#5792,1.80000000000001);
#162=CIRCLE('',#5793,2.);
#163=CIRCLE('',#5796,1.80000000000001);
#164=CIRCLE('',#5797,2.);
#165=CIRCLE('',#5800,2.);
#166=CIRCLE('',#5801,1.80000000000001);
#167=CIRCLE('',#5804,1.75);
#168=CIRCLE('',#5805,1.95);
#169=CIRCLE('',#5808,1.8);
#170=CIRCLE('',#5809,2.);
#171=CIRCLE('',#5812,1.8);
#172=CIRCLE('',#5813,2.);
#173=CIRCLE('',#5816,0.4);
#174=CIRCLE('',#5817,0.2);
#175=CIRCLE('',#5820,0.4);
#176=CIRCLE('',#5821,0.599999999999993);
#177=CIRCLE('',#5824,0.4);
#178=CIRCLE('',#5825,0.599999999999995);
#179=CIRCLE('',#5828,0.4);
#180=CIRCLE('',#5829,0.200000000000001);
#181=CIRCLE('',#5832,0.6);
#182=CIRCLE('',#5833,0.399999999999999);
#183=CIRCLE('',#5838,2.);
#184=CIRCLE('',#5841,2.);
#185=CIRCLE('',#5844,2.);
#186=CIRCLE('',#5847,2.);
#187=CIRCLE('',#5850,1.75);
#188=CIRCLE('',#5853,2.);
#189=CIRCLE('',#5856,2.);
#190=CIRCLE('',#5859,0.6);
#191=CIRCLE('',#5867,0.4);
#192=CIRCLE('',#5868,0.200000000000001);
#193=CIRCLE('',#5871,0.4);
#194=CIRCLE('',#5872,0.600000000000006);
#195=CIRCLE('',#5875,0.4);
#196=CIRCLE('',#5876,0.600000000000005);
#197=CIRCLE('',#5879,0.4);
#198=CIRCLE('',#5880,0.2);
#199=CIRCLE('',#5883,1.8);
#200=CIRCLE('',#5884,2.);
#201=CIRCLE('',#5887,1.8);
#202=CIRCLE('',#5888,2.);
#203=CIRCLE('',#5891,1.75);
#204=CIRCLE('',#5892,1.95);
#205=CIRCLE('',#5895,1.80000000000001);
#206=CIRCLE('',#5898,1.80000000000001);
#207=CIRCLE('',#5901,1.80000000000001);
#208=CIRCLE('',#5904,1.80000000000001);
#209=CIRCLE('',#5907,1.95);
#210=CIRCLE('',#5910,1.8);
#211=CIRCLE('',#5913,1.80000000000001);
#212=CIRCLE('',#5916,0.399999999999999);
#213=CIRCLE('',#5934,0.6);
#214=CIRCLE('',#5937,4.);
#215=CIRCLE('',#5938,4.);
#216=CIRCLE('',#5940,0.4);
#217=CIRCLE('',#5941,0.4);
#218=CIRCLE('',#5944,0.4);
#219=CIRCLE('',#5946,0.4);
#220=CIRCLE('',#5947,0.4);
#221=CIRCLE('',#5949,0.4);
#222=CIRCLE('',#5953,2.);
#223=CIRCLE('',#5973,2.);
#224=CIRCLE('',#5980,2.);
#225=CIRCLE('',#5984,2.);
#226=CIRCLE('',#5986,2.);
#227=CIRCLE('',#5990,2.);
#228=CIRCLE('',#5993,2.);
#229=CIRCLE('',#5995,2.);
#230=CIRCLE('',#5996,2.);
#231=CIRCLE('',#5997,2.);
#232=CIRCLE('',#5999,2.);
#233=CIRCLE('',#6002,2.);
#234=CIRCLE('',#6005,2.);
#235=CIRCLE('',#6006,2.);
#236=CIRCLE('',#6007,2.);
#237=CIRCLE('',#6011,2.);
#238=CIRCLE('',#6025,9.6592);
#239=CIRCLE('',#6027,9.85931653120455);
#240=CIRCLE('',#6033,2.50000000000001);
#241=CIRCLE('',#6034,2.30000000000001);
#242=CIRCLE('',#6036,1.84999999999999);
#243=CIRCLE('',#6037,2.50000000000001);
#244=CIRCLE('',#6039,2.30000000000001);
#245=CIRCLE('',#6041,1.65);
#246=CIRCLE('',#6042,1.65);
#247=CIRCLE('',#6044,1.65);
#248=CIRCLE('',#6046,2.30000000000001);
#249=CIRCLE('',#6048,2.30000000000001);
#250=CIRCLE('',#6050,5.90999999999964);
#251=CIRCLE('',#6051,5.9099999999999);
#252=CIRCLE('',#6053,6.90999814334038);
#253=CIRCLE('',#6054,6.90999814334038);
#254=CIRCLE('',#6056,5.90999999999964);
#255=CIRCLE('',#6057,6.90999999999954);
#256=CIRCLE('',#6059,6.90999999999954);
#257=CIRCLE('',#6061,5.9099999999999);
#258=CIRCLE('',#6063,3.00000000000001);
#259=CIRCLE('',#6066,6.90999814334038);
#260=CIRCLE('',#6069,1.65);
#261=CIRCLE('',#6071,1.65);
#262=CIRCLE('',#6075,2.93736974515876);
#263=CIRCLE('',#6079,9.65931653120455);
#264=CIRCLE('',#6089,6.90999999999933);
#265=CIRCLE('',#6090,5.90999999999934);
#266=CIRCLE('',#6096,2.93736974515876);
#267=CIRCLE('',#6097,2.93736974515876);
#268=CIRCLE('',#6100,5.90999999999907);
#269=CIRCLE('',#6101,6.90999982179187);
#270=CIRCLE('',#6104,1.83736974515883);
#271=CIRCLE('',#6107,6.90999814334038);
#272=CIRCLE('',#6125,1.83736974515884);
#273=CIRCLE('',#6129,1.65);
#274=CIRCLE('',#6131,1.65);
#275=CIRCLE('',#6136,9.25931653120456);
#276=CIRCLE('',#6140,5.90999814334038);
#277=CIRCLE('',#6148,2.79594838892151);
#278=CIRCLE('',#6151,6.90999814334038);
#279=CIRCLE('',#6152,5.9099999999999);
#280=CIRCLE('',#6154,2.79594838892151);
#281=CIRCLE('',#6155,2.79594838892151);
#282=CIRCLE('',#6179,9.65931653120455);
#283=CIRCLE('',#6182,9.6592);
#284=CIRCLE('',#6183,9.6592);
#285=CIRCLE('',#6186,6.90999982179187);
#286=CIRCLE('',#6187,9.25931653120456);
#287=CIRCLE('',#6201,5.90999999999964);
#288=CIRCLE('',#6207,5.90999814334038);
#289=CIRCLE('',#6208,6.90999814334038);
#290=CIRCLE('',#6210,1.79594838892151);
#291=CIRCLE('',#6214,1.65);
#292=CIRCLE('',#6216,1.79594838892151);
#293=CIRCLE('',#6218,1.65);
#294=CIRCLE('',#6227,3.00000000000001);
#295=CIRCLE('',#6228,1.65);
#296=CIRCLE('',#6230,3.00000000000001);
#297=CIRCLE('',#6231,3.00000000000001);
#298=CIRCLE('',#6233,3.);
#299=CIRCLE('',#6234,1.65);
#300=CIRCLE('',#6236,3.);
#301=CIRCLE('',#6237,3.);
#302=CIRCLE('',#6250,6.90999999999933);
#303=CIRCLE('',#6251,5.90999999999934);
#304=CIRCLE('',#6253,6.90999999999954);
#305=CIRCLE('',#6256,5.90999999999907);
#306=CONICAL_SURFACE('',#5771,0.5,0.785398163397431);
#307=CONICAL_SURFACE('',#5775,1.9,0.785398163397434);
#308=CONICAL_SURFACE('',#5779,1.9,0.785398163397439);
#309=CONICAL_SURFACE('',#5783,1.85,0.785398163397437);
#310=CONICAL_SURFACE('',#5787,1.9,0.785398163397435);
#311=CONICAL_SURFACE('',#5791,1.9,0.785398163397261);
#312=CONICAL_SURFACE('',#5795,1.9,0.785398163397261);
#313=CONICAL_SURFACE('',#5799,1.9,0.785398163397435);
#314=CONICAL_SURFACE('',#5803,1.85,0.785398163397437);
#315=CONICAL_SURFACE('',#5807,1.9,0.785398163397439);
#316=CONICAL_SURFACE('',#5811,1.9,0.785398163397439);
#317=CONICAL_SURFACE('',#5815,0.3,0.785398163397449);
#318=CONICAL_SURFACE('',#5819,0.499999999999997,0.785398163394264);
#319=CONICAL_SURFACE('',#5823,0.499999999999997,0.785398163394265);
#320=CONICAL_SURFACE('',#5827,0.3,0.785398163397446);
#321=CONICAL_SURFACE('',#5831,0.5,0.785398163397444);
#322=CONICAL_SURFACE('',#5866,0.3,0.785398163397446);
#323=CONICAL_SURFACE('',#5870,0.500000000000003,0.785398163400631);
#324=CONICAL_SURFACE('',#5874,0.500000000000002,0.785398163400628);
#325=CONICAL_SURFACE('',#5878,0.3,0.785398163397449);
#326=CONICAL_SURFACE('',#5882,1.9,0.785398163397439);
#327=CONICAL_SURFACE('',#5886,1.9,0.785398163397439);
#328=CONICAL_SURFACE('',#5890,1.85,0.785398163397437);
#329=CONICAL_SURFACE('',#5894,1.9,0.785398163397435);
#330=CONICAL_SURFACE('',#5897,1.9,0.785398163397616);
#331=CONICAL_SURFACE('',#5900,1.9,0.785398163397616);
#332=CONICAL_SURFACE('',#5903,1.9,0.785398163397435);
#333=CONICAL_SURFACE('',#5906,1.85,0.785398163397437);
#334=CONICAL_SURFACE('',#5909,1.9,0.785398163397439);
#335=CONICAL_SURFACE('',#5912,1.9,0.785398163397434);
#336=CONICAL_SURFACE('',#5915,0.5,0.785398163397469);
#337=CONICAL_SURFACE('',#6032,2.40000000000001,0.785398163397503);
#338=CONICAL_SURFACE('',#6040,1.75,0.785398163397445);
#339=CONICAL_SURFACE('',#6045,2.40000000000001,0.785398163397458);
#340=CONICAL_SURFACE('',#6055,6.40999999999959,0.785398163397369);
#341=CONICAL_SURFACE('',#6058,6.40999999999959,0.785398163397369);
#342=CONICAL_SURFACE('',#6062,3.00000000000001,0.0872664625997165);
#343=CONICAL_SURFACE('',#6065,6.40999999999993,0.785398163397517);
#344=CONICAL_SURFACE('',#6067,6.40999999999993,0.785398163397517);
#345=CONICAL_SURFACE('',#6088,6.40999999999933,0.785398163397458);
#346=CONICAL_SURFACE('',#6099,6.40999999999897,0.785398163397261);
#347=CONICAL_SURFACE('',#6103,2.36665906704016,0.785398163397451);
#348=CONICAL_SURFACE('',#6124,2.36665906704016,0.78539816339745);
#349=CONICAL_SURFACE('',#6137,9.45931653120455,0.785398163397458);
#350=CONICAL_SURFACE('',#6139,6.40999814334038,0.78539816339745);
#351=CONICAL_SURFACE('',#6150,6.40999999999993,0.785398163397517);
#352=CONICAL_SURFACE('',#6206,6.40999814334038,0.78539816339745);
#353=CONICAL_SURFACE('',#6209,2.29594838892151,0.78539816339745);
#354=CONICAL_SURFACE('',#6215,2.29594838892151,0.785398163397451);
#355=CONICAL_SURFACE('',#6246,9.45931653120455,0.785398163397458);
#356=CONICAL_SURFACE('',#6249,6.40999999999933,0.785398163397458);
#357=CONICAL_SURFACE('',#6254,6.40999999999959,0.785398163397369);
#358=CONICAL_SURFACE('',#6257,6.40999999999897,0.785398163397261);
#359=ELLIPSE('',#5770,11.384558120406,9.85931653120455);
#360=ELLIPSE('',#5835,19.7186329908444,9.85931653120455);
#361=ELLIPSE('',#5861,38.0934741660892,9.85931653120455);
#362=ELLIPSE('',#5862,37.3202829651654,9.6592);
#363=ELLIPSE('',#5865,0.848528137423857,0.6);
#364=ELLIPSE('',#5918,19.3184,9.6592);
#365=ELLIPSE('',#5936,10.2071155541486,9.85931653120455);
#366=ELLIPSE('',#5952,2.82842712474619,2.);
#367=ELLIPSE('',#5954,2.82842712474618,2.);
#368=ELLIPSE('',#5977,2.82842712474619,2.);
#369=ELLIPSE('',#5981,2.82842712474619,2.);
#370=ELLIPSE('',#5987,2.82842712474619,2.);
#371=ELLIPSE('',#5991,2.82842712474619,2.);
#372=ELLIPSE('',#6023,38.0934741660892,9.85931653120455);
#373=ELLIPSE('',#6077,9.69630307410926,9.65931653120455);
#374=ELLIPSE('',#6080,19.3186329922958,9.65931653120455);
#375=ELLIPSE('',#6081,37.3207334990151,9.65931653120455);
#376=ELLIPSE('',#6138,14.3020085813826,13.3095186968559);
#377=ELLIPSE('',#6162,0.56568542494924,0.4);
#378=ELLIPSE('',#6163,0.565685424949244,0.4);
#379=ELLIPSE('',#6167,0.565685424949257,0.4);
#380=ELLIPSE('',#6170,14.1422209265251,9.65931653120455);
#381=ELLIPSE('',#6174,52.7794874720238,9.65931653120455);
#382=ELLIPSE('',#6176,10.0000603181829,9.65931653120455);
#383=ELLIPSE('',#6178,37.3207334990151,9.65931653120455);
#384=ELLIPSE('',#6180,52.7794874720154,9.65931653120455);
#385=ELLIPSE('',#6181,37.3207334990151,9.65931653120455);
#386=ELLIPSE('',#6194,37.3202829651655,9.6592);
#387=ELLIPSE('',#6196,9.99993968181708,9.6592);
#388=ELLIPSE('',#6198,0.565685424949257,0.4);
#389=ELLIPSE('',#6220,0.432956880116961,0.4);
#390=ELLIPSE('',#6223,0.432956880116941,0.4);
#391=LINE('',#7855,#889);
#392=LINE('',#7857,#890);
#393=LINE('',#7858,#891);
#394=LINE('',#7864,#892);
#395=LINE('',#7869,#893);
#396=LINE('',#7870,#894);
#397=LINE('',#7871,#895);
#398=LINE('',#7875,#896);
#399=LINE('',#7881,#897);
#400=LINE('',#7882,#898);
#401=LINE('',#7883,#899);
#402=LINE('',#7887,#900);
#403=LINE('',#7892,#901);
#404=LINE('',#7894,#902);
#405=LINE('',#7895,#903);
#406=LINE('',#7900,#904);
#407=LINE('',#7904,#905);
#408=LINE('',#7906,#906);
#409=LINE('',#7907,#907);
#410=LINE('',#7912,#908);
#411=LINE('',#7917,#909);
#412=LINE('',#7918,#910);
#413=LINE('',#7919,#911);
#414=LINE('',#7923,#912);
#415=LINE('',#7929,#913);
#416=LINE('',#7930,#914);
#417=LINE('',#7931,#915);
#418=LINE('',#7935,#916);
#419=LINE('',#7941,#917);
#420=LINE('',#7942,#918);
#421=LINE('',#7943,#919);
#422=LINE('',#7948,#920);
#423=LINE('',#7952,#921);
#424=LINE('',#7954,#922);
#425=LINE('',#7955,#923);
#426=LINE('',#7960,#924);
#427=LINE('',#7964,#925);
#428=LINE('',#7966,#926);
#429=LINE('',#7967,#927);
#430=LINE('',#7971,#928);
#431=LINE('',#7977,#929);
#432=LINE('',#7978,#930);
#433=LINE('',#7979,#931);
#434=LINE('',#7983,#932);
#435=LINE('',#7989,#933);
#436=LINE('',#7990,#934);
#437=LINE('',#7991,#935);
#438=LINE('',#7996,#936);
#439=LINE('',#8001,#937);
#440=LINE('',#8002,#938);
#441=LINE('',#8003,#939);
#442=LINE('',#8008,#940);
#443=LINE('',#8013,#941);
#444=LINE('',#8014,#942);
#445=LINE('',#8015,#943);
#446=LINE('',#8020,#944);
#447=LINE('',#8025,#945);
#448=LINE('',#8026,#946);
#449=LINE('',#8027,#947);
#450=LINE('',#8032,#948);
#451=LINE('',#8037,#949);
#452=LINE('',#8038,#950);
#453=LINE('',#8039,#951);
#454=LINE('',#8044,#952);
#455=LINE('',#8047,#953);
#456=LINE('',#8049,#954);
#457=LINE('',#8053,#955);
#458=LINE('',#8055,#956);
#459=LINE('',#8056,#957);
#460=LINE('',#8059,#958);
#461=LINE('',#8063,#959);
#462=LINE('',#8064,#960);
#463=LINE('',#8067,#961);
#464=LINE('',#8071,#962);
#465=LINE('',#8072,#963);
#466=LINE('',#8075,#964);
#467=LINE('',#8079,#965);
#468=LINE('',#8080,#966);
#469=LINE('',#8083,#967);
#470=LINE('',#8087,#968);
#471=LINE('',#8088,#969);
#472=LINE('',#8091,#970);
#473=LINE('',#8095,#971);
#474=LINE('',#8096,#972);
#475=LINE('',#8099,#973);
#476=LINE('',#8103,#974);
#477=LINE('',#8104,#975);
#478=LINE('',#8107,#976);
#479=LINE('',#8111,#977);
#480=LINE('',#8112,#978);
#481=LINE('',#8115,#979);
#482=LINE('',#8121,#980);
#483=LINE('',#8124,#981);
#484=LINE('',#8184,#982);
#485=LINE('',#8186,#983);
#486=LINE('',#8187,#984);
#487=LINE('',#8192,#985);
#488=LINE('',#8197,#986);
#489=LINE('',#8198,#987);
#490=LINE('',#8199,#988);
#491=LINE('',#8204,#989);
#492=LINE('',#8209,#990);
#493=LINE('',#8210,#991);
#494=LINE('',#8211,#992);
#495=LINE('',#8216,#993);
#496=LINE('',#8221,#994);
#497=LINE('',#8222,#995);
#498=LINE('',#8223,#996);
#499=LINE('',#8228,#997);
#500=LINE('',#8232,#998);
#501=LINE('',#8234,#999);
#502=LINE('',#8235,#1000);
#503=LINE('',#8239,#1001);
#504=LINE('',#8244,#1002);
#505=LINE('',#8246,#1003);
#506=LINE('',#8247,#1004);
#507=LINE('',#8251,#1005);
#508=LINE('',#8257,#1006);
#509=LINE('',#8258,#1007);
#510=LINE('',#8259,#1008);
#511=LINE('',#8263,#1009);
#512=LINE('',#8267,#1010);
#513=LINE('',#8268,#1011);
#514=LINE('',#8271,#1012);
#515=LINE('',#8275,#1013);
#516=LINE('',#8276,#1014);
#517=LINE('',#8279,#1015);
#518=LINE('',#8283,#1016);
#519=LINE('',#8284,#1017);
#520=LINE('',#8287,#1018);
#521=LINE('',#8291,#1019);
#522=LINE('',#8292,#1020);
#523=LINE('',#8295,#1021);
#524=LINE('',#8299,#1022);
#525=LINE('',#8300,#1023);
#526=LINE('',#8303,#1024);
#527=LINE('',#8307,#1025);
#528=LINE('',#8308,#1026);
#529=LINE('',#8311,#1027);
#530=LINE('',#8315,#1028);
#531=LINE('',#8316,#1029);
#532=LINE('',#8319,#1030);
#533=LINE('',#8323,#1031);
#534=LINE('',#8324,#1032);
#535=LINE('',#8327,#1033);
#536=LINE('',#8330,#1034);
#537=LINE('',#8333,#1035);
#538=LINE('',#8335,#1036);
#539=LINE('',#8337,#1037);
#540=LINE('',#8339,#1038);
#541=LINE('',#8341,#1039);
#542=LINE('',#8343,#1040);
#543=LINE('',#8345,#1041);
#544=LINE('',#8347,#1042);
#545=LINE('',#8349,#1043);
#546=LINE('',#8351,#1044);
#547=LINE('',#8353,#1045);
#548=LINE('',#8355,#1046);
#549=LINE('',#8357,#1047);
#550=LINE('',#8359,#1048);
#551=LINE('',#8363,#1049);
#552=LINE('',#8366,#1050);
#553=LINE('',#8369,#1051);
#554=LINE('',#8372,#1052);
#555=LINE('',#8374,#1053);
#556=LINE('',#8376,#1054);
#557=LINE('',#8378,#1055);
#558=LINE('',#8380,#1056);
#559=LINE('',#8382,#1057);
#560=LINE('',#8384,#1058);
#561=LINE('',#8386,#1059);
#562=LINE('',#8389,#1060);
#563=LINE('',#8392,#1061);
#564=LINE('',#8394,#1062);
#565=LINE('',#8396,#1063);
#566=LINE('',#8398,#1064);
#567=LINE('',#8400,#1065);
#568=LINE('',#8404,#1066);
#569=LINE('',#8406,#1067);
#570=LINE('',#8408,#1068);
#571=LINE('',#8409,#1069);
#572=LINE('',#8415,#1070);
#573=LINE('',#8418,#1071);
#574=LINE('',#8420,#1072);
#575=LINE('',#8421,#1073);
#576=LINE('',#8430,#1074);
#577=LINE('',#8437,#1075);
#578=LINE('',#8440,#1076);
#579=LINE('',#8450,#1077);
#580=LINE('',#8452,#1078);
#581=LINE('',#8453,#1079);
#582=LINE('',#8456,#1080);
#583=LINE('',#8460,#1081);
#584=LINE('',#8466,#1082);
#585=LINE('',#8467,#1083);
#586=LINE('',#8470,#1084);
#587=LINE('',#8472,#1085);
#588=LINE('',#8474,#1086);
#589=LINE('',#8476,#1087);
#590=LINE('',#8478,#1088);
#591=LINE('',#8480,#1089);
#592=LINE('',#8482,#1090);
#593=LINE('',#8483,#1091);
#594=LINE('',#8486,#1092);
#595=LINE('',#8487,#1093);
#596=LINE('',#8491,#1094);
#597=LINE('',#8493,#1095);
#598=LINE('',#8494,#1096);
#599=LINE('',#8495,#1097);
#600=LINE('',#8498,#1098);
#601=LINE('',#8500,#1099);
#602=LINE('',#8502,#1100);
#603=LINE('',#8503,#1101);
#604=LINE('',#8506,#1102);
#605=LINE('',#8507,#1103);
#606=LINE('',#8510,#1104);
#607=LINE('',#8511,#1105);
#608=LINE('',#8513,#1106);
#609=LINE('',#8515,#1107);
#610=LINE('',#8516,#1108);
#611=LINE('',#8518,#1109);
#612=LINE('',#8520,#1110);
#613=LINE('',#8524,#1111);
#614=LINE('',#8526,#1112);
#615=LINE('',#8528,#1113);
#616=LINE('',#8529,#1114);
#617=LINE('',#8532,#1115);
#618=LINE('',#8534,#1116);
#619=LINE('',#8535,#1117);
#620=LINE('',#8539,#1118);
#621=LINE('',#8540,#1119);
#622=LINE('',#8542,#1120);
#623=LINE('',#8544,#1121);
#624=LINE('',#8545,#1122);
#625=LINE('',#8549,#1123);
#626=LINE('',#8551,#1124);
#627=LINE('',#8553,#1125);
#628=LINE('',#8554,#1126);
#629=LINE('',#8555,#1127);
#630=LINE('',#8558,#1128);
#631=LINE('',#8560,#1129);
#632=LINE('',#8561,#1130);
#633=LINE('',#8564,#1131);
#634=LINE('',#8565,#1132);
#635=LINE('',#8568,#1133);
#636=LINE('',#8569,#1134);
#637=LINE('',#8571,#1135);
#638=LINE('',#8572,#1136);
#639=LINE('',#8574,#1137);
#640=LINE('',#8578,#1138);
#641=LINE('',#8581,#1139);
#642=LINE('',#8582,#1140);
#643=LINE('',#8585,#1141);
#644=LINE('',#8586,#1142);
#645=LINE('',#8588,#1143);
#646=LINE('',#8590,#1144);
#647=LINE('',#8593,#1145);
#648=LINE('',#8598,#1146);
#649=LINE('',#8601,#1147);
#650=LINE('',#8603,#1148);
#651=LINE('',#8606,#1149);
#652=LINE('',#8616,#1150);
#653=LINE('',#8620,#1151);
#654=LINE('',#8631,#1152);
#655=LINE('',#8633,#1153);
#656=LINE('',#8634,#1154);
#657=LINE('',#8638,#1155);
#658=LINE('',#8641,#1156);
#659=LINE('',#8642,#1157);
#660=LINE('',#8650,#1158);
#661=LINE('',#8652,#1159);
#662=LINE('',#8653,#1160);
#663=LINE('',#8657,#1161);
#664=LINE('',#8659,#1162);
#665=LINE('',#8661,#1163);
#666=LINE('',#8664,#1164);
#667=LINE('',#8666,#1165);
#668=LINE('',#8669,#1166);
#669=LINE('',#8670,#1167);
#670=LINE('',#8672,#1168);
#671=LINE('',#8690,#1169);
#672=LINE('',#8695,#1170);
#673=LINE('',#8697,#1171);
#674=LINE('',#8699,#1172);
#675=LINE('',#8701,#1173);
#676=LINE('',#8703,#1174);
#677=LINE('',#8705,#1175);
#678=LINE('',#8707,#1176);
#679=LINE('',#8709,#1177);
#680=LINE('',#8711,#1178);
#681=LINE('',#8713,#1179);
#682=LINE('',#8715,#1180);
#683=LINE('',#8717,#1181);
#684=LINE('',#8718,#1182);
#685=LINE('',#8725,#1183);
#686=LINE('',#8729,#1184);
#687=LINE('',#8735,#1185);
#688=LINE('',#8739,#1186);
#689=LINE('',#8743,#1187);
#690=LINE('',#9329,#1188);
#691=LINE('',#9335,#1189);
#692=LINE('',#9345,#1190);
#693=LINE('',#9369,#1191);
#694=LINE('',#9376,#1192);
#695=LINE('',#9380,#1193);
#696=LINE('',#9412,#1194);
#697=LINE('',#9420,#1195);
#698=LINE('',#9493,#1196);
#699=LINE('',#9495,#1197);
#700=LINE('',#9496,#1198);
#701=LINE('',#9499,#1199);
#702=LINE('',#9505,#1200);
#703=LINE('',#9511,#1201);
#704=LINE('',#9513,#1202);
#705=LINE('',#9515,#1203);
#706=LINE('',#9517,#1204);
#707=LINE('',#9519,#1205);
#708=LINE('',#9521,#1206);
#709=LINE('',#9528,#1207);
#710=LINE('',#9530,#1208);
#711=LINE('',#9533,#1209);
#712=LINE('',#9534,#1210);
#713=LINE('',#9536,#1211);
#714=LINE('',#9538,#1212);
#715=LINE('',#9540,#1213);
#716=LINE('',#9541,#1214);
#717=LINE('',#9546,#1215);
#718=LINE('',#9547,#1216);
#719=LINE('',#9564,#1217);
#720=LINE('',#9565,#1218);
#721=LINE('',#9568,#1219);
#722=LINE('',#9569,#1220);
#723=LINE('',#9571,#1221);
#724=LINE('',#9572,#1222);
#725=LINE('',#9574,#1223);
#726=LINE('',#9585,#1224);
#727=LINE('',#9598,#1225);
#728=LINE('',#9605,#1226);
#729=LINE('',#9607,#1227);
#730=LINE('',#9615,#1228);
#731=LINE('',#9682,#1229);
#732=LINE('',#9685,#1230);
#733=LINE('',#9687,#1231);
#734=LINE('',#9688,#1232);
#735=LINE('',#9690,#1233);
#736=LINE('',#9692,#1234);
#737=LINE('',#9694,#1235);
#738=LINE('',#9696,#1236);
#739=LINE('',#9698,#1237);
#740=LINE('',#9700,#1238);
#741=LINE('',#9702,#1239);
#742=LINE('',#9704,#1240);
#743=LINE('',#9705,#1241);
#744=LINE('',#9707,#1242);
#745=LINE('',#9716,#1243);
#746=LINE('',#9730,#1244);
#747=LINE('',#9738,#1245);
#748=LINE('',#9742,#1246);
#749=LINE('',#9743,#1247);
#750=LINE('',#9746,#1248);
#751=LINE('',#9747,#1249);
#752=LINE('',#9750,#1250);
#753=LINE('',#9751,#1251);
#754=LINE('',#9754,#1252);
#755=LINE('',#9755,#1253);
#756=LINE('',#9758,#1254);
#757=LINE('',#9760,#1255);
#758=LINE('',#9761,#1256);
#759=LINE('',#9763,#1257);
#760=LINE('',#9765,#1258);
#761=LINE('',#9767,#1259);
#762=LINE('',#9776,#1260);
#763=LINE('',#9778,#1261);
#764=LINE('',#9780,#1262);
#765=LINE('',#9782,#1263);
#766=LINE('',#9784,#1264);
#767=LINE('',#9787,#1265);
#768=LINE('',#9788,#1266);
#769=LINE('',#9791,#1267);
#770=LINE('',#9793,#1268);
#771=LINE('',#9794,#1269);
#772=LINE('',#9796,#1270);
#773=LINE('',#9798,#1271);
#774=LINE('',#9799,#1272);
#775=LINE('',#9814,#1273);
#776=LINE('',#9817,#1274);
#777=LINE('',#9818,#1275);
#778=LINE('',#9884,#1276);
#779=LINE('',#9886,#1277);
#780=LINE('',#9888,#1278);
#781=LINE('',#9907,#1279);
#782=LINE('',#9912,#1280);
#783=LINE('',#9915,#1281);
#784=LINE('',#9917,#1282);
#785=LINE('',#9919,#1283);
#786=LINE('',#9921,#1284);
#787=LINE('',#9923,#1285);
#788=LINE('',#9927,#1286);
#789=LINE('',#9929,#1287);
#790=LINE('',#9936,#1288);
#791=LINE('',#9938,#1289);
#792=LINE('',#9940,#1290);
#793=LINE('',#9942,#1291);
#794=LINE('',#9944,#1292);
#795=LINE('',#9946,#1293);
#796=LINE('',#9953,#1294);
#797=LINE('',#9959,#1295);
#798=LINE('',#9967,#1296);
#799=LINE('',#9972,#1297);
#800=LINE('',#9975,#1298);
#801=LINE('',#9988,#1299);
#802=LINE('',#9993,#1300);
#803=LINE('',#9995,#1301);
#804=LINE('',#9997,#1302);
#805=LINE('',#10004,#1303);
#806=LINE('',#10006,#1304);
#807=LINE('',#10008,#1305);
#808=LINE('',#10010,#1306);
#809=LINE('',#10012,#1307);
#810=LINE('',#10014,#1308);
#811=LINE('',#10016,#1309);
#812=LINE('',#10018,#1310);
#813=LINE('',#10020,#1311);
#814=LINE('',#10021,#1312);
#815=LINE('',#10030,#1313);
#816=LINE('',#10034,#1314);
#817=LINE('',#10112,#1315);
#818=LINE('',#10113,#1316);
#819=LINE('',#10119,#1317);
#820=LINE('',#10122,#1318);
#821=LINE('',#10123,#1319);
#822=LINE('',#10126,#1320);
#823=LINE('',#10127,#1321);
#824=LINE('',#10141,#1322);
#825=LINE('',#10145,#1323);
#826=LINE('',#10146,#1324);
#827=LINE('',#10148,#1325);
#828=LINE('',#10152,#1326);
#829=LINE('',#10160,#1327);
#830=LINE('',#10161,#1328);
#831=LINE('',#10164,#1329);
#832=LINE('',#10165,#1330);
#833=LINE('',#10168,#1331);
#834=LINE('',#10170,#1332);
#835=LINE('',#10178,#1333);
#836=LINE('',#10187,#1334);
#837=LINE('',#10189,#1335);
#838=LINE('',#10193,#1336);
#839=LINE('',#10194,#1337);
#840=LINE('',#10198,#1338);
#841=LINE('',#10199,#1339);
#842=LINE('',#10212,#1340);
#843=LINE('',#10242,#1341);
#844=LINE('',#10254,#1342);
#845=LINE('',#10270,#1343);
#846=LINE('',#10273,#1344);
#847=LINE('',#10281,#1345);
#848=LINE('',#10285,#1346);
#849=LINE('',#10286,#1347);
#850=LINE('',#10287,#1348);
#851=LINE('',#10354,#1349);
#852=LINE('',#10392,#1350);
#853=LINE('',#10393,#1351);
#854=LINE('',#10396,#1352);
#855=LINE('',#10400,#1353);
#856=LINE('',#10402,#1354);
#857=LINE('',#10406,#1355);
#858=LINE('',#10408,#1356);
#859=LINE('',#10415,#1357);
#860=LINE('',#10424,#1358);
#861=LINE('',#10461,#1359);
#862=LINE('',#10462,#1360);
#863=LINE('',#10464,#1361);
#864=LINE('',#10465,#1362);
#865=LINE('',#10470,#1363);
#866=LINE('',#10476,#1364);
#867=LINE('',#10488,#1365);
#868=LINE('',#10490,#1366);
#869=LINE('',#10497,#1367);
#870=LINE('',#10503,#1368);
#871=LINE('',#10507,#1369);
#872=LINE('',#10518,#1370);
#873=LINE('',#10520,#1371);
#874=LINE('',#10523,#1372);
#875=LINE('',#10532,#1373);
#876=LINE('',#10565,#1374);
#877=LINE('',#10587,#1375);
#878=LINE('',#10635,#1376);
#879=LINE('',#10637,#1377);
#880=LINE('',#10653,#1378);
#881=LINE('',#10656,#1379);
#882=LINE('',#10684,#1380);
#883=LINE('',#10693,#1381);
#884=LINE('',#10698,#1382);
#885=LINE('',#10702,#1383);
#886=LINE('',#10703,#1384);
#887=LINE('',#10706,#1385);
#888=LINE('',#10708,#1386);
#889=VECTOR('',#6282,10.);
#890=VECTOR('',#6283,10.);
#891=VECTOR('',#6284,10.);
#892=VECTOR('',#6291,10.);
#893=VECTOR('',#6296,10.);
#894=VECTOR('',#6297,10.);
#895=VECTOR('',#6298,10.);
#896=VECTOR('',#6301,10.);
#897=VECTOR('',#6308,10.);
#898=VECTOR('',#6309,10.);
#899=VECTOR('',#6310,10.);
#900=VECTOR('',#6313,10.);
#901=VECTOR('',#6320,10.);
#902=VECTOR('',#6321,10.);
#903=VECTOR('',#6322,10.);
#904=VECTOR('',#6327,10.);
#905=VECTOR('',#6332,10.);
#906=VECTOR('',#6333,10.);
#907=VECTOR('',#6334,10.);
#908=VECTOR('',#6339,10.);
#909=VECTOR('',#6344,10.);
#910=VECTOR('',#6345,10.);
#911=VECTOR('',#6346,10.);
#912=VECTOR('',#6349,10.);
#913=VECTOR('',#6356,10.);
#914=VECTOR('',#6357,10.);
#915=VECTOR('',#6358,10.);
#916=VECTOR('',#6361,10.);
#917=VECTOR('',#6368,10.);
#918=VECTOR('',#6369,10.);
#919=VECTOR('',#6370,10.);
#920=VECTOR('',#6375,10.);
#921=VECTOR('',#6380,10.);
#922=VECTOR('',#6381,10.);
#923=VECTOR('',#6382,10.);
#924=VECTOR('',#6387,10.);
#925=VECTOR('',#6392,10.);
#926=VECTOR('',#6393,10.);
#927=VECTOR('',#6394,10.);
#928=VECTOR('',#6397,10.);
#929=VECTOR('',#6404,10.);
#930=VECTOR('',#6405,10.);
#931=VECTOR('',#6406,10.);
#932=VECTOR('',#6409,10.);
#933=VECTOR('',#6416,10.);
#934=VECTOR('',#6417,10.);
#935=VECTOR('',#6418,10.);
#936=VECTOR('',#6423,10.);
#937=VECTOR('',#6428,10.);
#938=VECTOR('',#6429,10.);
#939=VECTOR('',#6430,10.);
#940=VECTOR('',#6435,10.);
#941=VECTOR('',#6440,10.);
#942=VECTOR('',#6441,10.);
#943=VECTOR('',#6442,10.);
#944=VECTOR('',#6447,10.);
#945=VECTOR('',#6452,10.);
#946=VECTOR('',#6453,10.);
#947=VECTOR('',#6454,10.);
#948=VECTOR('',#6459,10.);
#949=VECTOR('',#6464,10.);
#950=VECTOR('',#6465,10.);
#951=VECTOR('',#6466,10.);
#952=VECTOR('',#6471,10.);
#953=VECTOR('',#6476,10.);
#954=VECTOR('',#6477,10.);
#955=VECTOR('',#6482,10.);
#956=VECTOR('',#6483,10.);
#957=VECTOR('',#6484,1000.);
#958=VECTOR('',#6487,10.);
#959=VECTOR('',#6492,1000.);
#960=VECTOR('',#6493,10.);
#961=VECTOR('',#6496,1000.);
#962=VECTOR('',#6501,1000.);
#963=VECTOR('',#6502,10.);
#964=VECTOR('',#6505,1000.);
#965=VECTOR('',#6510,10.);
#966=VECTOR('',#6511,10.);
#967=VECTOR('',#6514,10.);
#968=VECTOR('',#6519,1000.);
#969=VECTOR('',#6520,10.);
#970=VECTOR('',#6523,1000.);
#971=VECTOR('',#6528,1000.);
#972=VECTOR('',#6529,10.);
#973=VECTOR('',#6532,1000.);
#974=VECTOR('',#6537,1000.);
#975=VECTOR('',#6538,10.);
#976=VECTOR('',#6541,1000.);
#977=VECTOR('',#6546,10.);
#978=VECTOR('',#6547,10.);
#979=VECTOR('',#6550,10.);
#980=VECTOR('',#6557,10.);
#981=VECTOR('',#6560,10.);
#982=VECTOR('',#6567,10.);
#983=VECTOR('',#6568,10.);
#984=VECTOR('',#6569,10.);
#985=VECTOR('',#6574,10.);
#986=VECTOR('',#6579,10.);
#987=VECTOR('',#6580,10.);
#988=VECTOR('',#6581,10.);
#989=VECTOR('',#6586,10.);
#990=VECTOR('',#6591,10.);
#991=VECTOR('',#6592,10.);
#992=VECTOR('',#6593,10.);
#993=VECTOR('',#6598,10.);
#994=VECTOR('',#6603,10.);
#995=VECTOR('',#6604,10.);
#996=VECTOR('',#6605,10.);
#997=VECTOR('',#6610,10.);
#998=VECTOR('',#6615,10.);
#999=VECTOR('',#6616,10.);
#1000=VECTOR('',#6617,10.);
#1001=VECTOR('',#6620,10.);
#1002=VECTOR('',#6627,10.);
#1003=VECTOR('',#6628,10.);
#1004=VECTOR('',#6629,10.);
#1005=VECTOR('',#6632,10.);
#1006=VECTOR('',#6639,10.);
#1007=VECTOR('',#6640,10.);
#1008=VECTOR('',#6641,10.);
#1009=VECTOR('',#6646,10.);
#1010=VECTOR('',#6651,10.);
#1011=VECTOR('',#6652,10.);
#1012=VECTOR('',#6655,10.);
#1013=VECTOR('',#6660,10.);
#1014=VECTOR('',#6661,10.);
#1015=VECTOR('',#6664,10.);
#1016=VECTOR('',#6669,10.);
#1017=VECTOR('',#6670,10.);
#1018=VECTOR('',#6673,10.);
#1019=VECTOR('',#6678,10.);
#1020=VECTOR('',#6679,10.);
#1021=VECTOR('',#6682,10.);
#1022=VECTOR('',#6687,10.);
#1023=VECTOR('',#6688,10.);
#1024=VECTOR('',#6691,10.);
#1025=VECTOR('',#6696,10.);
#1026=VECTOR('',#6697,10.);
#1027=VECTOR('',#6700,10.);
#1028=VECTOR('',#6705,10.);
#1029=VECTOR('',#6706,10.);
#1030=VECTOR('',#6709,10.);
#1031=VECTOR('',#6714,10.);
#1032=VECTOR('',#6715,10.);
#1033=VECTOR('',#6718,10.);
#1034=VECTOR('',#6723,10.);
#1035=VECTOR('',#6728,1000.);
#1036=VECTOR('',#6731,1000.);
#1037=VECTOR('',#6734,1000.);
#1038=VECTOR('',#6737,1000.);
#1039=VECTOR('',#6740,1000.);
#1040=VECTOR('',#6743,10.);
#1041=VECTOR('',#6746,10.);
#1042=VECTOR('',#6749,10.);
#1043=VECTOR('',#6752,10.);
#1044=VECTOR('',#6755,10.);
#1045=VECTOR('',#6758,10.);
#1046=VECTOR('',#6761,10.);
#1047=VECTOR('',#6764,10.);
#1048=VECTOR('',#6767,10.);
#1049=VECTOR('',#6772,10.);
#1050=VECTOR('',#6775,10.);
#1051=VECTOR('',#6778,10.);
#1052=VECTOR('',#6779,10.);
#1053=VECTOR('',#6780,10.);
#1054=VECTOR('',#6781,10.);
#1055=VECTOR('',#6782,10.);
#1056=VECTOR('',#6783,10.);
#1057=VECTOR('',#6784,10.);
#1058=VECTOR('',#6785,10.);
#1059=VECTOR('',#6786,10.);
#1060=VECTOR('',#6789,10.);
#1061=VECTOR('',#6790,10.);
#1062=VECTOR('',#6791,10.);
#1063=VECTOR('',#6792,10.);
#1064=VECTOR('',#6793,10.);
#1065=VECTOR('',#6794,10.);
#1066=VECTOR('',#6797,10.);
#1067=VECTOR('',#6798,10.);
#1068=VECTOR('',#6799,10.);
#1069=VECTOR('',#6800,10.);
#1070=VECTOR('',#6805,10.);
#1071=VECTOR('',#6808,10.);
#1072=VECTOR('',#6811,10.);
#1073=VECTOR('',#6812,10.);
#1074=VECTOR('',#6815,10.);
#1075=VECTOR('',#6822,10.);
#1076=VECTOR('',#6825,10.);
#1077=VECTOR('',#6830,10.);
#1078=VECTOR('',#6833,10.);
#1079=VECTOR('',#6834,10.);
#1080=VECTOR('',#6837,10.);
#1081=VECTOR('',#6840,10.);
#1082=VECTOR('',#6845,10.);
#1083=VECTOR('',#6846,10.);
#1084=VECTOR('',#6849,10.);
#1085=VECTOR('',#6850,10.);
#1086=VECTOR('',#6851,10.);
#1087=VECTOR('',#6852,10.);
#1088=VECTOR('',#6853,10.);
#1089=VECTOR('',#6854,10.);
#1090=VECTOR('',#6855,10.);
#1091=VECTOR('',#6856,10.);
#1092=VECTOR('',#6859,10.);
#1093=VECTOR('',#6860,10.);
#1094=VECTOR('',#6863,10.);
#1095=VECTOR('',#6864,10.);
#1096=VECTOR('',#6865,10.);
#1097=VECTOR('',#6866,10.);
#1098=VECTOR('',#6869,10.);
#1099=VECTOR('',#6870,10.);
#1100=VECTOR('',#6871,10.);
#1101=VECTOR('',#6872,10.);
#1102=VECTOR('',#6875,10.);
#1103=VECTOR('',#6876,10.);
#1104=VECTOR('',#6879,10.);
#1105=VECTOR('',#6880,10.);
#1106=VECTOR('',#6881,10.);
#1107=VECTOR('',#6882,10.);
#1108=VECTOR('',#6883,10.);
#1109=VECTOR('',#6886,10.);
#1110=VECTOR('',#6889,10.);
#1111=VECTOR('',#6892,10.);
#1112=VECTOR('',#6893,10.);
#1113=VECTOR('',#6894,10.);
#1114=VECTOR('',#6895,10.);
#1115=VECTOR('',#6898,10.);
#1116=VECTOR('',#6899,10.);
#1117=VECTOR('',#6900,10.);
#1118=VECTOR('',#6903,10.);
#1119=VECTOR('',#6904,10.);
#1120=VECTOR('',#6905,10.);
#1121=VECTOR('',#6906,10.);
#1122=VECTOR('',#6907,10.);
#1123=VECTOR('',#6910,10.);
#1124=VECTOR('',#6911,10.);
#1125=VECTOR('',#6912,10.);
#1126=VECTOR('',#6913,10.);
#1127=VECTOR('',#6914,10.);
#1128=VECTOR('',#6917,10.);
#1129=VECTOR('',#6918,10.);
#1130=VECTOR('',#6919,10.);
#1131=VECTOR('',#6922,10.);
#1132=VECTOR('',#6923,10.);
#1133=VECTOR('',#6926,10.);
#1134=VECTOR('',#6927,10.);
#1135=VECTOR('',#6930,10.);
#1136=VECTOR('',#6931,10.);
#1137=VECTOR('',#6934,10.);
#1138=VECTOR('',#6939,10.);
#1139=VECTOR('',#6942,10.);
#1140=VECTOR('',#6943,10.);
#1141=VECTOR('',#6946,10.);
#1142=VECTOR('',#6947,10.);
#1143=VECTOR('',#6950,10.);
#1144=VECTOR('',#6951,10.);
#1145=VECTOR('',#6956,10.);
#1146=VECTOR('',#6961,10.);
#1147=VECTOR('',#6964,10.);
#1148=VECTOR('',#6967,10.);
#1149=VECTOR('',#6970,10.);
#1150=VECTOR('',#6985,10.);
#1151=VECTOR('',#6990,10.);
#1152=VECTOR('',#7005,10.);
#1153=VECTOR('',#7008,10.);
#1154=VECTOR('',#7009,10.);
#1155=VECTOR('',#7014,10.);
#1156=VECTOR('',#7017,10.);
#1157=VECTOR('',#7018,10.);
#1158=VECTOR('',#7029,10.);
#1159=VECTOR('',#7032,10.);
#1160=VECTOR('',#7033,10.);
#1161=VECTOR('',#7038,10.);
#1162=VECTOR('',#7041,10.);
#1163=VECTOR('',#7044,10.);
#1164=VECTOR('',#7049,10.);
#1165=VECTOR('',#7052,10.);
#1166=VECTOR('',#7055,10.);
#1167=VECTOR('',#7056,10.);
#1168=VECTOR('',#7059,10.);
#1169=VECTOR('',#7090,2.40000000000001);
#1170=VECTOR('',#7095,10.);
#1171=VECTOR('',#7096,10.);
#1172=VECTOR('',#7097,10.);
#1173=VECTOR('',#7098,10.);
#1174=VECTOR('',#7099,10.);
#1175=VECTOR('',#7100,10.);
#1176=VECTOR('',#7101,10.);
#1177=VECTOR('',#7102,10.);
#1178=VECTOR('',#7103,10.);
#1179=VECTOR('',#7104,10.);
#1180=VECTOR('',#7105,10.);
#1181=VECTOR('',#7106,10.);
#1182=VECTOR('',#7107,10.);
#1183=VECTOR('',#7114,2.30000000000001);
#1184=VECTOR('',#7119,1.74999999999989);
#1185=VECTOR('',#7126,1.65);
#1186=VECTOR('',#7131,2.40000000000001);
#1187=VECTOR('',#7136,2.30000000000001);
#1188=VECTOR('',#7143,10.);
#1189=VECTOR('',#7150,10.);
#1190=VECTOR('',#7157,10.);
#1191=VECTOR('',#7164,10.);
#1192=VECTOR('',#7169,10.);
#1193=VECTOR('',#7174,3.00000000000001);
#1194=VECTOR('',#7179,10.);
#1195=VECTOR('',#7184,10.);
#1196=VECTOR('',#7195,10.);
#1197=VECTOR('',#7196,10.);
#1198=VECTOR('',#7197,10.);
#1199=VECTOR('',#7200,10.);
#1200=VECTOR('',#7201,10.);
#1201=VECTOR('',#7204,10.);
#1202=VECTOR('',#7205,10.);
#1203=VECTOR('',#7206,10.);
#1204=VECTOR('',#7207,10.);
#1205=VECTOR('',#7208,10.);
#1206=VECTOR('',#7209,10.);
#1207=VECTOR('',#7210,10.);
#1208=VECTOR('',#7211,10.);
#1209=VECTOR('',#7214,10.);
#1210=VECTOR('',#7215,10.);
#1211=VECTOR('',#7216,10.);
#1212=VECTOR('',#7217,10.);
#1213=VECTOR('',#7218,10.);
#1214=VECTOR('',#7219,10.);
#1215=VECTOR('',#7224,10.);
#1216=VECTOR('',#7225,10.);
#1217=VECTOR('',#7236,10.);
#1218=VECTOR('',#7237,10.);
#1219=VECTOR('',#7240,10.);
#1220=VECTOR('',#7241,10.);
#1221=VECTOR('',#7244,10.);
#1222=VECTOR('',#7245,10.);
#1223=VECTOR('',#7248,10.);
#1224=VECTOR('',#7253,10.);
#1225=VECTOR('',#7258,10.);
#1226=VECTOR('',#7263,10.);
#1227=VECTOR('',#7266,10.);
#1228=VECTOR('',#7269,10.);
#1229=VECTOR('',#7272,10.);
#1230=VECTOR('',#7275,10.);
#1231=VECTOR('',#7276,10.);
#1232=VECTOR('',#7277,10.);
#1233=VECTOR('',#7278,10.);
#1234=VECTOR('',#7279,10.);
#1235=VECTOR('',#7280,10.);
#1236=VECTOR('',#7281,10.);
#1237=VECTOR('',#7282,10.);
#1238=VECTOR('',#7283,10.);
#1239=VECTOR('',#7284,10.);
#1240=VECTOR('',#7285,10.);
#1241=VECTOR('',#7286,10.);
#1242=VECTOR('',#7287,10.);
#1243=VECTOR('',#7294,10.);
#1244=VECTOR('',#7305,2.29594838892151);
#1245=VECTOR('',#7312,10.);
#1246=VECTOR('',#7317,10.);
#1247=VECTOR('',#7318,10.);
#1248=VECTOR('',#7321,10.);
#1249=VECTOR('',#7322,10.);
#1250=VECTOR('',#7325,10.);
#1251=VECTOR('',#7326,10.);
#1252=VECTOR('',#7329,10.);
#1253=VECTOR('',#7330,10.);
#1254=VECTOR('',#7333,10.);
#1255=VECTOR('',#7334,10.);
#1256=VECTOR('',#7335,10.);
#1257=VECTOR('',#7338,10.);
#1258=VECTOR('',#7341,10.);
#1259=VECTOR('',#7342,10.);
#1260=VECTOR('',#7343,10.);
#1261=VECTOR('',#7346,10.);
#1262=VECTOR('',#7349,10.);
#1263=VECTOR('',#7352,10.);
#1264=VECTOR('',#7355,10.);
#1265=VECTOR('',#7358,10.);
#1266=VECTOR('',#7359,10.);
#1267=VECTOR('',#7362,10.);
#1268=VECTOR('',#7363,10.);
#1269=VECTOR('',#7364,10.);
#1270=VECTOR('',#7367,10.);
#1271=VECTOR('',#7370,10.);
#1272=VECTOR('',#7371,10.);
#1273=VECTOR('',#7376,2.29594838892151);
#1274=VECTOR('',#7381,10.);
#1275=VECTOR('',#7382,10.);
#1276=VECTOR('',#7395,1.65);
#1277=VECTOR('',#7398,1.65);
#1278=VECTOR('',#7401,10.);
#1279=VECTOR('',#7426,10.);
#1280=VECTOR('',#7427,10.);
#1281=VECTOR('',#7430,10.);
#1282=VECTOR('',#7431,10.);
#1283=VECTOR('',#7432,10.);
#1284=VECTOR('',#7433,10.);
#1285=VECTOR('',#7434,10.);
#1286=VECTOR('',#7437,10.);
#1287=VECTOR('',#7438,10.);
#1288=VECTOR('',#7439,10.);
#1289=VECTOR('',#7440,10.);
#1290=VECTOR('',#7441,10.);
#1291=VECTOR('',#7442,10.);
#1292=VECTOR('',#7443,10.);
#1293=VECTOR('',#7444,10.);
#1294=VECTOR('',#7445,10.);
#1295=VECTOR('',#7446,10.);
#1296=VECTOR('',#7449,10.);
#1297=VECTOR('',#7450,10.);
#1298=VECTOR('',#7453,10.);
#1299=VECTOR('',#7460,10.);
#1300=VECTOR('',#7465,10.);
#1301=VECTOR('',#7466,10.);
#1302=VECTOR('',#7467,10.);
#1303=VECTOR('',#7468,10.);
#1304=VECTOR('',#7469,10.);
#1305=VECTOR('',#7470,10.);
#1306=VECTOR('',#7471,10.);
#1307=VECTOR('',#7472,10.);
#1308=VECTOR('',#7473,10.);
#1309=VECTOR('',#7474,10.);
#1310=VECTOR('',#7475,10.);
#1311=VECTOR('',#7476,10.);
#1312=VECTOR('',#7477,10.);
#1313=VECTOR('',#7480,10.);
#1314=VECTOR('',#7481,10.);
#1315=VECTOR('',#7484,10.);
#1316=VECTOR('',#7485,10.);
#1317=VECTOR('',#7488,10.);
#1318=VECTOR('',#7491,10.);
#1319=VECTOR('',#7492,10.);
#1320=VECTOR('',#7495,10.);
#1321=VECTOR('',#7496,10.);
#1322=VECTOR('',#7499,10.);
#1323=VECTOR('',#7502,10.);
#1324=VECTOR('',#7503,10.);
#1325=VECTOR('',#7504,10.);
#1326=VECTOR('',#7507,10.);
#1327=VECTOR('',#7510,10.);
#1328=VECTOR('',#7511,10.);
#1329=VECTOR('',#7514,10.);
#1330=VECTOR('',#7515,10.);
#1331=VECTOR('',#7518,10.);
#1332=VECTOR('',#7519,10.);
#1333=VECTOR('',#7524,10.);
#1334=VECTOR('',#7527,10.);
#1335=VECTOR('',#7528,10.);
#1336=VECTOR('',#7533,10.);
#1337=VECTOR('',#7534,10.);
#1338=VECTOR('',#7537,10.);
#1339=VECTOR('',#7538,10.);
#1340=VECTOR('',#7541,10.);
#1341=VECTOR('',#7548,10.);
#1342=VECTOR('',#7555,10.);
#1343=VECTOR('',#7564,10.);
#1344=VECTOR('',#7567,10.);
#1345=VECTOR('',#7572,10.);
#1346=VECTOR('',#7577,10.);
#1347=VECTOR('',#7578,10.);
#1348=VECTOR('',#7579,10.);
#1349=VECTOR('',#7584,10.);
#1350=VECTOR('',#7589,10.);
#1351=VECTOR('',#7590,10.);
#1352=VECTOR('',#7593,10.);
#1353=VECTOR('',#7598,10.);
#1354=VECTOR('',#7599,10.);
#1355=VECTOR('',#7604,10.);
#1356=VECTOR('',#7605,10.);
#1357=VECTOR('',#7610,10.);
#1358=VECTOR('',#7617,10.);
#1359=VECTOR('',#7620,10.);
#1360=VECTOR('',#7621,10.);
#1361=VECTOR('',#7624,10.);
#1362=VECTOR('',#7625,10.);
#1363=VECTOR('',#7632,10.);
#1364=VECTOR('',#7639,2.29594838892151);
#1365=VECTOR('',#7642,10.);
#1366=VECTOR('',#7645,10.);
#1367=VECTOR('',#7654,2.29594838892151);
#1368=VECTOR('',#7661,10.);
#1369=VECTOR('',#7664,10.);
#1370=VECTOR('',#7665,10.);
#1371=VECTOR('',#7668,10.);
#1372=VECTOR('',#7671,10.);
#1373=VECTOR('',#7672,10.);
#1374=VECTOR('',#7675,10.);
#1375=VECTOR('',#7676,10.);
#1376=VECTOR('',#7679,10.);
#1377=VECTOR('',#7680,10.);
#1378=VECTOR('',#7681,10.);
#1379=VECTOR('',#7684,10.);
#1380=VECTOR('',#7693,3.00000000000001);
#1381=VECTOR('',#7706,3.);
#1382=VECTOR('',#7715,10.);
#1383=VECTOR('',#7722,10.);
#1384=VECTOR('',#7723,10.);
#1385=VECTOR('',#7728,1.65);
#1386=VECTOR('',#7731,1.65);
#1387=PLANE('',#5769);
#1388=PLANE('',#5774);
#1389=PLANE('',#5778);
#1390=PLANE('',#5782);
#1391=PLANE('',#5786);
#1392=PLANE('',#5790);
#1393=PLANE('',#5794);
#1394=PLANE('',#5798);
#1395=PLANE('',#5802);
#1396=PLANE('',#5806);
#1397=PLANE('',#5810);
#1398=PLANE('',#5814);
#1399=PLANE('',#5818);
#1400=PLANE('',#5822);
#1401=PLANE('',#5826);
#1402=PLANE('',#5830);
#1403=PLANE('',#5834);
#1404=PLANE('',#5836);
#1405=PLANE('',#5839);
#1406=PLANE('',#5842);
#1407=PLANE('',#5845);
#1408=PLANE('',#5848);
#1409=PLANE('',#5851);
#1410=PLANE('',#5854);
#1411=PLANE('',#5857);
#1412=PLANE('',#5860);
#1413=PLANE('',#5863);
#1414=PLANE('',#5864);
#1415=PLANE('',#5869);
#1416=PLANE('',#5873);
#1417=PLANE('',#5877);
#1418=PLANE('',#5881);
#1419=PLANE('',#5885);
#1420=PLANE('',#5889);
#1421=PLANE('',#5893);
#1422=PLANE('',#5896);
#1423=PLANE('',#5899);
#1424=PLANE('',#5902);
#1425=PLANE('',#5905);
#1426=PLANE('',#5908);
#1427=PLANE('',#5911);
#1428=PLANE('',#5914);
#1429=PLANE('',#5917);
#1430=PLANE('',#5920);
#1431=PLANE('',#5922);
#1432=PLANE('',#5924);
#1433=PLANE('',#5926);
#1434=PLANE('',#5928);
#1435=PLANE('',#5930);
#1436=PLANE('',#5932);
#1437=PLANE('',#5935);
#1438=PLANE('',#5942);
#1439=PLANE('',#5950);
#1440=PLANE('',#5955);
#1441=PLANE('',#5956);
#1442=PLANE('',#5957);
#1443=PLANE('',#5958);
#1444=PLANE('',#5959);
#1445=PLANE('',#5960);
#1446=PLANE('',#5961);
#1447=PLANE('',#5962);
#1448=PLANE('',#5963);
#1449=PLANE('',#5964);
#1450=PLANE('',#5965);
#1451=PLANE('',#5966);
#1452=PLANE('',#5967);
#1453=PLANE('',#5968);
#1454=PLANE('',#5969);
#1455=PLANE('',#5970);
#1456=PLANE('',#5971);
#1457=PLANE('',#5972);
#1458=PLANE('',#5974);
#1459=PLANE('',#5975);
#1460=PLANE('',#5976);
#1461=PLANE('',#5978);
#1462=PLANE('',#5982);
#1463=PLANE('',#5983);
#1464=PLANE('',#6003);
#1465=PLANE('',#6012);
#1466=PLANE('',#6013);
#1467=PLANE('',#6014);
#1468=PLANE('',#6015);
#1469=PLANE('',#6016);
#1470=PLANE('',#6017);
#1471=PLANE('',#6018);
#1472=PLANE('',#6019);
#1473=PLANE('',#6020);
#1474=PLANE('',#6021);
#1475=PLANE('',#6022);
#1476=PLANE('',#6026);
#1477=PLANE('',#6035);
#1478=PLANE('',#6064);
#1479=PLANE('',#6068);
#1480=PLANE('',#6070);
#1481=PLANE('',#6072);
#1482=PLANE('',#6073);
#1483=PLANE('',#6074);
#1484=PLANE('',#6076);
#1485=PLANE('',#6082);
#1486=PLANE('',#6083);
#1487=PLANE('',#6084);
#1488=PLANE('',#6085);
#1489=PLANE('',#6086);
#1490=PLANE('',#6087);
#1491=PLANE('',#6091);
#1492=PLANE('',#6093);
#1493=PLANE('',#6094);
#1494=PLANE('',#6095);
#1495=PLANE('',#6098);
#1496=PLANE('',#6102);
#1497=PLANE('',#6105);
#1498=PLANE('',#6108);
#1499=PLANE('',#6109);
#1500=PLANE('',#6110);
#1501=PLANE('',#6111);
#1502=PLANE('',#6112);
#1503=PLANE('',#6113);
#1504=PLANE('',#6114);
#1505=PLANE('',#6115);
#1506=PLANE('',#6116);
#1507=PLANE('',#6117);
#1508=PLANE('',#6118);
#1509=PLANE('',#6119);
#1510=PLANE('',#6120);
#1511=PLANE('',#6121);
#1512=PLANE('',#6122);
#1513=PLANE('',#6123);
#1514=PLANE('',#6126);
#1515=PLANE('',#6127);
#1516=PLANE('',#6128);
#1517=PLANE('',#6130);
#1518=PLANE('',#6134);
#1519=PLANE('',#6135);
#1520=PLANE('',#6141);
#1521=PLANE('',#6142);
#1522=PLANE('',#6146);
#1523=PLANE('',#6147);
#1524=PLANE('',#6149);
#1525=PLANE('',#6153);
#1526=PLANE('',#6156);
#1527=PLANE('',#6157);
#1528=PLANE('',#6158);
#1529=PLANE('',#6159);
#1530=PLANE('',#6160);
#1531=PLANE('',#6161);
#1532=PLANE('',#6164);
#1533=PLANE('',#6165);
#1534=PLANE('',#6166);
#1535=PLANE('',#6168);
#1536=PLANE('',#6169);
#1537=PLANE('',#6171);
#1538=PLANE('',#6172);
#1539=PLANE('',#6173);
#1540=PLANE('',#6175);
#1541=PLANE('',#6184);
#1542=PLANE('',#6185);
#1543=PLANE('',#6188);
#1544=PLANE('',#6189);
#1545=PLANE('',#6190);
#1546=PLANE('',#6191);
#1547=PLANE('',#6192);
#1548=PLANE('',#6193);
#1549=PLANE('',#6195);
#1550=PLANE('',#6197);
#1551=PLANE('',#6199);
#1552=PLANE('',#6202);
#1553=PLANE('',#6203);
#1554=PLANE('',#6204);
#1555=PLANE('',#6205);
#1556=PLANE('',#6211);
#1557=PLANE('',#6212);
#1558=PLANE('',#6213);
#1559=PLANE('',#6217);
#1560=PLANE('',#6221);
#1561=PLANE('',#6226);
#1562=PLANE('',#6232);
#1563=PLANE('',#6238);
#1564=PLANE('',#6239);
#1565=PLANE('',#6241);
#1566=PLANE('',#6243);
#1567=PLANE('',#6248);
#1568=FACE_OUTER_BOUND('',#1888,.T.);
#1569=FACE_OUTER_BOUND('',#1889,.T.);
#1570=FACE_OUTER_BOUND('',#1890,.T.);
#1571=FACE_OUTER_BOUND('',#1891,.T.);
#1572=FACE_OUTER_BOUND('',#1892,.T.);
#1573=FACE_OUTER_BOUND('',#1893,.T.);
#1574=FACE_OUTER_BOUND('',#1894,.T.);
#1575=FACE_OUTER_BOUND('',#1895,.T.);
#1576=FACE_OUTER_BOUND('',#1896,.T.);
#1577=FACE_OUTER_BOUND('',#1897,.T.);
#1578=FACE_OUTER_BOUND('',#1898,.T.);
#1579=FACE_OUTER_BOUND('',#1899,.T.);
#1580=FACE_OUTER_BOUND('',#1900,.T.);
#1581=FACE_OUTER_BOUND('',#1901,.T.);
#1582=FACE_OUTER_BOUND('',#1902,.T.);
#1583=FACE_OUTER_BOUND('',#1903,.T.);
#1584=FACE_OUTER_BOUND('',#1904,.T.);
#1585=FACE_OUTER_BOUND('',#1905,.T.);
#1586=FACE_OUTER_BOUND('',#1906,.T.);
#1587=FACE_OUTER_BOUND('',#1907,.T.);
#1588=FACE_OUTER_BOUND('',#1908,.T.);
#1589=FACE_OUTER_BOUND('',#1909,.T.);
#1590=FACE_OUTER_BOUND('',#1910,.T.);
#1591=FACE_OUTER_BOUND('',#1911,.T.);
#1592=FACE_OUTER_BOUND('',#1912,.T.);
#1593=FACE_OUTER_BOUND('',#1913,.T.);
#1594=FACE_OUTER_BOUND('',#1914,.T.);
#1595=FACE_OUTER_BOUND('',#1915,.T.);
#1596=FACE_OUTER_BOUND('',#1916,.T.);
#1597=FACE_OUTER_BOUND('',#1917,.T.);
#1598=FACE_OUTER_BOUND('',#1918,.T.);
#1599=FACE_OUTER_BOUND('',#1919,.T.);
#1600=FACE_OUTER_BOUND('',#1920,.T.);
#1601=FACE_OUTER_BOUND('',#1921,.T.);
#1602=FACE_OUTER_BOUND('',#1922,.T.);
#1603=FACE_OUTER_BOUND('',#1923,.T.);
#1604=FACE_OUTER_BOUND('',#1924,.T.);
#1605=FACE_OUTER_BOUND('',#1925,.T.);
#1606=FACE_OUTER_BOUND('',#1926,.T.);
#1607=FACE_OUTER_BOUND('',#1927,.T.);
#1608=FACE_OUTER_BOUND('',#1928,.T.);
#1609=FACE_OUTER_BOUND('',#1929,.T.);
#1610=FACE_OUTER_BOUND('',#1930,.T.);
#1611=FACE_OUTER_BOUND('',#1931,.T.);
#1612=FACE_OUTER_BOUND('',#1932,.T.);
#1613=FACE_OUTER_BOUND('',#1933,.T.);
#1614=FACE_OUTER_BOUND('',#1934,.T.);
#1615=FACE_OUTER_BOUND('',#1935,.T.);
#1616=FACE_OUTER_BOUND('',#1936,.T.);
#1617=FACE_OUTER_BOUND('',#1937,.T.);
#1618=FACE_OUTER_BOUND('',#1938,.T.);
#1619=FACE_OUTER_BOUND('',#1939,.T.);
#1620=FACE_OUTER_BOUND('',#1940,.T.);
#1621=FACE_OUTER_BOUND('',#1941,.T.);
#1622=FACE_OUTER_BOUND('',#1942,.T.);
#1623=FACE_OUTER_BOUND('',#1943,.T.);
#1624=FACE_OUTER_BOUND('',#1944,.T.);
#1625=FACE_OUTER_BOUND('',#1945,.T.);
#1626=FACE_OUTER_BOUND('',#1946,.T.);
#1627=FACE_OUTER_BOUND('',#1947,.T.);
#1628=FACE_OUTER_BOUND('',#1948,.T.);
#1629=FACE_OUTER_BOUND('',#1949,.T.);
#1630=FACE_OUTER_BOUND('',#1950,.T.);
#1631=FACE_OUTER_BOUND('',#1951,.T.);
#1632=FACE_OUTER_BOUND('',#1952,.T.);
#1633=FACE_OUTER_BOUND('',#1953,.T.);
#1634=FACE_OUTER_BOUND('',#1954,.T.);
#1635=FACE_OUTER_BOUND('',#1955,.T.);
#1636=FACE_OUTER_BOUND('',#1956,.T.);
#1637=FACE_OUTER_BOUND('',#1957,.T.);
#1638=FACE_OUTER_BOUND('',#1958,.T.);
#1639=FACE_OUTER_BOUND('',#1959,.T.);
#1640=FACE_OUTER_BOUND('',#1960,.T.);
#1641=FACE_OUTER_BOUND('',#1961,.T.);
#1642=FACE_OUTER_BOUND('',#1962,.T.);
#1643=FACE_OUTER_BOUND('',#1963,.T.);
#1644=FACE_OUTER_BOUND('',#1964,.T.);
#1645=FACE_OUTER_BOUND('',#1965,.T.);
#1646=FACE_OUTER_BOUND('',#1966,.T.);
#1647=FACE_OUTER_BOUND('',#1967,.T.);
#1648=FACE_OUTER_BOUND('',#1968,.T.);
#1649=FACE_OUTER_BOUND('',#1969,.T.);
#1650=FACE_OUTER_BOUND('',#1970,.T.);
#1651=FACE_OUTER_BOUND('',#1971,.T.);
#1652=FACE_OUTER_BOUND('',#1972,.T.);
#1653=FACE_OUTER_BOUND('',#1973,.T.);
#1654=FACE_OUTER_BOUND('',#1974,.T.);
#1655=FACE_OUTER_BOUND('',#1975,.T.);
#1656=FACE_OUTER_BOUND('',#1976,.T.);
#1657=FACE_OUTER_BOUND('',#1977,.T.);
#1658=FACE_OUTER_BOUND('',#1978,.T.);
#1659=FACE_OUTER_BOUND('',#1979,.T.);
#1660=FACE_OUTER_BOUND('',#1980,.T.);
#1661=FACE_OUTER_BOUND('',#1981,.T.);
#1662=FACE_OUTER_BOUND('',#1982,.T.);
#1663=FACE_OUTER_BOUND('',#1983,.T.);
#1664=FACE_OUTER_BOUND('',#1984,.T.);
#1665=FACE_OUTER_BOUND('',#1985,.T.);
#1666=FACE_OUTER_BOUND('',#1986,.T.);
#1667=FACE_OUTER_BOUND('',#1987,.T.);
#1668=FACE_OUTER_BOUND('',#1990,.T.);
#1669=FACE_OUTER_BOUND('',#1991,.T.);
#1670=FACE_OUTER_BOUND('',#1992,.T.);
#1671=FACE_OUTER_BOUND('',#1993,.T.);
#1672=FACE_OUTER_BOUND('',#1994,.T.);
#1673=FACE_OUTER_BOUND('',#1995,.T.);
#1674=FACE_OUTER_BOUND('',#1996,.T.);
#1675=FACE_OUTER_BOUND('',#1997,.T.);
#1676=FACE_OUTER_BOUND('',#1998,.T.);
#1677=FACE_OUTER_BOUND('',#1999,.T.);
#1678=FACE_OUTER_BOUND('',#2000,.T.);
#1679=FACE_OUTER_BOUND('',#2001,.T.);
#1680=FACE_OUTER_BOUND('',#2002,.T.);
#1681=FACE_OUTER_BOUND('',#2003,.T.);
#1682=FACE_OUTER_BOUND('',#2004,.T.);
#1683=FACE_OUTER_BOUND('',#2005,.T.);
#1684=FACE_OUTER_BOUND('',#2006,.T.);
#1685=FACE_OUTER_BOUND('',#2007,.T.);
#1686=FACE_OUTER_BOUND('',#2009,.T.);
#1687=FACE_OUTER_BOUND('',#2011,.T.);
#1688=FACE_OUTER_BOUND('',#2012,.T.);
#1689=FACE_OUTER_BOUND('',#2013,.T.);
#1690=FACE_OUTER_BOUND('',#2014,.T.);
#1691=FACE_OUTER_BOUND('',#2015,.T.);
#1692=FACE_OUTER_BOUND('',#2016,.T.);
#1693=FACE_OUTER_BOUND('',#2017,.T.);
#1694=FACE_OUTER_BOUND('',#2018,.T.);
#1695=FACE_OUTER_BOUND('',#2019,.T.);
#1696=FACE_OUTER_BOUND('',#2020,.T.);
#1697=FACE_OUTER_BOUND('',#2021,.T.);
#1698=FACE_OUTER_BOUND('',#2022,.T.);
#1699=FACE_OUTER_BOUND('',#2023,.T.);
#1700=FACE_OUTER_BOUND('',#2024,.T.);
#1701=FACE_OUTER_BOUND('',#2025,.T.);
#1702=FACE_OUTER_BOUND('',#2026,.T.);
#1703=FACE_OUTER_BOUND('',#2027,.T.);
#1704=FACE_OUTER_BOUND('',#2028,.T.);
#1705=FACE_OUTER_BOUND('',#2029,.T.);
#1706=FACE_OUTER_BOUND('',#2030,.T.);
#1707=FACE_OUTER_BOUND('',#2031,.T.);
#1708=FACE_OUTER_BOUND('',#2032,.T.);
#1709=FACE_OUTER_BOUND('',#2033,.T.);
#1710=FACE_OUTER_BOUND('',#2034,.T.);
#1711=FACE_OUTER_BOUND('',#2035,.T.);
#1712=FACE_OUTER_BOUND('',#2036,.T.);
#1713=FACE_OUTER_BOUND('',#2037,.T.);
#1714=FACE_OUTER_BOUND('',#2038,.T.);
#1715=FACE_OUTER_BOUND('',#2039,.T.);
#1716=FACE_OUTER_BOUND('',#2040,.T.);
#1717=FACE_OUTER_BOUND('',#2041,.T.);
#1718=FACE_OUTER_BOUND('',#2042,.T.);
#1719=FACE_OUTER_BOUND('',#2043,.T.);
#1720=FACE_OUTER_BOUND('',#2044,.T.);
#1721=FACE_OUTER_BOUND('',#2045,.T.);
#1722=FACE_OUTER_BOUND('',#2046,.T.);
#1723=FACE_OUTER_BOUND('',#2047,.T.);
#1724=FACE_OUTER_BOUND('',#2048,.T.);
#1725=FACE_OUTER_BOUND('',#2049,.T.);
#1726=FACE_OUTER_BOUND('',#2050,.T.);
#1727=FACE_OUTER_BOUND('',#2051,.T.);
#1728=FACE_OUTER_BOUND('',#2052,.T.);
#1729=FACE_OUTER_BOUND('',#2056,.T.);
#1730=FACE_OUTER_BOUND('',#2057,.T.);
#1731=FACE_OUTER_BOUND('',#2058,.T.);
#1732=FACE_OUTER_BOUND('',#2059,.T.);
#1733=FACE_OUTER_BOUND('',#2060,.T.);
#1734=FACE_OUTER_BOUND('',#2061,.T.);
#1735=FACE_OUTER_BOUND('',#2062,.T.);
#1736=FACE_OUTER_BOUND('',#2063,.T.);
#1737=FACE_OUTER_BOUND('',#2064,.T.);
#1738=FACE_OUTER_BOUND('',#2065,.T.);
#1739=FACE_OUTER_BOUND('',#2066,.T.);
#1740=FACE_OUTER_BOUND('',#2067,.T.);
#1741=FACE_OUTER_BOUND('',#2068,.T.);
#1742=FACE_OUTER_BOUND('',#2069,.T.);
#1743=FACE_OUTER_BOUND('',#2070,.T.);
#1744=FACE_OUTER_BOUND('',#2071,.T.);
#1745=FACE_OUTER_BOUND('',#2072,.T.);
#1746=FACE_OUTER_BOUND('',#2073,.T.);
#1747=FACE_OUTER_BOUND('',#2074,.T.);
#1748=FACE_OUTER_BOUND('',#2075,.T.);
#1749=FACE_OUTER_BOUND('',#2077,.T.);
#1750=FACE_OUTER_BOUND('',#2078,.T.);
#1751=FACE_OUTER_BOUND('',#2079,.T.);
#1752=FACE_OUTER_BOUND('',#2081,.T.);
#1753=FACE_OUTER_BOUND('',#2083,.T.);
#1754=FACE_OUTER_BOUND('',#2084,.T.);
#1755=FACE_OUTER_BOUND('',#2085,.T.);
#1756=FACE_OUTER_BOUND('',#2086,.T.);
#1757=FACE_OUTER_BOUND('',#2087,.T.);
#1758=FACE_OUTER_BOUND('',#2088,.T.);
#1759=FACE_OUTER_BOUND('',#2089,.T.);
#1760=FACE_OUTER_BOUND('',#2090,.T.);
#1761=FACE_OUTER_BOUND('',#2091,.T.);
#1762=FACE_OUTER_BOUND('',#2092,.T.);
#1763=FACE_OUTER_BOUND('',#2093,.T.);
#1764=FACE_OUTER_BOUND('',#2094,.T.);
#1765=FACE_OUTER_BOUND('',#2095,.T.);
#1766=FACE_OUTER_BOUND('',#2096,.T.);
#1767=FACE_OUTER_BOUND('',#2097,.T.);
#1768=FACE_OUTER_BOUND('',#2098,.T.);
#1769=FACE_OUTER_BOUND('',#2099,.T.);
#1770=FACE_OUTER_BOUND('',#2100,.T.);
#1771=FACE_OUTER_BOUND('',#2101,.T.);
#1772=FACE_OUTER_BOUND('',#2102,.T.);
#1773=FACE_OUTER_BOUND('',#2103,.T.);
#1774=FACE_OUTER_BOUND('',#2104,.T.);
#1775=FACE_OUTER_BOUND('',#2105,.T.);
#1776=FACE_OUTER_BOUND('',#2106,.T.);
#1777=FACE_OUTER_BOUND('',#2107,.T.);
#1778=FACE_OUTER_BOUND('',#2108,.T.);
#1779=FACE_OUTER_BOUND('',#2109,.T.);
#1780=FACE_OUTER_BOUND('',#2110,.T.);
#1781=FACE_OUTER_BOUND('',#2111,.T.);
#1782=FACE_OUTER_BOUND('',#2112,.T.);
#1783=FACE_OUTER_BOUND('',#2113,.T.);
#1784=FACE_OUTER_BOUND('',#2114,.T.);
#1785=FACE_OUTER_BOUND('',#2115,.T.);
#1786=FACE_OUTER_BOUND('',#2116,.T.);
#1787=FACE_OUTER_BOUND('',#2117,.T.);
#1788=FACE_OUTER_BOUND('',#2118,.T.);
#1789=FACE_OUTER_BOUND('',#2119,.T.);
#1790=FACE_OUTER_BOUND('',#2120,.T.);
#1791=FACE_OUTER_BOUND('',#2121,.T.);
#1792=FACE_OUTER_BOUND('',#2122,.T.);
#1793=FACE_OUTER_BOUND('',#2123,.T.);
#1794=FACE_OUTER_BOUND('',#2124,.T.);
#1795=FACE_OUTER_BOUND('',#2125,.T.);
#1796=FACE_OUTER_BOUND('',#2126,.T.);
#1797=FACE_OUTER_BOUND('',#2127,.T.);
#1798=FACE_OUTER_BOUND('',#2129,.T.);
#1799=FACE_OUTER_BOUND('',#2131,.T.);
#1800=FACE_OUTER_BOUND('',#2132,.T.);
#1801=FACE_OUTER_BOUND('',#2133,.T.);
#1802=FACE_OUTER_BOUND('',#2134,.T.);
#1803=FACE_OUTER_BOUND('',#2135,.T.);
#1804=FACE_OUTER_BOUND('',#2136,.T.);
#1805=FACE_OUTER_BOUND('',#2137,.T.);
#1806=FACE_OUTER_BOUND('',#2138,.T.);
#1807=FACE_OUTER_BOUND('',#2139,.T.);
#1808=FACE_OUTER_BOUND('',#2140,.T.);
#1809=FACE_OUTER_BOUND('',#2141,.T.);
#1810=FACE_OUTER_BOUND('',#2142,.T.);
#1811=FACE_OUTER_BOUND('',#2143,.T.);
#1812=FACE_OUTER_BOUND('',#2144,.T.);
#1813=FACE_OUTER_BOUND('',#2145,.T.);
#1814=FACE_OUTER_BOUND('',#2146,.T.);
#1815=FACE_OUTER_BOUND('',#2147,.T.);
#1816=FACE_OUTER_BOUND('',#2148,.T.);
#1817=FACE_OUTER_BOUND('',#2149,.T.);
#1818=FACE_OUTER_BOUND('',#2150,.T.);
#1819=FACE_OUTER_BOUND('',#2151,.T.);
#1820=FACE_OUTER_BOUND('',#2152,.T.);
#1821=FACE_OUTER_BOUND('',#2153,.T.);
#1822=FACE_OUTER_BOUND('',#2154,.T.);
#1823=FACE_OUTER_BOUND('',#2155,.T.);
#1824=FACE_OUTER_BOUND('',#2156,.T.);
#1825=FACE_OUTER_BOUND('',#2157,.T.);
#1826=FACE_OUTER_BOUND('',#2158,.T.);
#1827=FACE_OUTER_BOUND('',#2159,.T.);
#1828=FACE_OUTER_BOUND('',#2160,.T.);
#1829=FACE_OUTER_BOUND('',#2161,.T.);
#1830=FACE_OUTER_BOUND('',#2162,.T.);
#1831=FACE_OUTER_BOUND('',#2163,.T.);
#1832=FACE_OUTER_BOUND('',#2164,.T.);
#1833=FACE_OUTER_BOUND('',#2165,.T.);
#1834=FACE_OUTER_BOUND('',#2166,.T.);
#1835=FACE_OUTER_BOUND('',#2167,.T.);
#1836=FACE_OUTER_BOUND('',#2168,.T.);
#1837=FACE_OUTER_BOUND('',#2169,.T.);
#1838=FACE_OUTER_BOUND('',#2170,.T.);
#1839=FACE_OUTER_BOUND('',#2171,.T.);
#1840=FACE_OUTER_BOUND('',#2172,.T.);
#1841=FACE_OUTER_BOUND('',#2173,.T.);
#1842=FACE_OUTER_BOUND('',#2174,.T.);
#1843=FACE_OUTER_BOUND('',#2175,.T.);
#1844=FACE_OUTER_BOUND('',#2176,.T.);
#1845=FACE_OUTER_BOUND('',#2177,.T.);
#1846=FACE_OUTER_BOUND('',#2178,.T.);
#1847=FACE_OUTER_BOUND('',#2179,.T.);
#1848=FACE_OUTER_BOUND('',#2180,.T.);
#1849=FACE_OUTER_BOUND('',#2181,.T.);
#1850=FACE_OUTER_BOUND('',#2182,.T.);
#1851=FACE_OUTER_BOUND('',#2183,.T.);
#1852=FACE_OUTER_BOUND('',#2184,.T.);
#1853=FACE_OUTER_BOUND('',#2185,.T.);
#1854=FACE_OUTER_BOUND('',#2186,.T.);
#1855=FACE_OUTER_BOUND('',#2187,.T.);
#1856=FACE_OUTER_BOUND('',#2188,.T.);
#1857=FACE_OUTER_BOUND('',#2190,.T.);
#1858=FACE_OUTER_BOUND('',#2191,.T.);
#1859=FACE_OUTER_BOUND('',#2193,.T.);
#1860=FACE_OUTER_BOUND('',#2194,.T.);
#1861=FACE_OUTER_BOUND('',#2195,.T.);
#1862=FACE_OUTER_BOUND('',#2196,.T.);
#1863=FACE_OUTER_BOUND('',#2197,.T.);
#1864=FACE_OUTER_BOUND('',#2198,.T.);
#1865=FACE_OUTER_BOUND('',#2199,.T.);
#1866=FACE_OUTER_BOUND('',#2200,.T.);
#1867=FACE_OUTER_BOUND('',#2201,.T.);
#1868=FACE_OUTER_BOUND('',#2203,.T.);
#1869=FACE_OUTER_BOUND('',#2204,.T.);
#1870=FACE_OUTER_BOUND('',#2206,.T.);
#1871=FACE_OUTER_BOUND('',#2207,.T.);
#1872=FACE_OUTER_BOUND('',#2208,.T.);
#1873=FACE_OUTER_BOUND('',#2209,.T.);
#1874=FACE_OUTER_BOUND('',#2210,.T.);
#1875=FACE_OUTER_BOUND('',#2211,.T.);
#1876=FACE_OUTER_BOUND('',#2212,.T.);
#1877=FACE_OUTER_BOUND('',#2213,.T.);
#1878=FACE_OUTER_BOUND('',#2214,.T.);
#1879=FACE_OUTER_BOUND('',#2215,.T.);
#1880=FACE_OUTER_BOUND('',#2216,.T.);
#1881=FACE_OUTER_BOUND('',#2217,.T.);
#1882=FACE_OUTER_BOUND('',#2218,.T.);
#1883=FACE_OUTER_BOUND('',#2219,.T.);
#1884=FACE_OUTER_BOUND('',#2220,.T.);
#1885=FACE_OUTER_BOUND('',#2221,.T.);
#1886=FACE_OUTER_BOUND('',#2222,.T.);
#1887=FACE_OUTER_BOUND('',#2223,.T.);
#1888=EDGE_LOOP('',(#3685,#3686,#3687,#3688,#3689,#3690));
#1889=EDGE_LOOP('',(#3691,#3692,#3693,#3694,#3695));
#1890=EDGE_LOOP('',(#3696,#3697,#3698,#3699));
#1891=EDGE_LOOP('',(#3700,#3701,#3702,#3703));
#1892=EDGE_LOOP('',(#3704,#3705,#3706,#3707));
#1893=EDGE_LOOP('',(#3708,#3709,#3710,#3711));
#1894=EDGE_LOOP('',(#3712,#3713,#3714,#3715));
#1895=EDGE_LOOP('',(#3716,#3717,#3718,#3719));
#1896=EDGE_LOOP('',(#3720,#3721,#3722,#3723));
#1897=EDGE_LOOP('',(#3724,#3725,#3726,#3727));
#1898=EDGE_LOOP('',(#3728,#3729,#3730,#3731));
#1899=EDGE_LOOP('',(#3732,#3733,#3734,#3735));
#1900=EDGE_LOOP('',(#3736,#3737,#3738,#3739));
#1901=EDGE_LOOP('',(#3740,#3741,#3742,#3743));
#1902=EDGE_LOOP('',(#3744,#3745,#3746,#3747));
#1903=EDGE_LOOP('',(#3748,#3749,#3750,#3751));
#1904=EDGE_LOOP('',(#3752,#3753,#3754,#3755));
#1905=EDGE_LOOP('',(#3756,#3757,#3758,#3759));
#1906=EDGE_LOOP('',(#3760,#3761,#3762,#3763));
#1907=EDGE_LOOP('',(#3764,#3765,#3766,#3767));
#1908=EDGE_LOOP('',(#3768,#3769,#3770,#3771));
#1909=EDGE_LOOP('',(#3772,#3773,#3774,#3775));
#1910=EDGE_LOOP('',(#3776,#3777,#3778,#3779));
#1911=EDGE_LOOP('',(#3780,#3781,#3782,#3783));
#1912=EDGE_LOOP('',(#3784,#3785,#3786,#3787));
#1913=EDGE_LOOP('',(#3788,#3789,#3790,#3791));
#1914=EDGE_LOOP('',(#3792,#3793,#3794,#3795));
#1915=EDGE_LOOP('',(#3796,#3797,#3798,#3799));
#1916=EDGE_LOOP('',(#3800,#3801,#3802,#3803));
#1917=EDGE_LOOP('',(#3804,#3805,#3806,#3807));
#1918=EDGE_LOOP('',(#3808,#3809,#3810,#3811));
#1919=EDGE_LOOP('',(#3812,#3813,#3814,#3815));
#1920=EDGE_LOOP('',(#3816,#3817,#3818,#3819));
#1921=EDGE_LOOP('',(#3820,#3821,#3822,#3823,#3824));
#1922=EDGE_LOOP('',(#3825,#3826,#3827,#3828));
#1923=EDGE_LOOP('',(#3829,#3830,#3831,#3832));
#1924=EDGE_LOOP('',(#3833,#3834,#3835,#3836));
#1925=EDGE_LOOP('',(#3837,#3838,#3839,#3840));
#1926=EDGE_LOOP('',(#3841,#3842,#3843,#3844));
#1927=EDGE_LOOP('',(#3845,#3846,#3847,#3848));
#1928=EDGE_LOOP('',(#3849,#3850,#3851,#3852));
#1929=EDGE_LOOP('',(#3853,#3854,#3855,#3856));
#1930=EDGE_LOOP('',(#3857,#3858,#3859,#3860));
#1931=EDGE_LOOP('',(#3861,#3862,#3863,#3864));
#1932=EDGE_LOOP('',(#3865,#3866,#3867,#3868));
#1933=EDGE_LOOP('',(#3869,#3870,#3871,#3872));
#1934=EDGE_LOOP('',(#3873,#3874,#3875,#3876));
#1935=EDGE_LOOP('',(#3877,#3878,#3879,#3880));
#1936=EDGE_LOOP('',(#3881,#3882,#3883,#3884));
#1937=EDGE_LOOP('',(#3885,#3886,#3887,#3888));
#1938=EDGE_LOOP('',(#3889,#3890,#3891,#3892,#3893,#3894));
#1939=EDGE_LOOP('',(#3895,#3896,#3897,#3898,#3899,#3900,#3901,#3902,#3903,
#3904,#3905,#3906,#3907,#3908,#3909,#3910,#3911,#3912,#3913,#3914,#3915,
#3916,#3917,#3918,#3919,#3920,#3921,#3922,#3923,#3924,#3925,#3926,#3927,
#3928));
#1940=EDGE_LOOP('',(#3929,#3930,#3931,#3932,#3933));
#1941=EDGE_LOOP('',(#3934,#3935,#3936,#3937));
#1942=EDGE_LOOP('',(#3938,#3939,#3940,#3941));
#1943=EDGE_LOOP('',(#3942,#3943,#3944,#3945));
#1944=EDGE_LOOP('',(#3946,#3947,#3948,#3949));
#1945=EDGE_LOOP('',(#3950,#3951,#3952,#3953));
#1946=EDGE_LOOP('',(#3954,#3955,#3956,#3957));
#1947=EDGE_LOOP('',(#3958,#3959,#3960,#3961));
#1948=EDGE_LOOP('',(#3962,#3963,#3964,#3965));
#1949=EDGE_LOOP('',(#3966,#3967,#3968,#3969));
#1950=EDGE_LOOP('',(#3970,#3971,#3972,#3973));
#1951=EDGE_LOOP('',(#3974,#3975,#3976,#3977));
#1952=EDGE_LOOP('',(#3978,#3979,#3980,#3981));
#1953=EDGE_LOOP('',(#3982,#3983,#3984,#3985));
#1954=EDGE_LOOP('',(#3986,#3987,#3988,#3989));
#1955=EDGE_LOOP('',(#3990,#3991,#3992,#3993));
#1956=EDGE_LOOP('',(#3994,#3995,#3996,#3997));
#1957=EDGE_LOOP('',(#3998,#3999,#4000,#4001));
#1958=EDGE_LOOP('',(#4002,#4003,#4004,#4005));
#1959=EDGE_LOOP('',(#4006,#4007,#4008,#4009));
#1960=EDGE_LOOP('',(#4010,#4011,#4012,#4013));
#1961=EDGE_LOOP('',(#4014,#4015,#4016,#4017));
#1962=EDGE_LOOP('',(#4018,#4019,#4020,#4021));
#1963=EDGE_LOOP('',(#4022,#4023,#4024,#4025));
#1964=EDGE_LOOP('',(#4026,#4027,#4028,#4029));
#1965=EDGE_LOOP('',(#4030,#4031,#4032,#4033));
#1966=EDGE_LOOP('',(#4034,#4035,#4036,#4037));
#1967=EDGE_LOOP('',(#4038,#4039,#4040,#4041));
#1968=EDGE_LOOP('',(#4042,#4043,#4044,#4045));
#1969=EDGE_LOOP('',(#4046,#4047,#4048,#4049));
#1970=EDGE_LOOP('',(#4050,#4051,#4052,#4053));
#1971=EDGE_LOOP('',(#4054,#4055,#4056,#4057,#4058));
#1972=EDGE_LOOP('',(#4059,#4060,#4061,#4062));
#1973=EDGE_LOOP('',(#4063,#4064,#4065,#4066));
#1974=EDGE_LOOP('',(#4067,#4068,#4069,#4070));
#1975=EDGE_LOOP('',(#4071,#4072,#4073,#4074));
#1976=EDGE_LOOP('',(#4075,#4076,#4077,#4078));
#1977=EDGE_LOOP('',(#4079,#4080,#4081,#4082));
#1978=EDGE_LOOP('',(#4083,#4084,#4085,#4086));
#1979=EDGE_LOOP('',(#4087,#4088,#4089,#4090));
#1980=EDGE_LOOP('',(#4091,#4092,#4093,#4094));
#1981=EDGE_LOOP('',(#4095,#4096,#4097,#4098));
#1982=EDGE_LOOP('',(#4099,#4100,#4101,#4102));
#1983=EDGE_LOOP('',(#4103,#4104,#4105,#4106));
#1984=EDGE_LOOP('',(#4107,#4108,#4109,#4110));
#1985=EDGE_LOOP('',(#4111,#4112,#4113,#4114));
#1986=EDGE_LOOP('',(#4115,#4116,#4117,#4118,#4119));
#1987=EDGE_LOOP('',(#4120,#4121,#4122,#4123,#4124,#4125,#4126,#4127,#4128,
#4129,#4130,#4131,#4132,#4133,#4134,#4135,#4136,#4137,#4138,#4139,#4140,
#4141,#4142,#4143,#4144,#4145,#4146,#4147,#4148,#4149,#4150,#4151,#4152,
#4153,#4154,#4155));
#1988=EDGE_LOOP('',(#4156,#4157,#4158,#4159,#4160,#4161,#4162,#4163,#4164,
#4165));
#1989=EDGE_LOOP('',(#4166,#4167,#4168,#4169,#4170,#4171,#4172,#4173,#4174,
#4175));
#1990=EDGE_LOOP('',(#4176,#4177,#4178,#4179));
#1991=EDGE_LOOP('',(#4180,#4181,#4182,#4183));
#1992=EDGE_LOOP('',(#4184,#4185,#4186));
#1993=EDGE_LOOP('',(#4187,#4188,#4189,#4190));
#1994=EDGE_LOOP('',(#4191,#4192,#4193));
#1995=EDGE_LOOP('',(#4194,#4195,#4196,#4197));
#1996=EDGE_LOOP('',(#4198,#4199,#4200,#4201,#4202,#4203,#4204,#4205,#4206,
#4207));
#1997=EDGE_LOOP('',(#4208,#4209,#4210,#4211,#4212,#4213,#4214,#4215,#4216));
#1998=EDGE_LOOP('',(#4217,#4218,#4219,#4220));
#1999=EDGE_LOOP('',(#4221,#4222,#4223,#4224));
#2000=EDGE_LOOP('',(#4225,#4226,#4227,#4228,#4229,#4230,#4231,#4232,#4233,
#4234));
#2001=EDGE_LOOP('',(#4235,#4236,#4237,#4238));
#2002=EDGE_LOOP('',(#4239,#4240,#4241,#4242,#4243,#4244,#4245,#4246,#4247));
#2003=EDGE_LOOP('',(#4248,#4249,#4250,#4251));
#2004=EDGE_LOOP('',(#4252,#4253,#4254,#4255));
#2005=EDGE_LOOP('',(#4256,#4257,#4258,#4259));
#2006=EDGE_LOOP('',(#4260,#4261,#4262,#4263));
#2007=EDGE_LOOP('',(#4264,#4265,#4266,#4267,#4268,#4269,#4270));
#2008=EDGE_LOOP('',(#4271,#4272));
#2009=EDGE_LOOP('',(#4273,#4274,#4275,#4276,#4277,#4278,#4279));
#2010=EDGE_LOOP('',(#4280,#4281));
#2011=EDGE_LOOP('',(#4282,#4283,#4284,#4285));
#2012=EDGE_LOOP('',(#4286,#4287,#4288,#4289));
#2013=EDGE_LOOP('',(#4290,#4291,#4292,#4293));
#2014=EDGE_LOOP('',(#4294,#4295,#4296,#4297));
#2015=EDGE_LOOP('',(#4298,#4299,#4300,#4301));
#2016=EDGE_LOOP('',(#4302,#4303,#4304,#4305,#4306));
#2017=EDGE_LOOP('',(#4307,#4308,#4309,#4310));
#2018=EDGE_LOOP('',(#4311,#4312,#4313,#4314,#4315,#4316,#4317,#4318));
#2019=EDGE_LOOP('',(#4319,#4320,#4321,#4322,#4323,#4324,#4325,#4326));
#2020=EDGE_LOOP('',(#4327,#4328,#4329,#4330));
#2021=EDGE_LOOP('',(#4331,#4332,#4333,#4334,#4335,#4336));
#2022=EDGE_LOOP('',(#4337,#4338,#4339,#4340,#4341,#4342,#4343,#4344));
#2023=EDGE_LOOP('',(#4345,#4346,#4347,#4348,#4349));
#2024=EDGE_LOOP('',(#4350,#4351,#4352,#4353));
#2025=EDGE_LOOP('',(#4354,#4355,#4356,#4357));
#2026=EDGE_LOOP('',(#4358,#4359,#4360,#4361));
#2027=EDGE_LOOP('',(#4362,#4363,#4364,#4365));
#2028=EDGE_LOOP('',(#4366,#4367,#4368,#4369));
#2029=EDGE_LOOP('',(#4370,#4371,#4372,#4373));
#2030=EDGE_LOOP('',(#4374,#4375,#4376,#4377));
#2031=EDGE_LOOP('',(#4378,#4379,#4380,#4381));
#2032=EDGE_LOOP('',(#4382,#4383,#4384,#4385));
#2033=EDGE_LOOP('',(#4386,#4387,#4388,#4389));
#2034=EDGE_LOOP('',(#4390,#4391,#4392,#4393));
#2035=EDGE_LOOP('',(#4394,#4395,#4396,#4397));
#2036=EDGE_LOOP('',(#4398,#4399,#4400,#4401));
#2037=EDGE_LOOP('',(#4402,#4403,#4404,#4405));
#2038=EDGE_LOOP('',(#4406,#4407,#4408,#4409));
#2039=EDGE_LOOP('',(#4410,#4411,#4412,#4413,#4414));
#2040=EDGE_LOOP('',(#4415,#4416,#4417,#4418,#4419));
#2041=EDGE_LOOP('',(#4420,#4421,#4422,#4423));
#2042=EDGE_LOOP('',(#4424,#4425,#4426,#4427,#4428,#4429,#4430,#4431));
#2043=EDGE_LOOP('',(#4432,#4433,#4434,#4435,#4436,#4437));
#2044=EDGE_LOOP('',(#4438,#4439,#4440,#4441,#4442,#4443));
#2045=EDGE_LOOP('',(#4444,#4445,#4446,#4447));
#2046=EDGE_LOOP('',(#4448,#4449,#4450,#4451,#4452,#4453));
#2047=EDGE_LOOP('',(#4454,#4455,#4456,#4457));
#2048=EDGE_LOOP('',(#4458,#4459,#4460,#4461,#4462));
#2049=EDGE_LOOP('',(#4463,#4464,#4465,#4466,#4467));
#2050=EDGE_LOOP('',(#4468,#4469,#4470,#4471,#4472,#4473,#4474,#4475,#4476));
#2051=EDGE_LOOP('',(#4477,#4478,#4479,#4480));
#2052=EDGE_LOOP('',(#4481,#4482,#4483,#4484,#4485,#4486,#4487,#4488,#4489,
#4490,#4491,#4492,#4493));
#2053=EDGE_LOOP('',(#4494));
#2054=EDGE_LOOP('',(#4495));
#2055=EDGE_LOOP('',(#4496));
#2056=EDGE_LOOP('',(#4497,#4498,#4499,#4500));
#2057=EDGE_LOOP('',(#4501,#4502,#4503,#4504,#4505));
#2058=EDGE_LOOP('',(#4506,#4507,#4508,#4509,#4510));
#2059=EDGE_LOOP('',(#4511,#4512,#4513,#4514));
#2060=EDGE_LOOP('',(#4515,#4516,#4517,#4518));
#2061=EDGE_LOOP('',(#4519,#4520,#4521,#4522,#4523));
#2062=EDGE_LOOP('',(#4524,#4525,#4526,#4527,#4528));
#2063=EDGE_LOOP('',(#4529,#4530,#4531,#4532));
#2064=EDGE_LOOP('',(#4533,#4534,#4535,#4536));
#2065=EDGE_LOOP('',(#4537,#4538,#4539,#4540,#4541));
#2066=EDGE_LOOP('',(#4542,#4543,#4544,#4545,#4546,#4547));
#2067=EDGE_LOOP('',(#4548,#4549,#4550,#4551,#4552,#4553));
#2068=EDGE_LOOP('',(#4554,#4555,#4556,#4557,#4558,#4559));
#2069=EDGE_LOOP('',(#4560,#4561,#4562,#4563,#4564,#4565));
#2070=EDGE_LOOP('',(#4566,#4567,#4568,#4569,#4570,#4571));
#2071=EDGE_LOOP('',(#4572,#4573,#4574,#4575,#4576,#4577,#4578,#4579));
#2072=EDGE_LOOP('',(#4580,#4581,#4582,#4583,#4584,#4585));
#2073=EDGE_LOOP('',(#4586,#4587,#4588,#4589,#4590,#4591));
#2074=EDGE_LOOP('',(#4592,#4593,#4594,#4595,#4596,#4597,#4598,#4599,#4600,
#4601,#4602,#4603,#4604,#4605));
#2075=EDGE_LOOP('',(#4606));
#2076=EDGE_LOOP('',(#4607));
#2077=EDGE_LOOP('',(#4608,#4609,#4610,#4611,#4612));
#2078=EDGE_LOOP('',(#4613,#4614,#4615,#4616,#4617,#4618));
#2079=EDGE_LOOP('',(#4619));
#2080=EDGE_LOOP('',(#4620));
#2081=EDGE_LOOP('',(#4621));
#2082=EDGE_LOOP('',(#4622));
#2083=EDGE_LOOP('',(#4623,#4624,#4625,#4626,#4627));
#2084=EDGE_LOOP('',(#4628,#4629,#4630,#4631));
#2085=EDGE_LOOP('',(#4632,#4633,#4634,#4635,#4636));
#2086=EDGE_LOOP('',(#4637,#4638,#4639,#4640,#4641,#4642,#4643,#4644,#4645,
#4646,#4647,#4648,#4649,#4650,#4651,#4652,#4653,#4654,#4655,#4656,#4657));
#2087=EDGE_LOOP('',(#4658,#4659,#4660,#4661,#4662));
#2088=EDGE_LOOP('',(#4663,#4664,#4665,#4666,#4667,#4668,#4669));
#2089=EDGE_LOOP('',(#4670,#4671,#4672,#4673));
#2090=EDGE_LOOP('',(#4674,#4675,#4676,#4677));
#2091=EDGE_LOOP('',(#4678,#4679,#4680,#4681));
#2092=EDGE_LOOP('',(#4682,#4683,#4684,#4685,#4686,#4687));
#2093=EDGE_LOOP('',(#4688,#4689,#4690,#4691));
#2094=EDGE_LOOP('',(#4692,#4693,#4694,#4695));
#2095=EDGE_LOOP('',(#4696,#4697,#4698,#4699,#4700,#4701,#4702,#4703));
#2096=EDGE_LOOP('',(#4704,#4705,#4706,#4707));
#2097=EDGE_LOOP('',(#4708,#4709,#4710,#4711,#4712,#4713,#4714,#4715));
#2098=EDGE_LOOP('',(#4716,#4717,#4718,#4719));
#2099=EDGE_LOOP('',(#4720,#4721,#4722,#4723,#4724));
#2100=EDGE_LOOP('',(#4725,#4726,#4727,#4728));
#2101=EDGE_LOOP('',(#4729,#4730,#4731,#4732,#4733,#4734,#4735,#4736,#4737,
#4738,#4739,#4740,#4741,#4742,#4743,#4744,#4745,#4746,#4747,#4748));
#2102=EDGE_LOOP('',(#4749,#4750,#4751,#4752));
#2103=EDGE_LOOP('',(#4753,#4754,#4755,#4756,#4757,#4758,#4759,#4760));
#2104=EDGE_LOOP('',(#4761,#4762,#4763,#4764,#4765));
#2105=EDGE_LOOP('',(#4766,#4767,#4768,#4769,#4770,#4771,#4772,#4773));
#2106=EDGE_LOOP('',(#4774,#4775,#4776,#4777));
#2107=EDGE_LOOP('',(#4778,#4779,#4780,#4781,#4782,#4783,#4784));
#2108=EDGE_LOOP('',(#4785,#4786,#4787,#4788));
#2109=EDGE_LOOP('',(#4789,#4790,#4791,#4792));
#2110=EDGE_LOOP('',(#4793,#4794,#4795,#4796));
#2111=EDGE_LOOP('',(#4797,#4798,#4799,#4800));
#2112=EDGE_LOOP('',(#4801,#4802,#4803,#4804));
#2113=EDGE_LOOP('',(#4805,#4806,#4807,#4808));
#2114=EDGE_LOOP('',(#4809,#4810,#4811,#4812,#4813,#4814,#4815));
#2115=EDGE_LOOP('',(#4816,#4817,#4818,#4819));
#2116=EDGE_LOOP('',(#4820,#4821,#4822,#4823));
#2117=EDGE_LOOP('',(#4824,#4825,#4826,#4827));
#2118=EDGE_LOOP('',(#4828,#4829,#4830,#4831));
#2119=EDGE_LOOP('',(#4832,#4833,#4834,#4835,#4836,#4837,#4838,#4839));
#2120=EDGE_LOOP('',(#4840,#4841,#4842,#4843));
#2121=EDGE_LOOP('',(#4844,#4845,#4846,#4847));
#2122=EDGE_LOOP('',(#4848,#4849,#4850,#4851));
#2123=EDGE_LOOP('',(#4852,#4853,#4854,#4855,#4856));
#2124=EDGE_LOOP('',(#4857,#4858,#4859,#4860,#4861,#4862,#4863));
#2125=EDGE_LOOP('',(#4864,#4865,#4866));
#2126=EDGE_LOOP('',(#4867,#4868,#4869,#4870));
#2127=EDGE_LOOP('',(#4871));
#2128=EDGE_LOOP('',(#4872));
#2129=EDGE_LOOP('',(#4873));
#2130=EDGE_LOOP('',(#4874));
#2131=EDGE_LOOP('',(#4875,#4876,#4877,#4878));
#2132=EDGE_LOOP('',(#4879,#4880,#4881,#4882));
#2133=EDGE_LOOP('',(#4883,#4884,#4885,#4886));
#2134=EDGE_LOOP('',(#4887,#4888,#4889,#4890,#4891));
#2135=EDGE_LOOP('',(#4892,#4893,#4894,#4895,#4896));
#2136=EDGE_LOOP('',(#4897,#4898,#4899,#4900,#4901,#4902,#4903,#4904));
#2137=EDGE_LOOP('',(#4905,#4906,#4907,#4908,#4909,#4910,#4911,#4912,#4913,
#4914,#4915));
#2138=EDGE_LOOP('',(#4916,#4917,#4918,#4919,#4920));
#2139=EDGE_LOOP('',(#4921,#4922,#4923,#4924));
#2140=EDGE_LOOP('',(#4925,#4926,#4927,#4928));
#2141=EDGE_LOOP('',(#4929,#4930,#4931,#4932));
#2142=EDGE_LOOP('',(#4933,#4934,#4935,#4936));
#2143=EDGE_LOOP('',(#4937,#4938,#4939,#4940,#4941,#4942,#4943,#4944,#4945,
#4946,#4947,#4948,#4949,#4950,#4951,#4952,#4953,#4954,#4955,#4956));
#2144=EDGE_LOOP('',(#4957,#4958,#4959,#4960));
#2145=EDGE_LOOP('',(#4961,#4962,#4963,#4964,#4965,#4966,#4967));
#2146=EDGE_LOOP('',(#4968,#4969,#4970,#4971,#4972,#4973,#4974,#4975,#4976,
#4977,#4978,#4979,#4980,#4981,#4982,#4983,#4984,#4985,#4986));
#2147=EDGE_LOOP('',(#4987,#4988,#4989,#4990,#4991));
#2148=EDGE_LOOP('',(#4992,#4993,#4994,#4995,#4996));
#2149=EDGE_LOOP('',(#4997,#4998,#4999,#5000,#5001));
#2150=EDGE_LOOP('',(#5002,#5003,#5004,#5005));
#2151=EDGE_LOOP('',(#5006,#5007,#5008,#5009));
#2152=EDGE_LOOP('',(#5010,#5011,#5012,#5013));
#2153=EDGE_LOOP('',(#5014,#5015,#5016,#5017,#5018,#5019,#5020,#5021,#5022,
#5023,#5024,#5025));
#2154=EDGE_LOOP('',(#5026,#5027,#5028,#5029));
#2155=EDGE_LOOP('',(#5030,#5031,#5032,#5033));
#2156=EDGE_LOOP('',(#5034,#5035,#5036,#5037,#5038));
#2157=EDGE_LOOP('',(#5039,#5040,#5041,#5042));
#2158=EDGE_LOOP('',(#5043,#5044,#5045,#5046,#5047));
#2159=EDGE_LOOP('',(#5048,#5049,#5050,#5051));
#2160=EDGE_LOOP('',(#5052,#5053,#5054,#5055,#5056));
#2161=EDGE_LOOP('',(#5057,#5058,#5059,#5060,#5061));
#2162=EDGE_LOOP('',(#5062,#5063,#5064,#5065,#5066));
#2163=EDGE_LOOP('',(#5067,#5068,#5069,#5070));
#2164=EDGE_LOOP('',(#5071,#5072,#5073,#5074,#5075,#5076,#5077,#5078,#5079,
#5080,#5081,#5082,#5083,#5084));
#2165=EDGE_LOOP('',(#5085,#5086,#5087,#5088));
#2166=EDGE_LOOP('',(#5089,#5090,#5091,#5092,#5093));
#2167=EDGE_LOOP('',(#5094,#5095,#5096,#5097,#5098));
#2168=EDGE_LOOP('',(#5099,#5100,#5101,#5102,#5103));
#2169=EDGE_LOOP('',(#5104,#5105,#5106,#5107,#5108,#5109));
#2170=EDGE_LOOP('',(#5110,#5111,#5112,#5113));
#2171=EDGE_LOOP('',(#5114,#5115,#5116,#5117,#5118));
#2172=EDGE_LOOP('',(#5119,#5120,#5121,#5122));
#2173=EDGE_LOOP('',(#5123,#5124,#5125,#5126));
#2174=EDGE_LOOP('',(#5127,#5128,#5129,#5130));
#2175=EDGE_LOOP('',(#5131,#5132,#5133,#5134,#5135));
#2176=EDGE_LOOP('',(#5136,#5137,#5138,#5139,#5140));
#2177=EDGE_LOOP('',(#5141,#5142,#5143,#5144));
#2178=EDGE_LOOP('',(#5145,#5146,#5147,#5148));
#2179=EDGE_LOOP('',(#5149,#5150,#5151,#5152));
#2180=EDGE_LOOP('',(#5153,#5154,#5155,#5156,#5157));
#2181=EDGE_LOOP('',(#5158,#5159,#5160,#5161));
#2182=EDGE_LOOP('',(#5162,#5163,#5164,#5165));
#2183=EDGE_LOOP('',(#5166,#5167,#5168,#5169));
#2184=EDGE_LOOP('',(#5170,#5171,#5172,#5173,#5174,#5175,#5176,#5177));
#2185=EDGE_LOOP('',(#5178,#5179,#5180,#5181,#5182,#5183,#5184));
#2186=EDGE_LOOP('',(#5185,#5186,#5187));
#2187=EDGE_LOOP('',(#5188,#5189,#5190,#5191));
#2188=EDGE_LOOP('',(#5192));
#2189=EDGE_LOOP('',(#5193));
#2190=EDGE_LOOP('',(#5194,#5195,#5196,#5197,#5198));
#2191=EDGE_LOOP('',(#5199));
#2192=EDGE_LOOP('',(#5200));
#2193=EDGE_LOOP('',(#5201,#5202,#5203,#5204,#5205,#5206,#5207));
#2194=EDGE_LOOP('',(#5208,#5209,#5210,#5211));
#2195=EDGE_LOOP('',(#5212,#5213,#5214,#5215,#5216,#5217));
#2196=EDGE_LOOP('',(#5218,#5219,#5220,#5221));
#2197=EDGE_LOOP('',(#5222,#5223,#5224,#5225));
#2198=EDGE_LOOP('',(#5226,#5227,#5228,#5229));
#2199=EDGE_LOOP('',(#5230,#5231,#5232,#5233,#5234,#5235,#5236,#5237,#5238));
#2200=EDGE_LOOP('',(#5239,#5240,#5241,#5242,#5243,#5244));
#2201=EDGE_LOOP('',(#5245));
#2202=EDGE_LOOP('',(#5246));
#2203=EDGE_LOOP('',(#5247,#5248,#5249,#5250,#5251,#5252,#5253,#5254));
#2204=EDGE_LOOP('',(#5255));
#2205=EDGE_LOOP('',(#5256));
#2206=EDGE_LOOP('',(#5257,#5258,#5259,#5260,#5261,#5262,#5263,#5264,#5265));
#2207=EDGE_LOOP('',(#5266,#5267,#5268,#5269));
#2208=EDGE_LOOP('',(#5270,#5271,#5272,#5273,#5274,#5275));
#2209=EDGE_LOOP('',(#5276,#5277,#5278,#5279));
#2210=EDGE_LOOP('',(#5280,#5281,#5282,#5283));
#2211=EDGE_LOOP('',(#5284,#5285,#5286,#5287));
#2212=EDGE_LOOP('',(#5288,#5289,#5290,#5291));
#2213=EDGE_LOOP('',(#5292,#5293,#5294,#5295));
#2214=EDGE_LOOP('',(#5296,#5297,#5298,#5299));
#2215=EDGE_LOOP('',(#5300,#5301,#5302,#5303,#5304));
#2216=EDGE_LOOP('',(#5305,#5306,#5307,#5308,#5309));
#2217=EDGE_LOOP('',(#5310,#5311,#5312,#5313,#5314,#5315));
#2218=EDGE_LOOP('',(#5316,#5317,#5318,#5319,#5320,#5321,#5322));
#2219=EDGE_LOOP('',(#5323,#5324,#5325,#5326));
#2220=EDGE_LOOP('',(#5327,#5328,#5329,#5330,#5331,#5332,#5333));
#2221=EDGE_LOOP('',(#5334,#5335,#5336,#5337,#5338,#5339));
#2222=EDGE_LOOP('',(#5340,#5341,#5342,#5343,#5344,#5345));
#2223=EDGE_LOOP('',(#5346,#5347,#5348,#5349,#5350));
#2224=B_SPLINE_CURVE_WITH_KNOTS('',3,(#7806,#7807,#7808,#7809,#7810,#7811,
#7812),.UNSPECIFIED.,.F.,.F.,(4,1,1,1,4),(0.0452014013206123,0.818594727365397,
1.59198805341018,2.36538137945497,2.74357701730392),.UNSPECIFIED.);
#2225=B_SPLINE_CURVE_WITH_KNOTS('',3,(#7814,#7815,#7816,#7817,#7818,#7819,
#7820),.UNSPECIFIED.,.F.,.F.,(4,3,4),(-0.0326004148567845,-0.0163214805819151,
0.),.UNSPECIFIED.);
#2226=B_SPLINE_CURVE_WITH_KNOTS('',3,(#7822,#7823,#7824,#7825),
 .UNSPECIFIED.,.F.,.F.,(4,4),(-2.75207804247736,-2.75056415592228),
 .UNSPECIFIED.);
#2227=B_SPLINE_CURVE_WITH_KNOTS('',3,(#7827,#7828,#7829,#7830,#7831,#7832,
#7833),.UNSPECIFIED.,.F.,.F.,(4,1,1,1,4),(-2.75056415592228,-2.36538137945497,
-1.59198805341018,-0.818594727365397,-0.110071106546502),.UNSPECIFIED.);
#2228=B_SPLINE_CURVE_WITH_KNOTS('',3,(#7835,#7836,#7837,#7838),
 .UNSPECIFIED.,.F.,.F.,(4,4),(-0.110071106546502,-0.10395140627374),
 .UNSPECIFIED.);
#2229=B_SPLINE_CURVE_WITH_KNOTS('',3,(#7839,#7840,#7841,#7842,#7843,#7844,
#7845,#7846,#7847,#7848,#7849,#7850,#7851),.UNSPECIFIED.,.F.,.F.,(4,3,3,
3,4),(-0.0638571267595281,-0.0394408758944422,-0.0370398322586438,-0.0123897836563856,
0.),.UNSPECIFIED.);
#2230=B_SPLINE_CURVE_WITH_KNOTS('',3,(#8148,#8149,#8150,#8151,#8152),
 .UNSPECIFIED.,.F.,.F.,(4,1,4),(0.336697455047444,0.912342501816838,1.26336602569147),
 .UNSPECIFIED.);
#2231=B_SPLINE_CURVE_WITH_KNOTS('',3,(#8154,#8155,#8156,#8157,#8158,#8159,
#8160),.UNSPECIFIED.,.F.,.F.,(4,3,4),(0.,0.0441971355409197,0.0877195877253483),
 .UNSPECIFIED.);
#2232=B_SPLINE_CURVE_WITH_KNOTS('',3,(#8162,#8163,#8164,#8165,#8166),
 .UNSPECIFIED.,.F.,.F.,(4,1,4),(-1.3454722499583,-0.912342501816838,-0.346630357230173),
 .UNSPECIFIED.);
#2233=B_SPLINE_CURVE_WITH_KNOTS('',3,(#8168,#8169,#8170,#8171,#8172,#8173,
#8174),.UNSPECIFIED.,.F.,.F.,(4,3,4),(-0.03358802335662,-0.0168315428938398,
0.),.UNSPECIFIED.);
#2234=B_SPLINE_CURVE_WITH_KNOTS('',3,(#8175,#8176,#8177,#8178),
 .UNSPECIFIED.,.F.,.F.,(4,4),(0.334836170641477,0.336697455047444),
 .UNSPECIFIED.);
#2235=B_SPLINE_CURVE_WITH_KNOTS('',3,(#8425,#8426,#8427,#8428),
 .UNSPECIFIED.,.F.,.F.,(4,4),(0.181504021410891,0.188857317795491),
 .UNSPECIFIED.);
#2236=B_SPLINE_CURVE_WITH_KNOTS('',3,(#8444,#8445,#8446,#8447),
 .UNSPECIFIED.,.F.,.F.,(4,4),(0.0530147730084949,0.0603680693930949),
 .UNSPECIFIED.);
#2237=B_SPLINE_CURVE_WITH_KNOTS('',3,(#8772,#8773,#8774,#8775,#8776,#8777,
#8778,#8779,#8780,#8781,#8782,#8783,#8784,#8785,#8786,#8787),
 .UNSPECIFIED.,.F.,.F.,(4,2,2,2,2,2,2,4),(0.,0.0745976367744006,0.104947856527259,
0.124252025525234,0.138808650725165,0.15369350635835,0.178562565958384,
0.25507520259684),.UNSPECIFIED.);
#2238=B_SPLINE_CURVE_WITH_KNOTS('',3,(#8789,#8790,#8791,#8792,#8793),
 .UNSPECIFIED.,.F.,.F.,(4,1,4),(-2.45361543660155,-2.33815485044634,-2.11473722500907),
 .UNSPECIFIED.);
#2239=B_SPLINE_CURVE_WITH_KNOTS('',3,(#8795,#8796,#8797,#8798),
 .UNSPECIFIED.,.F.,.F.,(4,4),(2.10856992210203,2.11473722500945),
 .UNSPECIFIED.);
#2240=B_SPLINE_CURVE_WITH_KNOTS('',3,(#8800,#8801,#8802,#8803,#8804,#8805,
#8806,#8807,#8808,#8809,#8810,#8811,#8812,#8813,#8814,#8815,#8816,#8817,
#8818,#8819,#8820,#8821,#8822,#8823,#8824,#8825,#8826,#8827,#8828,#8829,
#8830,#8831,#8832,#8833),.UNSPECIFIED.,.F.,.F.,(4,3,3,3,3,3,3,3,3,3,3,4),
(-0.0984165745421091,-0.0979366881367691,-0.0850073079787563,-0.0720633059752558,
-0.0679574360447438,-0.0548894857397239,-0.041821535434704,-0.039640210132653,
-0.0264927054637318,-0.0132463527318659,-0.000684543359697518,0.),
 .UNSPECIFIED.);
#2241=B_SPLINE_CURVE_WITH_KNOTS('',3,(#8834,#8835,#8836,#8837,#8838),
 .UNSPECIFIED.,.F.,.F.,(4,1,4),(2.07232183377998,2.33815485044634,2.46592285694193),
 .UNSPECIFIED.);
#2242=B_SPLINE_CURVE_WITH_KNOTS('',3,(#8865,#8866,#8867,#8868,#8869,#8870,
#8871,#8872,#8873,#8874,#8875,#8876,#8877,#8878,#8879,#8880),
 .UNSPECIFIED.,.F.,.F.,(4,2,2,2,2,2,2,4),(0.,0.0430414461377246,0.0726190832879872,
0.0960018367653373,0.119196163261854,0.150408373739265,0.204102728008067,
0.280039306654433),.UNSPECIFIED.);
#2243=B_SPLINE_CURVE_WITH_KNOTS('',3,(#8882,#8883,#8884,#8885),
 .UNSPECIFIED.,.F.,.F.,(4,4),(1.61910473668932,1.83518118700156),
 .UNSPECIFIED.);
#2244=B_SPLINE_CURVE_WITH_KNOTS('',3,(#8887,#8888,#8889,#8890,#8891,#8892,
#8893,#8894,#8895,#8896,#8897,#8898,#8899,#8900,#8901,#8902,#8903,#8904,
#8905),.UNSPECIFIED.,.F.,.F.,(4,3,3,3,3,3,4),(0.,0.0193150787303036,0.0386301574606071,
0.050202018181087,0.0617252495709153,0.067302471915007,0.0732151131973227),
 .UNSPECIFIED.);
#2245=B_SPLINE_CURVE_WITH_KNOTS('',3,(#8907,#8908,#8909,#8910,#8911,#8912,
#8913,#8914,#8915,#8916,#8917,#8918,#8919,#8920,#8921,#8922,#8923,#8924,
#8925,#8926,#8927,#8928,#8929,#8930,#8931,#8932,#8933,#8934,#8935,#8936,
#8937,#8938,#8939,#8940),.UNSPECIFIED.,.F.,.F.,(4,3,3,3,3,3,3,3,3,3,3,4),
(-0.000446980983108516,0.,0.0142953680196765,0.0285567283469936,0.0343473006624837,
0.0485097498381932,0.0619232593745488,0.0694430660549819,0.0714514889217024,
0.0850036647169493,0.0982038716919596,0.107764388547249),.UNSPECIFIED.);
#2246=B_SPLINE_CURVE_WITH_KNOTS('',3,(#8941,#8942,#8943,#8944),
 .UNSPECIFIED.,.F.,.F.,(4,4),(-1.77302753588391,-1.68950568191367),
 .UNSPECIFIED.);
#2247=B_SPLINE_CURVE_WITH_KNOTS('',3,(#8966,#8967,#8968,#8969),
 .UNSPECIFIED.,.F.,.F.,(4,4),(2.66779774868231,2.87352883020484),
 .UNSPECIFIED.);
#2248=B_SPLINE_CURVE_WITH_KNOTS('',3,(#8971,#8972,#8973,#8974),
 .UNSPECIFIED.,.F.,.F.,(4,4),(-2.90126038785781,-2.62786580636942),
 .UNSPECIFIED.);
#2249=B_SPLINE_CURVE_WITH_KNOTS('',3,(#8975,#8976,#8977,#8978,#8979,#8980,
#8981,#8982,#8983,#8984,#8985,#8986,#8987,#8988,#8989,#8990,#8991,#8992,
#8993,#8994,#8995,#8996,#8997,#8998,#8999,#9000,#9001,#9002,#9003,#9004,
#9005),.UNSPECIFIED.,.F.,.F.,(4,3,3,3,3,3,3,3,3,3,4),(-0.00051249835311137,
0.,0.0127529243564909,0.0253426036765034,0.0377510965516814,0.044624498065091,
0.0450837118562952,0.0577477287560367,0.0703966477563181,0.0828377784604038,
0.0873422738746764),.UNSPECIFIED.);
#2250=B_SPLINE_CURVE_WITH_KNOTS('',3,(#9028,#9029,#9030,#9031),
 .UNSPECIFIED.,.F.,.F.,(4,4),(-4.29101052507089,-4.01761776382254),
 .UNSPECIFIED.);
#2251=B_SPLINE_CURVE_WITH_KNOTS('',3,(#9033,#9034,#9035,#9036,#9037,#9038,
#9039,#9040,#9041,#9042,#9043,#9044,#9045,#9046,#9047,#9048,#9049,#9050,
#9051,#9052,#9053,#9054,#9055,#9056,#9057,#9058,#9059,#9060,#9061,#9062,
#9063,#9064,#9065,#9066),.UNSPECIFIED.,.F.,.F.,(4,3,3,3,3,3,3,3,3,3,3,4),
(0.,0.0130953370909561,0.0266128052988276,0.036270295921633,0.0382763624422376,
0.0515802318008942,0.0656482830516811,0.0733309521171144,0.0875425495974393,
0.101842294296274,0.10763795525007,0.108084411800721),.UNSPECIFIED.);
#2252=B_SPLINE_CURVE_WITH_KNOTS('',3,(#9068,#9069,#9070,#9071),
 .UNSPECIFIED.,.F.,.F.,(4,4),(4.04534897306691,4.25107711431755),
 .UNSPECIFIED.);
#2253=B_SPLINE_CURVE_WITH_KNOTS('',3,(#9072,#9073,#9074,#9075,#9076,#9077,
#9078,#9079),.UNSPECIFIED.,.F.,.F.,(4,2,2,4),(-0.000431712677308007,0.,
0.0464166751215446,0.0874169140523656),.UNSPECIFIED.);
#2254=B_SPLINE_CURVE_WITH_KNOTS('',3,(#9106,#9107,#9108,#9109,#9110,#9111,
#9112,#9113,#9114,#9115,#9116,#9117,#9118,#9119,#9120,#9121),
 .UNSPECIFIED.,.F.,.F.,(4,2,2,2,2,2,2,4),(0.,0.0944594297097538,0.141297234660779,
0.171689355416764,0.19564923738116,0.219756228361408,0.251822333641318,
0.28570955809245),.UNSPECIFIED.);
#2255=B_SPLINE_CURVE_WITH_KNOTS('',3,(#9122,#9123,#9124,#9125),
 .UNSPECIFIED.,.F.,.F.,(4,4),(-0.824512777094016,-0.740991133926589),
 .UNSPECIFIED.);
#2256=B_SPLINE_CURVE_WITH_KNOTS('',3,(#9127,#9128,#9129,#9130,#9131,#9132,
#9133,#9134),.UNSPECIFIED.,.F.,.F.,(4,2,2,4),(0.13793126645188,0.155330605167506,
0.184581176713424,0.216609660303655),.UNSPECIFIED.);
#2257=B_SPLINE_CURVE_WITH_KNOTS('',3,(#9135,#9136,#9137,#9138),
 .UNSPECIFIED.,.F.,.F.,(4,4),(0.67883758731249,0.894913799645001),
 .UNSPECIFIED.);
#2258=B_SPLINE_CURVE_WITH_KNOTS('',3,(#9161,#9162,#9163,#9164),
 .UNSPECIFIED.,.F.,.F.,(4,4),(-0.970375684544336,-0.806834612957132),
 .UNSPECIFIED.);
#2259=B_SPLINE_CURVE_WITH_KNOTS('',3,(#9165,#9166,#9167,#9168,#9169,#9170,
#9171),.UNSPECIFIED.,.F.,.F.,(4,3,4),(0.,0.0100138541114369,0.0168038672389845),
 .UNSPECIFIED.);
#2260=B_SPLINE_CURVE_WITH_KNOTS('',3,(#9172,#9173,#9174,#9175),
 .UNSPECIFIED.,.F.,.F.,(4,4),(0.854183309555344,1.01932262301508),
 .UNSPECIFIED.);
#2261=B_SPLINE_CURVE_WITH_KNOTS('',3,(#9176,#9177,#9178,#9179,#9180,#9181),
 .UNSPECIFIED.,.F.,.F.,(4,2,4),(-0.0302522664605911,-0.0278800122930797,
0.),.UNSPECIFIED.);
#2262=B_SPLINE_CURVE_WITH_KNOTS('',3,(#9209,#9210,#9211,#9212,#9213,#9214,
#9215,#9216,#9217,#9218,#9219,#9220,#9221,#9222,#9223,#9224,#9225,#9226),
 .UNSPECIFIED.,.F.,.F.,(4,2,2,2,2,2,2,2,4),(0.,0.0348903607494274,0.070991417434736,
0.0973868020554304,0.117255320247183,0.137159298404133,0.165987886512256,
0.216815871583272,0.270589864837342),.UNSPECIFIED.);
#2263=B_SPLINE_CURVE_WITH_KNOTS('',3,(#9228,#9229,#9230,#9231,#9232),
 .UNSPECIFIED.,.F.,.F.,(4,1,4),(2.932004702654,3.12626275932581,3.26175743641385),
 .UNSPECIFIED.);
#2264=B_SPLINE_CURVE_WITH_KNOTS('',3,(#9234,#9235,#9236,#9237),
 .UNSPECIFIED.,.F.,.F.,(4,4),(3.26175743641385,3.32569174105747),
 .UNSPECIFIED.);
#2265=B_SPLINE_CURVE_WITH_KNOTS('',3,(#9239,#9240,#9241,#9242,#9243,#9244,
#9245,#9246,#9247,#9248,#9249,#9250,#9251,#9252,#9253,#9254,#9255,#9256,
#9257,#9258,#9259,#9260,#9261,#9262,#9263,#9264,#9265,#9266,#9267,#9268,
#9269,#9270,#9271,#9272),.UNSPECIFIED.,.F.,.F.,(4,3,3,3,3,3,3,3,3,3,3,4),
(-0.0984094449029687,-0.0979491137525595,-0.0828507479300558,-0.0682610565028809,
-0.0653149672626692,-0.0510378687905024,-0.0377465077121942,-0.0324251411155226,
-0.0314186508514521,-0.0175727299472638,-0.00441048439404538,0.),
 .UNSPECIFIED.);
#2266=B_SPLINE_CURVE_WITH_KNOTS('',3,(#9274,#9275,#9276,#9277),
 .UNSPECIFIED.,.F.,.F.,(4,4),(-3.28953503842441,-3.28339335421649),
 .UNSPECIFIED.);
#2267=B_SPLINE_CURVE_WITH_KNOTS('',3,(#9278,#9279,#9280,#9281,#9282),
 .UNSPECIFIED.,.F.,.F.,(4,1,4),(-3.28330718838955,-3.12626275932581,-2.94435626568183),
 .UNSPECIFIED.);
#2268=B_SPLINE_CURVE_WITH_KNOTS('',3,(#9305,#9306,#9307,#9308),
 .UNSPECIFIED.,.F.,.F.,(4,4),(-0.773718056463488,-0.610176739297535),
 .UNSPECIFIED.);
#2269=B_SPLINE_CURVE_WITH_KNOTS('',3,(#9309,#9310,#9311,#9312,#9313,#9314,
#9315,#9316),.UNSPECIFIED.,.F.,.F.,(4,2,2,4),(-0.141125537185185,-0.123078203634681,
-0.105863330226169,-0.105402851459858),.UNSPECIFIED.);
#2270=B_SPLINE_CURVE_WITH_KNOTS('',3,(#9317,#9318,#9319,#9320),
 .UNSPECIFIED.,.F.,.F.,(4,4),(0.561229866931397,0.726369080758386),
 .UNSPECIFIED.);
#2271=B_SPLINE_CURVE_WITH_KNOTS('',3,(#9321,#9322,#9323,#9324),
 .UNSPECIFIED.,.F.,.F.,(4,4),(0.0768765939261501,0.0936493617707851),
 .UNSPECIFIED.);
#2272=B_SPLINE_CURVE_WITH_KNOTS('',3,(#9347,#9348,#9349,#9350),
 .UNSPECIFIED.,.F.,.F.,(4,4),(3.57031996887062,3.6119888380055),
 .UNSPECIFIED.);
#2273=B_SPLINE_CURVE_WITH_KNOTS('',3,(#9352,#9353,#9354,#9355),
 .UNSPECIFIED.,.F.,.F.,(4,4),(2.99337761317311,2.9997286925858),
 .UNSPECIFIED.);
#2274=B_SPLINE_CURVE_WITH_KNOTS('',3,(#9381,#9382,#9383,#9384,#9385,#9386,
#9387,#9388,#9389,#9390),.UNSPECIFIED.,.F.,.F.,(4,2,2,2,4),(-0.575325293878403,
-0.491963149382285,-0.402710201734621,-0.313457254086961,-0.230095108882148),
 .UNSPECIFIED.);
#2275=B_SPLINE_CURVE_WITH_KNOTS('',3,(#9391,#9392,#9393,#9394,#9395,#9396,
#9397,#9398,#9399,#9400,#9401,#9402,#9403,#9404),.UNSPECIFIED.,.F.,.F.,
(4,2,2,2,2,2,4),(-0.779782744061514,-0.75093994330651,-0.626635792158468,
-0.502331641010425,-0.378027489862387,-0.253723338714348,-0.224880537959336),
 .UNSPECIFIED.);
#2276=B_SPLINE_CURVE_WITH_KNOTS('',3,(#9460,#9461,#9462,#9463,#9464,#9465,
#9466),.UNSPECIFIED.,.F.,.F.,(4,3,4),(0.865821755876169,0.918062273431191,
0.918273088283047),.UNSPECIFIED.);
#2277=B_SPLINE_CURVE_WITH_KNOTS('',3,(#9468,#9469,#9470,#9471),
 .UNSPECIFIED.,.F.,.F.,(4,4),(0.,2.35318347484137E-6),.UNSPECIFIED.);
#2278=B_SPLINE_CURVE_WITH_KNOTS('',3,(#9473,#9474,#9475,#9476,#9477,#9478),
 .UNSPECIFIED.,.F.,.F.,(4,2,4),(0.,0.0148429085716595,0.029686825780576),
 .UNSPECIFIED.);
#2279=B_SPLINE_CURVE_WITH_KNOTS('',3,(#9480,#9481,#9482,#9483),
 .UNSPECIFIED.,.F.,.F.,(4,4),(-0.910525391295187,-0.873420988138361),
 .UNSPECIFIED.);
#2280=B_SPLINE_CURVE_WITH_KNOTS('',3,(#9484,#9485,#9486,#9487,#9488,#9489,
#9490),.UNSPECIFIED.,.F.,.F.,(4,3,4),(0.,0.0147719645086109,0.0295424133713427),
 .UNSPECIFIED.);
#2281=B_SPLINE_CURVE_WITH_KNOTS('',3,(#9523,#9524,#9525,#9526),
 .UNSPECIFIED.,.F.,.F.,(4,4),(0.0328535926340936,0.0634682672232971),
 .UNSPECIFIED.);
#2282=B_SPLINE_CURVE_WITH_KNOTS('',3,(#9552,#9553,#9554,#9555,#9556,#9557,
#9558),.UNSPECIFIED.,.F.,.F.,(4,1,1,1,4),(0.504741158724946,0.799486371079729,
1.38897679578929,1.97846722049886,2.56795764520842),.UNSPECIFIED.);
#2283=B_SPLINE_CURVE_WITH_KNOTS('',3,(#9610,#9611,#9612,#9613),
 .UNSPECIFIED.,.F.,.F.,(4,4),(-0.038683867691788,0.),.UNSPECIFIED.);
#2284=B_SPLINE_CURVE_WITH_KNOTS('',3,(#9656,#9657,#9658,#9659,#9660,#9661,
#9662,#9663,#9664),.UNSPECIFIED.,.F.,.F.,(4,1,1,1,1,1,4),(2.56976096297043E-14,
0.448798950512849,1.3463968515385,1.79519580205132,2.24399475256414,2.69279370307697,
3.14159265358979),.UNSPECIFIED.);
#2285=B_SPLINE_CURVE_WITH_KNOTS('',3,(#9666,#9667,#9668,#9669,#9670,#9671),
 .UNSPECIFIED.,.F.,.F.,(4,2,4),(0.,0.024350457160347,0.0487009143206969),
 .UNSPECIFIED.);
#2286=B_SPLINE_CURVE_WITH_KNOTS('',3,(#9672,#9673,#9674,#9675,#9676,#9677,
#9678,#9679,#9680),.UNSPECIFIED.,.F.,.F.,(4,1,1,1,1,1,4),(-3.14159265358979,
-2.69279370307697,-2.24399475256414,-1.79519580205132,-1.3463968515385,
-0.448798950512849,-0.034451882130495),.UNSPECIFIED.);
#2287=B_SPLINE_CURVE_WITH_KNOTS('',3,(#9855,#9856,#9857,#9858,#9859,#9860,
#9861,#9862,#9863,#9864,#9865,#9866,#9867),.UNSPECIFIED.,.F.,.F.,(4,3,3,
3,4),(0.,0.0472336338586854,0.0905256000488412,0.140123849984052,0.177580166639863),
 .UNSPECIFIED.);
#2288=B_SPLINE_CURVE_WITH_KNOTS('',3,(#9869,#9870,#9871,#9872,#9873,#9874,
#9875),.UNSPECIFIED.,.F.,.F.,(4,1,1,1,4),(-2.44637084103595,-1.97846722049886,
-1.38897679578929,-0.799486371079729,-0.521635123454787),.UNSPECIFIED.);
#2289=B_SPLINE_CURVE_WITH_KNOTS('',3,(#9876,#9877,#9878,#9879,#9880,#9881,
#9882),.UNSPECIFIED.,.F.,.F.,(4,3,4),(0.,0.0785796531777443,0.15728739476538),
 .UNSPECIFIED.);
#2290=B_SPLINE_CURVE_WITH_KNOTS('',3,(#9931,#9932,#9933,#9934),
 .UNSPECIFIED.,.F.,.F.,(4,4),(0.00634741546713807,0.0566791820460276),
 .UNSPECIFIED.);
#2291=B_SPLINE_CURVE_WITH_KNOTS('',3,(#9948,#9949,#9950,#9951),
 .UNSPECIFIED.,.F.,.F.,(4,4),(0.873420988509007,0.9105253902637),
 .UNSPECIFIED.);
#2292=B_SPLINE_CURVE_WITH_KNOTS('',3,(#9955,#9956,#9957,#9958),
 .UNSPECIFIED.,.F.,.F.,(4,4),(-0.0624264068711742,0.0624263795968182),
 .UNSPECIFIED.);
#2293=B_SPLINE_CURVE_WITH_KNOTS('',3,(#9999,#10000,#10001,#10002),
 .UNSPECIFIED.,.F.,.F.,(4,4),(-0.0624263837410053,0.0624264068711776),
 .UNSPECIFIED.);
#2294=B_SPLINE_CURVE_WITH_KNOTS('',3,(#10025,#10026,#10027,#10028),
 .UNSPECIFIED.,.F.,.F.,(4,4),(-0.15066636789974,-0.120234063548664),
 .UNSPECIFIED.);
#2295=B_SPLINE_CURVE_WITH_KNOTS('',3,(#10076,#10077,#10078,#10079,#10080,
#10081,#10082),.UNSPECIFIED.,.F.,.F.,(4,3,4),(-0.107082741879576,-0.0971202978029975,
-0.0761597148024259),.UNSPECIFIED.);
#2296=B_SPLINE_CURVE_WITH_KNOTS('',3,(#10084,#10085,#10086,#10087,#10088,
#10089,#10090,#10091,#10092,#10093),.UNSPECIFIED.,.F.,.F.,(4,1,1,1,1,1,
1,4),(-3.10996177149784,-2.69637322163217,-2.25224914917881,-1.80812507672545,
-1.3640010042721,-0.919876931818741,-0.475752859365384,-0.0316287869120269),
 .UNSPECIFIED.);
#2297=B_SPLINE_CURVE_WITH_KNOTS('',3,(#10095,#10096,#10097,#10098,#10099),
 .UNSPECIFIED.,.F.,.F.,(4,1,4),(-0.0637475933072096,-0.0634682672232971,
-0.000259788268366223),.UNSPECIFIED.);
#2298=B_SPLINE_CURVE_WITH_KNOTS('',3,(#10100,#10101,#10102,#10103,#10104,
#10105,#10106,#10107,#10108,#10109),.UNSPECIFIED.,.F.,.F.,(4,1,1,1,1,1,
1,4),(0.0344704996678647,0.475752859365384,0.919876931818741,1.3640010042721,
1.80812507672545,2.25224914917881,2.69637322163217,3.10835202336785),
 .UNSPECIFIED.);
#2299=B_SPLINE_CURVE_WITH_KNOTS('',3,(#10131,#10132,#10133,#10134),
 .UNSPECIFIED.,.F.,.F.,(4,4),(-1.5707963267949,-1.54401922888525),
 .UNSPECIFIED.);
#2300=B_SPLINE_CURVE_WITH_KNOTS('',3,(#10136,#10137,#10138,#10139),
 .UNSPECIFIED.,.F.,.F.,(4,4),(0.87929302349342,1.57079632679489),
 .UNSPECIFIED.);
#2301=B_SPLINE_CURVE_WITH_KNOTS('',3,(#10153,#10154,#10155,#10156,#10157),
 .UNSPECIFIED.,.F.,.F.,(4,1,4),(-1.54400717660275,-1.08584883208694,-0.879246985190049),
 .UNSPECIFIED.);
#2302=B_SPLINE_CURVE_WITH_KNOTS('',3,(#10179,#10180,#10181,#10182,#10183,
#10184),.UNSPECIFIED.,.F.,.F.,(4,2,4),(-0.0297005378159683,-0.0148496665873266,
0.),.UNSPECIFIED.);
#2303=B_SPLINE_CURVE_WITH_KNOTS('',3,(#10201,#10202,#10203,#10204,#10205,
#10206),.UNSPECIFIED.,.F.,.F.,(4,2,4),(-0.0295539536466338,-0.0147755262130519,
0.),.UNSPECIFIED.);
#2304=B_SPLINE_CURVE_WITH_KNOTS('',3,(#10231,#10232,#10233,#10234),
 .UNSPECIFIED.,.F.,.F.,(4,4),(-0.0709500040182723,0.0705044900716977),
 .UNSPECIFIED.);
#2305=B_SPLINE_CURVE_WITH_KNOTS('',3,(#10235,#10236,#10237,#10238),
 .UNSPECIFIED.,.F.,.F.,(4,4),(0.0346391982630498,0.0346416576615551),
 .UNSPECIFIED.);
#2306=B_SPLINE_CURVE_WITH_KNOTS('',3,(#10249,#10250,#10251,#10252),
 .UNSPECIFIED.,.F.,.F.,(4,4),(0.0346287789081899,0.0346407845434396),
 .UNSPECIFIED.);
#2307=B_SPLINE_CURVE_WITH_KNOTS('',3,(#10264,#10265,#10266,#10267,#10268,
#10269),.UNSPECIFIED.,.F.,.F.,(4,2,4),(1.81525773051761,1.84236307742436,
1.86516619638356),.UNSPECIFIED.);
#2308=B_SPLINE_CURVE_WITH_KNOTS('',3,(#10317,#10318,#10319,#10320,#10321,
#10322,#10323),.UNSPECIFIED.,.F.,.F.,(4,3,4),(-0.917585746700318,-0.865589635293374,
-0.865079541563451),.UNSPECIFIED.);
#2309=B_SPLINE_CURVE_WITH_KNOTS('',3,(#10324,#10325,#10326,#10327,#10328,
#10329),.UNSPECIFIED.,.F.,.F.,(4,2,4),(0.,0.0146230193167278,0.0292481463284152),
 .UNSPECIFIED.);
#2310=B_SPLINE_CURVE_WITH_KNOTS('',3,(#10330,#10331,#10332,#10333,#10334,
#10335,#10336),.UNSPECIFIED.,.F.,.F.,(4,3,4),(0.,0.0144870400041304,0.0289733794160093),
 .UNSPECIFIED.);
#2311=B_SPLINE_CURVE_WITH_KNOTS('',3,(#10342,#10343,#10344,#10345,#10346,
#10347),.UNSPECIFIED.,.F.,.F.,(4,2,4),(-0.0295539550094038,-0.0147756267620987,
0.),.UNSPECIFIED.);
#2312=B_SPLINE_CURVE_WITH_KNOTS('',3,(#10358,#10359,#10360,#10361,#10362,
#10363),.UNSPECIFIED.,.F.,.F.,(4,2,4),(-0.0297005408478823,-0.0148498627776402,
0.),.UNSPECIFIED.);
#2313=B_SPLINE_CURVE_WITH_KNOTS('',3,(#10381,#10382,#10383,#10384),
 .UNSPECIFIED.,.F.,.F.,(4,4),(-0.0705044859774606,0.0709500040182736),
 .UNSPECIFIED.);
#2314=B_SPLINE_CURVE_WITH_KNOTS('',3,(#10385,#10386,#10387,#10388),
 .UNSPECIFIED.,.F.,.F.,(4,4),(0.,2.45939548238493E-6),.UNSPECIFIED.);
#2315=B_SPLINE_CURVE_WITH_KNOTS('',3,(#10425,#10426,#10427,#10428,#10429,
#10430),.UNSPECIFIED.,.F.,.F.,(4,2,4),(-0.029297491931896,-0.0146486971638817,
0.),.UNSPECIFIED.);
#2316=B_SPLINE_CURVE_WITH_KNOTS('',3,(#10451,#10452,#10453,#10454),
 .UNSPECIFIED.,.F.,.F.,(4,4),(0.,1.00001852943079),.UNSPECIFIED.);
#2317=B_SPLINE_CURVE_WITH_KNOTS('',3,(#10455,#10456,#10457,#10458),
 .UNSPECIFIED.,.F.,.F.,(4,4),(0.0383804306117373,0.0383837305487571),
 .UNSPECIFIED.);
#2318=B_SPLINE_CURVE_WITH_KNOTS('',3,(#10509,#10510,#10511,#10512),
 .UNSPECIFIED.,.F.,.F.,(4,4),(0.47053650309874,0.533147525657846),
 .UNSPECIFIED.);
#2319=B_SPLINE_CURVE_WITH_KNOTS('',3,(#10514,#10515,#10516,#10517),
 .UNSPECIFIED.,.F.,.F.,(4,4),(0.533147525657846,0.595758548216945),
 .UNSPECIFIED.);
#2320=B_SPLINE_CURVE_WITH_KNOTS('',3,(#10525,#10526,#10527,#10528,#10529,
#10530),.UNSPECIFIED.,.F.,.F.,(4,2,4),(0.470580269805869,0.533323268003472,
0.596066266201076),.UNSPECIFIED.);
#2321=B_SPLINE_CURVE_WITH_KNOTS('',3,(#10551,#10552,#10553,#10554,#10555,
#10556,#10557,#10558,#10559,#10560,#10561,#10562,#10563),.UNSPECIFIED.,
 .F.,.F.,(4,3,3,3,4),(0.,0.0542314494484344,0.0800673148645562,0.138586345256128,
0.157148494497408),.UNSPECIFIED.);
#2322=B_SPLINE_CURVE_WITH_KNOTS('',3,(#10566,#10567,#10568,#10569),
 .UNSPECIFIED.,.F.,.F.,(4,4),(-1.57079632679489,-0.779851638664902),
 .UNSPECIFIED.);
#2323=B_SPLINE_CURVE_WITH_KNOTS('',3,(#10588,#10589,#10590,#10591),
 .UNSPECIFIED.,.F.,.F.,(4,4),(1.54401922888525,1.5707963267949),
 .UNSPECIFIED.);
#2324=B_SPLINE_CURVE_WITH_KNOTS('',3,(#10613,#10614,#10615,#10616,#10617,
#10618,#10619,#10620,#10621,#10622,#10623,#10624,#10625,#10626,#10627,#10628),
 .UNSPECIFIED.,.F.,.F.,(4,3,3,3,3,4),(0.,0.0533828681383529,0.0979153281352568,
0.146118226160548,0.193085998990997,0.20074840958163),.UNSPECIFIED.);
#2325=B_SPLINE_CURVE_WITH_KNOTS('',3,(#10629,#10630,#10631,#10632,#10633),
 .UNSPECIFIED.,.F.,.F.,(4,1,4),(0.742230073700078,1.08584883208694,1.54400717660275),
 .UNSPECIFIED.);
#2326=B_SPLINE_CURVE_WITH_KNOTS('',3,(#10639,#10640,#10641,#10642,#10643,
#10644,#10645,#10646,#10647,#10648,#10649,#10650,#10651,#10652),
 .UNSPECIFIED.,.F.,.F.,(4,2,2,2,2,2,4),(1.45159927342666,1.49164079576451,
1.55649178114638,1.62134276652825,1.68619375191013,1.751044737292,1.79108625962984),
 .UNSPECIFIED.);
#2327=B_SPLINE_CURVE_WITH_KNOTS('',3,(#10658,#10659,#10660,#10661,#10662,
#10663,#10664,#10665),.UNSPECIFIED.,.F.,.F.,(4,2,2,4),(1.06379080776722,
1.08657114094356,1.15997362310535,1.20416920760786),.UNSPECIFIED.);
#2328=B_SPLINE_CURVE_WITH_KNOTS('',3,(#10666,#10667,#10668,#10669,#10670,
#10671,#10672,#10673,#10674,#10675,#10676,#10677),.UNSPECIFIED.,.F.,.F.,
(4,2,2,2,2,4),(1.20416920760786,1.21941229386159,1.27885096461783,1.33828963537407,
1.39772830613031,1.4440301290861),.UNSPECIFIED.);
#2329=VERTEX_POINT('',#7804);
#2330=VERTEX_POINT('',#7805);
#2331=VERTEX_POINT('',#7813);
#2332=VERTEX_POINT('',#7821);
#2333=VERTEX_POINT('',#7826);
#2334=VERTEX_POINT('',#7834);
#2335=VERTEX_POINT('',#7853);
#2336=VERTEX_POINT('',#7854);
#2337=VERTEX_POINT('',#7856);
#2338=VERTEX_POINT('',#7861);
#2339=VERTEX_POINT('',#7863);
#2340=VERTEX_POINT('',#7867);
#2341=VERTEX_POINT('',#7868);
#2342=VERTEX_POINT('',#7873);
#2343=VERTEX_POINT('',#7874);
#2344=VERTEX_POINT('',#7879);
#2345=VERTEX_POINT('',#7880);
#2346=VERTEX_POINT('',#7885);
#2347=VERTEX_POINT('',#7886);
#2348=VERTEX_POINT('',#7891);
#2349=VERTEX_POINT('',#7893);
#2350=VERTEX_POINT('',#7897);
#2351=VERTEX_POINT('',#7899);
#2352=VERTEX_POINT('',#7903);
#2353=VERTEX_POINT('',#7905);
#2354=VERTEX_POINT('',#7909);
#2355=VERTEX_POINT('',#7911);
#2356=VERTEX_POINT('',#7915);
#2357=VERTEX_POINT('',#7916);
#2358=VERTEX_POINT('',#7921);
#2359=VERTEX_POINT('',#7922);
#2360=VERTEX_POINT('',#7927);
#2361=VERTEX_POINT('',#7928);
#2362=VERTEX_POINT('',#7933);
#2363=VERTEX_POINT('',#7934);
#2364=VERTEX_POINT('',#7939);
#2365=VERTEX_POINT('',#7940);
#2366=VERTEX_POINT('',#7945);
#2367=VERTEX_POINT('',#7947);
#2368=VERTEX_POINT('',#7951);
#2369=VERTEX_POINT('',#7953);
#2370=VERTEX_POINT('',#7957);
#2371=VERTEX_POINT('',#7959);
#2372=VERTEX_POINT('',#7963);
#2373=VERTEX_POINT('',#7965);
#2374=VERTEX_POINT('',#7969);
#2375=VERTEX_POINT('',#7970);
#2376=VERTEX_POINT('',#7975);
#2377=VERTEX_POINT('',#7976);
#2378=VERTEX_POINT('',#7981);
#2379=VERTEX_POINT('',#7982);
#2380=VERTEX_POINT('',#7987);
#2381=VERTEX_POINT('',#7988);
#2382=VERTEX_POINT('',#7993);
#2383=VERTEX_POINT('',#7995);
#2384=VERTEX_POINT('',#7999);
#2385=VERTEX_POINT('',#8000);
#2386=VERTEX_POINT('',#8005);
#2387=VERTEX_POINT('',#8007);
#2388=VERTEX_POINT('',#8011);
#2389=VERTEX_POINT('',#8012);
#2390=VERTEX_POINT('',#8017);
#2391=VERTEX_POINT('',#8019);
#2392=VERTEX_POINT('',#8023);
#2393=VERTEX_POINT('',#8024);
#2394=VERTEX_POINT('',#8029);
#2395=VERTEX_POINT('',#8031);
#2396=VERTEX_POINT('',#8035);
#2397=VERTEX_POINT('',#8036);
#2398=VERTEX_POINT('',#8041);
#2399=VERTEX_POINT('',#8043);
#2400=VERTEX_POINT('',#8048);
#2401=VERTEX_POINT('',#8052);
#2402=VERTEX_POINT('',#8054);
#2403=VERTEX_POINT('',#8058);
#2404=VERTEX_POINT('',#8062);
#2405=VERTEX_POINT('',#8066);
#2406=VERTEX_POINT('',#8070);
#2407=VERTEX_POINT('',#8074);
#2408=VERTEX_POINT('',#8078);
#2409=VERTEX_POINT('',#8082);
#2410=VERTEX_POINT('',#8086);
#2411=VERTEX_POINT('',#8090);
#2412=VERTEX_POINT('',#8094);
#2413=VERTEX_POINT('',#8098);
#2414=VERTEX_POINT('',#8102);
#2415=VERTEX_POINT('',#8106);
#2416=VERTEX_POINT('',#8110);
#2417=VERTEX_POINT('',#8114);
#2418=VERTEX_POINT('',#8118);
#2419=VERTEX_POINT('',#8120);
#2420=VERTEX_POINT('',#8122);
#2421=VERTEX_POINT('',#8146);
#2422=VERTEX_POINT('',#8147);
#2423=VERTEX_POINT('',#8153);
#2424=VERTEX_POINT('',#8161);
#2425=VERTEX_POINT('',#8167);
#2426=VERTEX_POINT('',#8180);
#2427=VERTEX_POINT('',#8181);
#2428=VERTEX_POINT('',#8183);
#2429=VERTEX_POINT('',#8185);
#2430=VERTEX_POINT('',#8189);
#2431=VERTEX_POINT('',#8191);
#2432=VERTEX_POINT('',#8195);
#2433=VERTEX_POINT('',#8196);
#2434=VERTEX_POINT('',#8201);
#2435=VERTEX_POINT('',#8203);
#2436=VERTEX_POINT('',#8207);
#2437=VERTEX_POINT('',#8208);
#2438=VERTEX_POINT('',#8213);
#2439=VERTEX_POINT('',#8215);
#2440=VERTEX_POINT('',#8219);
#2441=VERTEX_POINT('',#8220);
#2442=VERTEX_POINT('',#8225);
#2443=VERTEX_POINT('',#8227);
#2444=VERTEX_POINT('',#8231);
#2445=VERTEX_POINT('',#8233);
#2446=VERTEX_POINT('',#8237);
#2447=VERTEX_POINT('',#8238);
#2448=VERTEX_POINT('',#8243);
#2449=VERTEX_POINT('',#8245);
#2450=VERTEX_POINT('',#8249);
#2451=VERTEX_POINT('',#8250);
#2452=VERTEX_POINT('',#8255);
#2453=VERTEX_POINT('',#8256);
#2454=VERTEX_POINT('',#8262);
#2455=VERTEX_POINT('',#8266);
#2456=VERTEX_POINT('',#8270);
#2457=VERTEX_POINT('',#8274);
#2458=VERTEX_POINT('',#8278);
#2459=VERTEX_POINT('',#8282);
#2460=VERTEX_POINT('',#8286);
#2461=VERTEX_POINT('',#8290);
#2462=VERTEX_POINT('',#8294);
#2463=VERTEX_POINT('',#8298);
#2464=VERTEX_POINT('',#8302);
#2465=VERTEX_POINT('',#8306);
#2466=VERTEX_POINT('',#8310);
#2467=VERTEX_POINT('',#8314);
#2468=VERTEX_POINT('',#8318);
#2469=VERTEX_POINT('',#8322);
#2470=VERTEX_POINT('',#8326);
#2471=VERTEX_POINT('',#8361);
#2472=VERTEX_POINT('',#8365);
#2473=VERTEX_POINT('',#8367);
#2474=VERTEX_POINT('',#8370);
#2475=VERTEX_POINT('',#8371);
#2476=VERTEX_POINT('',#8373);
#2477=VERTEX_POINT('',#8375);
#2478=VERTEX_POINT('',#8377);
#2479=VERTEX_POINT('',#8379);
#2480=VERTEX_POINT('',#8381);
#2481=VERTEX_POINT('',#8383);
#2482=VERTEX_POINT('',#8385);
#2483=VERTEX_POINT('',#8387);
#2484=VERTEX_POINT('',#8390);
#2485=VERTEX_POINT('',#8391);
#2486=VERTEX_POINT('',#8393);
#2487=VERTEX_POINT('',#8395);
#2488=VERTEX_POINT('',#8397);
#2489=VERTEX_POINT('',#8399);
#2490=VERTEX_POINT('',#8401);
#2491=VERTEX_POINT('',#8403);
#2492=VERTEX_POINT('',#8405);
#2493=VERTEX_POINT('',#8407);
#2494=VERTEX_POINT('',#8411);
#2495=VERTEX_POINT('',#8412);
#2496=VERTEX_POINT('',#8414);
#2497=VERTEX_POINT('',#8416);
#2498=VERTEX_POINT('',#8423);
#2499=VERTEX_POINT('',#8424);
#2500=VERTEX_POINT('',#8429);
#2501=VERTEX_POINT('',#8433);
#2502=VERTEX_POINT('',#8434);
#2503=VERTEX_POINT('',#8436);
#2504=VERTEX_POINT('',#8438);
#2505=VERTEX_POINT('',#8442);
#2506=VERTEX_POINT('',#8443);
#2507=VERTEX_POINT('',#8448);
#2508=VERTEX_POINT('',#8455);
#2509=VERTEX_POINT('',#8457);
#2510=VERTEX_POINT('',#8459);
#2511=VERTEX_POINT('',#8461);
#2512=VERTEX_POINT('',#8463);
#2513=VERTEX_POINT('',#8465);
#2514=VERTEX_POINT('',#8469);
#2515=VERTEX_POINT('',#8471);
#2516=VERTEX_POINT('',#8473);
#2517=VERTEX_POINT('',#8475);
#2518=VERTEX_POINT('',#8477);
#2519=VERTEX_POINT('',#8479);
#2520=VERTEX_POINT('',#8481);
#2521=VERTEX_POINT('',#8485);
#2522=VERTEX_POINT('',#8489);
#2523=VERTEX_POINT('',#8490);
#2524=VERTEX_POINT('',#8492);
#2525=VERTEX_POINT('',#8497);
#2526=VERTEX_POINT('',#8499);
#2527=VERTEX_POINT('',#8501);
#2528=VERTEX_POINT('',#8505);
#2529=VERTEX_POINT('',#8509);
#2530=VERTEX_POINT('',#8512);
#2531=VERTEX_POINT('',#8514);
#2532=VERTEX_POINT('',#8522);
#2533=VERTEX_POINT('',#8523);
#2534=VERTEX_POINT('',#8525);
#2535=VERTEX_POINT('',#8527);
#2536=VERTEX_POINT('',#8531);
#2537=VERTEX_POINT('',#8533);
#2538=VERTEX_POINT('',#8537);
#2539=VERTEX_POINT('',#8538);
#2540=VERTEX_POINT('',#8541);
#2541=VERTEX_POINT('',#8543);
#2542=VERTEX_POINT('',#8547);
#2543=VERTEX_POINT('',#8548);
#2544=VERTEX_POINT('',#8550);
#2545=VERTEX_POINT('',#8552);
#2546=VERTEX_POINT('',#8557);
#2547=VERTEX_POINT('',#8559);
#2548=VERTEX_POINT('',#8563);
#2549=VERTEX_POINT('',#8567);
#2550=VERTEX_POINT('',#8576);
#2551=VERTEX_POINT('',#8580);
#2552=VERTEX_POINT('',#8584);
#2553=VERTEX_POINT('',#8589);
#2554=VERTEX_POINT('',#8595);
#2555=VERTEX_POINT('',#8597);
#2556=VERTEX_POINT('',#8599);
#2557=VERTEX_POINT('',#8605);
#2558=VERTEX_POINT('',#8613);
#2559=VERTEX_POINT('',#8615);
#2560=VERTEX_POINT('',#8619);
#2561=VERTEX_POINT('',#8623);
#2562=VERTEX_POINT('',#8625);
#2563=VERTEX_POINT('',#8629);
#2564=VERTEX_POINT('',#8636);
#2565=VERTEX_POINT('',#8640);
#2566=VERTEX_POINT('',#8644);
#2567=VERTEX_POINT('',#8646);
#2568=VERTEX_POINT('',#8655);
#2569=VERTEX_POINT('',#8668);
#2570=VERTEX_POINT('',#8687);
#2571=VERTEX_POINT('',#8689);
#2572=VERTEX_POINT('',#8693);
#2573=VERTEX_POINT('',#8694);
#2574=VERTEX_POINT('',#8696);
#2575=VERTEX_POINT('',#8698);
#2576=VERTEX_POINT('',#8700);
#2577=VERTEX_POINT('',#8702);
#2578=VERTEX_POINT('',#8704);
#2579=VERTEX_POINT('',#8706);
#2580=VERTEX_POINT('',#8708);
#2581=VERTEX_POINT('',#8710);
#2582=VERTEX_POINT('',#8712);
#2583=VERTEX_POINT('',#8714);
#2584=VERTEX_POINT('',#8716);
#2585=VERTEX_POINT('',#8719);
#2586=VERTEX_POINT('',#8721);
#2587=VERTEX_POINT('',#8724);
#2588=VERTEX_POINT('',#8728);
#2589=VERTEX_POINT('',#8730);
#2590=VERTEX_POINT('',#8734);
#2591=VERTEX_POINT('',#8738);
#2592=VERTEX_POINT('',#8742);
#2593=VERTEX_POINT('',#8770);
#2594=VERTEX_POINT('',#8771);
#2595=VERTEX_POINT('',#8788);
#2596=VERTEX_POINT('',#8794);
#2597=VERTEX_POINT('',#8799);
#2598=VERTEX_POINT('',#8863);
#2599=VERTEX_POINT('',#8864);
#2600=VERTEX_POINT('',#8881);
#2601=VERTEX_POINT('',#8886);
#2602=VERTEX_POINT('',#8906);
#2603=VERTEX_POINT('',#8965);
#2604=VERTEX_POINT('',#8970);
#2605=VERTEX_POINT('',#9026);
#2606=VERTEX_POINT('',#9027);
#2607=VERTEX_POINT('',#9032);
#2608=VERTEX_POINT('',#9067);
#2609=VERTEX_POINT('',#9104);
#2610=VERTEX_POINT('',#9105);
#2611=VERTEX_POINT('',#9126);
#2612=VERTEX_POINT('',#9159);
#2613=VERTEX_POINT('',#9160);
#2614=VERTEX_POINT('',#9207);
#2615=VERTEX_POINT('',#9208);
#2616=VERTEX_POINT('',#9227);
#2617=VERTEX_POINT('',#9233);
#2618=VERTEX_POINT('',#9238);
#2619=VERTEX_POINT('',#9273);
#2620=VERTEX_POINT('',#9303);
#2621=VERTEX_POINT('',#9304);
#2622=VERTEX_POINT('',#9326);
#2623=VERTEX_POINT('',#9328);
#2624=VERTEX_POINT('',#9332);
#2625=VERTEX_POINT('',#9334);
#2626=VERTEX_POINT('',#9338);
#2627=VERTEX_POINT('',#9340);
#2628=VERTEX_POINT('',#9344);
#2629=VERTEX_POINT('',#9346);
#2630=VERTEX_POINT('',#9351);
#2631=VERTEX_POINT('',#9356);
#2632=VERTEX_POINT('',#9362);
#2633=VERTEX_POINT('',#9364);
#2634=VERTEX_POINT('',#9368);
#2635=VERTEX_POINT('',#9374);
#2636=VERTEX_POINT('',#9378);
#2637=VERTEX_POINT('',#9407);
#2638=VERTEX_POINT('',#9411);
#2639=VERTEX_POINT('',#9415);
#2640=VERTEX_POINT('',#9419);
#2641=VERTEX_POINT('',#9425);
#2642=VERTEX_POINT('',#9428);
#2643=VERTEX_POINT('',#9458);
#2644=VERTEX_POINT('',#9459);
#2645=VERTEX_POINT('',#9467);
#2646=VERTEX_POINT('',#9472);
#2647=VERTEX_POINT('',#9479);
#2648=VERTEX_POINT('',#9492);
#2649=VERTEX_POINT('',#9494);
#2650=VERTEX_POINT('',#9498);
#2651=VERTEX_POINT('',#9500);
#2652=VERTEX_POINT('',#9504);
#2653=VERTEX_POINT('',#9510);
#2654=VERTEX_POINT('',#9512);
#2655=VERTEX_POINT('',#9514);
#2656=VERTEX_POINT('',#9516);
#2657=VERTEX_POINT('',#9518);
#2658=VERTEX_POINT('',#9520);
#2659=VERTEX_POINT('',#9522);
#2660=VERTEX_POINT('',#9527);
#2661=VERTEX_POINT('',#9529);
#2662=VERTEX_POINT('',#9531);
#2663=VERTEX_POINT('',#9535);
#2664=VERTEX_POINT('',#9537);
#2665=VERTEX_POINT('',#9539);
#2666=VERTEX_POINT('',#9543);
#2667=VERTEX_POINT('',#9545);
#2668=VERTEX_POINT('',#9549);
#2669=VERTEX_POINT('',#9551);
#2670=VERTEX_POINT('',#9559);
#2671=VERTEX_POINT('',#9563);
#2672=VERTEX_POINT('',#9567);
#2673=VERTEX_POINT('',#9577);
#2674=VERTEX_POINT('',#9581);
#2675=VERTEX_POINT('',#9587);
#2676=VERTEX_POINT('',#9591);
#2677=VERTEX_POINT('',#9593);
#2678=VERTEX_POINT('',#9597);
#2679=VERTEX_POINT('',#9599);
#2680=VERTEX_POINT('',#9609);
#2681=VERTEX_POINT('',#9614);
#2682=VERTEX_POINT('',#9655);
#2683=VERTEX_POINT('',#9665);
#2684=VERTEX_POINT('',#9684);
#2685=VERTEX_POINT('',#9686);
#2686=VERTEX_POINT('',#9689);
#2687=VERTEX_POINT('',#9691);
#2688=VERTEX_POINT('',#9693);
#2689=VERTEX_POINT('',#9695);
#2690=VERTEX_POINT('',#9697);
#2691=VERTEX_POINT('',#9699);
#2692=VERTEX_POINT('',#9701);
#2693=VERTEX_POINT('',#9703);
#2694=VERTEX_POINT('',#9706);
#2695=VERTEX_POINT('',#9708);
#2696=VERTEX_POINT('',#9712);
#2697=VERTEX_POINT('',#9719);
#2698=VERTEX_POINT('',#9729);
#2699=VERTEX_POINT('',#9737);
#2700=VERTEX_POINT('',#9741);
#2701=VERTEX_POINT('',#9745);
#2702=VERTEX_POINT('',#9749);
#2703=VERTEX_POINT('',#9753);
#2704=VERTEX_POINT('',#9757);
#2705=VERTEX_POINT('',#9759);
#2706=VERTEX_POINT('',#9766);
#2707=VERTEX_POINT('',#9768);
#2708=VERTEX_POINT('',#9772);
#2709=VERTEX_POINT('',#9786);
#2710=VERTEX_POINT('',#9790);
#2711=VERTEX_POINT('',#9792);
#2712=VERTEX_POINT('',#9802);
#2713=VERTEX_POINT('',#9806);
#2714=VERTEX_POINT('',#9813);
#2715=VERTEX_POINT('',#9821);
#2716=VERTEX_POINT('',#9824);
#2717=VERTEX_POINT('',#9854);
#2718=VERTEX_POINT('',#9868);
#2719=VERTEX_POINT('',#9901);
#2720=VERTEX_POINT('',#9902);
#2721=VERTEX_POINT('',#9906);
#2722=VERTEX_POINT('',#9908);
#2723=VERTEX_POINT('',#9914);
#2724=VERTEX_POINT('',#9916);
#2725=VERTEX_POINT('',#9918);
#2726=VERTEX_POINT('',#9920);
#2727=VERTEX_POINT('',#9922);
#2728=VERTEX_POINT('',#9924);
#2729=VERTEX_POINT('',#9926);
#2730=VERTEX_POINT('',#9928);
#2731=VERTEX_POINT('',#9930);
#2732=VERTEX_POINT('',#9935);
#2733=VERTEX_POINT('',#9937);
#2734=VERTEX_POINT('',#9939);
#2735=VERTEX_POINT('',#9941);
#2736=VERTEX_POINT('',#9943);
#2737=VERTEX_POINT('',#9945);
#2738=VERTEX_POINT('',#9947);
#2739=VERTEX_POINT('',#9952);
#2740=VERTEX_POINT('',#9954);
#2741=VERTEX_POINT('',#9961);
#2742=VERTEX_POINT('',#9962);
#2743=VERTEX_POINT('',#9966);
#2744=VERTEX_POINT('',#9968);
#2745=VERTEX_POINT('',#9974);
#2746=VERTEX_POINT('',#9976);
#2747=VERTEX_POINT('',#9981);
#2748=VERTEX_POINT('',#9987);
#2749=VERTEX_POINT('',#9989);
#2750=VERTEX_POINT('',#9992);
#2751=VERTEX_POINT('',#9994);
#2752=VERTEX_POINT('',#9996);
#2753=VERTEX_POINT('',#9998);
#2754=VERTEX_POINT('',#10003);
#2755=VERTEX_POINT('',#10005);
#2756=VERTEX_POINT('',#10007);
#2757=VERTEX_POINT('',#10009);
#2758=VERTEX_POINT('',#10011);
#2759=VERTEX_POINT('',#10013);
#2760=VERTEX_POINT('',#10015);
#2761=VERTEX_POINT('',#10017);
#2762=VERTEX_POINT('',#10019);
#2763=VERTEX_POINT('',#10023);
#2764=VERTEX_POINT('',#10024);
#2765=VERTEX_POINT('',#10029);
#2766=VERTEX_POINT('',#10075);
#2767=VERTEX_POINT('',#10083);
#2768=VERTEX_POINT('',#10094);
#2769=VERTEX_POINT('',#10111);
#2770=VERTEX_POINT('',#10115);
#2771=VERTEX_POINT('',#10121);
#2772=VERTEX_POINT('',#10125);
#2773=VERTEX_POINT('',#10129);
#2774=VERTEX_POINT('',#10130);
#2775=VERTEX_POINT('',#10135);
#2776=VERTEX_POINT('',#10140);
#2777=VERTEX_POINT('',#10142);
#2778=VERTEX_POINT('',#10144);
#2779=VERTEX_POINT('',#10147);
#2780=VERTEX_POINT('',#10149);
#2781=VERTEX_POINT('',#10151);
#2782=VERTEX_POINT('',#10159);
#2783=VERTEX_POINT('',#10163);
#2784=VERTEX_POINT('',#10167);
#2785=VERTEX_POINT('',#10169);
#2786=VERTEX_POINT('',#10173);
#2787=VERTEX_POINT('',#10177);
#2788=VERTEX_POINT('',#10186);
#2789=VERTEX_POINT('',#10188);
#2790=VERTEX_POINT('',#10192);
#2791=VERTEX_POINT('',#10196);
#2792=VERTEX_POINT('',#10197);
#2793=VERTEX_POINT('',#10200);
#2794=VERTEX_POINT('',#10211);
#2795=VERTEX_POINT('',#10230);
#2796=VERTEX_POINT('',#10240);
#2797=VERTEX_POINT('',#10244);
#2798=VERTEX_POINT('',#10246);
#2799=VERTEX_POINT('',#10248);
#2800=VERTEX_POINT('',#10253);
#2801=VERTEX_POINT('',#10255);
#2802=VERTEX_POINT('',#10257);
#2803=VERTEX_POINT('',#10259);
#2804=VERTEX_POINT('',#10261);
#2805=VERTEX_POINT('',#10263);
#2806=VERTEX_POINT('',#10272);
#2807=VERTEX_POINT('',#10278);
#2808=VERTEX_POINT('',#10280);
#2809=VERTEX_POINT('',#10284);
#2810=VERTEX_POINT('',#10316);
#2811=VERTEX_POINT('',#10338);
#2812=VERTEX_POINT('',#10352);
#2813=VERTEX_POINT('',#10353);
#2814=VERTEX_POINT('',#10380);
#2815=VERTEX_POINT('',#10391);
#2816=VERTEX_POINT('',#10395);
#2817=VERTEX_POINT('',#10399);
#2818=VERTEX_POINT('',#10401);
#2819=VERTEX_POINT('',#10405);
#2820=VERTEX_POINT('',#10407);
#2821=VERTEX_POINT('',#10411);
#2822=VERTEX_POINT('',#10419);
#2823=VERTEX_POINT('',#10423);
#2824=VERTEX_POINT('',#10460);
#2825=VERTEX_POINT('',#10469);
#2826=VERTEX_POINT('',#10473);
#2827=VERTEX_POINT('',#10475);
#2828=VERTEX_POINT('',#10477);
#2829=VERTEX_POINT('',#10492);
#2830=VERTEX_POINT('',#10495);
#2831=VERTEX_POINT('',#10499);
#2832=VERTEX_POINT('',#10502);
#2833=VERTEX_POINT('',#10504);
#2834=VERTEX_POINT('',#10506);
#2835=VERTEX_POINT('',#10508);
#2836=VERTEX_POINT('',#10513);
#2837=VERTEX_POINT('',#10522);
#2838=VERTEX_POINT('',#10524);
#2839=VERTEX_POINT('',#10531);
#2840=VERTEX_POINT('',#10550);
#2841=VERTEX_POINT('',#10564);
#2842=VERTEX_POINT('',#10586);
#2843=VERTEX_POINT('',#10612);
#2844=VERTEX_POINT('',#10636);
#2845=VERTEX_POINT('',#10638);
#2846=VERTEX_POINT('',#10655);
#2847=VERTEX_POINT('',#10657);
#2848=VERTEX_POINT('',#10679);
#2849=VERTEX_POINT('',#10681);
#2850=VERTEX_POINT('',#10688);
#2851=VERTEX_POINT('',#10690);
#2852=EDGE_CURVE('',#2329,#2330,#2224,.T.);
#2853=EDGE_CURVE('',#2330,#2331,#2225,.T.);
#2854=EDGE_CURVE('',#2331,#2332,#2226,.T.);
#2855=EDGE_CURVE('',#2332,#2333,#2227,.T.);
#2856=EDGE_CURVE('',#2333,#2334,#2228,.T.);
#2857=EDGE_CURVE('',#2334,#2329,#2229,.T.);
#2858=EDGE_CURVE('',#2335,#2336,#391,.T.);
#2859=EDGE_CURVE('',#2336,#2337,#392,.T.);
#2860=EDGE_CURVE('',#2337,#2329,#393,.T.);
#2861=EDGE_CURVE('',#2334,#2335,#359,.T.);
#2862=EDGE_CURVE('',#2336,#2338,#151,.T.);
#2863=EDGE_CURVE('',#2338,#2339,#394,.T.);
#2864=EDGE_CURVE('',#2339,#2337,#152,.T.);
#2865=EDGE_CURVE('',#2340,#2341,#395,.T.);
#2866=EDGE_CURVE('',#2341,#2339,#396,.T.);
#2867=EDGE_CURVE('',#2338,#2340,#397,.T.);
#2868=EDGE_CURVE('',#2342,#2343,#398,.T.);
#2869=EDGE_CURVE('',#2343,#2341,#153,.T.);
#2870=EDGE_CURVE('',#2340,#2342,#154,.T.);
#2871=EDGE_CURVE('',#2344,#2345,#399,.T.);
#2872=EDGE_CURVE('',#2345,#2343,#400,.T.);
#2873=EDGE_CURVE('',#2342,#2344,#401,.T.);
#2874=EDGE_CURVE('',#2346,#2347,#402,.T.);
#2875=EDGE_CURVE('',#2347,#2345,#155,.T.);
#2876=EDGE_CURVE('',#2344,#2346,#156,.T.);
#2877=EDGE_CURVE('',#2346,#2348,#403,.T.);
#2878=EDGE_CURVE('',#2348,#2349,#404,.T.);
#2879=EDGE_CURVE('',#2349,#2347,#405,.T.);
#2880=EDGE_CURVE('',#2348,#2350,#157,.T.);
#2881=EDGE_CURVE('',#2350,#2351,#406,.T.);
#2882=EDGE_CURVE('',#2351,#2349,#158,.T.);
#2883=EDGE_CURVE('',#2350,#2352,#407,.T.);
#2884=EDGE_CURVE('',#2352,#2353,#408,.T.);
#2885=EDGE_CURVE('',#2353,#2351,#409,.T.);
#2886=EDGE_CURVE('',#2352,#2354,#159,.T.);
#2887=EDGE_CURVE('',#2354,#2355,#410,.T.);
#2888=EDGE_CURVE('',#2355,#2353,#160,.T.);
#2889=EDGE_CURVE('',#2356,#2357,#411,.T.);
#2890=EDGE_CURVE('',#2357,#2355,#412,.T.);
#2891=EDGE_CURVE('',#2354,#2356,#413,.T.);
#2892=EDGE_CURVE('',#2358,#2359,#414,.T.);
#2893=EDGE_CURVE('',#2359,#2357,#161,.T.);
#2894=EDGE_CURVE('',#2356,#2358,#162,.T.);
#2895=EDGE_CURVE('',#2360,#2361,#415,.T.);
#2896=EDGE_CURVE('',#2361,#2359,#416,.T.);
#2897=EDGE_CURVE('',#2358,#2360,#417,.T.);
#2898=EDGE_CURVE('',#2362,#2363,#418,.T.);
#2899=EDGE_CURVE('',#2363,#2361,#163,.T.);
#2900=EDGE_CURVE('',#2360,#2362,#164,.T.);
#2901=EDGE_CURVE('',#2364,#2365,#419,.T.);
#2902=EDGE_CURVE('',#2365,#2363,#420,.T.);
#2903=EDGE_CURVE('',#2362,#2364,#421,.T.);
#2904=EDGE_CURVE('',#2364,#2366,#165,.T.);
#2905=EDGE_CURVE('',#2366,#2367,#422,.T.);
#2906=EDGE_CURVE('',#2367,#2365,#166,.T.);
#2907=EDGE_CURVE('',#2366,#2368,#423,.T.);
#2908=EDGE_CURVE('',#2368,#2369,#424,.T.);
#2909=EDGE_CURVE('',#2369,#2367,#425,.T.);
#2910=EDGE_CURVE('',#2368,#2370,#167,.T.);
#2911=EDGE_CURVE('',#2370,#2371,#426,.T.);
#2912=EDGE_CURVE('',#2371,#2369,#168,.T.);
#2913=EDGE_CURVE('',#2370,#2372,#427,.T.);
#2914=EDGE_CURVE('',#2372,#2373,#428,.T.);
#2915=EDGE_CURVE('',#2373,#2371,#429,.T.);
#2916=EDGE_CURVE('',#2374,#2375,#430,.T.);
#2917=EDGE_CURVE('',#2375,#2373,#169,.T.);
#2918=EDGE_CURVE('',#2372,#2374,#170,.T.);
#2919=EDGE_CURVE('',#2376,#2377,#431,.T.);
#2920=EDGE_CURVE('',#2377,#2375,#432,.T.);
#2921=EDGE_CURVE('',#2374,#2376,#433,.T.);
#2922=EDGE_CURVE('',#2378,#2379,#434,.T.);
#2923=EDGE_CURVE('',#2379,#2377,#171,.T.);
#2924=EDGE_CURVE('',#2376,#2378,#172,.T.);
#2925=EDGE_CURVE('',#2380,#2381,#435,.T.);
#2926=EDGE_CURVE('',#2381,#2379,#436,.T.);
#2927=EDGE_CURVE('',#2378,#2380,#437,.T.);
#2928=EDGE_CURVE('',#2380,#2382,#173,.T.);
#2929=EDGE_CURVE('',#2382,#2383,#438,.T.);
#2930=EDGE_CURVE('',#2383,#2381,#174,.T.);
#2931=EDGE_CURVE('',#2384,#2385,#439,.T.);
#2932=EDGE_CURVE('',#2385,#2383,#440,.T.);
#2933=EDGE_CURVE('',#2382,#2384,#441,.T.);
#2934=EDGE_CURVE('',#2384,#2386,#175,.T.);
#2935=EDGE_CURVE('',#2386,#2387,#442,.T.);
#2936=EDGE_CURVE('',#2387,#2385,#176,.T.);
#2937=EDGE_CURVE('',#2388,#2389,#443,.T.);
#2938=EDGE_CURVE('',#2389,#2387,#444,.T.);
#2939=EDGE_CURVE('',#2386,#2388,#445,.T.);
#2940=EDGE_CURVE('',#2388,#2390,#177,.T.);
#2941=EDGE_CURVE('',#2390,#2391,#446,.T.);
#2942=EDGE_CURVE('',#2391,#2389,#178,.T.);
#2943=EDGE_CURVE('',#2392,#2393,#447,.T.);
#2944=EDGE_CURVE('',#2393,#2391,#448,.T.);
#2945=EDGE_CURVE('',#2390,#2392,#449,.T.);
#2946=EDGE_CURVE('',#2392,#2394,#179,.T.);
#2947=EDGE_CURVE('',#2394,#2395,#450,.T.);
#2948=EDGE_CURVE('',#2395,#2393,#180,.T.);
#2949=EDGE_CURVE('',#2396,#2397,#451,.T.);
#2950=EDGE_CURVE('',#2397,#2395,#452,.T.);
#2951=EDGE_CURVE('',#2394,#2396,#453,.T.);
#2952=EDGE_CURVE('',#2396,#2398,#181,.T.);
#2953=EDGE_CURVE('',#2398,#2399,#454,.T.);
#2954=EDGE_CURVE('',#2399,#2397,#182,.T.);
#2955=EDGE_CURVE('',#2330,#2399,#455,.T.);
#2956=EDGE_CURVE('',#2398,#2400,#456,.T.);
#2957=EDGE_CURVE('',#2400,#2331,#360,.T.);
#2958=EDGE_CURVE('',#2401,#2366,#457,.T.);
#2959=EDGE_CURVE('',#2402,#2401,#458,.T.);
#2960=EDGE_CURVE('',#2402,#2368,#459,.T.);
#2961=EDGE_CURVE('',#2364,#2403,#460,.T.);
#2962=EDGE_CURVE('',#2401,#2403,#183,.T.);
#2963=EDGE_CURVE('',#2362,#2404,#461,.T.);
#2964=EDGE_CURVE('',#2403,#2404,#462,.T.);
#2965=EDGE_CURVE('',#2405,#2360,#463,.T.);
#2966=EDGE_CURVE('',#2404,#2405,#184,.T.);
#2967=EDGE_CURVE('',#2358,#2406,#464,.T.);
#2968=EDGE_CURVE('',#2405,#2406,#465,.T.);
#2969=EDGE_CURVE('',#2407,#2356,#466,.T.);
#2970=EDGE_CURVE('',#2406,#2407,#185,.T.);
#2971=EDGE_CURVE('',#2408,#2354,#467,.T.);
#2972=EDGE_CURVE('',#2407,#2408,#468,.T.);
#2973=EDGE_CURVE('',#2352,#2409,#469,.T.);
#2974=EDGE_CURVE('',#2408,#2409,#186,.T.);
#2975=EDGE_CURVE('',#2410,#2350,#470,.T.);
#2976=EDGE_CURVE('',#2409,#2410,#471,.T.);
#2977=EDGE_CURVE('',#2411,#2348,#472,.T.);
#2978=EDGE_CURVE('',#2410,#2411,#187,.T.);
#2979=EDGE_CURVE('',#2346,#2412,#473,.T.);
#2980=EDGE_CURVE('',#2411,#2412,#474,.T.);
#2981=EDGE_CURVE('',#2413,#2344,#475,.T.);
#2982=EDGE_CURVE('',#2412,#2413,#188,.T.);
#2983=EDGE_CURVE('',#2342,#2414,#476,.T.);
#2984=EDGE_CURVE('',#2413,#2414,#477,.T.);
#2985=EDGE_CURVE('',#2415,#2340,#478,.T.);
#2986=EDGE_CURVE('',#2414,#2415,#189,.T.);
#2987=EDGE_CURVE('',#2416,#2338,#479,.T.);
#2988=EDGE_CURVE('',#2415,#2416,#480,.T.);
#2989=EDGE_CURVE('',#2336,#2417,#481,.T.);
#2990=EDGE_CURVE('',#2416,#2417,#190,.T.);
#2991=EDGE_CURVE('',#2335,#2418,#361,.F.);
#2992=EDGE_CURVE('',#2418,#2419,#482,.T.);
#2993=EDGE_CURVE('',#2419,#2420,#362,.T.);
#2994=EDGE_CURVE('',#2417,#2420,#483,.T.);
#2995=EDGE_CURVE('',#2421,#2422,#2230,.T.);
#2996=EDGE_CURVE('',#2422,#2423,#2231,.T.);
#2997=EDGE_CURVE('',#2423,#2424,#2232,.T.);
#2998=EDGE_CURVE('',#2424,#2425,#2233,.T.);
#2999=EDGE_CURVE('',#2425,#2421,#2234,.T.);
#3000=EDGE_CURVE('',#2426,#2427,#363,.T.);
#3001=EDGE_CURVE('',#2427,#2428,#484,.T.);
#3002=EDGE_CURVE('',#2428,#2429,#485,.T.);
#3003=EDGE_CURVE('',#2429,#2426,#486,.T.);
#3004=EDGE_CURVE('',#2428,#2430,#191,.T.);
#3005=EDGE_CURVE('',#2430,#2431,#487,.T.);
#3006=EDGE_CURVE('',#2431,#2429,#192,.T.);
#3007=EDGE_CURVE('',#2432,#2433,#488,.T.);
#3008=EDGE_CURVE('',#2433,#2431,#489,.T.);
#3009=EDGE_CURVE('',#2430,#2432,#490,.T.);
#3010=EDGE_CURVE('',#2432,#2434,#193,.T.);
#3011=EDGE_CURVE('',#2434,#2435,#491,.T.);
#3012=EDGE_CURVE('',#2435,#2433,#194,.T.);
#3013=EDGE_CURVE('',#2436,#2437,#492,.T.);
#3014=EDGE_CURVE('',#2437,#2435,#493,.T.);
#3015=EDGE_CURVE('',#2434,#2436,#494,.T.);
#3016=EDGE_CURVE('',#2436,#2438,#195,.T.);
#3017=EDGE_CURVE('',#2438,#2439,#495,.T.);
#3018=EDGE_CURVE('',#2439,#2437,#196,.T.);
#3019=EDGE_CURVE('',#2440,#2441,#496,.T.);
#3020=EDGE_CURVE('',#2441,#2439,#497,.T.);
#3021=EDGE_CURVE('',#2438,#2440,#498,.T.);
#3022=EDGE_CURVE('',#2440,#2442,#197,.T.);
#3023=EDGE_CURVE('',#2442,#2443,#499,.T.);
#3024=EDGE_CURVE('',#2443,#2441,#198,.T.);
#3025=EDGE_CURVE('',#2442,#2444,#500,.T.);
#3026=EDGE_CURVE('',#2444,#2445,#501,.T.);
#3027=EDGE_CURVE('',#2445,#2443,#502,.T.);
#3028=EDGE_CURVE('',#2446,#2447,#503,.T.);
#3029=EDGE_CURVE('',#2447,#2445,#199,.T.);
#3030=EDGE_CURVE('',#2444,#2446,#200,.T.);
#3031=EDGE_CURVE('',#2446,#2448,#504,.T.);
#3032=EDGE_CURVE('',#2448,#2449,#505,.T.);
#3033=EDGE_CURVE('',#2449,#2447,#506,.T.);
#3034=EDGE_CURVE('',#2450,#2451,#507,.T.);
#3035=EDGE_CURVE('',#2451,#2449,#201,.T.);
#3036=EDGE_CURVE('',#2448,#2450,#202,.T.);
#3037=EDGE_CURVE('',#2452,#2453,#508,.T.);
#3038=EDGE_CURVE('',#2453,#2451,#509,.T.);
#3039=EDGE_CURVE('',#2450,#2452,#510,.T.);
#3040=EDGE_CURVE('',#2452,#2402,#203,.T.);
#3041=EDGE_CURVE('',#2402,#2454,#511,.T.);
#3042=EDGE_CURVE('',#2454,#2453,#204,.T.);
#3043=EDGE_CURVE('',#2401,#2455,#512,.T.);
#3044=EDGE_CURVE('',#2455,#2454,#513,.T.);
#3045=EDGE_CURVE('',#2403,#2456,#514,.T.);
#3046=EDGE_CURVE('',#2456,#2455,#205,.T.);
#3047=EDGE_CURVE('',#2404,#2457,#515,.T.);
#3048=EDGE_CURVE('',#2457,#2456,#516,.T.);
#3049=EDGE_CURVE('',#2405,#2458,#517,.T.);
#3050=EDGE_CURVE('',#2458,#2457,#206,.T.);
#3051=EDGE_CURVE('',#2406,#2459,#518,.T.);
#3052=EDGE_CURVE('',#2459,#2458,#519,.T.);
#3053=EDGE_CURVE('',#2407,#2460,#520,.T.);
#3054=EDGE_CURVE('',#2460,#2459,#207,.T.);
#3055=EDGE_CURVE('',#2408,#2461,#521,.T.);
#3056=EDGE_CURVE('',#2461,#2460,#522,.T.);
#3057=EDGE_CURVE('',#2409,#2462,#523,.T.);
#3058=EDGE_CURVE('',#2462,#2461,#208,.T.);
#3059=EDGE_CURVE('',#2410,#2463,#524,.T.);
#3060=EDGE_CURVE('',#2463,#2462,#525,.T.);
#3061=EDGE_CURVE('',#2411,#2464,#526,.T.);
#3062=EDGE_CURVE('',#2464,#2463,#209,.T.);
#3063=EDGE_CURVE('',#2412,#2465,#527,.T.);
#3064=EDGE_CURVE('',#2465,#2464,#528,.T.);
#3065=EDGE_CURVE('',#2413,#2466,#529,.T.);
#3066=EDGE_CURVE('',#2466,#2465,#210,.T.);
#3067=EDGE_CURVE('',#2414,#2467,#530,.T.);
#3068=EDGE_CURVE('',#2467,#2466,#531,.T.);
#3069=EDGE_CURVE('',#2415,#2468,#532,.T.);
#3070=EDGE_CURVE('',#2468,#2467,#211,.T.);
#3071=EDGE_CURVE('',#2416,#2469,#533,.T.);
#3072=EDGE_CURVE('',#2469,#2468,#534,.T.);
#3073=EDGE_CURVE('',#2417,#2470,#535,.T.);
#3074=EDGE_CURVE('',#2470,#2469,#212,.T.);
#3075=EDGE_CURVE('',#2424,#2470,#536,.T.);
#3076=EDGE_CURVE('',#2420,#2425,#364,.T.);
#3077=EDGE_CURVE('',#2452,#2370,#537,.T.);
#3078=EDGE_CURVE('',#2450,#2372,#538,.T.);
#3079=EDGE_CURVE('',#2374,#2448,#539,.T.);
#3080=EDGE_CURVE('',#2446,#2376,#540,.T.);
#3081=EDGE_CURVE('',#2378,#2444,#541,.T.);
#3082=EDGE_CURVE('',#2380,#2442,#542,.T.);
#3083=EDGE_CURVE('',#2440,#2382,#543,.T.);
#3084=EDGE_CURVE('',#2384,#2438,#544,.T.);
#3085=EDGE_CURVE('',#2436,#2386,#545,.T.);
#3086=EDGE_CURVE('',#2388,#2434,#546,.T.);
#3087=EDGE_CURVE('',#2432,#2390,#547,.T.);
#3088=EDGE_CURVE('',#2392,#2430,#548,.T.);
#3089=EDGE_CURVE('',#2428,#2394,#549,.T.);
#3090=EDGE_CURVE('',#2396,#2427,#550,.T.);
#3091=EDGE_CURVE('',#2426,#2471,#213,.T.);
#3092=EDGE_CURVE('',#2471,#2398,#551,.T.);
#3093=EDGE_CURVE('',#2423,#2472,#552,.T.);
#3094=EDGE_CURVE('',#2472,#2473,#365,.F.);
#3095=EDGE_CURVE('',#2473,#2471,#553,.T.);
#3096=EDGE_CURVE('',#2474,#2475,#554,.T.);
#3097=EDGE_CURVE('',#2476,#2475,#555,.T.);
#3098=EDGE_CURVE('',#2477,#2476,#556,.T.);
#3099=EDGE_CURVE('',#2477,#2478,#557,.T.);
#3100=EDGE_CURVE('',#2478,#2479,#558,.T.);
#3101=EDGE_CURVE('',#2480,#2479,#559,.F.);
#3102=EDGE_CURVE('',#2480,#2481,#560,.T.);
#3103=EDGE_CURVE('',#2482,#2481,#561,.T.);
#3104=EDGE_CURVE('',#2483,#2482,#214,.T.);
#3105=EDGE_CURVE('',#2474,#2483,#562,.T.);
#3106=EDGE_CURVE('',#2484,#2485,#563,.T.);
#3107=EDGE_CURVE('',#2486,#2485,#564,.T.);
#3108=EDGE_CURVE('',#2487,#2486,#565,.T.);
#3109=EDGE_CURVE('',#2487,#2488,#566,.T.);
#3110=EDGE_CURVE('',#2489,#2488,#567,.T.);
#3111=EDGE_CURVE('',#2490,#2489,#215,.T.);
#3112=EDGE_CURVE('',#2491,#2490,#568,.T.);
#3113=EDGE_CURVE('',#2491,#2492,#569,.T.);
#3114=EDGE_CURVE('',#2493,#2492,#570,.F.);
#3115=EDGE_CURVE('',#2493,#2484,#571,.T.);
#3116=EDGE_CURVE('',#2494,#2495,#216,.T.);
#3117=EDGE_CURVE('',#2494,#2496,#572,.T.);
#3118=EDGE_CURVE('',#2497,#2496,#217,.T.);
#3119=EDGE_CURVE('',#2495,#2497,#573,.T.);
#3120=EDGE_CURVE('',#2495,#2494,#574,.T.);
#3121=EDGE_CURVE('',#2496,#2497,#575,.T.);
#3122=EDGE_CURVE('',#2498,#2499,#2235,.T.);
#3123=EDGE_CURVE('',#2500,#2498,#576,.T.);
#3124=EDGE_CURVE('',#2499,#2500,#218,.T.);
#3125=EDGE_CURVE('',#2501,#2502,#219,.T.);
#3126=EDGE_CURVE('',#2503,#2501,#577,.T.);
#3127=EDGE_CURVE('',#2504,#2503,#220,.T.);
#3128=EDGE_CURVE('',#2502,#2504,#578,.T.);
#3129=EDGE_CURVE('',#2505,#2506,#2236,.T.);
#3130=EDGE_CURVE('',#2507,#2505,#221,.T.);
#3131=EDGE_CURVE('',#2507,#2506,#579,.T.);
#3132=EDGE_CURVE('',#2506,#2498,#580,.T.);
#3133=EDGE_CURVE('',#2500,#2507,#581,.T.);
#3134=EDGE_CURVE('',#2499,#2508,#582,.T.);
#3135=EDGE_CURVE('',#2509,#2508,#366,.T.);
#3136=EDGE_CURVE('',#2509,#2510,#583,.T.);
#3137=EDGE_CURVE('',#2510,#2511,#222,.T.);
#3138=EDGE_CURVE('',#2512,#2511,#367,.T.);
#3139=EDGE_CURVE('',#2512,#2513,#584,.T.);
#3140=EDGE_CURVE('',#2513,#2505,#585,.T.);
#3141=EDGE_CURVE('',#2514,#2503,#586,.T.);
#3142=EDGE_CURVE('',#2515,#2514,#587,.F.);
#3143=EDGE_CURVE('',#2516,#2515,#588,.T.);
#3144=EDGE_CURVE('',#2517,#2516,#589,.T.);
#3145=EDGE_CURVE('',#2518,#2517,#590,.T.);
#3146=EDGE_CURVE('',#2519,#2518,#591,.T.);
#3147=EDGE_CURVE('',#2519,#2520,#592,.T.);
#3148=EDGE_CURVE('',#2504,#2520,#593,.T.);
#3149=EDGE_CURVE('',#2501,#2521,#594,.T.);
#3150=EDGE_CURVE('',#2514,#2521,#595,.T.);
#3151=EDGE_CURVE('',#2522,#2523,#596,.T.);
#3152=EDGE_CURVE('',#2524,#2522,#597,.T.);
#3153=EDGE_CURVE('',#2513,#2524,#598,.T.);
#3154=EDGE_CURVE('',#2523,#2513,#599,.T.);
#3155=EDGE_CURVE('',#2524,#2525,#600,.T.);
#3156=EDGE_CURVE('',#2525,#2526,#601,.T.);
#3157=EDGE_CURVE('',#2526,#2527,#602,.T.);
#3158=EDGE_CURVE('',#2527,#2508,#603,.T.);
#3159=EDGE_CURVE('',#2522,#2528,#604,.T.);
#3160=EDGE_CURVE('',#2528,#2525,#605,.T.);
#3161=EDGE_CURVE('',#2529,#2502,#606,.T.);
#3162=EDGE_CURVE('',#2529,#2528,#607,.T.);
#3163=EDGE_CURVE('',#2523,#2530,#608,.T.);
#3164=EDGE_CURVE('',#2531,#2530,#609,.T.);
#3165=EDGE_CURVE('',#2521,#2531,#610,.F.);
#3166=EDGE_CURVE('',#2531,#2515,#611,.T.);
#3167=EDGE_CURVE('',#2520,#2529,#612,.T.);
#3168=EDGE_CURVE('',#2532,#2533,#613,.F.);
#3169=EDGE_CURVE('',#2533,#2534,#614,.T.);
#3170=EDGE_CURVE('',#2534,#2535,#615,.F.);
#3171=EDGE_CURVE('',#2535,#2532,#616,.T.);
#3172=EDGE_CURVE('',#2536,#2533,#617,.T.);
#3173=EDGE_CURVE('',#2536,#2537,#618,.T.);
#3174=EDGE_CURVE('',#2537,#2534,#619,.T.);
#3175=EDGE_CURVE('',#2538,#2539,#620,.T.);
#3176=EDGE_CURVE('',#2538,#2536,#621,.T.);
#3177=EDGE_CURVE('',#2540,#2532,#622,.T.);
#3178=EDGE_CURVE('',#2541,#2540,#623,.T.);
#3179=EDGE_CURVE('',#2539,#2541,#624,.T.);
#3180=EDGE_CURVE('',#2542,#2543,#625,.T.);
#3181=EDGE_CURVE('',#2544,#2542,#626,.T.);
#3182=EDGE_CURVE('',#2545,#2544,#627,.T.);
#3183=EDGE_CURVE('',#2535,#2545,#628,.T.);
#3184=EDGE_CURVE('',#2537,#2543,#629,.T.);
#3185=EDGE_CURVE('',#2539,#2546,#630,.T.);
#3186=EDGE_CURVE('',#2547,#2546,#631,.T.);
#3187=EDGE_CURVE('',#2538,#2547,#632,.T.);
#3188=EDGE_CURVE('',#2541,#2548,#633,.T.);
#3189=EDGE_CURVE('',#2546,#2548,#634,.T.);
#3190=EDGE_CURVE('',#2549,#2540,#635,.T.);
#3191=EDGE_CURVE('',#2548,#2549,#636,.T.);
#3192=EDGE_CURVE('',#2479,#2516,#637,.T.);
#3193=EDGE_CURVE('',#2478,#2517,#638,.T.);
#3194=EDGE_CURVE('',#2530,#2512,#639,.T.);
#3195=EDGE_CURVE('',#2550,#2477,#223,.T.);
#3196=EDGE_CURVE('',#2550,#2518,#640,.T.);
#3197=EDGE_CURVE('',#2551,#2550,#641,.T.);
#3198=EDGE_CURVE('',#2551,#2519,#642,.T.);
#3199=EDGE_CURVE('',#2552,#2526,#643,.T.);
#3200=EDGE_CURVE('',#2552,#2551,#644,.T.);
#3201=EDGE_CURVE('',#2545,#2493,#645,.T.);
#3202=EDGE_CURVE('',#2492,#2553,#646,.T.);
#3203=EDGE_CURVE('',#2553,#2549,#368,.T.);
#3204=EDGE_CURVE('',#2484,#2544,#647,.T.);
#3205=EDGE_CURVE('',#2553,#2554,#224,.T.);
#3206=EDGE_CURVE('',#2554,#2555,#648,.T.);
#3207=EDGE_CURVE('',#2556,#2555,#369,.T.);
#3208=EDGE_CURVE('',#2556,#2548,#649,.T.);
#3209=EDGE_CURVE('',#2511,#2480,#650,.T.);
#3210=EDGE_CURVE('',#2557,#2510,#651,.T.);
#3211=EDGE_CURVE('',#2481,#2557,#225,.T.);
#3212=EDGE_CURVE('',#2475,#2552,#226,.T.);
#3213=EDGE_CURVE('',#2551,#2476,#370,.T.);
#3214=EDGE_CURVE('',#2485,#2558,#227,.T.);
#3215=EDGE_CURVE('',#2558,#2559,#652,.T.);
#3216=EDGE_CURVE('',#2559,#2486,#371,.T.);
#3217=EDGE_CURVE('',#2559,#2560,#653,.T.);
#3218=EDGE_CURVE('',#2560,#2487,#228,.T.);
#3219=EDGE_CURVE('',#2561,#2489,#229,.T.);
#3220=EDGE_CURVE('',#2562,#2561,#230,.F.);
#3221=EDGE_CURVE('',#2490,#2562,#231,.T.);
#3222=EDGE_CURVE('',#2488,#2563,#232,.T.);
#3223=EDGE_CURVE('',#2563,#2561,#654,.T.);
#3224=EDGE_CURVE('',#2555,#2562,#655,.T.);
#3225=EDGE_CURVE('',#2561,#2556,#656,.T.);
#3226=EDGE_CURVE('',#2564,#2491,#233,.T.);
#3227=EDGE_CURVE('',#2562,#2564,#657,.T.);
#3228=EDGE_CURVE('',#2563,#2565,#658,.T.);
#3229=EDGE_CURVE('',#2556,#2565,#659,.T.);
#3230=EDGE_CURVE('',#2566,#2482,#234,.T.);
#3231=EDGE_CURVE('',#2567,#2566,#235,.F.);
#3232=EDGE_CURVE('',#2483,#2567,#236,.T.);
#3233=EDGE_CURVE('',#2557,#2566,#660,.T.);
#3234=EDGE_CURVE('',#2508,#2567,#661,.T.);
#3235=EDGE_CURVE('',#2566,#2509,#662,.T.);
#3236=EDGE_CURVE('',#2568,#2474,#237,.T.);
#3237=EDGE_CURVE('',#2567,#2568,#663,.T.);
#3238=EDGE_CURVE('',#2568,#2527,#664,.T.);
#3239=EDGE_CURVE('',#2564,#2554,#665,.T.);
#3240=EDGE_CURVE('',#2558,#2542,#666,.T.);
#3241=EDGE_CURVE('',#2559,#2543,#667,.T.);
#3242=EDGE_CURVE('',#2560,#2569,#668,.T.);
#3243=EDGE_CURVE('',#2569,#2547,#669,.T.);
#3244=EDGE_CURVE('',#2565,#2569,#670,.T.);
#3245=EDGE_CURVE('',#2473,#2400,#372,.T.);
#3246=EDGE_CURVE('',#2422,#2419,#238,.T.);
#3247=EDGE_CURVE('',#2472,#2418,#239,.F.);
#3248=EDGE_CURVE('',#2570,#2570,#240,.T.);
#3249=EDGE_CURVE('',#2570,#2571,#671,.T.);
#3250=EDGE_CURVE('',#2571,#2571,#241,.T.);
#3251=EDGE_CURVE('',#2572,#2573,#672,.T.);
#3252=EDGE_CURVE('',#2572,#2574,#673,.T.);
#3253=EDGE_CURVE('',#2575,#2574,#674,.T.);
#3254=EDGE_CURVE('',#2576,#2575,#675,.T.);
#3255=EDGE_CURVE('',#2577,#2576,#676,.T.);
#3256=EDGE_CURVE('',#2577,#2578,#677,.T.);
#3257=EDGE_CURVE('',#2579,#2578,#678,.T.);
#3258=EDGE_CURVE('',#2579,#2580,#679,.T.);
#3259=EDGE_CURVE('',#2580,#2581,#680,.T.);
#3260=EDGE_CURVE('',#2582,#2581,#681,.T.);
#3261=EDGE_CURVE('',#2583,#2582,#682,.T.);
#3262=EDGE_CURVE('',#2583,#2584,#683,.T.);
#3263=EDGE_CURVE('',#2584,#2573,#684,.T.);
#3264=EDGE_CURVE('',#2585,#2585,#242,.T.);
#3265=EDGE_CURVE('',#2586,#2586,#243,.T.);
#3266=EDGE_CURVE('',#2571,#2587,#685,.T.);
#3267=EDGE_CURVE('',#2587,#2587,#244,.T.);
#3268=EDGE_CURVE('',#2585,#2588,#686,.T.);
#3269=EDGE_CURVE('',#2588,#2589,#245,.T.);
#3270=EDGE_CURVE('',#2589,#2588,#246,.T.);
#3271=EDGE_CURVE('',#2589,#2590,#687,.T.);
#3272=EDGE_CURVE('',#2590,#2590,#247,.T.);
#3273=EDGE_CURVE('',#2586,#2591,#688,.T.);
#3274=EDGE_CURVE('',#2591,#2591,#248,.T.);
#3275=EDGE_CURVE('',#2591,#2592,#689,.T.);
#3276=EDGE_CURVE('',#2592,#2592,#249,.T.);
#3277=EDGE_CURVE('',#2593,#2594,#2237,.T.);
#3278=EDGE_CURVE('',#2593,#2595,#2238,.T.);
#3279=EDGE_CURVE('',#2596,#2595,#2239,.T.);
#3280=EDGE_CURVE('',#2597,#2596,#2240,.T.);
#3281=EDGE_CURVE('',#2597,#2594,#2241,.T.);
#3282=EDGE_CURVE('',#2598,#2599,#2242,.T.);
#3283=EDGE_CURVE('',#2598,#2600,#2243,.T.);
#3284=EDGE_CURVE('',#2600,#2601,#2244,.T.);
#3285=EDGE_CURVE('',#2602,#2601,#2245,.T.);
#3286=EDGE_CURVE('',#2602,#2599,#2246,.T.);
#3287=EDGE_CURVE('',#2603,#2602,#2247,.T.);
#3288=EDGE_CURVE('',#2601,#2604,#2248,.T.);
#3289=EDGE_CURVE('',#2603,#2604,#2249,.T.);
#3290=EDGE_CURVE('',#2605,#2606,#2250,.T.);
#3291=EDGE_CURVE('',#2606,#2607,#2251,.T.);
#3292=EDGE_CURVE('',#2607,#2608,#2252,.T.);
#3293=EDGE_CURVE('',#2608,#2605,#2253,.T.);
#3294=EDGE_CURVE('',#2609,#2610,#2254,.T.);
#3295=EDGE_CURVE('',#2609,#2607,#2255,.T.);
#3296=EDGE_CURVE('',#2606,#2611,#2256,.T.);
#3297=EDGE_CURVE('',#2611,#2610,#2257,.T.);
#3298=EDGE_CURVE('',#2612,#2613,#2258,.T.);
#3299=EDGE_CURVE('',#2613,#2605,#2259,.T.);
#3300=EDGE_CURVE('',#2608,#2597,#2260,.T.);
#3301=EDGE_CURVE('',#2596,#2612,#2261,.T.);
#3302=EDGE_CURVE('',#2614,#2615,#2262,.T.);
#3303=EDGE_CURVE('',#2614,#2616,#2263,.T.);
#3304=EDGE_CURVE('',#2616,#2617,#2264,.T.);
#3305=EDGE_CURVE('',#2617,#2618,#2265,.T.);
#3306=EDGE_CURVE('',#2618,#2619,#2266,.T.);
#3307=EDGE_CURVE('',#2619,#2615,#2267,.T.);
#3308=EDGE_CURVE('',#2620,#2621,#2268,.T.);
#3309=EDGE_CURVE('',#2621,#2618,#2269,.T.);
#3310=EDGE_CURVE('',#2617,#2603,#2270,.T.);
#3311=EDGE_CURVE('',#2604,#2620,#2271,.T.);
#3312=EDGE_CURVE('',#2600,#2622,#250,.T.);
#3313=EDGE_CURVE('',#2623,#2622,#690,.T.);
#3314=EDGE_CURVE('',#2620,#2623,#251,.T.);
#3315=EDGE_CURVE('',#2593,#2624,#252,.T.);
#3316=EDGE_CURVE('',#2625,#2624,#691,.T.);
#3317=EDGE_CURVE('',#2612,#2625,#253,.T.);
#3318=EDGE_CURVE('',#2626,#2611,#254,.T.);
#3319=EDGE_CURVE('',#2627,#2626,#14,.T.);
#3320=EDGE_CURVE('',#2628,#2627,#692,.T.);
#3321=EDGE_CURVE('',#2628,#2629,#2272,.T.);
#3322=EDGE_CURVE('',#2629,#2630,#2273,.T.);
#3323=EDGE_CURVE('',#2631,#2630,#15,.F.);
#3324=EDGE_CURVE('',#2631,#2610,#255,.T.);
#3325=EDGE_CURVE('',#2598,#2632,#256,.T.);
#3326=EDGE_CURVE('',#2633,#2632,#16,.F.);
#3327=EDGE_CURVE('',#2634,#2633,#693,.T.);
#3328=EDGE_CURVE('',#2622,#2634,#17,.T.);
#3329=EDGE_CURVE('',#2635,#2613,#257,.T.);
#3330=EDGE_CURVE('',#2626,#2635,#694,.T.);
#3331=EDGE_CURVE('',#2636,#2636,#258,.T.);
#3332=EDGE_CURVE('',#2636,#2616,#695,.T.);
#3333=EDGE_CURVE('',#2594,#2614,#2274,.T.);
#3334=EDGE_CURVE('',#2599,#2609,#2275,.T.);
#3335=EDGE_CURVE('',#2637,#2623,#18,.T.);
#3336=EDGE_CURVE('',#2638,#2637,#696,.T.);
#3337=EDGE_CURVE('',#2638,#2621,#259,.T.);
#3338=EDGE_CURVE('',#2639,#2625,#19,.F.);
#3339=EDGE_CURVE('',#2640,#2639,#697,.T.);
#3340=EDGE_CURVE('',#2635,#2640,#20,.T.);
#3341=EDGE_CURVE('',#2641,#2641,#260,.T.);
#3342=EDGE_CURVE('',#2642,#2642,#261,.T.);
#3343=EDGE_CURVE('',#2643,#2644,#2276,.T.);
#3344=EDGE_CURVE('',#2644,#2645,#2277,.T.);
#3345=EDGE_CURVE('',#2645,#2646,#2278,.T.);
#3346=EDGE_CURVE('',#2646,#2647,#2279,.T.);
#3347=EDGE_CURVE('',#2647,#2643,#2280,.T.);
#3348=EDGE_CURVE('',#2645,#2648,#698,.T.);
#3349=EDGE_CURVE('',#2648,#2649,#699,.T.);
#3350=EDGE_CURVE('',#2649,#2646,#700,.T.);
#3351=EDGE_CURVE('',#2647,#2650,#701,.T.);
#3352=EDGE_CURVE('',#2650,#2651,#21,.T.);
#3353=EDGE_CURVE('',#2651,#2652,#702,.T.);
#3354=EDGE_CURVE('',#2652,#2643,#22,.T.);
#3355=EDGE_CURVE('',#2653,#2649,#703,.T.);
#3356=EDGE_CURVE('',#2654,#2653,#704,.T.);
#3357=EDGE_CURVE('',#2655,#2654,#705,.T.);
#3358=EDGE_CURVE('',#2656,#2655,#706,.T.);
#3359=EDGE_CURVE('',#2657,#2656,#707,.T.);
#3360=EDGE_CURVE('',#2657,#2658,#708,.T.);
#3361=EDGE_CURVE('',#2659,#2658,#2281,.T.);
#3362=EDGE_CURVE('',#2660,#2659,#709,.T.);
#3363=EDGE_CURVE('',#2660,#2661,#710,.T.);
#3364=EDGE_CURVE('',#2661,#2662,#262,.T.);
#3365=EDGE_CURVE('',#2662,#2638,#711,.T.);
#3366=EDGE_CURVE('',#2634,#2637,#712,.T.);
#3367=EDGE_CURVE('',#2663,#2633,#713,.T.);
#3368=EDGE_CURVE('',#2663,#2664,#714,.T.);
#3369=EDGE_CURVE('',#2665,#2664,#715,.T.);
#3370=EDGE_CURVE('',#2665,#2650,#716,.T.);
#3371=EDGE_CURVE('',#2666,#2648,#373,.T.);
#3372=EDGE_CURVE('',#2666,#2667,#717,.T.);
#3373=EDGE_CURVE('',#2653,#2667,#718,.F.);
#3374=EDGE_CURVE('',#2668,#2644,#263,.T.);
#3375=EDGE_CURVE('',#2669,#2668,#2282,.T.);
#3376=EDGE_CURVE('',#2670,#2669,#374,.T.);
#3377=EDGE_CURVE('',#2670,#2666,#375,.T.);
#3378=EDGE_CURVE('',#2667,#2671,#719,.T.);
#3379=EDGE_CURVE('',#2671,#2654,#720,.T.);
#3380=EDGE_CURVE('',#2671,#2672,#721,.T.);
#3381=EDGE_CURVE('',#2672,#2655,#722,.T.);
#3382=EDGE_CURVE('',#2580,#2671,#723,.T.);
#3383=EDGE_CURVE('',#2672,#2579,#724,.T.);
#3384=EDGE_CURVE('',#2581,#2670,#725,.T.);
#3385=EDGE_CURVE('',#2673,#2665,#23,.T.);
#3386=EDGE_CURVE('',#2664,#2674,#24,.T.);
#3387=EDGE_CURVE('',#2674,#2673,#726,.T.);
#3388=EDGE_CURVE('',#2675,#2663,#25,.F.);
#3389=EDGE_CURVE('',#2676,#2675,#264,.T.);
#3390=EDGE_CURVE('',#2677,#2676,#26,.F.);
#3391=EDGE_CURVE('',#2678,#2677,#727,.T.);
#3392=EDGE_CURVE('',#2679,#2678,#27,.T.);
#3393=EDGE_CURVE('',#2679,#2674,#265,.T.);
#3394=EDGE_CURVE('',#2632,#2675,#728,.T.);
#3395=EDGE_CURVE('',#2676,#2631,#729,.T.);
#3396=EDGE_CURVE('',#2659,#2680,#2283,.T.);
#3397=EDGE_CURVE('',#2680,#2681,#730,.T.);
#3398=EDGE_CURVE('',#2681,#2660,#28,.T.);
#3399=EDGE_CURVE('',#2658,#2682,#2284,.T.);
#3400=EDGE_CURVE('',#2682,#2683,#2285,.T.);
#3401=EDGE_CURVE('',#2683,#2680,#2286,.T.);
#3402=EDGE_CURVE('',#2640,#2627,#731,.T.);
#3403=EDGE_CURVE('',#2684,#2639,#732,.T.);
#3404=EDGE_CURVE('',#2684,#2685,#733,.T.);
#3405=EDGE_CURVE('',#2685,#2683,#734,.T.);
#3406=EDGE_CURVE('',#2682,#2686,#735,.T.);
#3407=EDGE_CURVE('',#2687,#2686,#736,.T.);
#3408=EDGE_CURVE('',#2688,#2687,#737,.T.);
#3409=EDGE_CURVE('',#2689,#2688,#738,.T.);
#3410=EDGE_CURVE('',#2690,#2689,#739,.T.);
#3411=EDGE_CURVE('',#2691,#2690,#740,.T.);
#3412=EDGE_CURVE('',#2692,#2691,#741,.T.);
#3413=EDGE_CURVE('',#2692,#2693,#742,.T.);
#3414=EDGE_CURVE('',#2678,#2693,#743,.T.);
#3415=EDGE_CURVE('',#2694,#2677,#744,.T.);
#3416=EDGE_CURVE('',#2694,#2695,#266,.T.);
#3417=EDGE_CURVE('',#2695,#2628,#267,.T.);
#3418=EDGE_CURVE('',#2693,#2696,#29,.T.);
#3419=EDGE_CURVE('',#2696,#2679,#745,.T.);
#3420=EDGE_CURVE('',#2696,#2673,#268,.T.);
#3421=EDGE_CURVE('',#2697,#2692,#30,.T.);
#3422=EDGE_CURVE('',#2651,#2697,#269,.T.);
#3423=EDGE_CURVE('',#2630,#2694,#31,.T.);
#3424=EDGE_CURVE('',#2695,#2698,#746,.T.);
#3425=EDGE_CURVE('',#2698,#2698,#270,.T.);
#3426=EDGE_CURVE('',#2624,#2684,#32,.F.);
#3427=EDGE_CURVE('',#2699,#2662,#747,.T.);
#3428=EDGE_CURVE('',#2699,#2615,#271,.T.);
#3429=EDGE_CURVE('',#2700,#2697,#748,.T.);
#3430=EDGE_CURVE('',#2691,#2700,#749,.T.);
#3431=EDGE_CURVE('',#2690,#2701,#750,.T.);
#3432=EDGE_CURVE('',#2701,#2700,#751,.T.);
#3433=EDGE_CURVE('',#2689,#2702,#752,.T.);
#3434=EDGE_CURVE('',#2702,#2701,#753,.T.);
#3435=EDGE_CURVE('',#2688,#2703,#754,.T.);
#3436=EDGE_CURVE('',#2703,#2702,#755,.T.);
#3437=EDGE_CURVE('',#2686,#2704,#756,.T.);
#3438=EDGE_CURVE('',#2704,#2705,#757,.T.);
#3439=EDGE_CURVE('',#2705,#2687,#758,.T.);
#3440=EDGE_CURVE('',#2705,#2703,#759,.T.);
#3441=EDGE_CURVE('',#2584,#2701,#760,.T.);
#3442=EDGE_CURVE('',#2706,#2583,#761,.T.);
#3443=EDGE_CURVE('',#2706,#2707,#33,.F.);
#3444=EDGE_CURVE('',#2708,#2707,#34,.T.);
#3445=EDGE_CURVE('',#2700,#2708,#762,.T.);
#3446=EDGE_CURVE('',#2573,#2702,#763,.T.);
#3447=EDGE_CURVE('',#2703,#2572,#764,.T.);
#3448=EDGE_CURVE('',#2574,#2705,#765,.T.);
#3449=EDGE_CURVE('',#2704,#2575,#766,.T.);
#3450=EDGE_CURVE('',#2709,#2657,#767,.T.);
#3451=EDGE_CURVE('',#2576,#2709,#768,.T.);
#3452=EDGE_CURVE('',#2655,#2710,#769,.T.);
#3453=EDGE_CURVE('',#2710,#2711,#770,.T.);
#3454=EDGE_CURVE('',#2711,#2656,#771,.T.);
#3455=EDGE_CURVE('',#2711,#2709,#772,.T.);
#3456=EDGE_CURVE('',#2578,#2710,#773,.T.);
#3457=EDGE_CURVE('',#2711,#2577,#774,.T.);
#3458=EDGE_CURVE('',#2662,#2712,#35,.T.);
#3459=EDGE_CURVE('',#2713,#2661,#36,.T.);
#3460=EDGE_CURVE('',#2712,#2713,#37,.T.);
#3461=EDGE_CURVE('',#2712,#2714,#775,.T.);
#3462=EDGE_CURVE('',#2714,#2714,#272,.T.);
#3463=EDGE_CURVE('',#2661,#2699,#776,.T.);
#3464=EDGE_CURVE('',#2699,#2713,#777,.T.);
#3465=EDGE_CURVE('',#2715,#2715,#273,.F.);
#3466=EDGE_CURVE('',#2716,#2716,#274,.F.);
#3467=EDGE_CURVE('',#2668,#2717,#2287,.T.);
#3468=EDGE_CURVE('',#2717,#2718,#2288,.T.);
#3469=EDGE_CURVE('',#2718,#2669,#2289,.T.);
#3470=EDGE_CURVE('',#2642,#2716,#778,.T.);
#3471=EDGE_CURVE('',#2641,#2715,#779,.T.);
#3472=EDGE_CURVE('',#2718,#2582,#780,.T.);
#3473=EDGE_CURVE('',#2652,#2708,#275,.T.);
#3474=EDGE_CURVE('',#2717,#2706,#376,.T.);
#3475=EDGE_CURVE('',#2685,#2681,#276,.T.);
#3476=EDGE_CURVE('',#2719,#2720,#38,.F.);
#3477=EDGE_CURVE('',#2720,#2721,#781,.T.);
#3478=EDGE_CURVE('',#2721,#2722,#39,.F.);
#3479=EDGE_CURVE('',#2722,#2719,#782,.T.);
#3480=EDGE_CURVE('',#2721,#2723,#783,.T.);
#3481=EDGE_CURVE('',#2724,#2720,#784,.T.);
#3482=EDGE_CURVE('',#2725,#2724,#785,.T.);
#3483=EDGE_CURVE('',#2726,#2725,#786,.T.);
#3484=EDGE_CURVE('',#2727,#2726,#787,.T.);
#3485=EDGE_CURVE('',#2727,#2728,#277,.T.);
#3486=EDGE_CURVE('',#2729,#2728,#788,.T.);
#3487=EDGE_CURVE('',#2730,#2729,#789,.T.);
#3488=EDGE_CURVE('',#2731,#2730,#2290,.T.);
#3489=EDGE_CURVE('',#2732,#2731,#790,.T.);
#3490=EDGE_CURVE('',#2733,#2732,#791,.T.);
#3491=EDGE_CURVE('',#2734,#2733,#792,.T.);
#3492=EDGE_CURVE('',#2735,#2734,#793,.T.);
#3493=EDGE_CURVE('',#2736,#2735,#794,.T.);
#3494=EDGE_CURVE('',#2737,#2736,#795,.T.);
#3495=EDGE_CURVE('',#2738,#2737,#2291,.T.);
#3496=EDGE_CURVE('',#2739,#2738,#796,.T.);
#3497=EDGE_CURVE('',#2740,#2739,#2292,.T.);
#3498=EDGE_CURVE('',#2723,#2740,#797,.T.);
#3499=EDGE_CURVE('',#2741,#2742,#40,.T.);
#3500=EDGE_CURVE('',#2742,#2743,#798,.T.);
#3501=EDGE_CURVE('',#2743,#2744,#41,.T.);
#3502=EDGE_CURVE('',#2744,#2741,#799,.T.);
#3503=EDGE_CURVE('',#2741,#2745,#800,.T.);
#3504=EDGE_CURVE('',#2746,#2745,#42,.F.);
#3505=EDGE_CURVE('',#2746,#2726,#278,.T.);
#3506=EDGE_CURVE('',#2747,#2725,#43,.T.);
#3507=EDGE_CURVE('',#2747,#2742,#279,.T.);
#3508=EDGE_CURVE('',#2748,#2744,#801,.T.);
#3509=EDGE_CURVE('',#2748,#2749,#280,.T.);
#3510=EDGE_CURVE('',#2749,#2748,#281,.T.);
#3511=EDGE_CURVE('',#2750,#2748,#802,.T.);
#3512=EDGE_CURVE('',#2751,#2750,#803,.T.);
#3513=EDGE_CURVE('',#2752,#2751,#804,.T.);
#3514=EDGE_CURVE('',#2753,#2752,#2293,.T.);
#3515=EDGE_CURVE('',#2754,#2753,#805,.T.);
#3516=EDGE_CURVE('',#2755,#2754,#806,.T.);
#3517=EDGE_CURVE('',#2756,#2755,#807,.T.);
#3518=EDGE_CURVE('',#2757,#2756,#808,.T.);
#3519=EDGE_CURVE('',#2758,#2757,#809,.T.);
#3520=EDGE_CURVE('',#2759,#2758,#810,.T.);
#3521=EDGE_CURVE('',#2760,#2759,#811,.T.);
#3522=EDGE_CURVE('',#2761,#2760,#812,.T.);
#3523=EDGE_CURVE('',#2762,#2761,#813,.T.);
#3524=EDGE_CURVE('',#2745,#2762,#814,.T.);
#3525=EDGE_CURVE('',#2763,#2764,#2294,.T.);
#3526=EDGE_CURVE('',#2764,#2765,#815,.T.);
#3527=EDGE_CURVE('',#2765,#2761,#44,.T.);
#3528=EDGE_CURVE('',#2760,#2763,#816,.T.);
#3529=EDGE_CURVE('',#2766,#2763,#2295,.T.);
#3530=EDGE_CURVE('',#2766,#2767,#2296,.T.);
#3531=EDGE_CURVE('',#2768,#2767,#2297,.T.);
#3532=EDGE_CURVE('',#2768,#2764,#2298,.T.);
#3533=EDGE_CURVE('',#2759,#2769,#817,.T.);
#3534=EDGE_CURVE('',#2769,#2766,#818,.T.);
#3535=EDGE_CURVE('',#2762,#2770,#45,.F.);
#3536=EDGE_CURVE('',#2770,#2746,#819,.T.);
#3537=EDGE_CURVE('',#2758,#2771,#820,.T.);
#3538=EDGE_CURVE('',#2771,#2769,#821,.T.);
#3539=EDGE_CURVE('',#2757,#2772,#822,.T.);
#3540=EDGE_CURVE('',#2772,#2771,#823,.T.);
#3541=EDGE_CURVE('',#2773,#2774,#2299,.T.);
#3542=EDGE_CURVE('',#2775,#2773,#2300,.T.);
#3543=EDGE_CURVE('',#2776,#2775,#824,.T.);
#3544=EDGE_CURVE('',#2777,#2776,#377,.T.);
#3545=EDGE_CURVE('',#2778,#2777,#825,.T.);
#3546=EDGE_CURVE('',#2767,#2778,#826,.T.);
#3547=EDGE_CURVE('',#2779,#2769,#827,.T.);
#3548=EDGE_CURVE('',#2780,#2779,#378,.T.);
#3549=EDGE_CURVE('',#2781,#2780,#828,.T.);
#3550=EDGE_CURVE('',#2774,#2781,#2301,.T.);
#3551=EDGE_CURVE('',#2771,#2782,#829,.T.);
#3552=EDGE_CURVE('',#2779,#2782,#830,.T.);
#3553=EDGE_CURVE('',#2783,#2772,#831,.T.);
#3554=EDGE_CURVE('',#2782,#2783,#832,.T.);
#3555=EDGE_CURVE('',#2784,#2757,#833,.T.);
#3556=EDGE_CURVE('',#2784,#2785,#834,.T.);
#3557=EDGE_CURVE('',#2785,#2783,#379,.T.);
#3558=EDGE_CURVE('',#2751,#2786,#46,.T.);
#3559=EDGE_CURVE('',#2786,#2787,#835,.T.);
#3560=EDGE_CURVE('',#2787,#2752,#2302,.T.);
#3561=EDGE_CURVE('',#2788,#2784,#836,.T.);
#3562=EDGE_CURVE('',#2756,#2789,#837,.T.);
#3563=EDGE_CURVE('',#2789,#2788,#380,.T.);
#3564=EDGE_CURVE('',#2755,#2790,#838,.T.);
#3565=EDGE_CURVE('',#2790,#2789,#839,.T.);
#3566=EDGE_CURVE('',#2791,#2792,#840,.T.);
#3567=EDGE_CURVE('',#2792,#2754,#841,.T.);
#3568=EDGE_CURVE('',#2753,#2793,#2303,.T.);
#3569=EDGE_CURVE('',#2793,#2791,#47,.T.);
#3570=EDGE_CURVE('',#2792,#2794,#842,.T.);
#3571=EDGE_CURVE('',#2794,#2790,#381,.T.);
#3572=EDGE_CURVE('',#2795,#2793,#2304,.T.);
#3573=EDGE_CURVE('',#2787,#2795,#2305,.T.);
#3574=EDGE_CURVE('',#2796,#2788,#382,.T.);
#3575=EDGE_CURVE('',#2785,#2796,#843,.T.);
#3576=EDGE_CURVE('',#2794,#2797,#383,.T.);
#3577=EDGE_CURVE('',#2798,#2797,#282,.T.);
#3578=EDGE_CURVE('',#2799,#2798,#2306,.T.);
#3579=EDGE_CURVE('',#2800,#2799,#844,.T.);
#3580=EDGE_CURVE('',#2801,#2800,#384,.T.);
#3581=EDGE_CURVE('',#2801,#2802,#385,.T.);
#3582=EDGE_CURVE('',#2803,#2802,#283,.T.);
#3583=EDGE_CURVE('',#2804,#2803,#284,.T.);
#3584=EDGE_CURVE('',#2804,#2805,#2307,.T.);
#3585=EDGE_CURVE('',#2805,#2796,#845,.T.);
#3586=EDGE_CURVE('',#2806,#2792,#846,.T.);
#3587=EDGE_CURVE('',#2797,#2806,#48,.T.);
#3588=EDGE_CURVE('',#2791,#2807,#285,.T.);
#3589=EDGE_CURVE('',#2808,#2807,#847,.T.);
#3590=EDGE_CURVE('',#2806,#2808,#286,.T.);
#3591=EDGE_CURVE('',#2809,#2801,#848,.T.);
#3592=EDGE_CURVE('',#2800,#2736,#849,.T.);
#3593=EDGE_CURVE('',#2735,#2809,#850,.T.);
#3594=EDGE_CURVE('',#2798,#2810,#2308,.T.);
#3595=EDGE_CURVE('',#2810,#2738,#2309,.T.);
#3596=EDGE_CURVE('',#2737,#2799,#2310,.T.);
#3597=EDGE_CURVE('',#2807,#2811,#49,.T.);
#3598=EDGE_CURVE('',#2811,#2739,#2311,.T.);
#3599=EDGE_CURVE('',#2810,#2808,#50,.T.);
#3600=EDGE_CURVE('',#2812,#2813,#851,.T.);
#3601=EDGE_CURVE('',#2813,#2723,#51,.T.);
#3602=EDGE_CURVE('',#2740,#2812,#2312,.T.);
#3603=EDGE_CURVE('',#2811,#2814,#2313,.T.);
#3604=EDGE_CURVE('',#2814,#2812,#2314,.T.);
#3605=EDGE_CURVE('',#2734,#2815,#852,.T.);
#3606=EDGE_CURVE('',#2815,#2809,#853,.T.);
#3607=EDGE_CURVE('',#2809,#2816,#854,.T.);
#3608=EDGE_CURVE('',#2802,#2816,#386,.T.);
#3609=EDGE_CURVE('',#2817,#2815,#855,.T.);
#3610=EDGE_CURVE('',#2818,#2817,#856,.T.);
#3611=EDGE_CURVE('',#2816,#2818,#387,.T.);
#3612=EDGE_CURVE('',#2819,#2734,#857,.T.);
#3613=EDGE_CURVE('',#2819,#2820,#858,.T.);
#3614=EDGE_CURVE('',#2820,#2817,#388,.T.);
#3615=EDGE_CURVE('',#2724,#2821,#52,.T.);
#3616=EDGE_CURVE('',#2821,#2747,#859,.T.);
#3617=EDGE_CURVE('',#2821,#2743,#287,.T.);
#3618=EDGE_CURVE('',#2729,#2822,#53,.T.);
#3619=EDGE_CURVE('',#2822,#2823,#860,.T.);
#3620=EDGE_CURVE('',#2823,#2730,#2315,.T.);
#3621=EDGE_CURVE('',#2767,#2731,#2316,.T.);
#3622=EDGE_CURVE('',#2823,#2768,#2317,.T.);
#3623=EDGE_CURVE('',#2824,#2819,#861,.T.);
#3624=EDGE_CURVE('',#2733,#2824,#862,.T.);
#3625=EDGE_CURVE('',#2778,#2824,#863,.T.);
#3626=EDGE_CURVE('',#2732,#2778,#864,.T.);
#3627=EDGE_CURVE('',#2822,#2765,#288,.T.);
#3628=EDGE_CURVE('',#2728,#2825,#865,.T.);
#3629=EDGE_CURVE('',#2770,#2825,#289,.T.);
#3630=EDGE_CURVE('',#2826,#2826,#290,.T.);
#3631=EDGE_CURVE('',#2826,#2827,#866,.T.);
#3632=EDGE_CURVE('',#2827,#2828,#54,.T.);
#3633=EDGE_CURVE('',#2828,#2728,#55,.T.);
#3634=EDGE_CURVE('',#2727,#2827,#56,.T.);
#3635=EDGE_CURVE('',#2825,#2828,#867,.T.);
#3636=EDGE_CURVE('',#2825,#2727,#868,.T.);
#3637=EDGE_CURVE('',#2829,#2829,#291,.T.);
#3638=EDGE_CURVE('',#2830,#2830,#292,.T.);
#3639=EDGE_CURVE('',#2830,#2749,#869,.T.);
#3640=EDGE_CURVE('',#2831,#2831,#293,.T.);
#3641=EDGE_CURVE('',#2820,#2832,#870,.T.);
#3642=EDGE_CURVE('',#2833,#2832,#389,.T.);
#3643=EDGE_CURVE('',#2833,#2834,#871,.T.);
#3644=EDGE_CURVE('',#2834,#2835,#2318,.T.);
#3645=EDGE_CURVE('',#2835,#2836,#2319,.T.);
#3646=EDGE_CURVE('',#2836,#2817,#872,.T.);
#3647=EDGE_CURVE('',#2832,#2824,#873,.T.);
#3648=EDGE_CURVE('',#2785,#2837,#874,.T.);
#3649=EDGE_CURVE('',#2837,#2838,#2320,.T.);
#3650=EDGE_CURVE('',#2838,#2839,#875,.T.);
#3651=EDGE_CURVE('',#2839,#2782,#390,.T.);
#3652=EDGE_CURVE('',#2840,#2775,#2321,.F.);
#3653=EDGE_CURVE('',#2773,#2841,#876,.T.);
#3654=EDGE_CURVE('',#2841,#2840,#2322,.T.);
#3655=EDGE_CURVE('',#2842,#2774,#877,.T.);
#3656=EDGE_CURVE('',#2842,#2841,#2323,.T.);
#3657=EDGE_CURVE('',#2781,#2843,#2324,.F.);
#3658=EDGE_CURVE('',#2843,#2842,#2325,.T.);
#3659=EDGE_CURVE('',#2842,#2803,#878,.T.);
#3660=EDGE_CURVE('',#2818,#2844,#879,.T.);
#3661=EDGE_CURVE('',#2844,#2845,#2326,.T.);
#3662=EDGE_CURVE('',#2845,#2840,#880,.T.);
#3663=EDGE_CURVE('',#2843,#2846,#881,.T.);
#3664=EDGE_CURVE('',#2846,#2847,#2327,.T.);
#3665=EDGE_CURVE('',#2847,#2804,#2328,.T.);
#3666=EDGE_CURVE('',#2848,#2848,#294,.T.);
#3667=EDGE_CURVE('',#2849,#2849,#295,.T.);
#3668=EDGE_CURVE('',#2848,#2835,#882,.T.);
#3669=EDGE_CURVE('',#2845,#2834,#296,.T.);
#3670=EDGE_CURVE('',#2836,#2844,#297,.T.);
#3671=EDGE_CURVE('',#2850,#2850,#298,.T.);
#3672=EDGE_CURVE('',#2851,#2851,#299,.T.);
#3673=EDGE_CURVE('',#2850,#2847,#883,.T.);
#3674=EDGE_CURVE('',#2838,#2846,#300,.T.);
#3675=EDGE_CURVE('',#2805,#2837,#301,.T.);
#3676=EDGE_CURVE('',#2839,#2780,#884,.T.);
#3677=EDGE_CURVE('',#2832,#2777,#885,.T.);
#3678=EDGE_CURVE('',#2776,#2833,#886,.T.);
#3679=EDGE_CURVE('',#2831,#2851,#887,.T.);
#3680=EDGE_CURVE('',#2829,#2849,#888,.T.);
#3681=EDGE_CURVE('',#2722,#2750,#302,.T.);
#3682=EDGE_CURVE('',#2813,#2786,#303,.T.);
#3683=EDGE_CURVE('',#2719,#2748,#304,.T.);
#3684=EDGE_CURVE('',#2814,#2795,#305,.T.);
#3685=ORIENTED_EDGE('',*,*,#2852,.T.);
#3686=ORIENTED_EDGE('',*,*,#2853,.T.);
#3687=ORIENTED_EDGE('',*,*,#2854,.T.);
#3688=ORIENTED_EDGE('',*,*,#2855,.T.);
#3689=ORIENTED_EDGE('',*,*,#2856,.T.);
#3690=ORIENTED_EDGE('',*,*,#2857,.T.);
#3691=ORIENTED_EDGE('',*,*,#2858,.T.);
#3692=ORIENTED_EDGE('',*,*,#2859,.T.);
#3693=ORIENTED_EDGE('',*,*,#2860,.T.);
#3694=ORIENTED_EDGE('',*,*,#2857,.F.);
#3695=ORIENTED_EDGE('',*,*,#2861,.T.);
#3696=ORIENTED_EDGE('',*,*,#2859,.F.);
#3697=ORIENTED_EDGE('',*,*,#2862,.T.);
#3698=ORIENTED_EDGE('',*,*,#2863,.T.);
#3699=ORIENTED_EDGE('',*,*,#2864,.T.);
#3700=ORIENTED_EDGE('',*,*,#2865,.T.);
#3701=ORIENTED_EDGE('',*,*,#2866,.T.);
#3702=ORIENTED_EDGE('',*,*,#2863,.F.);
#3703=ORIENTED_EDGE('',*,*,#2867,.T.);
#3704=ORIENTED_EDGE('',*,*,#2868,.T.);
#3705=ORIENTED_EDGE('',*,*,#2869,.T.);
#3706=ORIENTED_EDGE('',*,*,#2865,.F.);
#3707=ORIENTED_EDGE('',*,*,#2870,.T.);
#3708=ORIENTED_EDGE('',*,*,#2871,.T.);
#3709=ORIENTED_EDGE('',*,*,#2872,.T.);
#3710=ORIENTED_EDGE('',*,*,#2868,.F.);
#3711=ORIENTED_EDGE('',*,*,#2873,.T.);
#3712=ORIENTED_EDGE('',*,*,#2874,.T.);
#3713=ORIENTED_EDGE('',*,*,#2875,.T.);
#3714=ORIENTED_EDGE('',*,*,#2871,.F.);
#3715=ORIENTED_EDGE('',*,*,#2876,.T.);
#3716=ORIENTED_EDGE('',*,*,#2874,.F.);
#3717=ORIENTED_EDGE('',*,*,#2877,.T.);
#3718=ORIENTED_EDGE('',*,*,#2878,.T.);
#3719=ORIENTED_EDGE('',*,*,#2879,.T.);
#3720=ORIENTED_EDGE('',*,*,#2878,.F.);
#3721=ORIENTED_EDGE('',*,*,#2880,.T.);
#3722=ORIENTED_EDGE('',*,*,#2881,.T.);
#3723=ORIENTED_EDGE('',*,*,#2882,.T.);
#3724=ORIENTED_EDGE('',*,*,#2881,.F.);
#3725=ORIENTED_EDGE('',*,*,#2883,.T.);
#3726=ORIENTED_EDGE('',*,*,#2884,.T.);
#3727=ORIENTED_EDGE('',*,*,#2885,.T.);
#3728=ORIENTED_EDGE('',*,*,#2884,.F.);
#3729=ORIENTED_EDGE('',*,*,#2886,.T.);
#3730=ORIENTED_EDGE('',*,*,#2887,.T.);
#3731=ORIENTED_EDGE('',*,*,#2888,.T.);
#3732=ORIENTED_EDGE('',*,*,#2889,.T.);
#3733=ORIENTED_EDGE('',*,*,#2890,.T.);
#3734=ORIENTED_EDGE('',*,*,#2887,.F.);
#3735=ORIENTED_EDGE('',*,*,#2891,.T.);
#3736=ORIENTED_EDGE('',*,*,#2892,.T.);
#3737=ORIENTED_EDGE('',*,*,#2893,.T.);
#3738=ORIENTED_EDGE('',*,*,#2889,.F.);
#3739=ORIENTED_EDGE('',*,*,#2894,.T.);
#3740=ORIENTED_EDGE('',*,*,#2895,.T.);
#3741=ORIENTED_EDGE('',*,*,#2896,.T.);
#3742=ORIENTED_EDGE('',*,*,#2892,.F.);
#3743=ORIENTED_EDGE('',*,*,#2897,.T.);
#3744=ORIENTED_EDGE('',*,*,#2898,.T.);
#3745=ORIENTED_EDGE('',*,*,#2899,.T.);
#3746=ORIENTED_EDGE('',*,*,#2895,.F.);
#3747=ORIENTED_EDGE('',*,*,#2900,.T.);
#3748=ORIENTED_EDGE('',*,*,#2901,.T.);
#3749=ORIENTED_EDGE('',*,*,#2902,.T.);
#3750=ORIENTED_EDGE('',*,*,#2898,.F.);
#3751=ORIENTED_EDGE('',*,*,#2903,.T.);
#3752=ORIENTED_EDGE('',*,*,#2901,.F.);
#3753=ORIENTED_EDGE('',*,*,#2904,.T.);
#3754=ORIENTED_EDGE('',*,*,#2905,.T.);
#3755=ORIENTED_EDGE('',*,*,#2906,.T.);
#3756=ORIENTED_EDGE('',*,*,#2905,.F.);
#3757=ORIENTED_EDGE('',*,*,#2907,.T.);
#3758=ORIENTED_EDGE('',*,*,#2908,.T.);
#3759=ORIENTED_EDGE('',*,*,#2909,.T.);
#3760=ORIENTED_EDGE('',*,*,#2908,.F.);
#3761=ORIENTED_EDGE('',*,*,#2910,.T.);
#3762=ORIENTED_EDGE('',*,*,#2911,.T.);
#3763=ORIENTED_EDGE('',*,*,#2912,.T.);
#3764=ORIENTED_EDGE('',*,*,#2911,.F.);
#3765=ORIENTED_EDGE('',*,*,#2913,.T.);
#3766=ORIENTED_EDGE('',*,*,#2914,.T.);
#3767=ORIENTED_EDGE('',*,*,#2915,.T.);
#3768=ORIENTED_EDGE('',*,*,#2916,.T.);
#3769=ORIENTED_EDGE('',*,*,#2917,.T.);
#3770=ORIENTED_EDGE('',*,*,#2914,.F.);
#3771=ORIENTED_EDGE('',*,*,#2918,.T.);
#3772=ORIENTED_EDGE('',*,*,#2919,.T.);
#3773=ORIENTED_EDGE('',*,*,#2920,.T.);
#3774=ORIENTED_EDGE('',*,*,#2916,.F.);
#3775=ORIENTED_EDGE('',*,*,#2921,.T.);
#3776=ORIENTED_EDGE('',*,*,#2922,.T.);
#3777=ORIENTED_EDGE('',*,*,#2923,.T.);
#3778=ORIENTED_EDGE('',*,*,#2919,.F.);
#3779=ORIENTED_EDGE('',*,*,#2924,.T.);
#3780=ORIENTED_EDGE('',*,*,#2925,.T.);
#3781=ORIENTED_EDGE('',*,*,#2926,.T.);
#3782=ORIENTED_EDGE('',*,*,#2922,.F.);
#3783=ORIENTED_EDGE('',*,*,#2927,.T.);
#3784=ORIENTED_EDGE('',*,*,#2925,.F.);
#3785=ORIENTED_EDGE('',*,*,#2928,.T.);
#3786=ORIENTED_EDGE('',*,*,#2929,.T.);
#3787=ORIENTED_EDGE('',*,*,#2930,.T.);
#3788=ORIENTED_EDGE('',*,*,#2931,.T.);
#3789=ORIENTED_EDGE('',*,*,#2932,.T.);
#3790=ORIENTED_EDGE('',*,*,#2929,.F.);
#3791=ORIENTED_EDGE('',*,*,#2933,.T.);
#3792=ORIENTED_EDGE('',*,*,#2931,.F.);
#3793=ORIENTED_EDGE('',*,*,#2934,.T.);
#3794=ORIENTED_EDGE('',*,*,#2935,.T.);
#3795=ORIENTED_EDGE('',*,*,#2936,.T.);
#3796=ORIENTED_EDGE('',*,*,#2937,.T.);
#3797=ORIENTED_EDGE('',*,*,#2938,.T.);
#3798=ORIENTED_EDGE('',*,*,#2935,.F.);
#3799=ORIENTED_EDGE('',*,*,#2939,.T.);
#3800=ORIENTED_EDGE('',*,*,#2937,.F.);
#3801=ORIENTED_EDGE('',*,*,#2940,.T.);
#3802=ORIENTED_EDGE('',*,*,#2941,.T.);
#3803=ORIENTED_EDGE('',*,*,#2942,.T.);
#3804=ORIENTED_EDGE('',*,*,#2943,.T.);
#3805=ORIENTED_EDGE('',*,*,#2944,.T.);
#3806=ORIENTED_EDGE('',*,*,#2941,.F.);
#3807=ORIENTED_EDGE('',*,*,#2945,.T.);
#3808=ORIENTED_EDGE('',*,*,#2943,.F.);
#3809=ORIENTED_EDGE('',*,*,#2946,.T.);
#3810=ORIENTED_EDGE('',*,*,#2947,.T.);
#3811=ORIENTED_EDGE('',*,*,#2948,.T.);
#3812=ORIENTED_EDGE('',*,*,#2949,.T.);
#3813=ORIENTED_EDGE('',*,*,#2950,.T.);
#3814=ORIENTED_EDGE('',*,*,#2947,.F.);
#3815=ORIENTED_EDGE('',*,*,#2951,.T.);
#3816=ORIENTED_EDGE('',*,*,#2949,.F.);
#3817=ORIENTED_EDGE('',*,*,#2952,.T.);
#3818=ORIENTED_EDGE('',*,*,#2953,.T.);
#3819=ORIENTED_EDGE('',*,*,#2954,.T.);
#3820=ORIENTED_EDGE('',*,*,#2955,.T.);
#3821=ORIENTED_EDGE('',*,*,#2953,.F.);
#3822=ORIENTED_EDGE('',*,*,#2956,.T.);
#3823=ORIENTED_EDGE('',*,*,#2957,.T.);
#3824=ORIENTED_EDGE('',*,*,#2853,.F.);
#3825=ORIENTED_EDGE('',*,*,#2907,.F.);
#3826=ORIENTED_EDGE('',*,*,#2958,.F.);
#3827=ORIENTED_EDGE('',*,*,#2959,.F.);
#3828=ORIENTED_EDGE('',*,*,#2960,.T.);
#3829=ORIENTED_EDGE('',*,*,#2904,.F.);
#3830=ORIENTED_EDGE('',*,*,#2961,.T.);
#3831=ORIENTED_EDGE('',*,*,#2962,.F.);
#3832=ORIENTED_EDGE('',*,*,#2958,.T.);
#3833=ORIENTED_EDGE('',*,*,#2903,.F.);
#3834=ORIENTED_EDGE('',*,*,#2963,.T.);
#3835=ORIENTED_EDGE('',*,*,#2964,.F.);
#3836=ORIENTED_EDGE('',*,*,#2961,.F.);
#3837=ORIENTED_EDGE('',*,*,#2900,.F.);
#3838=ORIENTED_EDGE('',*,*,#2965,.F.);
#3839=ORIENTED_EDGE('',*,*,#2966,.F.);
#3840=ORIENTED_EDGE('',*,*,#2963,.F.);
#3841=ORIENTED_EDGE('',*,*,#2897,.F.);
#3842=ORIENTED_EDGE('',*,*,#2967,.T.);
#3843=ORIENTED_EDGE('',*,*,#2968,.F.);
#3844=ORIENTED_EDGE('',*,*,#2965,.T.);
#3845=ORIENTED_EDGE('',*,*,#2894,.F.);
#3846=ORIENTED_EDGE('',*,*,#2969,.F.);
#3847=ORIENTED_EDGE('',*,*,#2970,.F.);
#3848=ORIENTED_EDGE('',*,*,#2967,.F.);
#3849=ORIENTED_EDGE('',*,*,#2891,.F.);
#3850=ORIENTED_EDGE('',*,*,#2971,.F.);
#3851=ORIENTED_EDGE('',*,*,#2972,.F.);
#3852=ORIENTED_EDGE('',*,*,#2969,.T.);
#3853=ORIENTED_EDGE('',*,*,#2886,.F.);
#3854=ORIENTED_EDGE('',*,*,#2973,.T.);
#3855=ORIENTED_EDGE('',*,*,#2974,.F.);
#3856=ORIENTED_EDGE('',*,*,#2971,.T.);
#3857=ORIENTED_EDGE('',*,*,#2883,.F.);
#3858=ORIENTED_EDGE('',*,*,#2975,.F.);
#3859=ORIENTED_EDGE('',*,*,#2976,.F.);
#3860=ORIENTED_EDGE('',*,*,#2973,.F.);
#3861=ORIENTED_EDGE('',*,*,#2880,.F.);
#3862=ORIENTED_EDGE('',*,*,#2977,.F.);
#3863=ORIENTED_EDGE('',*,*,#2978,.F.);
#3864=ORIENTED_EDGE('',*,*,#2975,.T.);
#3865=ORIENTED_EDGE('',*,*,#2877,.F.);
#3866=ORIENTED_EDGE('',*,*,#2979,.T.);
#3867=ORIENTED_EDGE('',*,*,#2980,.F.);
#3868=ORIENTED_EDGE('',*,*,#2977,.T.);
#3869=ORIENTED_EDGE('',*,*,#2876,.F.);
#3870=ORIENTED_EDGE('',*,*,#2981,.F.);
#3871=ORIENTED_EDGE('',*,*,#2982,.F.);
#3872=ORIENTED_EDGE('',*,*,#2979,.F.);
#3873=ORIENTED_EDGE('',*,*,#2873,.F.);
#3874=ORIENTED_EDGE('',*,*,#2983,.T.);
#3875=ORIENTED_EDGE('',*,*,#2984,.F.);
#3876=ORIENTED_EDGE('',*,*,#2981,.T.);
#3877=ORIENTED_EDGE('',*,*,#2870,.F.);
#3878=ORIENTED_EDGE('',*,*,#2985,.F.);
#3879=ORIENTED_EDGE('',*,*,#2986,.F.);
#3880=ORIENTED_EDGE('',*,*,#2983,.F.);
#3881=ORIENTED_EDGE('',*,*,#2867,.F.);
#3882=ORIENTED_EDGE('',*,*,#2987,.F.);
#3883=ORIENTED_EDGE('',*,*,#2988,.F.);
#3884=ORIENTED_EDGE('',*,*,#2985,.T.);
#3885=ORIENTED_EDGE('',*,*,#2862,.F.);
#3886=ORIENTED_EDGE('',*,*,#2989,.T.);
#3887=ORIENTED_EDGE('',*,*,#2990,.F.);
#3888=ORIENTED_EDGE('',*,*,#2987,.T.);
#3889=ORIENTED_EDGE('',*,*,#2858,.F.);
#3890=ORIENTED_EDGE('',*,*,#2991,.T.);
#3891=ORIENTED_EDGE('',*,*,#2992,.T.);
#3892=ORIENTED_EDGE('',*,*,#2993,.T.);
#3893=ORIENTED_EDGE('',*,*,#2994,.F.);
#3894=ORIENTED_EDGE('',*,*,#2989,.F.);
#3895=ORIENTED_EDGE('',*,*,#2852,.F.);
#3896=ORIENTED_EDGE('',*,*,#2860,.F.);
#3897=ORIENTED_EDGE('',*,*,#2864,.F.);
#3898=ORIENTED_EDGE('',*,*,#2866,.F.);
#3899=ORIENTED_EDGE('',*,*,#2869,.F.);
#3900=ORIENTED_EDGE('',*,*,#2872,.F.);
#3901=ORIENTED_EDGE('',*,*,#2875,.F.);
#3902=ORIENTED_EDGE('',*,*,#2879,.F.);
#3903=ORIENTED_EDGE('',*,*,#2882,.F.);
#3904=ORIENTED_EDGE('',*,*,#2885,.F.);
#3905=ORIENTED_EDGE('',*,*,#2888,.F.);
#3906=ORIENTED_EDGE('',*,*,#2890,.F.);
#3907=ORIENTED_EDGE('',*,*,#2893,.F.);
#3908=ORIENTED_EDGE('',*,*,#2896,.F.);
#3909=ORIENTED_EDGE('',*,*,#2899,.F.);
#3910=ORIENTED_EDGE('',*,*,#2902,.F.);
#3911=ORIENTED_EDGE('',*,*,#2906,.F.);
#3912=ORIENTED_EDGE('',*,*,#2909,.F.);
#3913=ORIENTED_EDGE('',*,*,#2912,.F.);
#3914=ORIENTED_EDGE('',*,*,#2915,.F.);
#3915=ORIENTED_EDGE('',*,*,#2917,.F.);
#3916=ORIENTED_EDGE('',*,*,#2920,.F.);
#3917=ORIENTED_EDGE('',*,*,#2923,.F.);
#3918=ORIENTED_EDGE('',*,*,#2926,.F.);
#3919=ORIENTED_EDGE('',*,*,#2930,.F.);
#3920=ORIENTED_EDGE('',*,*,#2932,.F.);
#3921=ORIENTED_EDGE('',*,*,#2936,.F.);
#3922=ORIENTED_EDGE('',*,*,#2938,.F.);
#3923=ORIENTED_EDGE('',*,*,#2942,.F.);
#3924=ORIENTED_EDGE('',*,*,#2944,.F.);
#3925=ORIENTED_EDGE('',*,*,#2948,.F.);
#3926=ORIENTED_EDGE('',*,*,#2950,.F.);
#3927=ORIENTED_EDGE('',*,*,#2954,.F.);
#3928=ORIENTED_EDGE('',*,*,#2955,.F.);
#3929=ORIENTED_EDGE('',*,*,#2995,.T.);
#3930=ORIENTED_EDGE('',*,*,#2996,.T.);
#3931=ORIENTED_EDGE('',*,*,#2997,.T.);
#3932=ORIENTED_EDGE('',*,*,#2998,.T.);
#3933=ORIENTED_EDGE('',*,*,#2999,.T.);
#3934=ORIENTED_EDGE('',*,*,#3000,.T.);
#3935=ORIENTED_EDGE('',*,*,#3001,.T.);
#3936=ORIENTED_EDGE('',*,*,#3002,.T.);
#3937=ORIENTED_EDGE('',*,*,#3003,.T.);
#3938=ORIENTED_EDGE('',*,*,#3002,.F.);
#3939=ORIENTED_EDGE('',*,*,#3004,.T.);
#3940=ORIENTED_EDGE('',*,*,#3005,.T.);
#3941=ORIENTED_EDGE('',*,*,#3006,.T.);
#3942=ORIENTED_EDGE('',*,*,#3007,.T.);
#3943=ORIENTED_EDGE('',*,*,#3008,.T.);
#3944=ORIENTED_EDGE('',*,*,#3005,.F.);
#3945=ORIENTED_EDGE('',*,*,#3009,.T.);
#3946=ORIENTED_EDGE('',*,*,#3007,.F.);
#3947=ORIENTED_EDGE('',*,*,#3010,.T.);
#3948=ORIENTED_EDGE('',*,*,#3011,.T.);
#3949=ORIENTED_EDGE('',*,*,#3012,.T.);
#3950=ORIENTED_EDGE('',*,*,#3013,.T.);
#3951=ORIENTED_EDGE('',*,*,#3014,.T.);
#3952=ORIENTED_EDGE('',*,*,#3011,.F.);
#3953=ORIENTED_EDGE('',*,*,#3015,.T.);
#3954=ORIENTED_EDGE('',*,*,#3013,.F.);
#3955=ORIENTED_EDGE('',*,*,#3016,.T.);
#3956=ORIENTED_EDGE('',*,*,#3017,.T.);
#3957=ORIENTED_EDGE('',*,*,#3018,.T.);
#3958=ORIENTED_EDGE('',*,*,#3019,.T.);
#3959=ORIENTED_EDGE('',*,*,#3020,.T.);
#3960=ORIENTED_EDGE('',*,*,#3017,.F.);
#3961=ORIENTED_EDGE('',*,*,#3021,.T.);
#3962=ORIENTED_EDGE('',*,*,#3019,.F.);
#3963=ORIENTED_EDGE('',*,*,#3022,.T.);
#3964=ORIENTED_EDGE('',*,*,#3023,.T.);
#3965=ORIENTED_EDGE('',*,*,#3024,.T.);
#3966=ORIENTED_EDGE('',*,*,#3023,.F.);
#3967=ORIENTED_EDGE('',*,*,#3025,.T.);
#3968=ORIENTED_EDGE('',*,*,#3026,.T.);
#3969=ORIENTED_EDGE('',*,*,#3027,.T.);
#3970=ORIENTED_EDGE('',*,*,#3028,.T.);
#3971=ORIENTED_EDGE('',*,*,#3029,.T.);
#3972=ORIENTED_EDGE('',*,*,#3026,.F.);
#3973=ORIENTED_EDGE('',*,*,#3030,.T.);
#3974=ORIENTED_EDGE('',*,*,#3028,.F.);
#3975=ORIENTED_EDGE('',*,*,#3031,.T.);
#3976=ORIENTED_EDGE('',*,*,#3032,.T.);
#3977=ORIENTED_EDGE('',*,*,#3033,.T.);
#3978=ORIENTED_EDGE('',*,*,#3034,.T.);
#3979=ORIENTED_EDGE('',*,*,#3035,.T.);
#3980=ORIENTED_EDGE('',*,*,#3032,.F.);
#3981=ORIENTED_EDGE('',*,*,#3036,.T.);
#3982=ORIENTED_EDGE('',*,*,#3037,.T.);
#3983=ORIENTED_EDGE('',*,*,#3038,.T.);
#3984=ORIENTED_EDGE('',*,*,#3034,.F.);
#3985=ORIENTED_EDGE('',*,*,#3039,.T.);
#3986=ORIENTED_EDGE('',*,*,#3037,.F.);
#3987=ORIENTED_EDGE('',*,*,#3040,.T.);
#3988=ORIENTED_EDGE('',*,*,#3041,.T.);
#3989=ORIENTED_EDGE('',*,*,#3042,.T.);
#3990=ORIENTED_EDGE('',*,*,#3043,.T.);
#3991=ORIENTED_EDGE('',*,*,#3044,.T.);
#3992=ORIENTED_EDGE('',*,*,#3041,.F.);
#3993=ORIENTED_EDGE('',*,*,#2959,.T.);
#3994=ORIENTED_EDGE('',*,*,#3043,.F.);
#3995=ORIENTED_EDGE('',*,*,#2962,.T.);
#3996=ORIENTED_EDGE('',*,*,#3045,.T.);
#3997=ORIENTED_EDGE('',*,*,#3046,.T.);
#3998=ORIENTED_EDGE('',*,*,#3045,.F.);
#3999=ORIENTED_EDGE('',*,*,#2964,.T.);
#4000=ORIENTED_EDGE('',*,*,#3047,.T.);
#4001=ORIENTED_EDGE('',*,*,#3048,.T.);
#4002=ORIENTED_EDGE('',*,*,#3049,.T.);
#4003=ORIENTED_EDGE('',*,*,#3050,.T.);
#4004=ORIENTED_EDGE('',*,*,#3047,.F.);
#4005=ORIENTED_EDGE('',*,*,#2966,.T.);
#4006=ORIENTED_EDGE('',*,*,#3049,.F.);
#4007=ORIENTED_EDGE('',*,*,#2968,.T.);
#4008=ORIENTED_EDGE('',*,*,#3051,.T.);
#4009=ORIENTED_EDGE('',*,*,#3052,.T.);
#4010=ORIENTED_EDGE('',*,*,#3053,.T.);
#4011=ORIENTED_EDGE('',*,*,#3054,.T.);
#4012=ORIENTED_EDGE('',*,*,#3051,.F.);
#4013=ORIENTED_EDGE('',*,*,#2970,.T.);
#4014=ORIENTED_EDGE('',*,*,#3053,.F.);
#4015=ORIENTED_EDGE('',*,*,#2972,.T.);
#4016=ORIENTED_EDGE('',*,*,#3055,.T.);
#4017=ORIENTED_EDGE('',*,*,#3056,.T.);
#4018=ORIENTED_EDGE('',*,*,#3055,.F.);
#4019=ORIENTED_EDGE('',*,*,#2974,.T.);
#4020=ORIENTED_EDGE('',*,*,#3057,.T.);
#4021=ORIENTED_EDGE('',*,*,#3058,.T.);
#4022=ORIENTED_EDGE('',*,*,#3059,.T.);
#4023=ORIENTED_EDGE('',*,*,#3060,.T.);
#4024=ORIENTED_EDGE('',*,*,#3057,.F.);
#4025=ORIENTED_EDGE('',*,*,#2976,.T.);
#4026=ORIENTED_EDGE('',*,*,#3059,.F.);
#4027=ORIENTED_EDGE('',*,*,#2978,.T.);
#4028=ORIENTED_EDGE('',*,*,#3061,.T.);
#4029=ORIENTED_EDGE('',*,*,#3062,.T.);
#4030=ORIENTED_EDGE('',*,*,#3063,.T.);
#4031=ORIENTED_EDGE('',*,*,#3064,.T.);
#4032=ORIENTED_EDGE('',*,*,#3061,.F.);
#4033=ORIENTED_EDGE('',*,*,#2980,.T.);
#4034=ORIENTED_EDGE('',*,*,#3065,.T.);
#4035=ORIENTED_EDGE('',*,*,#3066,.T.);
#4036=ORIENTED_EDGE('',*,*,#3063,.F.);
#4037=ORIENTED_EDGE('',*,*,#2982,.T.);
#4038=ORIENTED_EDGE('',*,*,#3065,.F.);
#4039=ORIENTED_EDGE('',*,*,#2984,.T.);
#4040=ORIENTED_EDGE('',*,*,#3067,.T.);
#4041=ORIENTED_EDGE('',*,*,#3068,.T.);
#4042=ORIENTED_EDGE('',*,*,#3069,.T.);
#4043=ORIENTED_EDGE('',*,*,#3070,.T.);
#4044=ORIENTED_EDGE('',*,*,#3067,.F.);
#4045=ORIENTED_EDGE('',*,*,#2986,.T.);
#4046=ORIENTED_EDGE('',*,*,#3069,.F.);
#4047=ORIENTED_EDGE('',*,*,#2988,.T.);
#4048=ORIENTED_EDGE('',*,*,#3071,.T.);
#4049=ORIENTED_EDGE('',*,*,#3072,.T.);
#4050=ORIENTED_EDGE('',*,*,#3071,.F.);
#4051=ORIENTED_EDGE('',*,*,#2990,.T.);
#4052=ORIENTED_EDGE('',*,*,#3073,.T.);
#4053=ORIENTED_EDGE('',*,*,#3074,.T.);
#4054=ORIENTED_EDGE('',*,*,#3075,.T.);
#4055=ORIENTED_EDGE('',*,*,#3073,.F.);
#4056=ORIENTED_EDGE('',*,*,#2994,.T.);
#4057=ORIENTED_EDGE('',*,*,#3076,.T.);
#4058=ORIENTED_EDGE('',*,*,#2998,.F.);
#4059=ORIENTED_EDGE('',*,*,#2910,.F.);
#4060=ORIENTED_EDGE('',*,*,#2960,.F.);
#4061=ORIENTED_EDGE('',*,*,#3040,.F.);
#4062=ORIENTED_EDGE('',*,*,#3077,.T.);
#4063=ORIENTED_EDGE('',*,*,#2913,.F.);
#4064=ORIENTED_EDGE('',*,*,#3077,.F.);
#4065=ORIENTED_EDGE('',*,*,#3039,.F.);
#4066=ORIENTED_EDGE('',*,*,#3078,.T.);
#4067=ORIENTED_EDGE('',*,*,#2918,.F.);
#4068=ORIENTED_EDGE('',*,*,#3078,.F.);
#4069=ORIENTED_EDGE('',*,*,#3036,.F.);
#4070=ORIENTED_EDGE('',*,*,#3079,.F.);
#4071=ORIENTED_EDGE('',*,*,#2921,.F.);
#4072=ORIENTED_EDGE('',*,*,#3079,.T.);
#4073=ORIENTED_EDGE('',*,*,#3031,.F.);
#4074=ORIENTED_EDGE('',*,*,#3080,.T.);
#4075=ORIENTED_EDGE('',*,*,#2924,.F.);
#4076=ORIENTED_EDGE('',*,*,#3080,.F.);
#4077=ORIENTED_EDGE('',*,*,#3030,.F.);
#4078=ORIENTED_EDGE('',*,*,#3081,.F.);
#4079=ORIENTED_EDGE('',*,*,#2927,.F.);
#4080=ORIENTED_EDGE('',*,*,#3081,.T.);
#4081=ORIENTED_EDGE('',*,*,#3025,.F.);
#4082=ORIENTED_EDGE('',*,*,#3082,.F.);
#4083=ORIENTED_EDGE('',*,*,#2928,.F.);
#4084=ORIENTED_EDGE('',*,*,#3082,.T.);
#4085=ORIENTED_EDGE('',*,*,#3022,.F.);
#4086=ORIENTED_EDGE('',*,*,#3083,.T.);
#4087=ORIENTED_EDGE('',*,*,#2933,.F.);
#4088=ORIENTED_EDGE('',*,*,#3083,.F.);
#4089=ORIENTED_EDGE('',*,*,#3021,.F.);
#4090=ORIENTED_EDGE('',*,*,#3084,.F.);
#4091=ORIENTED_EDGE('',*,*,#2934,.F.);
#4092=ORIENTED_EDGE('',*,*,#3084,.T.);
#4093=ORIENTED_EDGE('',*,*,#3016,.F.);
#4094=ORIENTED_EDGE('',*,*,#3085,.T.);
#4095=ORIENTED_EDGE('',*,*,#2939,.F.);
#4096=ORIENTED_EDGE('',*,*,#3085,.F.);
#4097=ORIENTED_EDGE('',*,*,#3015,.F.);
#4098=ORIENTED_EDGE('',*,*,#3086,.F.);
#4099=ORIENTED_EDGE('',*,*,#2940,.F.);
#4100=ORIENTED_EDGE('',*,*,#3086,.T.);
#4101=ORIENTED_EDGE('',*,*,#3010,.F.);
#4102=ORIENTED_EDGE('',*,*,#3087,.T.);
#4103=ORIENTED_EDGE('',*,*,#2945,.F.);
#4104=ORIENTED_EDGE('',*,*,#3087,.F.);
#4105=ORIENTED_EDGE('',*,*,#3009,.F.);
#4106=ORIENTED_EDGE('',*,*,#3088,.F.);
#4107=ORIENTED_EDGE('',*,*,#2946,.F.);
#4108=ORIENTED_EDGE('',*,*,#3088,.T.);
#4109=ORIENTED_EDGE('',*,*,#3004,.F.);
#4110=ORIENTED_EDGE('',*,*,#3089,.T.);
#4111=ORIENTED_EDGE('',*,*,#2951,.F.);
#4112=ORIENTED_EDGE('',*,*,#3089,.F.);
#4113=ORIENTED_EDGE('',*,*,#3001,.F.);
#4114=ORIENTED_EDGE('',*,*,#3090,.F.);
#4115=ORIENTED_EDGE('',*,*,#2952,.F.);
#4116=ORIENTED_EDGE('',*,*,#3090,.T.);
#4117=ORIENTED_EDGE('',*,*,#3000,.F.);
#4118=ORIENTED_EDGE('',*,*,#3091,.T.);
#4119=ORIENTED_EDGE('',*,*,#3092,.T.);
#4120=ORIENTED_EDGE('',*,*,#2997,.F.);
#4121=ORIENTED_EDGE('',*,*,#3093,.T.);
#4122=ORIENTED_EDGE('',*,*,#3094,.T.);
#4123=ORIENTED_EDGE('',*,*,#3095,.T.);
#4124=ORIENTED_EDGE('',*,*,#3091,.F.);
#4125=ORIENTED_EDGE('',*,*,#3003,.F.);
#4126=ORIENTED_EDGE('',*,*,#3006,.F.);
#4127=ORIENTED_EDGE('',*,*,#3008,.F.);
#4128=ORIENTED_EDGE('',*,*,#3012,.F.);
#4129=ORIENTED_EDGE('',*,*,#3014,.F.);
#4130=ORIENTED_EDGE('',*,*,#3018,.F.);
#4131=ORIENTED_EDGE('',*,*,#3020,.F.);
#4132=ORIENTED_EDGE('',*,*,#3024,.F.);
#4133=ORIENTED_EDGE('',*,*,#3027,.F.);
#4134=ORIENTED_EDGE('',*,*,#3029,.F.);
#4135=ORIENTED_EDGE('',*,*,#3033,.F.);
#4136=ORIENTED_EDGE('',*,*,#3035,.F.);
#4137=ORIENTED_EDGE('',*,*,#3038,.F.);
#4138=ORIENTED_EDGE('',*,*,#3042,.F.);
#4139=ORIENTED_EDGE('',*,*,#3044,.F.);
#4140=ORIENTED_EDGE('',*,*,#3046,.F.);
#4141=ORIENTED_EDGE('',*,*,#3048,.F.);
#4142=ORIENTED_EDGE('',*,*,#3050,.F.);
#4143=ORIENTED_EDGE('',*,*,#3052,.F.);
#4144=ORIENTED_EDGE('',*,*,#3054,.F.);
#4145=ORIENTED_EDGE('',*,*,#3056,.F.);
#4146=ORIENTED_EDGE('',*,*,#3058,.F.);
#4147=ORIENTED_EDGE('',*,*,#3060,.F.);
#4148=ORIENTED_EDGE('',*,*,#3062,.F.);
#4149=ORIENTED_EDGE('',*,*,#3064,.F.);
#4150=ORIENTED_EDGE('',*,*,#3066,.F.);
#4151=ORIENTED_EDGE('',*,*,#3068,.F.);
#4152=ORIENTED_EDGE('',*,*,#3070,.F.);
#4153=ORIENTED_EDGE('',*,*,#3072,.F.);
#4154=ORIENTED_EDGE('',*,*,#3074,.F.);
#4155=ORIENTED_EDGE('',*,*,#3075,.F.);
#4156=ORIENTED_EDGE('',*,*,#3096,.T.);
#4157=ORIENTED_EDGE('',*,*,#3097,.F.);
#4158=ORIENTED_EDGE('',*,*,#3098,.F.);
#4159=ORIENTED_EDGE('',*,*,#3099,.T.);
#4160=ORIENTED_EDGE('',*,*,#3100,.T.);
#4161=ORIENTED_EDGE('',*,*,#3101,.F.);
#4162=ORIENTED_EDGE('',*,*,#3102,.T.);
#4163=ORIENTED_EDGE('',*,*,#3103,.F.);
#4164=ORIENTED_EDGE('',*,*,#3104,.F.);
#4165=ORIENTED_EDGE('',*,*,#3105,.F.);
#4166=ORIENTED_EDGE('',*,*,#3106,.T.);
#4167=ORIENTED_EDGE('',*,*,#3107,.F.);
#4168=ORIENTED_EDGE('',*,*,#3108,.F.);
#4169=ORIENTED_EDGE('',*,*,#3109,.T.);
#4170=ORIENTED_EDGE('',*,*,#3110,.F.);
#4171=ORIENTED_EDGE('',*,*,#3111,.F.);
#4172=ORIENTED_EDGE('',*,*,#3112,.F.);
#4173=ORIENTED_EDGE('',*,*,#3113,.T.);
#4174=ORIENTED_EDGE('',*,*,#3114,.F.);
#4175=ORIENTED_EDGE('',*,*,#3115,.T.);
#4176=ORIENTED_EDGE('',*,*,#3116,.F.);
#4177=ORIENTED_EDGE('',*,*,#3117,.T.);
#4178=ORIENTED_EDGE('',*,*,#3118,.F.);
#4179=ORIENTED_EDGE('',*,*,#3119,.F.);
#4180=ORIENTED_EDGE('',*,*,#3120,.F.);
#4181=ORIENTED_EDGE('',*,*,#3119,.T.);
#4182=ORIENTED_EDGE('',*,*,#3121,.F.);
#4183=ORIENTED_EDGE('',*,*,#3117,.F.);
#4184=ORIENTED_EDGE('',*,*,#3122,.F.);
#4185=ORIENTED_EDGE('',*,*,#3123,.F.);
#4186=ORIENTED_EDGE('',*,*,#3124,.F.);
#4187=ORIENTED_EDGE('',*,*,#3125,.F.);
#4188=ORIENTED_EDGE('',*,*,#3126,.F.);
#4189=ORIENTED_EDGE('',*,*,#3127,.F.);
#4190=ORIENTED_EDGE('',*,*,#3128,.F.);
#4191=ORIENTED_EDGE('',*,*,#3129,.F.);
#4192=ORIENTED_EDGE('',*,*,#3130,.F.);
#4193=ORIENTED_EDGE('',*,*,#3131,.T.);
#4194=ORIENTED_EDGE('',*,*,#3132,.F.);
#4195=ORIENTED_EDGE('',*,*,#3131,.F.);
#4196=ORIENTED_EDGE('',*,*,#3133,.F.);
#4197=ORIENTED_EDGE('',*,*,#3123,.T.);
#4198=ORIENTED_EDGE('',*,*,#3129,.T.);
#4199=ORIENTED_EDGE('',*,*,#3132,.T.);
#4200=ORIENTED_EDGE('',*,*,#3122,.T.);
#4201=ORIENTED_EDGE('',*,*,#3134,.T.);
#4202=ORIENTED_EDGE('',*,*,#3135,.F.);
#4203=ORIENTED_EDGE('',*,*,#3136,.T.);
#4204=ORIENTED_EDGE('',*,*,#3137,.T.);
#4205=ORIENTED_EDGE('',*,*,#3138,.F.);
#4206=ORIENTED_EDGE('',*,*,#3139,.T.);
#4207=ORIENTED_EDGE('',*,*,#3140,.T.);
#4208=ORIENTED_EDGE('',*,*,#3127,.T.);
#4209=ORIENTED_EDGE('',*,*,#3141,.F.);
#4210=ORIENTED_EDGE('',*,*,#3142,.F.);
#4211=ORIENTED_EDGE('',*,*,#3143,.F.);
#4212=ORIENTED_EDGE('',*,*,#3144,.F.);
#4213=ORIENTED_EDGE('',*,*,#3145,.F.);
#4214=ORIENTED_EDGE('',*,*,#3146,.F.);
#4215=ORIENTED_EDGE('',*,*,#3147,.T.);
#4216=ORIENTED_EDGE('',*,*,#3148,.F.);
#4217=ORIENTED_EDGE('',*,*,#3126,.T.);
#4218=ORIENTED_EDGE('',*,*,#3149,.T.);
#4219=ORIENTED_EDGE('',*,*,#3150,.F.);
#4220=ORIENTED_EDGE('',*,*,#3141,.T.);
#4221=ORIENTED_EDGE('',*,*,#3151,.F.);
#4222=ORIENTED_EDGE('',*,*,#3152,.F.);
#4223=ORIENTED_EDGE('',*,*,#3153,.F.);
#4224=ORIENTED_EDGE('',*,*,#3154,.F.);
#4225=ORIENTED_EDGE('',*,*,#3140,.F.);
#4226=ORIENTED_EDGE('',*,*,#3153,.T.);
#4227=ORIENTED_EDGE('',*,*,#3155,.T.);
#4228=ORIENTED_EDGE('',*,*,#3156,.T.);
#4229=ORIENTED_EDGE('',*,*,#3157,.T.);
#4230=ORIENTED_EDGE('',*,*,#3158,.T.);
#4231=ORIENTED_EDGE('',*,*,#3134,.F.);
#4232=ORIENTED_EDGE('',*,*,#3124,.T.);
#4233=ORIENTED_EDGE('',*,*,#3133,.T.);
#4234=ORIENTED_EDGE('',*,*,#3130,.T.);
#4235=ORIENTED_EDGE('',*,*,#3152,.T.);
#4236=ORIENTED_EDGE('',*,*,#3159,.T.);
#4237=ORIENTED_EDGE('',*,*,#3160,.T.);
#4238=ORIENTED_EDGE('',*,*,#3155,.F.);
#4239=ORIENTED_EDGE('',*,*,#3125,.T.);
#4240=ORIENTED_EDGE('',*,*,#3161,.F.);
#4241=ORIENTED_EDGE('',*,*,#3162,.T.);
#4242=ORIENTED_EDGE('',*,*,#3159,.F.);
#4243=ORIENTED_EDGE('',*,*,#3151,.T.);
#4244=ORIENTED_EDGE('',*,*,#3163,.T.);
#4245=ORIENTED_EDGE('',*,*,#3164,.F.);
#4246=ORIENTED_EDGE('',*,*,#3165,.F.);
#4247=ORIENTED_EDGE('',*,*,#3149,.F.);
#4248=ORIENTED_EDGE('',*,*,#3142,.T.);
#4249=ORIENTED_EDGE('',*,*,#3150,.T.);
#4250=ORIENTED_EDGE('',*,*,#3165,.T.);
#4251=ORIENTED_EDGE('',*,*,#3166,.T.);
#4252=ORIENTED_EDGE('',*,*,#3128,.T.);
#4253=ORIENTED_EDGE('',*,*,#3148,.T.);
#4254=ORIENTED_EDGE('',*,*,#3167,.T.);
#4255=ORIENTED_EDGE('',*,*,#3161,.T.);
#4256=ORIENTED_EDGE('',*,*,#3168,.T.);
#4257=ORIENTED_EDGE('',*,*,#3169,.T.);
#4258=ORIENTED_EDGE('',*,*,#3170,.T.);
#4259=ORIENTED_EDGE('',*,*,#3171,.T.);
#4260=ORIENTED_EDGE('',*,*,#3169,.F.);
#4261=ORIENTED_EDGE('',*,*,#3172,.F.);
#4262=ORIENTED_EDGE('',*,*,#3173,.T.);
#4263=ORIENTED_EDGE('',*,*,#3174,.T.);
#4264=ORIENTED_EDGE('',*,*,#3175,.F.);
#4265=ORIENTED_EDGE('',*,*,#3176,.T.);
#4266=ORIENTED_EDGE('',*,*,#3172,.T.);
#4267=ORIENTED_EDGE('',*,*,#3168,.F.);
#4268=ORIENTED_EDGE('',*,*,#3177,.F.);
#4269=ORIENTED_EDGE('',*,*,#3178,.F.);
#4270=ORIENTED_EDGE('',*,*,#3179,.F.);
#4271=ORIENTED_EDGE('',*,*,#3116,.T.);
#4272=ORIENTED_EDGE('',*,*,#3120,.T.);
#4273=ORIENTED_EDGE('',*,*,#3180,.F.);
#4274=ORIENTED_EDGE('',*,*,#3181,.F.);
#4275=ORIENTED_EDGE('',*,*,#3182,.F.);
#4276=ORIENTED_EDGE('',*,*,#3183,.F.);
#4277=ORIENTED_EDGE('',*,*,#3170,.F.);
#4278=ORIENTED_EDGE('',*,*,#3174,.F.);
#4279=ORIENTED_EDGE('',*,*,#3184,.T.);
#4280=ORIENTED_EDGE('',*,*,#3118,.T.);
#4281=ORIENTED_EDGE('',*,*,#3121,.T.);
#4282=ORIENTED_EDGE('',*,*,#3175,.T.);
#4283=ORIENTED_EDGE('',*,*,#3185,.T.);
#4284=ORIENTED_EDGE('',*,*,#3186,.F.);
#4285=ORIENTED_EDGE('',*,*,#3187,.F.);
#4286=ORIENTED_EDGE('',*,*,#3179,.T.);
#4287=ORIENTED_EDGE('',*,*,#3188,.T.);
#4288=ORIENTED_EDGE('',*,*,#3189,.F.);
#4289=ORIENTED_EDGE('',*,*,#3185,.F.);
#4290=ORIENTED_EDGE('',*,*,#3178,.T.);
#4291=ORIENTED_EDGE('',*,*,#3190,.F.);
#4292=ORIENTED_EDGE('',*,*,#3191,.F.);
#4293=ORIENTED_EDGE('',*,*,#3188,.F.);
#4294=ORIENTED_EDGE('',*,*,#3144,.T.);
#4295=ORIENTED_EDGE('',*,*,#3192,.F.);
#4296=ORIENTED_EDGE('',*,*,#3100,.F.);
#4297=ORIENTED_EDGE('',*,*,#3193,.T.);
#4298=ORIENTED_EDGE('',*,*,#3163,.F.);
#4299=ORIENTED_EDGE('',*,*,#3154,.T.);
#4300=ORIENTED_EDGE('',*,*,#3139,.F.);
#4301=ORIENTED_EDGE('',*,*,#3194,.F.);
#4302=ORIENTED_EDGE('',*,*,#3145,.T.);
#4303=ORIENTED_EDGE('',*,*,#3193,.F.);
#4304=ORIENTED_EDGE('',*,*,#3099,.F.);
#4305=ORIENTED_EDGE('',*,*,#3195,.F.);
#4306=ORIENTED_EDGE('',*,*,#3196,.T.);
#4307=ORIENTED_EDGE('',*,*,#3146,.T.);
#4308=ORIENTED_EDGE('',*,*,#3196,.F.);
#4309=ORIENTED_EDGE('',*,*,#3197,.F.);
#4310=ORIENTED_EDGE('',*,*,#3198,.T.);
#4311=ORIENTED_EDGE('',*,*,#3199,.T.);
#4312=ORIENTED_EDGE('',*,*,#3156,.F.);
#4313=ORIENTED_EDGE('',*,*,#3160,.F.);
#4314=ORIENTED_EDGE('',*,*,#3162,.F.);
#4315=ORIENTED_EDGE('',*,*,#3167,.F.);
#4316=ORIENTED_EDGE('',*,*,#3147,.F.);
#4317=ORIENTED_EDGE('',*,*,#3198,.F.);
#4318=ORIENTED_EDGE('',*,*,#3200,.F.);
#4319=ORIENTED_EDGE('',*,*,#3183,.T.);
#4320=ORIENTED_EDGE('',*,*,#3201,.T.);
#4321=ORIENTED_EDGE('',*,*,#3114,.T.);
#4322=ORIENTED_EDGE('',*,*,#3202,.T.);
#4323=ORIENTED_EDGE('',*,*,#3203,.T.);
#4324=ORIENTED_EDGE('',*,*,#3190,.T.);
#4325=ORIENTED_EDGE('',*,*,#3177,.T.);
#4326=ORIENTED_EDGE('',*,*,#3171,.F.);
#4327=ORIENTED_EDGE('',*,*,#3182,.T.);
#4328=ORIENTED_EDGE('',*,*,#3204,.F.);
#4329=ORIENTED_EDGE('',*,*,#3115,.F.);
#4330=ORIENTED_EDGE('',*,*,#3201,.F.);
#4331=ORIENTED_EDGE('',*,*,#3203,.F.);
#4332=ORIENTED_EDGE('',*,*,#3205,.T.);
#4333=ORIENTED_EDGE('',*,*,#3206,.T.);
#4334=ORIENTED_EDGE('',*,*,#3207,.F.);
#4335=ORIENTED_EDGE('',*,*,#3208,.T.);
#4336=ORIENTED_EDGE('',*,*,#3191,.T.);
#4337=ORIENTED_EDGE('',*,*,#3164,.T.);
#4338=ORIENTED_EDGE('',*,*,#3194,.T.);
#4339=ORIENTED_EDGE('',*,*,#3138,.T.);
#4340=ORIENTED_EDGE('',*,*,#3209,.T.);
#4341=ORIENTED_EDGE('',*,*,#3101,.T.);
#4342=ORIENTED_EDGE('',*,*,#3192,.T.);
#4343=ORIENTED_EDGE('',*,*,#3143,.T.);
#4344=ORIENTED_EDGE('',*,*,#3166,.F.);
#4345=ORIENTED_EDGE('',*,*,#3209,.F.);
#4346=ORIENTED_EDGE('',*,*,#3137,.F.);
#4347=ORIENTED_EDGE('',*,*,#3210,.F.);
#4348=ORIENTED_EDGE('',*,*,#3211,.F.);
#4349=ORIENTED_EDGE('',*,*,#3102,.F.);
#4350=ORIENTED_EDGE('',*,*,#3097,.T.);
#4351=ORIENTED_EDGE('',*,*,#3212,.T.);
#4352=ORIENTED_EDGE('',*,*,#3200,.T.);
#4353=ORIENTED_EDGE('',*,*,#3213,.T.);
#4354=ORIENTED_EDGE('',*,*,#3197,.T.);
#4355=ORIENTED_EDGE('',*,*,#3195,.T.);
#4356=ORIENTED_EDGE('',*,*,#3098,.T.);
#4357=ORIENTED_EDGE('',*,*,#3213,.F.);
#4358=ORIENTED_EDGE('',*,*,#3107,.T.);
#4359=ORIENTED_EDGE('',*,*,#3214,.T.);
#4360=ORIENTED_EDGE('',*,*,#3215,.T.);
#4361=ORIENTED_EDGE('',*,*,#3216,.T.);
#4362=ORIENTED_EDGE('',*,*,#3217,.T.);
#4363=ORIENTED_EDGE('',*,*,#3218,.T.);
#4364=ORIENTED_EDGE('',*,*,#3108,.T.);
#4365=ORIENTED_EDGE('',*,*,#3216,.F.);
#4366=ORIENTED_EDGE('',*,*,#3111,.T.);
#4367=ORIENTED_EDGE('',*,*,#3219,.F.);
#4368=ORIENTED_EDGE('',*,*,#3220,.F.);
#4369=ORIENTED_EDGE('',*,*,#3221,.F.);
#4370=ORIENTED_EDGE('',*,*,#3222,.T.);
#4371=ORIENTED_EDGE('',*,*,#3223,.T.);
#4372=ORIENTED_EDGE('',*,*,#3219,.T.);
#4373=ORIENTED_EDGE('',*,*,#3110,.T.);
#4374=ORIENTED_EDGE('',*,*,#3224,.T.);
#4375=ORIENTED_EDGE('',*,*,#3220,.T.);
#4376=ORIENTED_EDGE('',*,*,#3225,.T.);
#4377=ORIENTED_EDGE('',*,*,#3207,.T.);
#4378=ORIENTED_EDGE('',*,*,#3226,.T.);
#4379=ORIENTED_EDGE('',*,*,#3112,.T.);
#4380=ORIENTED_EDGE('',*,*,#3221,.T.);
#4381=ORIENTED_EDGE('',*,*,#3227,.T.);
#4382=ORIENTED_EDGE('',*,*,#3225,.F.);
#4383=ORIENTED_EDGE('',*,*,#3223,.F.);
#4384=ORIENTED_EDGE('',*,*,#3228,.T.);
#4385=ORIENTED_EDGE('',*,*,#3229,.F.);
#4386=ORIENTED_EDGE('',*,*,#3104,.T.);
#4387=ORIENTED_EDGE('',*,*,#3230,.F.);
#4388=ORIENTED_EDGE('',*,*,#3231,.F.);
#4389=ORIENTED_EDGE('',*,*,#3232,.F.);
#4390=ORIENTED_EDGE('',*,*,#3211,.T.);
#4391=ORIENTED_EDGE('',*,*,#3233,.T.);
#4392=ORIENTED_EDGE('',*,*,#3230,.T.);
#4393=ORIENTED_EDGE('',*,*,#3103,.T.);
#4394=ORIENTED_EDGE('',*,*,#3234,.T.);
#4395=ORIENTED_EDGE('',*,*,#3231,.T.);
#4396=ORIENTED_EDGE('',*,*,#3235,.T.);
#4397=ORIENTED_EDGE('',*,*,#3135,.T.);
#4398=ORIENTED_EDGE('',*,*,#3236,.T.);
#4399=ORIENTED_EDGE('',*,*,#3105,.T.);
#4400=ORIENTED_EDGE('',*,*,#3232,.T.);
#4401=ORIENTED_EDGE('',*,*,#3237,.T.);
#4402=ORIENTED_EDGE('',*,*,#3237,.F.);
#4403=ORIENTED_EDGE('',*,*,#3234,.F.);
#4404=ORIENTED_EDGE('',*,*,#3158,.F.);
#4405=ORIENTED_EDGE('',*,*,#3238,.F.);
#4406=ORIENTED_EDGE('',*,*,#3206,.F.);
#4407=ORIENTED_EDGE('',*,*,#3239,.F.);
#4408=ORIENTED_EDGE('',*,*,#3227,.F.);
#4409=ORIENTED_EDGE('',*,*,#3224,.F.);
#4410=ORIENTED_EDGE('',*,*,#3202,.F.);
#4411=ORIENTED_EDGE('',*,*,#3113,.F.);
#4412=ORIENTED_EDGE('',*,*,#3226,.F.);
#4413=ORIENTED_EDGE('',*,*,#3239,.T.);
#4414=ORIENTED_EDGE('',*,*,#3205,.F.);
#4415=ORIENTED_EDGE('',*,*,#3181,.T.);
#4416=ORIENTED_EDGE('',*,*,#3240,.F.);
#4417=ORIENTED_EDGE('',*,*,#3214,.F.);
#4418=ORIENTED_EDGE('',*,*,#3106,.F.);
#4419=ORIENTED_EDGE('',*,*,#3204,.T.);
#4420=ORIENTED_EDGE('',*,*,#3180,.T.);
#4421=ORIENTED_EDGE('',*,*,#3241,.F.);
#4422=ORIENTED_EDGE('',*,*,#3215,.F.);
#4423=ORIENTED_EDGE('',*,*,#3240,.T.);
#4424=ORIENTED_EDGE('',*,*,#3242,.F.);
#4425=ORIENTED_EDGE('',*,*,#3217,.F.);
#4426=ORIENTED_EDGE('',*,*,#3241,.T.);
#4427=ORIENTED_EDGE('',*,*,#3184,.F.);
#4428=ORIENTED_EDGE('',*,*,#3173,.F.);
#4429=ORIENTED_EDGE('',*,*,#3176,.F.);
#4430=ORIENTED_EDGE('',*,*,#3187,.T.);
#4431=ORIENTED_EDGE('',*,*,#3243,.F.);
#4432=ORIENTED_EDGE('',*,*,#3109,.F.);
#4433=ORIENTED_EDGE('',*,*,#3218,.F.);
#4434=ORIENTED_EDGE('',*,*,#3242,.T.);
#4435=ORIENTED_EDGE('',*,*,#3244,.F.);
#4436=ORIENTED_EDGE('',*,*,#3228,.F.);
#4437=ORIENTED_EDGE('',*,*,#3222,.F.);
#4438=ORIENTED_EDGE('',*,*,#3208,.F.);
#4439=ORIENTED_EDGE('',*,*,#3229,.T.);
#4440=ORIENTED_EDGE('',*,*,#3244,.T.);
#4441=ORIENTED_EDGE('',*,*,#3243,.T.);
#4442=ORIENTED_EDGE('',*,*,#3186,.T.);
#4443=ORIENTED_EDGE('',*,*,#3189,.T.);
#4444=ORIENTED_EDGE('',*,*,#3233,.F.);
#4445=ORIENTED_EDGE('',*,*,#3210,.T.);
#4446=ORIENTED_EDGE('',*,*,#3136,.F.);
#4447=ORIENTED_EDGE('',*,*,#3235,.F.);
#4448=ORIENTED_EDGE('',*,*,#3096,.F.);
#4449=ORIENTED_EDGE('',*,*,#3236,.F.);
#4450=ORIENTED_EDGE('',*,*,#3238,.T.);
#4451=ORIENTED_EDGE('',*,*,#3157,.F.);
#4452=ORIENTED_EDGE('',*,*,#3199,.F.);
#4453=ORIENTED_EDGE('',*,*,#3212,.F.);
#4454=ORIENTED_EDGE('',*,*,#2956,.F.);
#4455=ORIENTED_EDGE('',*,*,#3092,.F.);
#4456=ORIENTED_EDGE('',*,*,#3095,.F.);
#4457=ORIENTED_EDGE('',*,*,#3245,.T.);
#4458=ORIENTED_EDGE('',*,*,#2995,.F.);
#4459=ORIENTED_EDGE('',*,*,#2999,.F.);
#4460=ORIENTED_EDGE('',*,*,#3076,.F.);
#4461=ORIENTED_EDGE('',*,*,#2993,.F.);
#4462=ORIENTED_EDGE('',*,*,#3246,.F.);
#4463=ORIENTED_EDGE('',*,*,#2996,.F.);
#4464=ORIENTED_EDGE('',*,*,#3246,.T.);
#4465=ORIENTED_EDGE('',*,*,#2992,.F.);
#4466=ORIENTED_EDGE('',*,*,#3247,.F.);
#4467=ORIENTED_EDGE('',*,*,#3093,.F.);
#4468=ORIENTED_EDGE('',*,*,#2855,.F.);
#4469=ORIENTED_EDGE('',*,*,#2854,.F.);
#4470=ORIENTED_EDGE('',*,*,#2957,.F.);
#4471=ORIENTED_EDGE('',*,*,#3245,.F.);
#4472=ORIENTED_EDGE('',*,*,#3094,.F.);
#4473=ORIENTED_EDGE('',*,*,#3247,.T.);
#4474=ORIENTED_EDGE('',*,*,#2991,.F.);
#4475=ORIENTED_EDGE('',*,*,#2861,.F.);
#4476=ORIENTED_EDGE('',*,*,#2856,.F.);
#4477=ORIENTED_EDGE('',*,*,#3248,.T.);
#4478=ORIENTED_EDGE('',*,*,#3249,.T.);
#4479=ORIENTED_EDGE('',*,*,#3250,.T.);
#4480=ORIENTED_EDGE('',*,*,#3249,.F.);
#4481=ORIENTED_EDGE('',*,*,#3251,.F.);
#4482=ORIENTED_EDGE('',*,*,#3252,.T.);
#4483=ORIENTED_EDGE('',*,*,#3253,.F.);
#4484=ORIENTED_EDGE('',*,*,#3254,.F.);
#4485=ORIENTED_EDGE('',*,*,#3255,.F.);
#4486=ORIENTED_EDGE('',*,*,#3256,.T.);
#4487=ORIENTED_EDGE('',*,*,#3257,.F.);
#4488=ORIENTED_EDGE('',*,*,#3258,.T.);
#4489=ORIENTED_EDGE('',*,*,#3259,.T.);
#4490=ORIENTED_EDGE('',*,*,#3260,.F.);
#4491=ORIENTED_EDGE('',*,*,#3261,.F.);
#4492=ORIENTED_EDGE('',*,*,#3262,.T.);
#4493=ORIENTED_EDGE('',*,*,#3263,.T.);
#4494=ORIENTED_EDGE('',*,*,#3264,.F.);
#4495=ORIENTED_EDGE('',*,*,#3265,.F.);
#4496=ORIENTED_EDGE('',*,*,#3248,.F.);
#4497=ORIENTED_EDGE('',*,*,#3250,.F.);
#4498=ORIENTED_EDGE('',*,*,#3266,.T.);
#4499=ORIENTED_EDGE('',*,*,#3267,.T.);
#4500=ORIENTED_EDGE('',*,*,#3266,.F.);
#4501=ORIENTED_EDGE('',*,*,#3264,.T.);
#4502=ORIENTED_EDGE('',*,*,#3268,.T.);
#4503=ORIENTED_EDGE('',*,*,#3269,.T.);
#4504=ORIENTED_EDGE('',*,*,#3270,.T.);
#4505=ORIENTED_EDGE('',*,*,#3268,.F.);
#4506=ORIENTED_EDGE('',*,*,#3269,.F.);
#4507=ORIENTED_EDGE('',*,*,#3270,.F.);
#4508=ORIENTED_EDGE('',*,*,#3271,.T.);
#4509=ORIENTED_EDGE('',*,*,#3272,.T.);
#4510=ORIENTED_EDGE('',*,*,#3271,.F.);
#4511=ORIENTED_EDGE('',*,*,#3265,.T.);
#4512=ORIENTED_EDGE('',*,*,#3273,.T.);
#4513=ORIENTED_EDGE('',*,*,#3274,.T.);
#4514=ORIENTED_EDGE('',*,*,#3273,.F.);
#4515=ORIENTED_EDGE('',*,*,#3274,.F.);
#4516=ORIENTED_EDGE('',*,*,#3275,.T.);
#4517=ORIENTED_EDGE('',*,*,#3276,.T.);
#4518=ORIENTED_EDGE('',*,*,#3275,.F.);
#4519=ORIENTED_EDGE('',*,*,#3277,.F.);
#4520=ORIENTED_EDGE('',*,*,#3278,.T.);
#4521=ORIENTED_EDGE('',*,*,#3279,.F.);
#4522=ORIENTED_EDGE('',*,*,#3280,.F.);
#4523=ORIENTED_EDGE('',*,*,#3281,.T.);
#4524=ORIENTED_EDGE('',*,*,#3282,.F.);
#4525=ORIENTED_EDGE('',*,*,#3283,.T.);
#4526=ORIENTED_EDGE('',*,*,#3284,.T.);
#4527=ORIENTED_EDGE('',*,*,#3285,.F.);
#4528=ORIENTED_EDGE('',*,*,#3286,.T.);
#4529=ORIENTED_EDGE('',*,*,#3287,.T.);
#4530=ORIENTED_EDGE('',*,*,#3285,.T.);
#4531=ORIENTED_EDGE('',*,*,#3288,.T.);
#4532=ORIENTED_EDGE('',*,*,#3289,.F.);
#4533=ORIENTED_EDGE('',*,*,#3290,.T.);
#4534=ORIENTED_EDGE('',*,*,#3291,.T.);
#4535=ORIENTED_EDGE('',*,*,#3292,.T.);
#4536=ORIENTED_EDGE('',*,*,#3293,.T.);
#4537=ORIENTED_EDGE('',*,*,#3294,.F.);
#4538=ORIENTED_EDGE('',*,*,#3295,.T.);
#4539=ORIENTED_EDGE('',*,*,#3291,.F.);
#4540=ORIENTED_EDGE('',*,*,#3296,.T.);
#4541=ORIENTED_EDGE('',*,*,#3297,.T.);
#4542=ORIENTED_EDGE('',*,*,#3298,.T.);
#4543=ORIENTED_EDGE('',*,*,#3299,.T.);
#4544=ORIENTED_EDGE('',*,*,#3293,.F.);
#4545=ORIENTED_EDGE('',*,*,#3300,.T.);
#4546=ORIENTED_EDGE('',*,*,#3280,.T.);
#4547=ORIENTED_EDGE('',*,*,#3301,.T.);
#4548=ORIENTED_EDGE('',*,*,#3302,.F.);
#4549=ORIENTED_EDGE('',*,*,#3303,.T.);
#4550=ORIENTED_EDGE('',*,*,#3304,.T.);
#4551=ORIENTED_EDGE('',*,*,#3305,.T.);
#4552=ORIENTED_EDGE('',*,*,#3306,.T.);
#4553=ORIENTED_EDGE('',*,*,#3307,.T.);
#4554=ORIENTED_EDGE('',*,*,#3308,.T.);
#4555=ORIENTED_EDGE('',*,*,#3309,.T.);
#4556=ORIENTED_EDGE('',*,*,#3305,.F.);
#4557=ORIENTED_EDGE('',*,*,#3310,.T.);
#4558=ORIENTED_EDGE('',*,*,#3289,.T.);
#4559=ORIENTED_EDGE('',*,*,#3311,.T.);
#4560=ORIENTED_EDGE('',*,*,#3311,.F.);
#4561=ORIENTED_EDGE('',*,*,#3288,.F.);
#4562=ORIENTED_EDGE('',*,*,#3284,.F.);
#4563=ORIENTED_EDGE('',*,*,#3312,.T.);
#4564=ORIENTED_EDGE('',*,*,#3313,.F.);
#4565=ORIENTED_EDGE('',*,*,#3314,.F.);
#4566=ORIENTED_EDGE('',*,*,#3278,.F.);
#4567=ORIENTED_EDGE('',*,*,#3315,.T.);
#4568=ORIENTED_EDGE('',*,*,#3316,.F.);
#4569=ORIENTED_EDGE('',*,*,#3317,.F.);
#4570=ORIENTED_EDGE('',*,*,#3301,.F.);
#4571=ORIENTED_EDGE('',*,*,#3279,.T.);
#4572=ORIENTED_EDGE('',*,*,#3297,.F.);
#4573=ORIENTED_EDGE('',*,*,#3318,.F.);
#4574=ORIENTED_EDGE('',*,*,#3319,.F.);
#4575=ORIENTED_EDGE('',*,*,#3320,.F.);
#4576=ORIENTED_EDGE('',*,*,#3321,.T.);
#4577=ORIENTED_EDGE('',*,*,#3322,.T.);
#4578=ORIENTED_EDGE('',*,*,#3323,.F.);
#4579=ORIENTED_EDGE('',*,*,#3324,.T.);
#4580=ORIENTED_EDGE('',*,*,#3283,.F.);
#4581=ORIENTED_EDGE('',*,*,#3325,.T.);
#4582=ORIENTED_EDGE('',*,*,#3326,.F.);
#4583=ORIENTED_EDGE('',*,*,#3327,.F.);
#4584=ORIENTED_EDGE('',*,*,#3328,.F.);
#4585=ORIENTED_EDGE('',*,*,#3312,.F.);
#4586=ORIENTED_EDGE('',*,*,#3296,.F.);
#4587=ORIENTED_EDGE('',*,*,#3290,.F.);
#4588=ORIENTED_EDGE('',*,*,#3299,.F.);
#4589=ORIENTED_EDGE('',*,*,#3329,.F.);
#4590=ORIENTED_EDGE('',*,*,#3330,.F.);
#4591=ORIENTED_EDGE('',*,*,#3318,.T.);
#4592=ORIENTED_EDGE('',*,*,#3331,.T.);
#4593=ORIENTED_EDGE('',*,*,#3332,.T.);
#4594=ORIENTED_EDGE('',*,*,#3303,.F.);
#4595=ORIENTED_EDGE('',*,*,#3333,.F.);
#4596=ORIENTED_EDGE('',*,*,#3281,.F.);
#4597=ORIENTED_EDGE('',*,*,#3300,.F.);
#4598=ORIENTED_EDGE('',*,*,#3292,.F.);
#4599=ORIENTED_EDGE('',*,*,#3295,.F.);
#4600=ORIENTED_EDGE('',*,*,#3334,.F.);
#4601=ORIENTED_EDGE('',*,*,#3286,.F.);
#4602=ORIENTED_EDGE('',*,*,#3287,.F.);
#4603=ORIENTED_EDGE('',*,*,#3310,.F.);
#4604=ORIENTED_EDGE('',*,*,#3304,.F.);
#4605=ORIENTED_EDGE('',*,*,#3332,.F.);
#4606=ORIENTED_EDGE('',*,*,#3331,.F.);
#4607=ORIENTED_EDGE('',*,*,#3272,.F.);
#4608=ORIENTED_EDGE('',*,*,#3308,.F.);
#4609=ORIENTED_EDGE('',*,*,#3314,.T.);
#4610=ORIENTED_EDGE('',*,*,#3335,.F.);
#4611=ORIENTED_EDGE('',*,*,#3336,.F.);
#4612=ORIENTED_EDGE('',*,*,#3337,.T.);
#4613=ORIENTED_EDGE('',*,*,#3298,.F.);
#4614=ORIENTED_EDGE('',*,*,#3317,.T.);
#4615=ORIENTED_EDGE('',*,*,#3338,.F.);
#4616=ORIENTED_EDGE('',*,*,#3339,.F.);
#4617=ORIENTED_EDGE('',*,*,#3340,.F.);
#4618=ORIENTED_EDGE('',*,*,#3329,.T.);
#4619=ORIENTED_EDGE('',*,*,#3267,.F.);
#4620=ORIENTED_EDGE('',*,*,#3341,.F.);
#4621=ORIENTED_EDGE('',*,*,#3276,.F.);
#4622=ORIENTED_EDGE('',*,*,#3342,.F.);
#4623=ORIENTED_EDGE('',*,*,#3343,.T.);
#4624=ORIENTED_EDGE('',*,*,#3344,.T.);
#4625=ORIENTED_EDGE('',*,*,#3345,.T.);
#4626=ORIENTED_EDGE('',*,*,#3346,.T.);
#4627=ORIENTED_EDGE('',*,*,#3347,.T.);
#4628=ORIENTED_EDGE('',*,*,#3348,.T.);
#4629=ORIENTED_EDGE('',*,*,#3349,.T.);
#4630=ORIENTED_EDGE('',*,*,#3350,.T.);
#4631=ORIENTED_EDGE('',*,*,#3345,.F.);
#4632=ORIENTED_EDGE('',*,*,#3351,.T.);
#4633=ORIENTED_EDGE('',*,*,#3352,.T.);
#4634=ORIENTED_EDGE('',*,*,#3353,.T.);
#4635=ORIENTED_EDGE('',*,*,#3354,.T.);
#4636=ORIENTED_EDGE('',*,*,#3347,.F.);
#4637=ORIENTED_EDGE('',*,*,#3351,.F.);
#4638=ORIENTED_EDGE('',*,*,#3346,.F.);
#4639=ORIENTED_EDGE('',*,*,#3350,.F.);
#4640=ORIENTED_EDGE('',*,*,#3355,.F.);
#4641=ORIENTED_EDGE('',*,*,#3356,.F.);
#4642=ORIENTED_EDGE('',*,*,#3357,.F.);
#4643=ORIENTED_EDGE('',*,*,#3358,.F.);
#4644=ORIENTED_EDGE('',*,*,#3359,.F.);
#4645=ORIENTED_EDGE('',*,*,#3360,.T.);
#4646=ORIENTED_EDGE('',*,*,#3361,.F.);
#4647=ORIENTED_EDGE('',*,*,#3362,.F.);
#4648=ORIENTED_EDGE('',*,*,#3363,.T.);
#4649=ORIENTED_EDGE('',*,*,#3364,.T.);
#4650=ORIENTED_EDGE('',*,*,#3365,.T.);
#4651=ORIENTED_EDGE('',*,*,#3336,.T.);
#4652=ORIENTED_EDGE('',*,*,#3366,.F.);
#4653=ORIENTED_EDGE('',*,*,#3327,.T.);
#4654=ORIENTED_EDGE('',*,*,#3367,.F.);
#4655=ORIENTED_EDGE('',*,*,#3368,.T.);
#4656=ORIENTED_EDGE('',*,*,#3369,.F.);
#4657=ORIENTED_EDGE('',*,*,#3370,.T.);
#4658=ORIENTED_EDGE('',*,*,#3349,.F.);
#4659=ORIENTED_EDGE('',*,*,#3371,.F.);
#4660=ORIENTED_EDGE('',*,*,#3372,.T.);
#4661=ORIENTED_EDGE('',*,*,#3373,.F.);
#4662=ORIENTED_EDGE('',*,*,#3355,.T.);
#4663=ORIENTED_EDGE('',*,*,#3348,.F.);
#4664=ORIENTED_EDGE('',*,*,#3344,.F.);
#4665=ORIENTED_EDGE('',*,*,#3374,.F.);
#4666=ORIENTED_EDGE('',*,*,#3375,.F.);
#4667=ORIENTED_EDGE('',*,*,#3376,.F.);
#4668=ORIENTED_EDGE('',*,*,#3377,.T.);
#4669=ORIENTED_EDGE('',*,*,#3371,.T.);
#4670=ORIENTED_EDGE('',*,*,#3356,.T.);
#4671=ORIENTED_EDGE('',*,*,#3373,.T.);
#4672=ORIENTED_EDGE('',*,*,#3378,.T.);
#4673=ORIENTED_EDGE('',*,*,#3379,.T.);
#4674=ORIENTED_EDGE('',*,*,#3380,.T.);
#4675=ORIENTED_EDGE('',*,*,#3381,.T.);
#4676=ORIENTED_EDGE('',*,*,#3357,.T.);
#4677=ORIENTED_EDGE('',*,*,#3379,.F.);
#4678=ORIENTED_EDGE('',*,*,#3380,.F.);
#4679=ORIENTED_EDGE('',*,*,#3382,.F.);
#4680=ORIENTED_EDGE('',*,*,#3258,.F.);
#4681=ORIENTED_EDGE('',*,*,#3383,.F.);
#4682=ORIENTED_EDGE('',*,*,#3378,.F.);
#4683=ORIENTED_EDGE('',*,*,#3372,.F.);
#4684=ORIENTED_EDGE('',*,*,#3377,.F.);
#4685=ORIENTED_EDGE('',*,*,#3384,.F.);
#4686=ORIENTED_EDGE('',*,*,#3259,.F.);
#4687=ORIENTED_EDGE('',*,*,#3382,.T.);
#4688=ORIENTED_EDGE('',*,*,#3328,.T.);
#4689=ORIENTED_EDGE('',*,*,#3366,.T.);
#4690=ORIENTED_EDGE('',*,*,#3335,.T.);
#4691=ORIENTED_EDGE('',*,*,#3313,.T.);
#4692=ORIENTED_EDGE('',*,*,#3385,.T.);
#4693=ORIENTED_EDGE('',*,*,#3369,.T.);
#4694=ORIENTED_EDGE('',*,*,#3386,.T.);
#4695=ORIENTED_EDGE('',*,*,#3387,.T.);
#4696=ORIENTED_EDGE('',*,*,#3386,.F.);
#4697=ORIENTED_EDGE('',*,*,#3368,.F.);
#4698=ORIENTED_EDGE('',*,*,#3388,.F.);
#4699=ORIENTED_EDGE('',*,*,#3389,.F.);
#4700=ORIENTED_EDGE('',*,*,#3390,.F.);
#4701=ORIENTED_EDGE('',*,*,#3391,.F.);
#4702=ORIENTED_EDGE('',*,*,#3392,.F.);
#4703=ORIENTED_EDGE('',*,*,#3393,.T.);
#4704=ORIENTED_EDGE('',*,*,#3326,.T.);
#4705=ORIENTED_EDGE('',*,*,#3394,.T.);
#4706=ORIENTED_EDGE('',*,*,#3388,.T.);
#4707=ORIENTED_EDGE('',*,*,#3367,.T.);
#4708=ORIENTED_EDGE('',*,*,#3394,.F.);
#4709=ORIENTED_EDGE('',*,*,#3325,.F.);
#4710=ORIENTED_EDGE('',*,*,#3282,.T.);
#4711=ORIENTED_EDGE('',*,*,#3334,.T.);
#4712=ORIENTED_EDGE('',*,*,#3294,.T.);
#4713=ORIENTED_EDGE('',*,*,#3324,.F.);
#4714=ORIENTED_EDGE('',*,*,#3395,.F.);
#4715=ORIENTED_EDGE('',*,*,#3389,.T.);
#4716=ORIENTED_EDGE('',*,*,#3396,.T.);
#4717=ORIENTED_EDGE('',*,*,#3397,.T.);
#4718=ORIENTED_EDGE('',*,*,#3398,.T.);
#4719=ORIENTED_EDGE('',*,*,#3362,.T.);
#4720=ORIENTED_EDGE('',*,*,#3396,.F.);
#4721=ORIENTED_EDGE('',*,*,#3361,.T.);
#4722=ORIENTED_EDGE('',*,*,#3399,.T.);
#4723=ORIENTED_EDGE('',*,*,#3400,.T.);
#4724=ORIENTED_EDGE('',*,*,#3401,.T.);
#4725=ORIENTED_EDGE('',*,*,#3340,.T.);
#4726=ORIENTED_EDGE('',*,*,#3402,.T.);
#4727=ORIENTED_EDGE('',*,*,#3319,.T.);
#4728=ORIENTED_EDGE('',*,*,#3330,.T.);
#4729=ORIENTED_EDGE('',*,*,#3402,.F.);
#4730=ORIENTED_EDGE('',*,*,#3339,.T.);
#4731=ORIENTED_EDGE('',*,*,#3403,.F.);
#4732=ORIENTED_EDGE('',*,*,#3404,.T.);
#4733=ORIENTED_EDGE('',*,*,#3405,.T.);
#4734=ORIENTED_EDGE('',*,*,#3400,.F.);
#4735=ORIENTED_EDGE('',*,*,#3406,.T.);
#4736=ORIENTED_EDGE('',*,*,#3407,.F.);
#4737=ORIENTED_EDGE('',*,*,#3408,.F.);
#4738=ORIENTED_EDGE('',*,*,#3409,.F.);
#4739=ORIENTED_EDGE('',*,*,#3410,.F.);
#4740=ORIENTED_EDGE('',*,*,#3411,.F.);
#4741=ORIENTED_EDGE('',*,*,#3412,.F.);
#4742=ORIENTED_EDGE('',*,*,#3413,.T.);
#4743=ORIENTED_EDGE('',*,*,#3414,.F.);
#4744=ORIENTED_EDGE('',*,*,#3391,.T.);
#4745=ORIENTED_EDGE('',*,*,#3415,.F.);
#4746=ORIENTED_EDGE('',*,*,#3416,.T.);
#4747=ORIENTED_EDGE('',*,*,#3417,.T.);
#4748=ORIENTED_EDGE('',*,*,#3320,.T.);
#4749=ORIENTED_EDGE('',*,*,#3418,.T.);
#4750=ORIENTED_EDGE('',*,*,#3419,.T.);
#4751=ORIENTED_EDGE('',*,*,#3392,.T.);
#4752=ORIENTED_EDGE('',*,*,#3414,.T.);
#4753=ORIENTED_EDGE('',*,*,#3352,.F.);
#4754=ORIENTED_EDGE('',*,*,#3370,.F.);
#4755=ORIENTED_EDGE('',*,*,#3385,.F.);
#4756=ORIENTED_EDGE('',*,*,#3420,.F.);
#4757=ORIENTED_EDGE('',*,*,#3418,.F.);
#4758=ORIENTED_EDGE('',*,*,#3413,.F.);
#4759=ORIENTED_EDGE('',*,*,#3421,.F.);
#4760=ORIENTED_EDGE('',*,*,#3422,.F.);
#4761=ORIENTED_EDGE('',*,*,#3423,.T.);
#4762=ORIENTED_EDGE('',*,*,#3415,.T.);
#4763=ORIENTED_EDGE('',*,*,#3390,.T.);
#4764=ORIENTED_EDGE('',*,*,#3395,.T.);
#4765=ORIENTED_EDGE('',*,*,#3323,.T.);
#4766=ORIENTED_EDGE('',*,*,#3423,.F.);
#4767=ORIENTED_EDGE('',*,*,#3322,.F.);
#4768=ORIENTED_EDGE('',*,*,#3321,.F.);
#4769=ORIENTED_EDGE('',*,*,#3417,.F.);
#4770=ORIENTED_EDGE('',*,*,#3424,.T.);
#4771=ORIENTED_EDGE('',*,*,#3425,.F.);
#4772=ORIENTED_EDGE('',*,*,#3424,.F.);
#4773=ORIENTED_EDGE('',*,*,#3416,.F.);
#4774=ORIENTED_EDGE('',*,*,#3338,.T.);
#4775=ORIENTED_EDGE('',*,*,#3316,.T.);
#4776=ORIENTED_EDGE('',*,*,#3426,.T.);
#4777=ORIENTED_EDGE('',*,*,#3403,.T.);
#4778=ORIENTED_EDGE('',*,*,#3307,.F.);
#4779=ORIENTED_EDGE('',*,*,#3306,.F.);
#4780=ORIENTED_EDGE('',*,*,#3309,.F.);
#4781=ORIENTED_EDGE('',*,*,#3337,.F.);
#4782=ORIENTED_EDGE('',*,*,#3365,.F.);
#4783=ORIENTED_EDGE('',*,*,#3427,.F.);
#4784=ORIENTED_EDGE('',*,*,#3428,.T.);
#4785=ORIENTED_EDGE('',*,*,#3429,.T.);
#4786=ORIENTED_EDGE('',*,*,#3421,.T.);
#4787=ORIENTED_EDGE('',*,*,#3412,.T.);
#4788=ORIENTED_EDGE('',*,*,#3430,.T.);
#4789=ORIENTED_EDGE('',*,*,#3411,.T.);
#4790=ORIENTED_EDGE('',*,*,#3431,.T.);
#4791=ORIENTED_EDGE('',*,*,#3432,.T.);
#4792=ORIENTED_EDGE('',*,*,#3430,.F.);
#4793=ORIENTED_EDGE('',*,*,#3410,.T.);
#4794=ORIENTED_EDGE('',*,*,#3433,.T.);
#4795=ORIENTED_EDGE('',*,*,#3434,.T.);
#4796=ORIENTED_EDGE('',*,*,#3431,.F.);
#4797=ORIENTED_EDGE('',*,*,#3409,.T.);
#4798=ORIENTED_EDGE('',*,*,#3435,.T.);
#4799=ORIENTED_EDGE('',*,*,#3436,.T.);
#4800=ORIENTED_EDGE('',*,*,#3433,.F.);
#4801=ORIENTED_EDGE('',*,*,#3407,.T.);
#4802=ORIENTED_EDGE('',*,*,#3437,.T.);
#4803=ORIENTED_EDGE('',*,*,#3438,.T.);
#4804=ORIENTED_EDGE('',*,*,#3439,.T.);
#4805=ORIENTED_EDGE('',*,*,#3408,.T.);
#4806=ORIENTED_EDGE('',*,*,#3439,.F.);
#4807=ORIENTED_EDGE('',*,*,#3440,.T.);
#4808=ORIENTED_EDGE('',*,*,#3435,.F.);
#4809=ORIENTED_EDGE('',*,*,#3432,.F.);
#4810=ORIENTED_EDGE('',*,*,#3441,.F.);
#4811=ORIENTED_EDGE('',*,*,#3262,.F.);
#4812=ORIENTED_EDGE('',*,*,#3442,.F.);
#4813=ORIENTED_EDGE('',*,*,#3443,.T.);
#4814=ORIENTED_EDGE('',*,*,#3444,.F.);
#4815=ORIENTED_EDGE('',*,*,#3445,.F.);
#4816=ORIENTED_EDGE('',*,*,#3434,.F.);
#4817=ORIENTED_EDGE('',*,*,#3446,.F.);
#4818=ORIENTED_EDGE('',*,*,#3263,.F.);
#4819=ORIENTED_EDGE('',*,*,#3441,.T.);
#4820=ORIENTED_EDGE('',*,*,#3436,.F.);
#4821=ORIENTED_EDGE('',*,*,#3447,.T.);
#4822=ORIENTED_EDGE('',*,*,#3251,.T.);
#4823=ORIENTED_EDGE('',*,*,#3446,.T.);
#4824=ORIENTED_EDGE('',*,*,#3440,.F.);
#4825=ORIENTED_EDGE('',*,*,#3448,.F.);
#4826=ORIENTED_EDGE('',*,*,#3252,.F.);
#4827=ORIENTED_EDGE('',*,*,#3447,.F.);
#4828=ORIENTED_EDGE('',*,*,#3438,.F.);
#4829=ORIENTED_EDGE('',*,*,#3449,.T.);
#4830=ORIENTED_EDGE('',*,*,#3253,.T.);
#4831=ORIENTED_EDGE('',*,*,#3448,.T.);
#4832=ORIENTED_EDGE('',*,*,#3437,.F.);
#4833=ORIENTED_EDGE('',*,*,#3406,.F.);
#4834=ORIENTED_EDGE('',*,*,#3399,.F.);
#4835=ORIENTED_EDGE('',*,*,#3360,.F.);
#4836=ORIENTED_EDGE('',*,*,#3450,.F.);
#4837=ORIENTED_EDGE('',*,*,#3451,.F.);
#4838=ORIENTED_EDGE('',*,*,#3254,.T.);
#4839=ORIENTED_EDGE('',*,*,#3449,.F.);
#4840=ORIENTED_EDGE('',*,*,#3358,.T.);
#4841=ORIENTED_EDGE('',*,*,#3452,.T.);
#4842=ORIENTED_EDGE('',*,*,#3453,.T.);
#4843=ORIENTED_EDGE('',*,*,#3454,.T.);
#4844=ORIENTED_EDGE('',*,*,#3455,.T.);
#4845=ORIENTED_EDGE('',*,*,#3450,.T.);
#4846=ORIENTED_EDGE('',*,*,#3359,.T.);
#4847=ORIENTED_EDGE('',*,*,#3454,.F.);
#4848=ORIENTED_EDGE('',*,*,#3453,.F.);
#4849=ORIENTED_EDGE('',*,*,#3456,.F.);
#4850=ORIENTED_EDGE('',*,*,#3256,.F.);
#4851=ORIENTED_EDGE('',*,*,#3457,.F.);
#4852=ORIENTED_EDGE('',*,*,#3381,.F.);
#4853=ORIENTED_EDGE('',*,*,#3383,.T.);
#4854=ORIENTED_EDGE('',*,*,#3257,.T.);
#4855=ORIENTED_EDGE('',*,*,#3456,.T.);
#4856=ORIENTED_EDGE('',*,*,#3452,.F.);
#4857=ORIENTED_EDGE('',*,*,#3458,.F.);
#4858=ORIENTED_EDGE('',*,*,#3364,.F.);
#4859=ORIENTED_EDGE('',*,*,#3459,.F.);
#4860=ORIENTED_EDGE('',*,*,#3460,.F.);
#4861=ORIENTED_EDGE('',*,*,#3461,.T.);
#4862=ORIENTED_EDGE('',*,*,#3462,.F.);
#4863=ORIENTED_EDGE('',*,*,#3461,.F.);
#4864=ORIENTED_EDGE('',*,*,#3459,.T.);
#4865=ORIENTED_EDGE('',*,*,#3463,.T.);
#4866=ORIENTED_EDGE('',*,*,#3464,.T.);
#4867=ORIENTED_EDGE('',*,*,#3464,.F.);
#4868=ORIENTED_EDGE('',*,*,#3427,.T.);
#4869=ORIENTED_EDGE('',*,*,#3458,.T.);
#4870=ORIENTED_EDGE('',*,*,#3460,.T.);
#4871=ORIENTED_EDGE('',*,*,#3462,.T.);
#4872=ORIENTED_EDGE('',*,*,#3465,.F.);
#4873=ORIENTED_EDGE('',*,*,#3425,.T.);
#4874=ORIENTED_EDGE('',*,*,#3466,.F.);
#4875=ORIENTED_EDGE('',*,*,#3467,.T.);
#4876=ORIENTED_EDGE('',*,*,#3468,.T.);
#4877=ORIENTED_EDGE('',*,*,#3469,.T.);
#4878=ORIENTED_EDGE('',*,*,#3375,.T.);
#4879=ORIENTED_EDGE('',*,*,#3342,.T.);
#4880=ORIENTED_EDGE('',*,*,#3470,.T.);
#4881=ORIENTED_EDGE('',*,*,#3466,.T.);
#4882=ORIENTED_EDGE('',*,*,#3470,.F.);
#4883=ORIENTED_EDGE('',*,*,#3341,.T.);
#4884=ORIENTED_EDGE('',*,*,#3471,.T.);
#4885=ORIENTED_EDGE('',*,*,#3465,.T.);
#4886=ORIENTED_EDGE('',*,*,#3471,.F.);
#4887=ORIENTED_EDGE('',*,*,#3260,.T.);
#4888=ORIENTED_EDGE('',*,*,#3384,.T.);
#4889=ORIENTED_EDGE('',*,*,#3376,.T.);
#4890=ORIENTED_EDGE('',*,*,#3469,.F.);
#4891=ORIENTED_EDGE('',*,*,#3472,.T.);
#4892=ORIENTED_EDGE('',*,*,#3353,.F.);
#4893=ORIENTED_EDGE('',*,*,#3422,.T.);
#4894=ORIENTED_EDGE('',*,*,#3429,.F.);
#4895=ORIENTED_EDGE('',*,*,#3445,.T.);
#4896=ORIENTED_EDGE('',*,*,#3473,.F.);
#4897=ORIENTED_EDGE('',*,*,#3354,.F.);
#4898=ORIENTED_EDGE('',*,*,#3473,.T.);
#4899=ORIENTED_EDGE('',*,*,#3444,.T.);
#4900=ORIENTED_EDGE('',*,*,#3443,.F.);
#4901=ORIENTED_EDGE('',*,*,#3474,.F.);
#4902=ORIENTED_EDGE('',*,*,#3467,.F.);
#4903=ORIENTED_EDGE('',*,*,#3374,.T.);
#4904=ORIENTED_EDGE('',*,*,#3343,.F.);
#4905=ORIENTED_EDGE('',*,*,#3398,.F.);
#4906=ORIENTED_EDGE('',*,*,#3475,.F.);
#4907=ORIENTED_EDGE('',*,*,#3404,.F.);
#4908=ORIENTED_EDGE('',*,*,#3426,.F.);
#4909=ORIENTED_EDGE('',*,*,#3315,.F.);
#4910=ORIENTED_EDGE('',*,*,#3277,.T.);
#4911=ORIENTED_EDGE('',*,*,#3333,.T.);
#4912=ORIENTED_EDGE('',*,*,#3302,.T.);
#4913=ORIENTED_EDGE('',*,*,#3428,.F.);
#4914=ORIENTED_EDGE('',*,*,#3463,.F.);
#4915=ORIENTED_EDGE('',*,*,#3363,.F.);
#4916=ORIENTED_EDGE('',*,*,#3474,.T.);
#4917=ORIENTED_EDGE('',*,*,#3442,.T.);
#4918=ORIENTED_EDGE('',*,*,#3261,.T.);
#4919=ORIENTED_EDGE('',*,*,#3472,.F.);
#4920=ORIENTED_EDGE('',*,*,#3468,.F.);
#4921=ORIENTED_EDGE('',*,*,#3455,.F.);
#4922=ORIENTED_EDGE('',*,*,#3457,.T.);
#4923=ORIENTED_EDGE('',*,*,#3255,.T.);
#4924=ORIENTED_EDGE('',*,*,#3451,.T.);
#4925=ORIENTED_EDGE('',*,*,#3397,.F.);
#4926=ORIENTED_EDGE('',*,*,#3401,.F.);
#4927=ORIENTED_EDGE('',*,*,#3405,.F.);
#4928=ORIENTED_EDGE('',*,*,#3475,.T.);
#4929=ORIENTED_EDGE('',*,*,#3387,.F.);
#4930=ORIENTED_EDGE('',*,*,#3393,.F.);
#4931=ORIENTED_EDGE('',*,*,#3419,.F.);
#4932=ORIENTED_EDGE('',*,*,#3420,.T.);
#4933=ORIENTED_EDGE('',*,*,#3476,.T.);
#4934=ORIENTED_EDGE('',*,*,#3477,.T.);
#4935=ORIENTED_EDGE('',*,*,#3478,.T.);
#4936=ORIENTED_EDGE('',*,*,#3479,.T.);
#4937=ORIENTED_EDGE('',*,*,#3480,.F.);
#4938=ORIENTED_EDGE('',*,*,#3477,.F.);
#4939=ORIENTED_EDGE('',*,*,#3481,.F.);
#4940=ORIENTED_EDGE('',*,*,#3482,.F.);
#4941=ORIENTED_EDGE('',*,*,#3483,.F.);
#4942=ORIENTED_EDGE('',*,*,#3484,.F.);
#4943=ORIENTED_EDGE('',*,*,#3485,.T.);
#4944=ORIENTED_EDGE('',*,*,#3486,.F.);
#4945=ORIENTED_EDGE('',*,*,#3487,.F.);
#4946=ORIENTED_EDGE('',*,*,#3488,.F.);
#4947=ORIENTED_EDGE('',*,*,#3489,.F.);
#4948=ORIENTED_EDGE('',*,*,#3490,.F.);
#4949=ORIENTED_EDGE('',*,*,#3491,.F.);
#4950=ORIENTED_EDGE('',*,*,#3492,.F.);
#4951=ORIENTED_EDGE('',*,*,#3493,.F.);
#4952=ORIENTED_EDGE('',*,*,#3494,.F.);
#4953=ORIENTED_EDGE('',*,*,#3495,.F.);
#4954=ORIENTED_EDGE('',*,*,#3496,.F.);
#4955=ORIENTED_EDGE('',*,*,#3497,.F.);
#4956=ORIENTED_EDGE('',*,*,#3498,.F.);
#4957=ORIENTED_EDGE('',*,*,#3499,.T.);
#4958=ORIENTED_EDGE('',*,*,#3500,.T.);
#4959=ORIENTED_EDGE('',*,*,#3501,.T.);
#4960=ORIENTED_EDGE('',*,*,#3502,.T.);
#4961=ORIENTED_EDGE('',*,*,#3499,.F.);
#4962=ORIENTED_EDGE('',*,*,#3503,.T.);
#4963=ORIENTED_EDGE('',*,*,#3504,.F.);
#4964=ORIENTED_EDGE('',*,*,#3505,.T.);
#4965=ORIENTED_EDGE('',*,*,#3483,.T.);
#4966=ORIENTED_EDGE('',*,*,#3506,.F.);
#4967=ORIENTED_EDGE('',*,*,#3507,.T.);
#4968=ORIENTED_EDGE('',*,*,#3502,.F.);
#4969=ORIENTED_EDGE('',*,*,#3508,.F.);
#4970=ORIENTED_EDGE('',*,*,#3509,.T.);
#4971=ORIENTED_EDGE('',*,*,#3510,.T.);
#4972=ORIENTED_EDGE('',*,*,#3511,.F.);
#4973=ORIENTED_EDGE('',*,*,#3512,.F.);
#4974=ORIENTED_EDGE('',*,*,#3513,.F.);
#4975=ORIENTED_EDGE('',*,*,#3514,.F.);
#4976=ORIENTED_EDGE('',*,*,#3515,.F.);
#4977=ORIENTED_EDGE('',*,*,#3516,.F.);
#4978=ORIENTED_EDGE('',*,*,#3517,.F.);
#4979=ORIENTED_EDGE('',*,*,#3518,.F.);
#4980=ORIENTED_EDGE('',*,*,#3519,.F.);
#4981=ORIENTED_EDGE('',*,*,#3520,.F.);
#4982=ORIENTED_EDGE('',*,*,#3521,.F.);
#4983=ORIENTED_EDGE('',*,*,#3522,.F.);
#4984=ORIENTED_EDGE('',*,*,#3523,.F.);
#4985=ORIENTED_EDGE('',*,*,#3524,.F.);
#4986=ORIENTED_EDGE('',*,*,#3503,.F.);
#4987=ORIENTED_EDGE('',*,*,#3525,.T.);
#4988=ORIENTED_EDGE('',*,*,#3526,.T.);
#4989=ORIENTED_EDGE('',*,*,#3527,.T.);
#4990=ORIENTED_EDGE('',*,*,#3522,.T.);
#4991=ORIENTED_EDGE('',*,*,#3528,.T.);
#4992=ORIENTED_EDGE('',*,*,#3525,.F.);
#4993=ORIENTED_EDGE('',*,*,#3529,.F.);
#4994=ORIENTED_EDGE('',*,*,#3530,.T.);
#4995=ORIENTED_EDGE('',*,*,#3531,.F.);
#4996=ORIENTED_EDGE('',*,*,#3532,.T.);
#4997=ORIENTED_EDGE('',*,*,#3528,.F.);
#4998=ORIENTED_EDGE('',*,*,#3521,.T.);
#4999=ORIENTED_EDGE('',*,*,#3533,.T.);
#5000=ORIENTED_EDGE('',*,*,#3534,.T.);
#5001=ORIENTED_EDGE('',*,*,#3529,.T.);
#5002=ORIENTED_EDGE('',*,*,#3504,.T.);
#5003=ORIENTED_EDGE('',*,*,#3524,.T.);
#5004=ORIENTED_EDGE('',*,*,#3535,.T.);
#5005=ORIENTED_EDGE('',*,*,#3536,.T.);
#5006=ORIENTED_EDGE('',*,*,#3520,.T.);
#5007=ORIENTED_EDGE('',*,*,#3537,.T.);
#5008=ORIENTED_EDGE('',*,*,#3538,.T.);
#5009=ORIENTED_EDGE('',*,*,#3533,.F.);
#5010=ORIENTED_EDGE('',*,*,#3519,.T.);
#5011=ORIENTED_EDGE('',*,*,#3539,.T.);
#5012=ORIENTED_EDGE('',*,*,#3540,.T.);
#5013=ORIENTED_EDGE('',*,*,#3537,.F.);
#5014=ORIENTED_EDGE('',*,*,#3541,.F.);
#5015=ORIENTED_EDGE('',*,*,#3542,.F.);
#5016=ORIENTED_EDGE('',*,*,#3543,.F.);
#5017=ORIENTED_EDGE('',*,*,#3544,.F.);
#5018=ORIENTED_EDGE('',*,*,#3545,.F.);
#5019=ORIENTED_EDGE('',*,*,#3546,.F.);
#5020=ORIENTED_EDGE('',*,*,#3530,.F.);
#5021=ORIENTED_EDGE('',*,*,#3534,.F.);
#5022=ORIENTED_EDGE('',*,*,#3547,.F.);
#5023=ORIENTED_EDGE('',*,*,#3548,.F.);
#5024=ORIENTED_EDGE('',*,*,#3549,.F.);
#5025=ORIENTED_EDGE('',*,*,#3550,.F.);
#5026=ORIENTED_EDGE('',*,*,#3538,.F.);
#5027=ORIENTED_EDGE('',*,*,#3551,.T.);
#5028=ORIENTED_EDGE('',*,*,#3552,.F.);
#5029=ORIENTED_EDGE('',*,*,#3547,.T.);
#5030=ORIENTED_EDGE('',*,*,#3540,.F.);
#5031=ORIENTED_EDGE('',*,*,#3553,.F.);
#5032=ORIENTED_EDGE('',*,*,#3554,.F.);
#5033=ORIENTED_EDGE('',*,*,#3551,.F.);
#5034=ORIENTED_EDGE('',*,*,#3539,.F.);
#5035=ORIENTED_EDGE('',*,*,#3555,.F.);
#5036=ORIENTED_EDGE('',*,*,#3556,.T.);
#5037=ORIENTED_EDGE('',*,*,#3557,.T.);
#5038=ORIENTED_EDGE('',*,*,#3553,.T.);
#5039=ORIENTED_EDGE('',*,*,#3513,.T.);
#5040=ORIENTED_EDGE('',*,*,#3558,.T.);
#5041=ORIENTED_EDGE('',*,*,#3559,.T.);
#5042=ORIENTED_EDGE('',*,*,#3560,.T.);
#5043=ORIENTED_EDGE('',*,*,#3561,.T.);
#5044=ORIENTED_EDGE('',*,*,#3555,.T.);
#5045=ORIENTED_EDGE('',*,*,#3518,.T.);
#5046=ORIENTED_EDGE('',*,*,#3562,.T.);
#5047=ORIENTED_EDGE('',*,*,#3563,.T.);
#5048=ORIENTED_EDGE('',*,*,#3517,.T.);
#5049=ORIENTED_EDGE('',*,*,#3564,.T.);
#5050=ORIENTED_EDGE('',*,*,#3565,.T.);
#5051=ORIENTED_EDGE('',*,*,#3562,.F.);
#5052=ORIENTED_EDGE('',*,*,#3566,.T.);
#5053=ORIENTED_EDGE('',*,*,#3567,.T.);
#5054=ORIENTED_EDGE('',*,*,#3515,.T.);
#5055=ORIENTED_EDGE('',*,*,#3568,.T.);
#5056=ORIENTED_EDGE('',*,*,#3569,.T.);
#5057=ORIENTED_EDGE('',*,*,#3516,.T.);
#5058=ORIENTED_EDGE('',*,*,#3567,.F.);
#5059=ORIENTED_EDGE('',*,*,#3570,.T.);
#5060=ORIENTED_EDGE('',*,*,#3571,.T.);
#5061=ORIENTED_EDGE('',*,*,#3564,.F.);
#5062=ORIENTED_EDGE('',*,*,#3572,.T.);
#5063=ORIENTED_EDGE('',*,*,#3568,.F.);
#5064=ORIENTED_EDGE('',*,*,#3514,.T.);
#5065=ORIENTED_EDGE('',*,*,#3560,.F.);
#5066=ORIENTED_EDGE('',*,*,#3573,.T.);
#5067=ORIENTED_EDGE('',*,*,#3561,.F.);
#5068=ORIENTED_EDGE('',*,*,#3574,.F.);
#5069=ORIENTED_EDGE('',*,*,#3575,.F.);
#5070=ORIENTED_EDGE('',*,*,#3556,.F.);
#5071=ORIENTED_EDGE('',*,*,#3565,.F.);
#5072=ORIENTED_EDGE('',*,*,#3571,.F.);
#5073=ORIENTED_EDGE('',*,*,#3576,.T.);
#5074=ORIENTED_EDGE('',*,*,#3577,.F.);
#5075=ORIENTED_EDGE('',*,*,#3578,.F.);
#5076=ORIENTED_EDGE('',*,*,#3579,.F.);
#5077=ORIENTED_EDGE('',*,*,#3580,.F.);
#5078=ORIENTED_EDGE('',*,*,#3581,.T.);
#5079=ORIENTED_EDGE('',*,*,#3582,.F.);
#5080=ORIENTED_EDGE('',*,*,#3583,.F.);
#5081=ORIENTED_EDGE('',*,*,#3584,.T.);
#5082=ORIENTED_EDGE('',*,*,#3585,.T.);
#5083=ORIENTED_EDGE('',*,*,#3574,.T.);
#5084=ORIENTED_EDGE('',*,*,#3563,.F.);
#5085=ORIENTED_EDGE('',*,*,#3570,.F.);
#5086=ORIENTED_EDGE('',*,*,#3586,.F.);
#5087=ORIENTED_EDGE('',*,*,#3587,.F.);
#5088=ORIENTED_EDGE('',*,*,#3576,.F.);
#5089=ORIENTED_EDGE('',*,*,#3566,.F.);
#5090=ORIENTED_EDGE('',*,*,#3588,.T.);
#5091=ORIENTED_EDGE('',*,*,#3589,.F.);
#5092=ORIENTED_EDGE('',*,*,#3590,.F.);
#5093=ORIENTED_EDGE('',*,*,#3586,.T.);
#5094=ORIENTED_EDGE('',*,*,#3591,.T.);
#5095=ORIENTED_EDGE('',*,*,#3580,.T.);
#5096=ORIENTED_EDGE('',*,*,#3592,.T.);
#5097=ORIENTED_EDGE('',*,*,#3493,.T.);
#5098=ORIENTED_EDGE('',*,*,#3593,.T.);
#5099=ORIENTED_EDGE('',*,*,#3594,.T.);
#5100=ORIENTED_EDGE('',*,*,#3595,.T.);
#5101=ORIENTED_EDGE('',*,*,#3495,.T.);
#5102=ORIENTED_EDGE('',*,*,#3596,.T.);
#5103=ORIENTED_EDGE('',*,*,#3578,.T.);
#5104=ORIENTED_EDGE('',*,*,#3589,.T.);
#5105=ORIENTED_EDGE('',*,*,#3597,.T.);
#5106=ORIENTED_EDGE('',*,*,#3598,.T.);
#5107=ORIENTED_EDGE('',*,*,#3496,.T.);
#5108=ORIENTED_EDGE('',*,*,#3595,.F.);
#5109=ORIENTED_EDGE('',*,*,#3599,.T.);
#5110=ORIENTED_EDGE('',*,*,#3600,.T.);
#5111=ORIENTED_EDGE('',*,*,#3601,.T.);
#5112=ORIENTED_EDGE('',*,*,#3498,.T.);
#5113=ORIENTED_EDGE('',*,*,#3602,.T.);
#5114=ORIENTED_EDGE('',*,*,#3603,.T.);
#5115=ORIENTED_EDGE('',*,*,#3604,.T.);
#5116=ORIENTED_EDGE('',*,*,#3602,.F.);
#5117=ORIENTED_EDGE('',*,*,#3497,.T.);
#5118=ORIENTED_EDGE('',*,*,#3598,.F.);
#5119=ORIENTED_EDGE('',*,*,#3579,.T.);
#5120=ORIENTED_EDGE('',*,*,#3596,.F.);
#5121=ORIENTED_EDGE('',*,*,#3494,.T.);
#5122=ORIENTED_EDGE('',*,*,#3592,.F.);
#5123=ORIENTED_EDGE('',*,*,#3492,.T.);
#5124=ORIENTED_EDGE('',*,*,#3605,.T.);
#5125=ORIENTED_EDGE('',*,*,#3606,.T.);
#5126=ORIENTED_EDGE('',*,*,#3593,.F.);
#5127=ORIENTED_EDGE('',*,*,#3581,.F.);
#5128=ORIENTED_EDGE('',*,*,#3591,.F.);
#5129=ORIENTED_EDGE('',*,*,#3607,.T.);
#5130=ORIENTED_EDGE('',*,*,#3608,.F.);
#5131=ORIENTED_EDGE('',*,*,#3606,.F.);
#5132=ORIENTED_EDGE('',*,*,#3609,.F.);
#5133=ORIENTED_EDGE('',*,*,#3610,.F.);
#5134=ORIENTED_EDGE('',*,*,#3611,.F.);
#5135=ORIENTED_EDGE('',*,*,#3607,.F.);
#5136=ORIENTED_EDGE('',*,*,#3605,.F.);
#5137=ORIENTED_EDGE('',*,*,#3612,.F.);
#5138=ORIENTED_EDGE('',*,*,#3613,.T.);
#5139=ORIENTED_EDGE('',*,*,#3614,.T.);
#5140=ORIENTED_EDGE('',*,*,#3609,.T.);
#5141=ORIENTED_EDGE('',*,*,#3615,.T.);
#5142=ORIENTED_EDGE('',*,*,#3616,.T.);
#5143=ORIENTED_EDGE('',*,*,#3506,.T.);
#5144=ORIENTED_EDGE('',*,*,#3482,.T.);
#5145=ORIENTED_EDGE('',*,*,#3500,.F.);
#5146=ORIENTED_EDGE('',*,*,#3507,.F.);
#5147=ORIENTED_EDGE('',*,*,#3616,.F.);
#5148=ORIENTED_EDGE('',*,*,#3617,.T.);
#5149=ORIENTED_EDGE('',*,*,#3487,.T.);
#5150=ORIENTED_EDGE('',*,*,#3618,.T.);
#5151=ORIENTED_EDGE('',*,*,#3619,.T.);
#5152=ORIENTED_EDGE('',*,*,#3620,.T.);
#5153=ORIENTED_EDGE('',*,*,#3531,.T.);
#5154=ORIENTED_EDGE('',*,*,#3621,.T.);
#5155=ORIENTED_EDGE('',*,*,#3488,.T.);
#5156=ORIENTED_EDGE('',*,*,#3620,.F.);
#5157=ORIENTED_EDGE('',*,*,#3622,.T.);
#5158=ORIENTED_EDGE('',*,*,#3623,.T.);
#5159=ORIENTED_EDGE('',*,*,#3612,.T.);
#5160=ORIENTED_EDGE('',*,*,#3491,.T.);
#5161=ORIENTED_EDGE('',*,*,#3624,.T.);
#5162=ORIENTED_EDGE('',*,*,#3625,.T.);
#5163=ORIENTED_EDGE('',*,*,#3624,.F.);
#5164=ORIENTED_EDGE('',*,*,#3490,.T.);
#5165=ORIENTED_EDGE('',*,*,#3626,.T.);
#5166=ORIENTED_EDGE('',*,*,#3621,.F.);
#5167=ORIENTED_EDGE('',*,*,#3546,.T.);
#5168=ORIENTED_EDGE('',*,*,#3626,.F.);
#5169=ORIENTED_EDGE('',*,*,#3489,.T.);
#5170=ORIENTED_EDGE('',*,*,#3527,.F.);
#5171=ORIENTED_EDGE('',*,*,#3627,.F.);
#5172=ORIENTED_EDGE('',*,*,#3618,.F.);
#5173=ORIENTED_EDGE('',*,*,#3486,.T.);
#5174=ORIENTED_EDGE('',*,*,#3628,.T.);
#5175=ORIENTED_EDGE('',*,*,#3629,.F.);
#5176=ORIENTED_EDGE('',*,*,#3535,.F.);
#5177=ORIENTED_EDGE('',*,*,#3523,.T.);
#5178=ORIENTED_EDGE('',*,*,#3630,.T.);
#5179=ORIENTED_EDGE('',*,*,#3631,.T.);
#5180=ORIENTED_EDGE('',*,*,#3632,.T.);
#5181=ORIENTED_EDGE('',*,*,#3633,.T.);
#5182=ORIENTED_EDGE('',*,*,#3485,.F.);
#5183=ORIENTED_EDGE('',*,*,#3634,.T.);
#5184=ORIENTED_EDGE('',*,*,#3631,.F.);
#5185=ORIENTED_EDGE('',*,*,#3633,.F.);
#5186=ORIENTED_EDGE('',*,*,#3635,.F.);
#5187=ORIENTED_EDGE('',*,*,#3628,.F.);
#5188=ORIENTED_EDGE('',*,*,#3634,.F.);
#5189=ORIENTED_EDGE('',*,*,#3636,.F.);
#5190=ORIENTED_EDGE('',*,*,#3635,.T.);
#5191=ORIENTED_EDGE('',*,*,#3632,.F.);
#5192=ORIENTED_EDGE('',*,*,#3630,.F.);
#5193=ORIENTED_EDGE('',*,*,#3637,.T.);
#5194=ORIENTED_EDGE('',*,*,#3638,.T.);
#5195=ORIENTED_EDGE('',*,*,#3639,.T.);
#5196=ORIENTED_EDGE('',*,*,#3509,.F.);
#5197=ORIENTED_EDGE('',*,*,#3510,.F.);
#5198=ORIENTED_EDGE('',*,*,#3639,.F.);
#5199=ORIENTED_EDGE('',*,*,#3638,.F.);
#5200=ORIENTED_EDGE('',*,*,#3640,.T.);
#5201=ORIENTED_EDGE('',*,*,#3614,.F.);
#5202=ORIENTED_EDGE('',*,*,#3641,.T.);
#5203=ORIENTED_EDGE('',*,*,#3642,.F.);
#5204=ORIENTED_EDGE('',*,*,#3643,.T.);
#5205=ORIENTED_EDGE('',*,*,#3644,.T.);
#5206=ORIENTED_EDGE('',*,*,#3645,.T.);
#5207=ORIENTED_EDGE('',*,*,#3646,.T.);
#5208=ORIENTED_EDGE('',*,*,#3623,.F.);
#5209=ORIENTED_EDGE('',*,*,#3647,.F.);
#5210=ORIENTED_EDGE('',*,*,#3641,.F.);
#5211=ORIENTED_EDGE('',*,*,#3613,.F.);
#5212=ORIENTED_EDGE('',*,*,#3557,.F.);
#5213=ORIENTED_EDGE('',*,*,#3648,.T.);
#5214=ORIENTED_EDGE('',*,*,#3649,.T.);
#5215=ORIENTED_EDGE('',*,*,#3650,.T.);
#5216=ORIENTED_EDGE('',*,*,#3651,.T.);
#5217=ORIENTED_EDGE('',*,*,#3554,.T.);
#5218=ORIENTED_EDGE('',*,*,#3652,.T.);
#5219=ORIENTED_EDGE('',*,*,#3542,.T.);
#5220=ORIENTED_EDGE('',*,*,#3653,.T.);
#5221=ORIENTED_EDGE('',*,*,#3654,.T.);
#5222=ORIENTED_EDGE('',*,*,#3655,.F.);
#5223=ORIENTED_EDGE('',*,*,#3656,.T.);
#5224=ORIENTED_EDGE('',*,*,#3653,.F.);
#5225=ORIENTED_EDGE('',*,*,#3541,.T.);
#5226=ORIENTED_EDGE('',*,*,#3655,.T.);
#5227=ORIENTED_EDGE('',*,*,#3550,.T.);
#5228=ORIENTED_EDGE('',*,*,#3657,.T.);
#5229=ORIENTED_EDGE('',*,*,#3658,.T.);
#5230=ORIENTED_EDGE('',*,*,#3656,.F.);
#5231=ORIENTED_EDGE('',*,*,#3659,.T.);
#5232=ORIENTED_EDGE('',*,*,#3582,.T.);
#5233=ORIENTED_EDGE('',*,*,#3608,.T.);
#5234=ORIENTED_EDGE('',*,*,#3611,.T.);
#5235=ORIENTED_EDGE('',*,*,#3660,.T.);
#5236=ORIENTED_EDGE('',*,*,#3661,.T.);
#5237=ORIENTED_EDGE('',*,*,#3662,.T.);
#5238=ORIENTED_EDGE('',*,*,#3654,.F.);
#5239=ORIENTED_EDGE('',*,*,#3658,.F.);
#5240=ORIENTED_EDGE('',*,*,#3663,.T.);
#5241=ORIENTED_EDGE('',*,*,#3664,.T.);
#5242=ORIENTED_EDGE('',*,*,#3665,.T.);
#5243=ORIENTED_EDGE('',*,*,#3583,.T.);
#5244=ORIENTED_EDGE('',*,*,#3659,.F.);
#5245=ORIENTED_EDGE('',*,*,#3666,.F.);
#5246=ORIENTED_EDGE('',*,*,#3667,.F.);
#5247=ORIENTED_EDGE('',*,*,#3666,.T.);
#5248=ORIENTED_EDGE('',*,*,#3668,.T.);
#5249=ORIENTED_EDGE('',*,*,#3644,.F.);
#5250=ORIENTED_EDGE('',*,*,#3669,.F.);
#5251=ORIENTED_EDGE('',*,*,#3661,.F.);
#5252=ORIENTED_EDGE('',*,*,#3670,.F.);
#5253=ORIENTED_EDGE('',*,*,#3645,.F.);
#5254=ORIENTED_EDGE('',*,*,#3668,.F.);
#5255=ORIENTED_EDGE('',*,*,#3671,.F.);
#5256=ORIENTED_EDGE('',*,*,#3672,.F.);
#5257=ORIENTED_EDGE('',*,*,#3665,.F.);
#5258=ORIENTED_EDGE('',*,*,#3673,.F.);
#5259=ORIENTED_EDGE('',*,*,#3671,.T.);
#5260=ORIENTED_EDGE('',*,*,#3673,.T.);
#5261=ORIENTED_EDGE('',*,*,#3664,.F.);
#5262=ORIENTED_EDGE('',*,*,#3674,.F.);
#5263=ORIENTED_EDGE('',*,*,#3649,.F.);
#5264=ORIENTED_EDGE('',*,*,#3675,.F.);
#5265=ORIENTED_EDGE('',*,*,#3584,.F.);
#5266=ORIENTED_EDGE('',*,*,#3670,.T.);
#5267=ORIENTED_EDGE('',*,*,#3660,.F.);
#5268=ORIENTED_EDGE('',*,*,#3610,.T.);
#5269=ORIENTED_EDGE('',*,*,#3646,.F.);
#5270=ORIENTED_EDGE('',*,*,#3674,.T.);
#5271=ORIENTED_EDGE('',*,*,#3663,.F.);
#5272=ORIENTED_EDGE('',*,*,#3657,.F.);
#5273=ORIENTED_EDGE('',*,*,#3549,.T.);
#5274=ORIENTED_EDGE('',*,*,#3676,.F.);
#5275=ORIENTED_EDGE('',*,*,#3650,.F.);
#5276=ORIENTED_EDGE('',*,*,#3676,.T.);
#5277=ORIENTED_EDGE('',*,*,#3548,.T.);
#5278=ORIENTED_EDGE('',*,*,#3552,.T.);
#5279=ORIENTED_EDGE('',*,*,#3651,.F.);
#5280=ORIENTED_EDGE('',*,*,#3675,.T.);
#5281=ORIENTED_EDGE('',*,*,#3648,.F.);
#5282=ORIENTED_EDGE('',*,*,#3575,.T.);
#5283=ORIENTED_EDGE('',*,*,#3585,.F.);
#5284=ORIENTED_EDGE('',*,*,#3677,.T.);
#5285=ORIENTED_EDGE('',*,*,#3544,.T.);
#5286=ORIENTED_EDGE('',*,*,#3678,.T.);
#5287=ORIENTED_EDGE('',*,*,#3642,.T.);
#5288=ORIENTED_EDGE('',*,*,#3625,.F.);
#5289=ORIENTED_EDGE('',*,*,#3545,.T.);
#5290=ORIENTED_EDGE('',*,*,#3677,.F.);
#5291=ORIENTED_EDGE('',*,*,#3647,.T.);
#5292=ORIENTED_EDGE('',*,*,#3640,.F.);
#5293=ORIENTED_EDGE('',*,*,#3679,.T.);
#5294=ORIENTED_EDGE('',*,*,#3672,.T.);
#5295=ORIENTED_EDGE('',*,*,#3679,.F.);
#5296=ORIENTED_EDGE('',*,*,#3637,.F.);
#5297=ORIENTED_EDGE('',*,*,#3680,.T.);
#5298=ORIENTED_EDGE('',*,*,#3667,.T.);
#5299=ORIENTED_EDGE('',*,*,#3680,.F.);
#5300=ORIENTED_EDGE('',*,*,#3594,.F.);
#5301=ORIENTED_EDGE('',*,*,#3577,.T.);
#5302=ORIENTED_EDGE('',*,*,#3587,.T.);
#5303=ORIENTED_EDGE('',*,*,#3590,.T.);
#5304=ORIENTED_EDGE('',*,*,#3599,.F.);
#5305=ORIENTED_EDGE('',*,*,#3526,.F.);
#5306=ORIENTED_EDGE('',*,*,#3532,.F.);
#5307=ORIENTED_EDGE('',*,*,#3622,.F.);
#5308=ORIENTED_EDGE('',*,*,#3619,.F.);
#5309=ORIENTED_EDGE('',*,*,#3627,.T.);
#5310=ORIENTED_EDGE('',*,*,#3669,.T.);
#5311=ORIENTED_EDGE('',*,*,#3643,.F.);
#5312=ORIENTED_EDGE('',*,*,#3678,.F.);
#5313=ORIENTED_EDGE('',*,*,#3543,.T.);
#5314=ORIENTED_EDGE('',*,*,#3652,.F.);
#5315=ORIENTED_EDGE('',*,*,#3662,.F.);
#5316=ORIENTED_EDGE('',*,*,#3558,.F.);
#5317=ORIENTED_EDGE('',*,*,#3512,.T.);
#5318=ORIENTED_EDGE('',*,*,#3681,.F.);
#5319=ORIENTED_EDGE('',*,*,#3478,.F.);
#5320=ORIENTED_EDGE('',*,*,#3480,.T.);
#5321=ORIENTED_EDGE('',*,*,#3601,.F.);
#5322=ORIENTED_EDGE('',*,*,#3682,.T.);
#5323=ORIENTED_EDGE('',*,*,#3479,.F.);
#5324=ORIENTED_EDGE('',*,*,#3681,.T.);
#5325=ORIENTED_EDGE('',*,*,#3511,.T.);
#5326=ORIENTED_EDGE('',*,*,#3683,.F.);
#5327=ORIENTED_EDGE('',*,*,#3501,.F.);
#5328=ORIENTED_EDGE('',*,*,#3617,.F.);
#5329=ORIENTED_EDGE('',*,*,#3615,.F.);
#5330=ORIENTED_EDGE('',*,*,#3481,.T.);
#5331=ORIENTED_EDGE('',*,*,#3476,.F.);
#5332=ORIENTED_EDGE('',*,*,#3683,.T.);
#5333=ORIENTED_EDGE('',*,*,#3508,.T.);
#5334=ORIENTED_EDGE('',*,*,#3559,.F.);
#5335=ORIENTED_EDGE('',*,*,#3682,.F.);
#5336=ORIENTED_EDGE('',*,*,#3600,.F.);
#5337=ORIENTED_EDGE('',*,*,#3604,.F.);
#5338=ORIENTED_EDGE('',*,*,#3684,.T.);
#5339=ORIENTED_EDGE('',*,*,#3573,.F.);
#5340=ORIENTED_EDGE('',*,*,#3572,.F.);
#5341=ORIENTED_EDGE('',*,*,#3684,.F.);
#5342=ORIENTED_EDGE('',*,*,#3603,.F.);
#5343=ORIENTED_EDGE('',*,*,#3597,.F.);
#5344=ORIENTED_EDGE('',*,*,#3588,.F.);
#5345=ORIENTED_EDGE('',*,*,#3569,.F.);
#5346=ORIENTED_EDGE('',*,*,#3536,.F.);
#5347=ORIENTED_EDGE('',*,*,#3629,.T.);
#5348=ORIENTED_EDGE('',*,*,#3636,.T.);
#5349=ORIENTED_EDGE('',*,*,#3484,.T.);
#5350=ORIENTED_EDGE('',*,*,#3505,.F.);
#5351=B_SPLINE_SURFACE_WITH_KNOTS('',3,3,((#7776,#7777,#7778,#7779,#7780,
#7781,#7782),(#7783,#7784,#7785,#7786,#7787,#7788,#7789),(#7790,#7791,#7792,
#7793,#7794,#7795,#7796),(#7797,#7798,#7799,#7800,#7801,#7802,#7803)),
 .UNSPECIFIED.,.F.,.F.,.F.,(4,4),(4,1,1,1,4),(0.,1.),(-2.75207804247736,
-2.36538137945497,-1.59198805341018,-0.818594727365397,-0.0452014013206123),
 .UNSPECIFIED.);
#5352=B_SPLINE_SURFACE_WITH_KNOTS('',3,3,((#8126,#8127,#8128,#8129,#8130),
(#8131,#8132,#8133,#8134,#8135),(#8136,#8137,#8138,#8139,#8140),(#8141,
#8142,#8143,#8144,#8145)),.UNSPECIFIED.,.F.,.F.,.F.,(4,4),(4,1,4),(0.,1.),
(0.334836170641477,0.912342501816838,1.34547225019836),.UNSPECIFIED.);
#5353=B_SPLINE_SURFACE_WITH_KNOTS('',3,3,((#8745,#8746,#8747,#8748,#8749),
(#8750,#8751,#8752,#8753,#8754),(#8755,#8756,#8757,#8758,#8759),(#8760,
#8761,#8762,#8763,#8764),(#8765,#8766,#8767,#8768,#8769)),.UNSPECIFIED.,
 .F.,.F.,.F.,(4,1,4),(4,1,4),(0.,0.571428571428571,1.),(2.07232183377998,
2.33815485044634,2.53752961294611),.UNSPECIFIED.);
#5354=B_SPLINE_SURFACE_WITH_KNOTS('',3,3,((#8839,#8840,#8841,#8842),(#8843,
#8844,#8845,#8846),(#8847,#8848,#8849,#8850),(#8851,#8852,#8853,#8854),
(#8855,#8856,#8857,#8858),(#8859,#8860,#8861,#8862)),.UNSPECIFIED.,.F.,
 .F.,.F.,(4,1,1,4),(4,4),(0.,0.285714285714286,0.571428571428571,1.),(1.57489721028786,
1.83518118700156),.UNSPECIFIED.);
#5355=B_SPLINE_SURFACE_WITH_KNOTS('',3,3,((#8945,#8946,#8947,#8948),(#8949,
#8950,#8951,#8952),(#8953,#8954,#8955,#8956),(#8957,#8958,#8959,#8960),
(#8961,#8962,#8963,#8964)),.UNSPECIFIED.,.F.,.F.,.F.,(4,1,4),(4,4),(0.,
0.5,1.),(2.62786580636942,2.90126038785781),.UNSPECIFIED.);
#5356=B_SPLINE_SURFACE_WITH_KNOTS('',3,3,((#9006,#9007,#9008,#9009),(#9010,
#9011,#9012,#9013),(#9014,#9015,#9016,#9017),(#9018,#9019,#9020,#9021),
(#9022,#9023,#9024,#9025)),.UNSPECIFIED.,.F.,.F.,.F.,(4,1,4),(4,4),(0.,
0.5,1.),(4.01761776382254,4.29101052507089),.UNSPECIFIED.);
#5357=B_SPLINE_SURFACE_WITH_KNOTS('',3,3,((#9080,#9081,#9082,#9083),(#9084,
#9085,#9086,#9087),(#9088,#9089,#9090,#9091),(#9092,#9093,#9094,#9095),
(#9096,#9097,#9098,#9099),(#9100,#9101,#9102,#9103)),.UNSPECIFIED.,.F.,
 .F.,.F.,(4,1,1,4),(4,4),(0.,0.285714285714286,0.571428571428571,1.),(0.67883758731249,
0.93923547017123),.UNSPECIFIED.);
#5358=B_SPLINE_SURFACE_WITH_KNOTS('',3,3,((#9139,#9140,#9141,#9142),(#9143,
#9144,#9145,#9146),(#9147,#9148,#9149,#9150),(#9151,#9152,#9153,#9154),
(#9155,#9156,#9157,#9158)),.UNSPECIFIED.,.F.,.F.,.F.,(4,1,4),(4,4),(0.,
0.5,1.),(0.806834612957132,1.01932262301508),.UNSPECIFIED.);
#5359=B_SPLINE_SURFACE_WITH_KNOTS('',3,3,((#9182,#9183,#9184,#9185,#9186),
(#9187,#9188,#9189,#9190,#9191),(#9192,#9193,#9194,#9195,#9196),(#9197,
#9198,#9199,#9200,#9201),(#9202,#9203,#9204,#9205,#9206)),.UNSPECIFIED.,
 .F.,.F.,.F.,(4,1,4),(4,1,4),(0.,0.571428571428571,1.),(2.86035745035026,
3.12626275932581,3.32569174105747),.UNSPECIFIED.);
#5360=B_SPLINE_SURFACE_WITH_KNOTS('',3,3,((#9283,#9284,#9285,#9286),(#9287,
#9288,#9289,#9290),(#9291,#9292,#9293,#9294),(#9295,#9296,#9297,#9298),
(#9299,#9300,#9301,#9302)),.UNSPECIFIED.,.F.,.F.,.F.,(4,1,4),(4,4),(0.,
0.5,1.),(0.561229866931397,0.773718056463488),.UNSPECIFIED.);
#5361=B_SPLINE_SURFACE_WITH_KNOTS('',3,3,((#9430,#9431,#9432,#9433,#9434,
#9435,#9436),(#9437,#9438,#9439,#9440,#9441,#9442,#9443),(#9444,#9445,#9446,
#9447,#9448,#9449,#9450),(#9451,#9452,#9453,#9454,#9455,#9456,#9457)),
 .UNSPECIFIED.,.F.,.F.,.F.,(4,4),(4,3,4),(0.,1.),(0.865821755876169,0.918062273431191,
0.918274317435173),.UNSPECIFIED.);
#5362=B_SPLINE_SURFACE_WITH_KNOTS('',3,3,((#9619,#9620,#9621,#9622,#9623,
#9624,#9625,#9626,#9627),(#9628,#9629,#9630,#9631,#9632,#9633,#9634,#9635,
#9636),(#9637,#9638,#9639,#9640,#9641,#9642,#9643,#9644,#9645),(#9646,#9647,
#9648,#9649,#9650,#9651,#9652,#9653,#9654)),.UNSPECIFIED.,.F.,.F.,.F.,(4,
4),(4,1,1,1,1,1,4),(0.,1.),(-3.14159265358979,-2.69279370307697,-2.24399475256414,
-1.79519580205132,-1.3463968515385,-0.448798950512849,-2.56976096297043E-14),
 .UNSPECIFIED.);
#5363=B_SPLINE_SURFACE_WITH_KNOTS('',3,3,((#9826,#9827,#9828,#9829,#9830,
#9831,#9832),(#9833,#9834,#9835,#9836,#9837,#9838,#9839),(#9840,#9841,#9842,
#9843,#9844,#9845,#9846),(#9847,#9848,#9849,#9850,#9851,#9852,#9853)),
 .UNSPECIFIED.,.F.,.F.,.F.,(4,4),(4,1,1,1,4),(0.,1.),(0.504741158724946,
0.799486371079729,1.38897679578929,1.97846722049886,2.56795764520842),
 .UNSPECIFIED.);
#5364=B_SPLINE_SURFACE_WITH_KNOTS('',3,3,((#10035,#10036,#10037,#10038,
#10039,#10040,#10041,#10042,#10043,#10044),(#10045,#10046,#10047,#10048,
#10049,#10050,#10051,#10052,#10053,#10054),(#10055,#10056,#10057,#10058,
#10059,#10060,#10061,#10062,#10063,#10064),(#10065,#10066,#10067,#10068,
#10069,#10070,#10071,#10072,#10073,#10074)),.UNSPECIFIED.,.F.,.F.,.F.,(4,
4),(4,1,1,1,1,1,1,4),(0.,1.),(0.0316287869120269,0.475752859365384,0.919876931818741,
1.3640010042721,1.80812507672545,2.25224914917881,2.69637322163217,3.14049729408553),
 .UNSPECIFIED.);
#5365=B_SPLINE_SURFACE_WITH_KNOTS('',3,3,((#10214,#10215,#10216,#10217),
(#10218,#10219,#10220,#10221),(#10222,#10223,#10224,#10225),(#10226,#10227,
#10228,#10229)),.UNSPECIFIED.,.F.,.F.,.F.,(4,4),(4,4),(0.,1.),(-0.0705044900716977,
0.0709513835754768),.UNSPECIFIED.);
#5366=B_SPLINE_SURFACE_WITH_KNOTS('',3,3,((#10288,#10289,#10290,#10291,
#10292,#10293,#10294),(#10295,#10296,#10297,#10298,#10299,#10300,#10301),
(#10302,#10303,#10304,#10305,#10306,#10307,#10308),(#10309,#10310,#10311,
#10312,#10313,#10314,#10315)),.UNSPECIFIED.,.F.,.F.,.F.,(4,4),(4,3,4),(0.,
1.),(0.865079541563451,0.865589635293374,0.917592254617458),
 .UNSPECIFIED.);
#5367=B_SPLINE_SURFACE_WITH_KNOTS('',3,3,((#10364,#10365,#10366,#10367),
(#10368,#10369,#10370,#10371),(#10372,#10373,#10374,#10375),(#10376,#10377,
#10378,#10379)),.UNSPECIFIED.,.F.,.F.,.F.,(4,4),(4,4),(0.,1.),(-0.0709513835754715,
0.0705044859774606),.UNSPECIFIED.);
#5368=B_SPLINE_SURFACE_WITH_KNOTS('',3,3,((#10431,#10432,#10433,#10434,
#10435),(#10436,#10437,#10438,#10439,#10440),(#10441,#10442,#10443,#10444,
#10445),(#10446,#10447,#10448,#10449,#10450)),.UNSPECIFIED.,.F.,.F.,.F.,
(4,4),(4,1,4),(0.,1.),(0.000259788268366223,0.0634682672232971,0.0637497832644025),
 .UNSPECIFIED.);
#5369=B_SPLINE_SURFACE_WITH_KNOTS('',3,3,((#10534,#10535,#10536,#10537),
(#10538,#10539,#10540,#10541),(#10542,#10543,#10544,#10545),(#10546,#10547,
#10548,#10549)),.UNSPECIFIED.,.F.,.F.,.F.,(4,4),(4,4),(0.,1.),(0.779851638664902,
1.57080968036815),.UNSPECIFIED.);
#5370=B_SPLINE_SURFACE_WITH_KNOTS('',3,3,((#10570,#10571,#10572,#10573),
(#10574,#10575,#10576,#10577),(#10578,#10579,#10580,#10581),(#10582,#10583,
#10584,#10585)),.UNSPECIFIED.,.F.,.F.,.F.,(4,4),(4,4),(0.,1.),(-1.5707963267949,
-1.54400717660275),.UNSPECIFIED.);
#5371=B_SPLINE_SURFACE_WITH_KNOTS('',3,3,((#10592,#10593,#10594,#10595,
#10596),(#10597,#10598,#10599,#10600,#10601),(#10602,#10603,#10604,#10605,
#10606),(#10607,#10608,#10609,#10610,#10611)),.UNSPECIFIED.,.F.,.F.,.F.,
(4,4),(4,1,4),(0.,1.),(-1.54400717660275,-1.08584883208694,-0.742230073700078),
 .UNSPECIFIED.);
#5372=ADVANCED_FACE('',(#1568),#5351,.T.);
#5373=ADVANCED_FACE('',(#1569),#1387,.T.);
#5374=ADVANCED_FACE('',(#1570),#306,.T.);
#5375=ADVANCED_FACE('',(#1571),#1388,.T.);
#5376=ADVANCED_FACE('',(#1572),#307,.T.);
#5377=ADVANCED_FACE('',(#1573),#1389,.T.);
#5378=ADVANCED_FACE('',(#1574),#308,.T.);
#5379=ADVANCED_FACE('',(#1575),#1390,.T.);
#5380=ADVANCED_FACE('',(#1576),#309,.F.);
#5381=ADVANCED_FACE('',(#1577),#1391,.T.);
#5382=ADVANCED_FACE('',(#1578),#310,.T.);
#5383=ADVANCED_FACE('',(#1579),#1392,.T.);
#5384=ADVANCED_FACE('',(#1580),#311,.T.);
#5385=ADVANCED_FACE('',(#1581),#1393,.T.);
#5386=ADVANCED_FACE('',(#1582),#312,.T.);
#5387=ADVANCED_FACE('',(#1583),#1394,.T.);
#5388=ADVANCED_FACE('',(#1584),#313,.T.);
#5389=ADVANCED_FACE('',(#1585),#1395,.T.);
#5390=ADVANCED_FACE('',(#1586),#314,.F.);
#5391=ADVANCED_FACE('',(#1587),#1396,.T.);
#5392=ADVANCED_FACE('',(#1588),#315,.T.);
#5393=ADVANCED_FACE('',(#1589),#1397,.T.);
#5394=ADVANCED_FACE('',(#1590),#316,.T.);
#5395=ADVANCED_FACE('',(#1591),#1398,.T.);
#5396=ADVANCED_FACE('',(#1592),#317,.T.);
#5397=ADVANCED_FACE('',(#1593),#1399,.T.);
#5398=ADVANCED_FACE('',(#1594),#318,.F.);
#5399=ADVANCED_FACE('',(#1595),#1400,.T.);
#5400=ADVANCED_FACE('',(#1596),#319,.F.);
#5401=ADVANCED_FACE('',(#1597),#1401,.T.);
#5402=ADVANCED_FACE('',(#1598),#320,.T.);
#5403=ADVANCED_FACE('',(#1599),#1402,.T.);
#5404=ADVANCED_FACE('',(#1600),#321,.T.);
#5405=ADVANCED_FACE('',(#1601),#1403,.T.);
#5406=ADVANCED_FACE('',(#1602),#1404,.F.);
#5407=ADVANCED_FACE('',(#1603),#88,.T.);
#5408=ADVANCED_FACE('',(#1604),#1405,.F.);
#5409=ADVANCED_FACE('',(#1605),#89,.T.);
#5410=ADVANCED_FACE('',(#1606),#1406,.F.);
#5411=ADVANCED_FACE('',(#1607),#90,.T.);
#5412=ADVANCED_FACE('',(#1608),#1407,.F.);
#5413=ADVANCED_FACE('',(#1609),#91,.T.);
#5414=ADVANCED_FACE('',(#1610),#1408,.F.);
#5415=ADVANCED_FACE('',(#1611),#92,.F.);
#5416=ADVANCED_FACE('',(#1612),#1409,.F.);
#5417=ADVANCED_FACE('',(#1613),#93,.T.);
#5418=ADVANCED_FACE('',(#1614),#1410,.F.);
#5419=ADVANCED_FACE('',(#1615),#94,.T.);
#5420=ADVANCED_FACE('',(#1616),#1411,.F.);
#5421=ADVANCED_FACE('',(#1617),#95,.T.);
#5422=ADVANCED_FACE('',(#1618),#1412,.T.);
#5423=ADVANCED_FACE('',(#1619),#1413,.T.);
#5424=ADVANCED_FACE('',(#1620),#5352,.T.);
#5425=ADVANCED_FACE('',(#1621),#1414,.T.);
#5426=ADVANCED_FACE('',(#1622),#322,.T.);
#5427=ADVANCED_FACE('',(#1623),#1415,.T.);
#5428=ADVANCED_FACE('',(#1624),#323,.F.);
#5429=ADVANCED_FACE('',(#1625),#1416,.T.);
#5430=ADVANCED_FACE('',(#1626),#324,.F.);
#5431=ADVANCED_FACE('',(#1627),#1417,.T.);
#5432=ADVANCED_FACE('',(#1628),#325,.T.);
#5433=ADVANCED_FACE('',(#1629),#1418,.T.);
#5434=ADVANCED_FACE('',(#1630),#326,.T.);
#5435=ADVANCED_FACE('',(#1631),#1419,.T.);
#5436=ADVANCED_FACE('',(#1632),#327,.T.);
#5437=ADVANCED_FACE('',(#1633),#1420,.T.);
#5438=ADVANCED_FACE('',(#1634),#328,.F.);
#5439=ADVANCED_FACE('',(#1635),#1421,.T.);
#5440=ADVANCED_FACE('',(#1636),#329,.T.);
#5441=ADVANCED_FACE('',(#1637),#1422,.T.);
#5442=ADVANCED_FACE('',(#1638),#330,.T.);
#5443=ADVANCED_FACE('',(#1639),#1423,.T.);
#5444=ADVANCED_FACE('',(#1640),#331,.T.);
#5445=ADVANCED_FACE('',(#1641),#1424,.T.);
#5446=ADVANCED_FACE('',(#1642),#332,.T.);
#5447=ADVANCED_FACE('',(#1643),#1425,.T.);
#5448=ADVANCED_FACE('',(#1644),#333,.F.);
#5449=ADVANCED_FACE('',(#1645),#1426,.T.);
#5450=ADVANCED_FACE('',(#1646),#334,.T.);
#5451=ADVANCED_FACE('',(#1647),#1427,.T.);
#5452=ADVANCED_FACE('',(#1648),#335,.T.);
#5453=ADVANCED_FACE('',(#1649),#1428,.T.);
#5454=ADVANCED_FACE('',(#1650),#336,.T.);
#5455=ADVANCED_FACE('',(#1651),#1429,.T.);
#5456=ADVANCED_FACE('',(#1652),#96,.F.);
#5457=ADVANCED_FACE('',(#1653),#1430,.F.);
#5458=ADVANCED_FACE('',(#1654),#97,.T.);
#5459=ADVANCED_FACE('',(#1655),#1431,.F.);
#5460=ADVANCED_FACE('',(#1656),#98,.T.);
#5461=ADVANCED_FACE('',(#1657),#1432,.F.);
#5462=ADVANCED_FACE('',(#1658),#99,.T.);
#5463=ADVANCED_FACE('',(#1659),#1433,.F.);
#5464=ADVANCED_FACE('',(#1660),#100,.F.);
#5465=ADVANCED_FACE('',(#1661),#1434,.F.);
#5466=ADVANCED_FACE('',(#1662),#101,.F.);
#5467=ADVANCED_FACE('',(#1663),#1435,.F.);
#5468=ADVANCED_FACE('',(#1664),#102,.T.);
#5469=ADVANCED_FACE('',(#1665),#1436,.F.);
#5470=ADVANCED_FACE('',(#1666),#103,.T.);
#5471=ADVANCED_FACE('',(#1667,#72,#73),#1437,.F.);
#5472=ADVANCED_FACE('',(#1668),#104,.T.);
#5473=ADVANCED_FACE('',(#1669),#1438,.T.);
#5474=ADVANCED_FACE('',(#1670),#105,.T.);
#5475=ADVANCED_FACE('',(#1671),#106,.T.);
#5476=ADVANCED_FACE('',(#1672),#107,.T.);
#5477=ADVANCED_FACE('',(#1673),#1439,.T.);
#5478=ADVANCED_FACE('',(#1674),#108,.T.);
#5479=ADVANCED_FACE('',(#1675),#1440,.F.);
#5480=ADVANCED_FACE('',(#1676),#1441,.F.);
#5481=ADVANCED_FACE('',(#1677),#1442,.F.);
#5482=ADVANCED_FACE('',(#1678),#1443,.T.);
#5483=ADVANCED_FACE('',(#1679),#1444,.T.);
#5484=ADVANCED_FACE('',(#1680),#1445,.F.);
#5485=ADVANCED_FACE('',(#1681),#1446,.T.);
#5486=ADVANCED_FACE('',(#1682),#1447,.F.);
#5487=ADVANCED_FACE('',(#1683),#1448,.T.);
#5488=ADVANCED_FACE('',(#1684),#1449,.F.);
#5489=ADVANCED_FACE('',(#1685,#74),#1450,.F.);
#5490=ADVANCED_FACE('',(#1686,#75),#1451,.F.);
#5491=ADVANCED_FACE('',(#1687),#1452,.T.);
#5492=ADVANCED_FACE('',(#1688),#1453,.T.);
#5493=ADVANCED_FACE('',(#1689),#1454,.T.);
#5494=ADVANCED_FACE('',(#1690),#1455,.T.);
#5495=ADVANCED_FACE('',(#1691),#1456,.T.);
#5496=ADVANCED_FACE('',(#1692),#1457,.T.);
#5497=ADVANCED_FACE('',(#1693),#1458,.T.);
#5498=ADVANCED_FACE('',(#1694),#1459,.T.);
#5499=ADVANCED_FACE('',(#1695),#1460,.T.);
#5500=ADVANCED_FACE('',(#1696),#1461,.T.);
#5501=ADVANCED_FACE('',(#1697),#109,.T.);
#5502=ADVANCED_FACE('',(#1698),#1462,.T.);
#5503=ADVANCED_FACE('',(#1699),#1463,.T.);
#5504=ADVANCED_FACE('',(#1700),#110,.F.);
#5505=ADVANCED_FACE('',(#1701),#111,.F.);
#5506=ADVANCED_FACE('',(#1702),#112,.F.);
#5507=ADVANCED_FACE('',(#1703),#113,.F.);
#5508=ADVANCED_FACE('',(#1704),#70,.F.);
#5509=ADVANCED_FACE('',(#1705),#114,.F.);
#5510=ADVANCED_FACE('',(#1706),#115,.T.);
#5511=ADVANCED_FACE('',(#1707),#116,.F.);
#5512=ADVANCED_FACE('',(#1708),#1464,.T.);
#5513=ADVANCED_FACE('',(#1709),#71,.F.);
#5514=ADVANCED_FACE('',(#1710),#117,.F.);
#5515=ADVANCED_FACE('',(#1711),#118,.T.);
#5516=ADVANCED_FACE('',(#1712),#119,.F.);
#5517=ADVANCED_FACE('',(#1713),#1465,.T.);
#5518=ADVANCED_FACE('',(#1714),#1466,.T.);
#5519=ADVANCED_FACE('',(#1715),#1467,.T.);
#5520=ADVANCED_FACE('',(#1716),#1468,.T.);
#5521=ADVANCED_FACE('',(#1717),#1469,.T.);
#5522=ADVANCED_FACE('',(#1718),#1470,.T.);
#5523=ADVANCED_FACE('',(#1719),#1471,.T.);
#5524=ADVANCED_FACE('',(#1720),#1472,.T.);
#5525=ADVANCED_FACE('',(#1721),#1473,.T.);
#5526=ADVANCED_FACE('',(#1722),#1474,.T.);
#5527=ADVANCED_FACE('',(#1723),#1475,.T.);
#5528=ADVANCED_FACE('',(#1724),#120,.F.);
#5529=ADVANCED_FACE('',(#1725),#1476,.F.);
#5530=ADVANCED_FACE('',(#1726),#121,.F.);
#5531=ADVANCED_FACE('',(#1727),#337,.F.);
#5532=ADVANCED_FACE('',(#1728,#76,#77,#78),#1477,.F.);
#5533=ADVANCED_FACE('',(#1729),#122,.F.);
#5534=ADVANCED_FACE('',(#1730),#338,.F.);
#5535=ADVANCED_FACE('',(#1731),#123,.F.);
#5536=ADVANCED_FACE('',(#1732),#339,.F.);
#5537=ADVANCED_FACE('',(#1733),#124,.F.);
#5538=ADVANCED_FACE('',(#1734),#5353,.F.);
#5539=ADVANCED_FACE('',(#1735),#5354,.F.);
#5540=ADVANCED_FACE('',(#1736),#5355,.F.);
#5541=ADVANCED_FACE('',(#1737),#5356,.F.);
#5542=ADVANCED_FACE('',(#1738),#5357,.F.);
#5543=ADVANCED_FACE('',(#1739),#5358,.F.);
#5544=ADVANCED_FACE('',(#1740),#5359,.F.);
#5545=ADVANCED_FACE('',(#1741),#5360,.F.);
#5546=ADVANCED_FACE('',(#1742),#125,.F.);
#5547=ADVANCED_FACE('',(#1743),#126,.F.);
#5548=ADVANCED_FACE('',(#1744),#340,.F.);
#5549=ADVANCED_FACE('',(#1745),#341,.F.);
#5550=ADVANCED_FACE('',(#1746),#127,.F.);
#5551=ADVANCED_FACE('',(#1747),#342,.F.);
#5552=ADVANCED_FACE('',(#1748,#79),#1478,.F.);
#5553=ADVANCED_FACE('',(#1749),#343,.F.);
#5554=ADVANCED_FACE('',(#1750),#344,.F.);
#5555=ADVANCED_FACE('',(#1751,#80),#1479,.T.);
#5556=ADVANCED_FACE('',(#1752,#81),#1480,.T.);
#5557=ADVANCED_FACE('',(#1753),#5361,.T.);
#5558=ADVANCED_FACE('',(#1754),#1481,.T.);
#5559=ADVANCED_FACE('',(#1755),#1482,.T.);
#5560=ADVANCED_FACE('',(#1756),#1483,.T.);
#5561=ADVANCED_FACE('',(#1757),#1484,.F.);
#5562=ADVANCED_FACE('',(#1758),#128,.T.);
#5563=ADVANCED_FACE('',(#1759),#1485,.T.);
#5564=ADVANCED_FACE('',(#1760),#1486,.T.);
#5565=ADVANCED_FACE('',(#1761),#1487,.T.);
#5566=ADVANCED_FACE('',(#1762),#1488,.F.);
#5567=ADVANCED_FACE('',(#1763),#1489,.T.);
#5568=ADVANCED_FACE('',(#1764),#1490,.T.);
#5569=ADVANCED_FACE('',(#1765),#345,.F.);
#5570=ADVANCED_FACE('',(#1766),#1491,.T.);
#5571=ADVANCED_FACE('',(#1767),#129,.F.);
#5572=ADVANCED_FACE('',(#1768),#1492,.T.);
#5573=ADVANCED_FACE('',(#1769),#5362,.T.);
#5574=ADVANCED_FACE('',(#1770),#1493,.T.);
#5575=ADVANCED_FACE('',(#1771),#1494,.T.);
#5576=ADVANCED_FACE('',(#1772),#1495,.T.);
#5577=ADVANCED_FACE('',(#1773),#346,.F.);
#5578=ADVANCED_FACE('',(#1774),#1496,.T.);
#5579=ADVANCED_FACE('',(#1775),#347,.F.);
#5580=ADVANCED_FACE('',(#1776),#1497,.T.);
#5581=ADVANCED_FACE('',(#1777),#130,.F.);
#5582=ADVANCED_FACE('',(#1778),#1498,.T.);
#5583=ADVANCED_FACE('',(#1779),#1499,.T.);
#5584=ADVANCED_FACE('',(#1780),#1500,.T.);
#5585=ADVANCED_FACE('',(#1781),#1501,.T.);
#5586=ADVANCED_FACE('',(#1782),#1502,.T.);
#5587=ADVANCED_FACE('',(#1783),#1503,.T.);
#5588=ADVANCED_FACE('',(#1784),#1504,.F.);
#5589=ADVANCED_FACE('',(#1785),#1505,.T.);
#5590=ADVANCED_FACE('',(#1786),#1506,.T.);
#5591=ADVANCED_FACE('',(#1787),#1507,.T.);
#5592=ADVANCED_FACE('',(#1788),#1508,.T.);
#5593=ADVANCED_FACE('',(#1789),#1509,.T.);
#5594=ADVANCED_FACE('',(#1790),#1510,.T.);
#5595=ADVANCED_FACE('',(#1791),#1511,.T.);
#5596=ADVANCED_FACE('',(#1792),#1512,.T.);
#5597=ADVANCED_FACE('',(#1793),#1513,.T.);
#5598=ADVANCED_FACE('',(#1794),#348,.F.);
#5599=ADVANCED_FACE('',(#1795),#1514,.F.);
#5600=ADVANCED_FACE('',(#1796),#1515,.F.);
#5601=ADVANCED_FACE('',(#1797,#82),#1516,.F.);
#5602=ADVANCED_FACE('',(#1798,#83),#1517,.F.);
#5603=ADVANCED_FACE('',(#1799),#5363,.T.);
#5604=ADVANCED_FACE('',(#1800),#131,.F.);
#5605=ADVANCED_FACE('',(#1801),#132,.F.);
#5606=ADVANCED_FACE('',(#1802),#1518,.T.);
#5607=ADVANCED_FACE('',(#1803),#1519,.F.);
#5608=ADVANCED_FACE('',(#1804),#349,.T.);
#5609=ADVANCED_FACE('',(#1805),#350,.F.);
#5610=ADVANCED_FACE('',(#1806),#1520,.T.);
#5611=ADVANCED_FACE('',(#1807),#1521,.T.);
#5612=ADVANCED_FACE('',(#1808),#133,.F.);
#5613=ADVANCED_FACE('',(#1809),#134,.F.);
#5614=ADVANCED_FACE('',(#1810),#1522,.T.);
#5615=ADVANCED_FACE('',(#1811),#1523,.F.);
#5616=ADVANCED_FACE('',(#1812),#1524,.T.);
#5617=ADVANCED_FACE('',(#1813),#351,.F.);
#5618=ADVANCED_FACE('',(#1814),#1525,.F.);
#5619=ADVANCED_FACE('',(#1815),#1526,.T.);
#5620=ADVANCED_FACE('',(#1816),#5364,.T.);
#5621=ADVANCED_FACE('',(#1817),#1527,.T.);
#5622=ADVANCED_FACE('',(#1818),#1528,.T.);
#5623=ADVANCED_FACE('',(#1819),#1529,.T.);
#5624=ADVANCED_FACE('',(#1820),#1530,.T.);
#5625=ADVANCED_FACE('',(#1821),#1531,.T.);
#5626=ADVANCED_FACE('',(#1822),#1532,.T.);
#5627=ADVANCED_FACE('',(#1823),#1533,.T.);
#5628=ADVANCED_FACE('',(#1824),#1534,.T.);
#5629=ADVANCED_FACE('',(#1825),#1535,.T.);
#5630=ADVANCED_FACE('',(#1826),#1536,.T.);
#5631=ADVANCED_FACE('',(#1827),#1537,.T.);
#5632=ADVANCED_FACE('',(#1828),#1538,.T.);
#5633=ADVANCED_FACE('',(#1829),#1539,.T.);
#5634=ADVANCED_FACE('',(#1830),#5365,.T.);
#5635=ADVANCED_FACE('',(#1831),#1540,.T.);
#5636=ADVANCED_FACE('',(#1832),#135,.T.);
#5637=ADVANCED_FACE('',(#1833),#1541,.F.);
#5638=ADVANCED_FACE('',(#1834),#1542,.F.);
#5639=ADVANCED_FACE('',(#1835),#1543,.T.);
#5640=ADVANCED_FACE('',(#1836),#5366,.T.);
#5641=ADVANCED_FACE('',(#1837),#1544,.T.);
#5642=ADVANCED_FACE('',(#1838),#1545,.T.);
#5643=ADVANCED_FACE('',(#1839),#5367,.T.);
#5644=ADVANCED_FACE('',(#1840),#1546,.T.);
#5645=ADVANCED_FACE('',(#1841),#1547,.T.);
#5646=ADVANCED_FACE('',(#1842),#1548,.F.);
#5647=ADVANCED_FACE('',(#1843),#1549,.T.);
#5648=ADVANCED_FACE('',(#1844),#1550,.T.);
#5649=ADVANCED_FACE('',(#1845),#1551,.T.);
#5650=ADVANCED_FACE('',(#1846),#136,.F.);
#5651=ADVANCED_FACE('',(#1847),#1552,.T.);
#5652=ADVANCED_FACE('',(#1848),#5368,.T.);
#5653=ADVANCED_FACE('',(#1849),#1553,.T.);
#5654=ADVANCED_FACE('',(#1850),#1554,.T.);
#5655=ADVANCED_FACE('',(#1851),#1555,.T.);
#5656=ADVANCED_FACE('',(#1852),#352,.F.);
#5657=ADVANCED_FACE('',(#1853),#353,.T.);
#5658=ADVANCED_FACE('',(#1854),#1556,.T.);
#5659=ADVANCED_FACE('',(#1855),#1557,.T.);
#5660=ADVANCED_FACE('',(#1856,#84),#1558,.T.);
#5661=ADVANCED_FACE('',(#1857),#354,.T.);
#5662=ADVANCED_FACE('',(#1858,#85),#1559,.T.);
#5663=ADVANCED_FACE('',(#1859),#137,.T.);
#5664=ADVANCED_FACE('',(#1860),#1560,.T.);
#5665=ADVANCED_FACE('',(#1861),#138,.T.);
#5666=ADVANCED_FACE('',(#1862),#5369,.T.);
#5667=ADVANCED_FACE('',(#1863),#5370,.T.);
#5668=ADVANCED_FACE('',(#1864),#5371,.T.);
#5669=ADVANCED_FACE('',(#1865),#139,.T.);
#5670=ADVANCED_FACE('',(#1866),#140,.T.);
#5671=ADVANCED_FACE('',(#1867,#86),#1561,.T.);
#5672=ADVANCED_FACE('',(#1868),#141,.F.);
#5673=ADVANCED_FACE('',(#1869,#87),#1562,.T.);
#5674=ADVANCED_FACE('',(#1870),#142,.F.);
#5675=ADVANCED_FACE('',(#1871),#1563,.T.);
#5676=ADVANCED_FACE('',(#1872),#1564,.T.);
#5677=ADVANCED_FACE('',(#1873),#143,.T.);
#5678=ADVANCED_FACE('',(#1874),#1565,.T.);
#5679=ADVANCED_FACE('',(#1875),#144,.T.);
#5680=ADVANCED_FACE('',(#1876),#1566,.T.);
#5681=ADVANCED_FACE('',(#1877),#145,.F.);
#5682=ADVANCED_FACE('',(#1878),#146,.F.);
#5683=ADVANCED_FACE('',(#1879),#355,.T.);
#5684=ADVANCED_FACE('',(#1880),#147,.F.);
#5685=ADVANCED_FACE('',(#1881),#1567,.T.);
#5686=ADVANCED_FACE('',(#1882),#356,.F.);
#5687=ADVANCED_FACE('',(#1883),#148,.F.);
#5688=ADVANCED_FACE('',(#1884),#357,.F.);
#5689=ADVANCED_FACE('',(#1885),#149,.F.);
#5690=ADVANCED_FACE('',(#1886),#358,.F.);
#5691=ADVANCED_FACE('',(#1887),#150,.F.);
#5692=CLOSED_SHELL('',(#5372,#5373,#5374,#5375,#5376,#5377,#5378,#5379,
#5380,#5381,#5382,#5383,#5384,#5385,#5386,#5387,#5388,#5389,#5390,#5391,
#5392,#5393,#5394,#5395,#5396,#5397,#5398,#5399,#5400,#5401,#5402,#5403,
#5404,#5405,#5406,#5407,#5408,#5409,#5410,#5411,#5412,#5413,#5414,#5415,
#5416,#5417,#5418,#5419,#5420,#5421,#5422,#5423,#5424,#5425,#5426,#5427,
#5428,#5429,#5430,#5431,#5432,#5433,#5434,#5435,#5436,#5437,#5438,#5439,
#5440,#5441,#5442,#5443,#5444,#5445,#5446,#5447,#5448,#5449,#5450,#5451,
#5452,#5453,#5454,#5455,#5456,#5457,#5458,#5459,#5460,#5461,#5462,#5463,
#5464,#5465,#5466,#5467,#5468,#5469,#5470,#5471,#5472,#5473,#5474,#5475,
#5476,#5477,#5478,#5479,#5480,#5481,#5482,#5483,#5484,#5485,#5486,#5487,
#5488,#5489,#5490,#5491,#5492,#5493,#5494,#5495,#5496,#5497,#5498,#5499,
#5500,#5501,#5502,#5503,#5504,#5505,#5506,#5507,#5508,#5509,#5510,#5511,
#5512,#5513,#5514,#5515,#5516,#5517,#5518,#5519,#5520,#5521,#5522,#5523,
#5524,#5525,#5526,#5527,#5528,#5529,#5530));
#5693=CLOSED_SHELL('',(#5531,#5532,#5533,#5534,#5535,#5536,#5537,#5538,
#5539,#5540,#5541,#5542,#5543,#5544,#5545,#5546,#5547,#5548,#5549,#5550,
#5551,#5552,#5553,#5554,#5555,#5556,#5557,#5558,#5559,#5560,#5561,#5562,
#5563,#5564,#5565,#5566,#5567,#5568,#5569,#5570,#5571,#5572,#5573,#5574,
#5575,#5576,#5577,#5578,#5579,#5580,#5581,#5582,#5583,#5584,#5585,#5586,
#5587,#5588,#5589,#5590,#5591,#5592,#5593,#5594,#5595,#5596,#5597,#5598,
#5599,#5600,#5601,#5602,#5603,#5604,#5605,#5606,#5607,#5608,#5609,#5610,
#5611,#5612,#5613));
#5694=CLOSED_SHELL('',(#5614,#5615,#5616,#5617,#5618,#5619,#5620,#5621,
#5622,#5623,#5624,#5625,#5626,#5627,#5628,#5629,#5630,#5631,#5632,#5633,
#5634,#5635,#5636,#5637,#5638,#5639,#5640,#5641,#5642,#5643,#5644,#5645,
#5646,#5647,#5648,#5649,#5650,#5651,#5652,#5653,#5654,#5655,#5656,#5657,
#5658,#5659,#5660,#5661,#5662,#5663,#5664,#5665,#5666,#5667,#5668,#5669,
#5670,#5671,#5672,#5673,#5674,#5675,#5676,#5677,#5678,#5679,#5680,#5681,
#5682,#5683,#5684,#5685,#5686,#5687,#5688,#5689,#5690,#5691));
#5695=ITEM_DEFINED_TRANSFORMATION($,$,#5765,#5766);
#5696=ITEM_DEFINED_TRANSFORMATION($,$,#5765,#5767);
#5697=ITEM_DEFINED_TRANSFORMATION($,$,#5764,#5768);
#5698=ITEM_DEFINED_TRANSFORMATION($,$,#5763,#6029);
#5699=ITEM_DEFINED_TRANSFORMATION($,$,#6031,#6259);
#5700=ITEM_DEFINED_TRANSFORMATION($,$,#6145,#6260);
#5701=ITEM_DEFINED_TRANSFORMATION($,$,#5762,#6261);
#5702=ITEM_DEFINED_TRANSFORMATION($,$,#6030,#6262);
#5703=(
REPRESENTATION_RELATIONSHIP($,$,#10777,#10776)
REPRESENTATION_RELATIONSHIP_WITH_TRANSFORMATION(#5695)
SHAPE_REPRESENTATION_RELATIONSHIP()
);
#5704=(
REPRESENTATION_RELATIONSHIP($,$,#10777,#10776)
REPRESENTATION_RELATIONSHIP_WITH_TRANSFORMATION(#5696)
SHAPE_REPRESENTATION_RELATIONSHIP()
);
#5705=(
REPRESENTATION_RELATIONSHIP($,$,#10776,#10775)
REPRESENTATION_RELATIONSHIP_WITH_TRANSFORMATION(#5697)
SHAPE_REPRESENTATION_RELATIONSHIP()
);
#5706=(
REPRESENTATION_RELATIONSHIP($,$,#10775,#10774)
REPRESENTATION_RELATIONSHIP_WITH_TRANSFORMATION(#5698)
SHAPE_REPRESENTATION_RELATIONSHIP()
);
#5707=(
REPRESENTATION_RELATIONSHIP($,$,#10779,#10778)
REPRESENTATION_RELATIONSHIP_WITH_TRANSFORMATION(#5699)
SHAPE_REPRESENTATION_RELATIONSHIP()
);
#5708=(
REPRESENTATION_RELATIONSHIP($,$,#10780,#10778)
REPRESENTATION_RELATIONSHIP_WITH_TRANSFORMATION(#5700)
SHAPE_REPRESENTATION_RELATIONSHIP()
);
#5709=(
REPRESENTATION_RELATIONSHIP($,$,#10774,#10773)
REPRESENTATION_RELATIONSHIP_WITH_TRANSFORMATION(#5701)
SHAPE_REPRESENTATION_RELATIONSHIP()
);
#5710=(
REPRESENTATION_RELATIONSHIP($,$,#10778,#10773)
REPRESENTATION_RELATIONSHIP_WITH_TRANSFORMATION(#5702)
SHAPE_REPRESENTATION_RELATIONSHIP()
);
#5711=CONTEXT_DEPENDENT_SHAPE_REPRESENTATION(#5703,#10762);
#5712=CONTEXT_DEPENDENT_SHAPE_REPRESENTATION(#5704,#10763);
#5713=CONTEXT_DEPENDENT_SHAPE_REPRESENTATION(#5705,#10764);
#5714=CONTEXT_DEPENDENT_SHAPE_REPRESENTATION(#5706,#10765);
#5715=CONTEXT_DEPENDENT_SHAPE_REPRESENTATION(#5707,#10769);
#5716=CONTEXT_DEPENDENT_SHAPE_REPRESENTATION(#5708,#10770);
#5717=CONTEXT_DEPENDENT_SHAPE_REPRESENTATION(#5709,#10771);
#5718=CONTEXT_DEPENDENT_SHAPE_REPRESENTATION(#5710,#10772);
#5719=NEXT_ASSEMBLY_USAGE_OCCURRENCE('M3x6 BHCS:2','M3x6 BHCS:2',
'M3x6 BHCS:2',#10785,#10786,'M3x6 BHCS:2');
#5720=NEXT_ASSEMBLY_USAGE_OCCURRENCE('M3x6 BHCS:1','M3x6 BHCS:1',
'M3x6 BHCS:1',#10785,#10786,'M3x6 BHCS:1');
#5721=NEXT_ASSEMBLY_USAGE_OCCURRENCE('Screws (5) (1):1',
'Screws (5) (1):1','Screws (5) (1):1',#10784,#10785,'Screws (5) (1):1');
#5722=NEXT_ASSEMBLY_USAGE_OCCURRENCE('Hardware (23):1',
'Hardware (23):1','Hardware (23):1',#10783,#10784,'Hardware (23):1');
#5723=NEXT_ASSEMBLY_USAGE_OCCURRENCE('PUG_holder_partA:1',
'PUG_holder_partA:1','PUG_holder_partA:1',#10787,#10788,
'PUG_holder_partA:1');
#5724=NEXT_ASSEMBLY_USAGE_OCCURRENCE('PUG_holder_partB:1',
'PUG_holder_partB:1','PUG_holder_partB:1',#10787,#10789,
'PUG_holder_partB:1');
#5725=NEXT_ASSEMBLY_USAGE_OCCURRENCE('Motor Panel:1','Motor Panel:1',
'Motor Panel:1',#10782,#10783,'Motor Panel:1');
#5726=NEXT_ASSEMBLY_USAGE_OCCURRENCE('Component8:1','Component8:1',
'Component8:1',#10782,#10787,'Component8:1');
#5727=DERIVED_UNIT_ELEMENT(#5733,1.);
#5728=DERIVED_UNIT_ELEMENT(#10746,-3.);
#5729=DERIVED_UNIT_ELEMENT(#5733,1.);
#5730=DERIVED_UNIT_ELEMENT(#10746,-3.);
#5731=DERIVED_UNIT_ELEMENT(#5733,1.);
#5732=DERIVED_UNIT_ELEMENT(#10746,-3.);
#5733=(
MASS_UNIT()
NAMED_UNIT(*)
SI_UNIT(.KILO.,.GRAM.)
);
#5734=DERIVED_UNIT((#5727,#5728));
#5735=DERIVED_UNIT((#5729,#5730));
#5736=DERIVED_UNIT((#5731,#5732));
#5737=MEASURE_REPRESENTATION_ITEM('density measure',
POSITIVE_RATIO_MEASURE(7850.),#5734);
#5738=MEASURE_REPRESENTATION_ITEM('density measure',
POSITIVE_RATIO_MEASURE(7850.),#5735);
#5739=MEASURE_REPRESENTATION_ITEM('density measure',
POSITIVE_RATIO_MEASURE(7850.),#5736);
#5740=PROPERTY_DEFINITION_REPRESENTATION(#5755,#5746);
#5741=PROPERTY_DEFINITION_REPRESENTATION(#5756,#5747);
#5742=PROPERTY_DEFINITION_REPRESENTATION(#5757,#5748);
#5743=PROPERTY_DEFINITION_REPRESENTATION(#5758,#5749);
#5744=PROPERTY_DEFINITION_REPRESENTATION(#5759,#5750);
#5745=PROPERTY_DEFINITION_REPRESENTATION(#5760,#5751);
#5746=REPRESENTATION('material name',(#5752),#10740);
#5747=REPRESENTATION('density',(#5737),#10740);
#5748=REPRESENTATION('material name',(#5753),#10742);
#5749=REPRESENTATION('density',(#5738),#10742);
#5750=REPRESENTATION('material name',(#5754),#10743);
#5751=REPRESENTATION('density',(#5739),#10743);
#5752=DESCRIPTIVE_REPRESENTATION_ITEM('Steel','Steel');
#5753=DESCRIPTIVE_REPRESENTATION_ITEM('Steel','Steel');
#5754=DESCRIPTIVE_REPRESENTATION_ITEM('Steel','Steel');
#5755=PROPERTY_DEFINITION('material property','material name',#10786);
#5756=PROPERTY_DEFINITION('material property','density of part',#10786);
#5757=PROPERTY_DEFINITION('material property','material name',#10788);
#5758=PROPERTY_DEFINITION('material property','density of part',#10788);
#5759=PROPERTY_DEFINITION('material property','material name',#10789);
#5760=PROPERTY_DEFINITION('material property','density of part',#10789);
#5761=AXIS2_PLACEMENT_3D('',#7768,#6264,#6265);
#5762=AXIS2_PLACEMENT_3D('',#7769,#6266,#6267);
#5763=AXIS2_PLACEMENT_3D('',#7770,#6268,#6269);
#5764=AXIS2_PLACEMENT_3D('',#7771,#6270,#6271);
#5765=AXIS2_PLACEMENT_3D('',#7772,#6272,#6273);
#5766=AXIS2_PLACEMENT_3D('',#7773,#6274,#6275);
#5767=AXIS2_PLACEMENT_3D('',#7774,#6276,#6277);
#5768=AXIS2_PLACEMENT_3D('',#7775,#6278,#6279);
#5769=AXIS2_PLACEMENT_3D('',#7852,#6280,#6281);
#5770=AXIS2_PLACEMENT_3D('',#7859,#6285,#6286);
#5771=AXIS2_PLACEMENT_3D('',#7860,#6287,#6288);
#5772=AXIS2_PLACEMENT_3D('',#7862,#6289,#6290);
#5773=AXIS2_PLACEMENT_3D('',#7865,#6292,#6293);
#5774=AXIS2_PLACEMENT_3D('',#7866,#6294,#6295);
#5775=AXIS2_PLACEMENT_3D('',#7872,#6299,#6300);
#5776=AXIS2_PLACEMENT_3D('',#7876,#6302,#6303);
#5777=AXIS2_PLACEMENT_3D('',#7877,#6304,#6305);
#5778=AXIS2_PLACEMENT_3D('',#7878,#6306,#6307);
#5779=AXIS2_PLACEMENT_3D('',#7884,#6311,#6312);
#5780=AXIS2_PLACEMENT_3D('',#7888,#6314,#6315);
#5781=AXIS2_PLACEMENT_3D('',#7889,#6316,#6317);
#5782=AXIS2_PLACEMENT_3D('',#7890,#6318,#6319);
#5783=AXIS2_PLACEMENT_3D('',#7896,#6323,#6324);
#5784=AXIS2_PLACEMENT_3D('',#7898,#6325,#6326);
#5785=AXIS2_PLACEMENT_3D('',#7901,#6328,#6329);
#5786=AXIS2_PLACEMENT_3D('',#7902,#6330,#6331);
#5787=AXIS2_PLACEMENT_3D('',#7908,#6335,#6336);
#5788=AXIS2_PLACEMENT_3D('',#7910,#6337,#6338);
#5789=AXIS2_PLACEMENT_3D('',#7913,#6340,#6341);
#5790=AXIS2_PLACEMENT_3D('',#7914,#6342,#6343);
#5791=AXIS2_PLACEMENT_3D('',#7920,#6347,#6348);
#5792=AXIS2_PLACEMENT_3D('',#7924,#6350,#6351);
#5793=AXIS2_PLACEMENT_3D('',#7925,#6352,#6353);
#5794=AXIS2_PLACEMENT_3D('',#7926,#6354,#6355);
#5795=AXIS2_PLACEMENT_3D('',#7932,#6359,#6360);
#5796=AXIS2_PLACEMENT_3D('',#7936,#6362,#6363);
#5797=AXIS2_PLACEMENT_3D('',#7937,#6364,#6365);
#5798=AXIS2_PLACEMENT_3D('',#7938,#6366,#6367);
#5799=AXIS2_PLACEMENT_3D('',#7944,#6371,#6372);
#5800=AXIS2_PLACEMENT_3D('',#7946,#6373,#6374);
#5801=AXIS2_PLACEMENT_3D('',#7949,#6376,#6377);
#5802=AXIS2_PLACEMENT_3D('',#7950,#6378,#6379);
#5803=AXIS2_PLACEMENT_3D('',#7956,#6383,#6384);
#5804=AXIS2_PLACEMENT_3D('',#7958,#6385,#6386);
#5805=AXIS2_PLACEMENT_3D('',#7961,#6388,#6389);
#5806=AXIS2_PLACEMENT_3D('',#7962,#6390,#6391);
#5807=AXIS2_PLACEMENT_3D('',#7968,#6395,#6396);
#5808=AXIS2_PLACEMENT_3D('',#7972,#6398,#6399);
#5809=AXIS2_PLACEMENT_3D('',#7973,#6400,#6401);
#5810=AXIS2_PLACEMENT_3D('',#7974,#6402,#6403);
#5811=AXIS2_PLACEMENT_3D('',#7980,#6407,#6408);
#5812=AXIS2_PLACEMENT_3D('',#7984,#6410,#6411);
#5813=AXIS2_PLACEMENT_3D('',#7985,#6412,#6413);
#5814=AXIS2_PLACEMENT_3D('',#7986,#6414,#6415);
#5815=AXIS2_PLACEMENT_3D('',#7992,#6419,#6420);
#5816=AXIS2_PLACEMENT_3D('',#7994,#6421,#6422);
#5817=AXIS2_PLACEMENT_3D('',#7997,#6424,#6425);
#5818=AXIS2_PLACEMENT_3D('',#7998,#6426,#6427);
#5819=AXIS2_PLACEMENT_3D('',#8004,#6431,#6432);
#5820=AXIS2_PLACEMENT_3D('',#8006,#6433,#6434);
#5821=AXIS2_PLACEMENT_3D('',#8009,#6436,#6437);
#5822=AXIS2_PLACEMENT_3D('',#8010,#6438,#6439);
#5823=AXIS2_PLACEMENT_3D('',#8016,#6443,#6444);
#5824=AXIS2_PLACEMENT_3D('',#8018,#6445,#6446);
#5825=AXIS2_PLACEMENT_3D('',#8021,#6448,#6449);
#5826=AXIS2_PLACEMENT_3D('',#8022,#6450,#6451);
#5827=AXIS2_PLACEMENT_3D('',#8028,#6455,#6456);
#5828=AXIS2_PLACEMENT_3D('',#8030,#6457,#6458);
#5829=AXIS2_PLACEMENT_3D('',#8033,#6460,#6461);
#5830=AXIS2_PLACEMENT_3D('',#8034,#6462,#6463);
#5831=AXIS2_PLACEMENT_3D('',#8040,#6467,#6468);
#5832=AXIS2_PLACEMENT_3D('',#8042,#6469,#6470);
#5833=AXIS2_PLACEMENT_3D('',#8045,#6472,#6473);
#5834=AXIS2_PLACEMENT_3D('',#8046,#6474,#6475);
#5835=AXIS2_PLACEMENT_3D('',#8050,#6478,#6479);
#5836=AXIS2_PLACEMENT_3D('',#8051,#6480,#6481);
#5837=AXIS2_PLACEMENT_3D('',#8057,#6485,#6486);
#5838=AXIS2_PLACEMENT_3D('',#8060,#6488,#6489);
#5839=AXIS2_PLACEMENT_3D('',#8061,#6490,#6491);
#5840=AXIS2_PLACEMENT_3D('',#8065,#6494,#6495);
#5841=AXIS2_PLACEMENT_3D('',#8068,#6497,#6498);
#5842=AXIS2_PLACEMENT_3D('',#8069,#6499,#6500);
#5843=AXIS2_PLACEMENT_3D('',#8073,#6503,#6504);
#5844=AXIS2_PLACEMENT_3D('',#8076,#6506,#6507);
#5845=AXIS2_PLACEMENT_3D('',#8077,#6508,#6509);
#5846=AXIS2_PLACEMENT_3D('',#8081,#6512,#6513);
#5847=AXIS2_PLACEMENT_3D('',#8084,#6515,#6516);
#5848=AXIS2_PLACEMENT_3D('',#8085,#6517,#6518);
#5849=AXIS2_PLACEMENT_3D('',#8089,#6521,#6522);
#5850=AXIS2_PLACEMENT_3D('',#8092,#6524,#6525);
#5851=AXIS2_PLACEMENT_3D('',#8093,#6526,#6527);
#5852=AXIS2_PLACEMENT_3D('',#8097,#6530,#6531);
#5853=AXIS2_PLACEMENT_3D('',#8100,#6533,#6534);
#5854=AXIS2_PLACEMENT_3D('',#8101,#6535,#6536);
#5855=AXIS2_PLACEMENT_3D('',#8105,#6539,#6540);
#5856=AXIS2_PLACEMENT_3D('',#8108,#6542,#6543);
#5857=AXIS2_PLACEMENT_3D('',#8109,#6544,#6545);
#5858=AXIS2_PLACEMENT_3D('',#8113,#6548,#6549);
#5859=AXIS2_PLACEMENT_3D('',#8116,#6551,#6552);
#5860=AXIS2_PLACEMENT_3D('',#8117,#6553,#6554);
#5861=AXIS2_PLACEMENT_3D('',#8119,#6555,#6556);
#5862=AXIS2_PLACEMENT_3D('',#8123,#6558,#6559);
#5863=AXIS2_PLACEMENT_3D('',#8125,#6561,#6562);
#5864=AXIS2_PLACEMENT_3D('',#8179,#6563,#6564);
#5865=AXIS2_PLACEMENT_3D('',#8182,#6565,#6566);
#5866=AXIS2_PLACEMENT_3D('',#8188,#6570,#6571);
#5867=AXIS2_PLACEMENT_3D('',#8190,#6572,#6573);
#5868=AXIS2_PLACEMENT_3D('',#8193,#6575,#6576);
#5869=AXIS2_PLACEMENT_3D('',#8194,#6577,#6578);
#5870=AXIS2_PLACEMENT_3D('',#8200,#6582,#6583);
#5871=AXIS2_PLACEMENT_3D('',#8202,#6584,#6585);
#5872=AXIS2_PLACEMENT_3D('',#8205,#6587,#6588);
#5873=AXIS2_PLACEMENT_3D('',#8206,#6589,#6590);
#5874=AXIS2_PLACEMENT_3D('',#8212,#6594,#6595);
#5875=AXIS2_PLACEMENT_3D('',#8214,#6596,#6597);
#5876=AXIS2_PLACEMENT_3D('',#8217,#6599,#6600);
#5877=AXIS2_PLACEMENT_3D('',#8218,#6601,#6602);
#5878=AXIS2_PLACEMENT_3D('',#8224,#6606,#6607);
#5879=AXIS2_PLACEMENT_3D('',#8226,#6608,#6609);
#5880=AXIS2_PLACEMENT_3D('',#8229,#6611,#6612);
#5881=AXIS2_PLACEMENT_3D('',#8230,#6613,#6614);
#5882=AXIS2_PLACEMENT_3D('',#8236,#6618,#6619);
#5883=AXIS2_PLACEMENT_3D('',#8240,#6621,#6622);
#5884=AXIS2_PLACEMENT_3D('',#8241,#6623,#6624);
#5885=AXIS2_PLACEMENT_3D('',#8242,#6625,#6626);
#5886=AXIS2_PLACEMENT_3D('',#8248,#6630,#6631);
#5887=AXIS2_PLACEMENT_3D('',#8252,#6633,#6634);
#5888=AXIS2_PLACEMENT_3D('',#8253,#6635,#6636);
#5889=AXIS2_PLACEMENT_3D('',#8254,#6637,#6638);
#5890=AXIS2_PLACEMENT_3D('',#8260,#6642,#6643);
#5891=AXIS2_PLACEMENT_3D('',#8261,#6644,#6645);
#5892=AXIS2_PLACEMENT_3D('',#8264,#6647,#6648);
#5893=AXIS2_PLACEMENT_3D('',#8265,#6649,#6650);
#5894=AXIS2_PLACEMENT_3D('',#8269,#6653,#6654);
#5895=AXIS2_PLACEMENT_3D('',#8272,#6656,#6657);
#5896=AXIS2_PLACEMENT_3D('',#8273,#6658,#6659);
#5897=AXIS2_PLACEMENT_3D('',#8277,#6662,#6663);
#5898=AXIS2_PLACEMENT_3D('',#8280,#6665,#6666);
#5899=AXIS2_PLACEMENT_3D('',#8281,#6667,#6668);
#5900=AXIS2_PLACEMENT_3D('',#8285,#6671,#6672);
#5901=AXIS2_PLACEMENT_3D('',#8288,#6674,#6675);
#5902=AXIS2_PLACEMENT_3D('',#8289,#6676,#6677);
#5903=AXIS2_PLACEMENT_3D('',#8293,#6680,#6681);
#5904=AXIS2_PLACEMENT_3D('',#8296,#6683,#6684);
#5905=AXIS2_PLACEMENT_3D('',#8297,#6685,#6686);
#5906=AXIS2_PLACEMENT_3D('',#8301,#6689,#6690);
#5907=AXIS2_PLACEMENT_3D('',#8304,#6692,#6693);
#5908=AXIS2_PLACEMENT_3D('',#8305,#6694,#6695);
#5909=AXIS2_PLACEMENT_3D('',#8309,#6698,#6699);
#5910=AXIS2_PLACEMENT_3D('',#8312,#6701,#6702);
#5911=AXIS2_PLACEMENT_3D('',#8313,#6703,#6704);
#5912=AXIS2_PLACEMENT_3D('',#8317,#6707,#6708);
#5913=AXIS2_PLACEMENT_3D('',#8320,#6710,#6711);
#5914=AXIS2_PLACEMENT_3D('',#8321,#6712,#6713);
#5915=AXIS2_PLACEMENT_3D('',#8325,#6716,#6717);
#5916=AXIS2_PLACEMENT_3D('',#8328,#6719,#6720);
#5917=AXIS2_PLACEMENT_3D('',#8329,#6721,#6722);
#5918=AXIS2_PLACEMENT_3D('',#8331,#6724,#6725);
#5919=AXIS2_PLACEMENT_3D('',#8332,#6726,#6727);
#5920=AXIS2_PLACEMENT_3D('',#8334,#6729,#6730);
#5921=AXIS2_PLACEMENT_3D('',#8336,#6732,#6733);
#5922=AXIS2_PLACEMENT_3D('',#8338,#6735,#6736);
#5923=AXIS2_PLACEMENT_3D('',#8340,#6738,#6739);
#5924=AXIS2_PLACEMENT_3D('',#8342,#6741,#6742);
#5925=AXIS2_PLACEMENT_3D('',#8344,#6744,#6745);
#5926=AXIS2_PLACEMENT_3D('',#8346,#6747,#6748);
#5927=AXIS2_PLACEMENT_3D('',#8348,#6750,#6751);
#5928=AXIS2_PLACEMENT_3D('',#8350,#6753,#6754);
#5929=AXIS2_PLACEMENT_3D('',#8352,#6756,#6757);
#5930=AXIS2_PLACEMENT_3D('',#8354,#6759,#6760);
#5931=AXIS2_PLACEMENT_3D('',#8356,#6762,#6763);
#5932=AXIS2_PLACEMENT_3D('',#8358,#6765,#6766);
#5933=AXIS2_PLACEMENT_3D('',#8360,#6768,#6769);
#5934=AXIS2_PLACEMENT_3D('',#8362,#6770,#6771);
#5935=AXIS2_PLACEMENT_3D('',#8364,#6773,#6774);
#5936=AXIS2_PLACEMENT_3D('',#8368,#6776,#6777);
#5937=AXIS2_PLACEMENT_3D('',#8388,#6787,#6788);
#5938=AXIS2_PLACEMENT_3D('',#8402,#6795,#6796);
#5939=AXIS2_PLACEMENT_3D('',#8410,#6801,#6802);
#5940=AXIS2_PLACEMENT_3D('',#8413,#6803,#6804);
#5941=AXIS2_PLACEMENT_3D('',#8417,#6806,#6807);
#5942=AXIS2_PLACEMENT_3D('',#8419,#6809,#6810);
#5943=AXIS2_PLACEMENT_3D('',#8422,#6813,#6814);
#5944=AXIS2_PLACEMENT_3D('',#8431,#6816,#6817);
#5945=AXIS2_PLACEMENT_3D('',#8432,#6818,#6819);
#5946=AXIS2_PLACEMENT_3D('',#8435,#6820,#6821);
#5947=AXIS2_PLACEMENT_3D('',#8439,#6823,#6824);
#5948=AXIS2_PLACEMENT_3D('',#8441,#6826,#6827);
#5949=AXIS2_PLACEMENT_3D('',#8449,#6828,#6829);
#5950=AXIS2_PLACEMENT_3D('',#8451,#6831,#6832);
#5951=AXIS2_PLACEMENT_3D('',#8454,#6835,#6836);
#5952=AXIS2_PLACEMENT_3D('',#8458,#6838,#6839);
#5953=AXIS2_PLACEMENT_3D('',#8462,#6841,#6842);
#5954=AXIS2_PLACEMENT_3D('',#8464,#6843,#6844);
#5955=AXIS2_PLACEMENT_3D('',#8468,#6847,#6848);
#5956=AXIS2_PLACEMENT_3D('',#8484,#6857,#6858);
#5957=AXIS2_PLACEMENT_3D('',#8488,#6861,#6862);
#5958=AXIS2_PLACEMENT_3D('',#8496,#6867,#6868);
#5959=AXIS2_PLACEMENT_3D('',#8504,#6873,#6874);
#5960=AXIS2_PLACEMENT_3D('',#8508,#6877,#6878);
#5961=AXIS2_PLACEMENT_3D('',#8517,#6884,#6885);
#5962=AXIS2_PLACEMENT_3D('',#8519,#6887,#6888);
#5963=AXIS2_PLACEMENT_3D('',#8521,#6890,#6891);
#5964=AXIS2_PLACEMENT_3D('',#8530,#6896,#6897);
#5965=AXIS2_PLACEMENT_3D('',#8536,#6901,#6902);
#5966=AXIS2_PLACEMENT_3D('',#8546,#6908,#6909);
#5967=AXIS2_PLACEMENT_3D('',#8556,#6915,#6916);
#5968=AXIS2_PLACEMENT_3D('',#8562,#6920,#6921);
#5969=AXIS2_PLACEMENT_3D('',#8566,#6924,#6925);
#5970=AXIS2_PLACEMENT_3D('',#8570,#6928,#6929);
#5971=AXIS2_PLACEMENT_3D('',#8573,#6932,#6933);
#5972=AXIS2_PLACEMENT_3D('',#8575,#6935,#6936);
#5973=AXIS2_PLACEMENT_3D('',#8577,#6937,#6938);
#5974=AXIS2_PLACEMENT_3D('',#8579,#6940,#6941);
#5975=AXIS2_PLACEMENT_3D('',#8583,#6944,#6945);
#5976=AXIS2_PLACEMENT_3D('',#8587,#6948,#6949);
#5977=AXIS2_PLACEMENT_3D('',#8591,#6952,#6953);
#5978=AXIS2_PLACEMENT_3D('',#8592,#6954,#6955);
#5979=AXIS2_PLACEMENT_3D('',#8594,#6957,#6958);
#5980=AXIS2_PLACEMENT_3D('',#8596,#6959,#6960);
#5981=AXIS2_PLACEMENT_3D('',#8600,#6962,#6963);
#5982=AXIS2_PLACEMENT_3D('',#8602,#6965,#6966);
#5983=AXIS2_PLACEMENT_3D('',#8604,#6968,#6969);
#5984=AXIS2_PLACEMENT_3D('',#8607,#6971,#6972);
#5985=AXIS2_PLACEMENT_3D('',#8608,#6973,#6974);
#5986=AXIS2_PLACEMENT_3D('',#8609,#6975,#6976);
#5987=AXIS2_PLACEMENT_3D('',#8610,#6977,#6978);
#5988=AXIS2_PLACEMENT_3D('',#8611,#6979,#6980);
#5989=AXIS2_PLACEMENT_3D('',#8612,#6981,#6982);
#5990=AXIS2_PLACEMENT_3D('',#8614,#6983,#6984);
#5991=AXIS2_PLACEMENT_3D('',#8617,#6986,#6987);
#5992=AXIS2_PLACEMENT_3D('',#8618,#6988,#6989);
#5993=AXIS2_PLACEMENT_3D('',#8621,#6991,#6992);
#5994=AXIS2_PLACEMENT_3D('',#8622,#6993,#6994);
#5995=AXIS2_PLACEMENT_3D('',#8624,#6995,#6996);
#5996=AXIS2_PLACEMENT_3D('',#8626,#6997,#6998);
#5997=AXIS2_PLACEMENT_3D('',#8627,#6999,#7000);
#5998=AXIS2_PLACEMENT_3D('',#8628,#7001,#7002);
#5999=AXIS2_PLACEMENT_3D('',#8630,#7003,#7004);
#6000=AXIS2_PLACEMENT_3D('',#8632,#7006,#7007);
#6001=AXIS2_PLACEMENT_3D('',#8635,#7010,#7011);
#6002=AXIS2_PLACEMENT_3D('',#8637,#7012,#7013);
#6003=AXIS2_PLACEMENT_3D('',#8639,#7015,#7016);
#6004=AXIS2_PLACEMENT_3D('',#8643,#7019,#7020);
#6005=AXIS2_PLACEMENT_3D('',#8645,#7021,#7022);
#6006=AXIS2_PLACEMENT_3D('',#8647,#7023,#7024);
#6007=AXIS2_PLACEMENT_3D('',#8648,#7025,#7026);
#6008=AXIS2_PLACEMENT_3D('',#8649,#7027,#7028);
#6009=AXIS2_PLACEMENT_3D('',#8651,#7030,#7031);
#6010=AXIS2_PLACEMENT_3D('',#8654,#7034,#7035);
#6011=AXIS2_PLACEMENT_3D('',#8656,#7036,#7037);
#6012=AXIS2_PLACEMENT_3D('',#8658,#7039,#7040);
#6013=AXIS2_PLACEMENT_3D('',#8660,#7042,#7043);
#6014=AXIS2_PLACEMENT_3D('',#8662,#7045,#7046);
#6015=AXIS2_PLACEMENT_3D('',#8663,#7047,#7048);
#6016=AXIS2_PLACEMENT_3D('',#8665,#7050,#7051);
#6017=AXIS2_PLACEMENT_3D('',#8667,#7053,#7054);
#6018=AXIS2_PLACEMENT_3D('',#8671,#7057,#7058);
#6019=AXIS2_PLACEMENT_3D('',#8673,#7060,#7061);
#6020=AXIS2_PLACEMENT_3D('',#8674,#7062,#7063);
#6021=AXIS2_PLACEMENT_3D('',#8675,#7064,#7065);
#6022=AXIS2_PLACEMENT_3D('',#8676,#7066,#7067);
#6023=AXIS2_PLACEMENT_3D('',#8677,#7068,#7069);
#6024=AXIS2_PLACEMENT_3D('',#8678,#7070,#7071);
#6025=AXIS2_PLACEMENT_3D('',#8679,#7072,#7073);
#6026=AXIS2_PLACEMENT_3D('',#8680,#7074,#7075);
#6027=AXIS2_PLACEMENT_3D('',#8681,#7076,#7077);
#6028=AXIS2_PLACEMENT_3D('',#8682,#7078,#7079);
#6029=AXIS2_PLACEMENT_3D('',#8683,#7080,#7081);
#6030=AXIS2_PLACEMENT_3D('',#8684,#7082,#7083);
#6031=AXIS2_PLACEMENT_3D('',#8685,#7084,#7085);
#6032=AXIS2_PLACEMENT_3D('',#8686,#7086,#7087);
#6033=AXIS2_PLACEMENT_3D('',#8688,#7088,#7089);
#6034=AXIS2_PLACEMENT_3D('',#8691,#7091,#7092);
#6035=AXIS2_PLACEMENT_3D('',#8692,#7093,#7094);
#6036=AXIS2_PLACEMENT_3D('',#8720,#7108,#7109);
#6037=AXIS2_PLACEMENT_3D('',#8722,#7110,#7111);
#6038=AXIS2_PLACEMENT_3D('',#8723,#7112,#7113);
#6039=AXIS2_PLACEMENT_3D('',#8726,#7115,#7116);
#6040=AXIS2_PLACEMENT_3D('',#8727,#7117,#7118);
#6041=AXIS2_PLACEMENT_3D('',#8731,#7120,#7121);
#6042=AXIS2_PLACEMENT_3D('',#8732,#7122,#7123);
#6043=AXIS2_PLACEMENT_3D('',#8733,#7124,#7125);
#6044=AXIS2_PLACEMENT_3D('',#8736,#7127,#7128);
#6045=AXIS2_PLACEMENT_3D('',#8737,#7129,#7130);
#6046=AXIS2_PLACEMENT_3D('',#8740,#7132,#7133);
#6047=AXIS2_PLACEMENT_3D('',#8741,#7134,#7135);
#6048=AXIS2_PLACEMENT_3D('',#8744,#7137,#7138);
#6049=AXIS2_PLACEMENT_3D('',#9325,#7139,#7140);
#6050=AXIS2_PLACEMENT_3D('',#9327,#7141,#7142);
#6051=AXIS2_PLACEMENT_3D('',#9330,#7144,#7145);
#6052=AXIS2_PLACEMENT_3D('',#9331,#7146,#7147);
#6053=AXIS2_PLACEMENT_3D('',#9333,#7148,#7149);
#6054=AXIS2_PLACEMENT_3D('',#9336,#7151,#7152);
#6055=AXIS2_PLACEMENT_3D('',#9337,#7153,#7154);
#6056=AXIS2_PLACEMENT_3D('',#9339,#7155,#7156);
#6057=AXIS2_PLACEMENT_3D('',#9360,#7158,#7159);
#6058=AXIS2_PLACEMENT_3D('',#9361,#7160,#7161);
#6059=AXIS2_PLACEMENT_3D('',#9363,#7162,#7163);
#6060=AXIS2_PLACEMENT_3D('',#9373,#7165,#7166);
#6061=AXIS2_PLACEMENT_3D('',#9375,#7167,#7168);
#6062=AXIS2_PLACEMENT_3D('',#9377,#7170,#7171);
#6063=AXIS2_PLACEMENT_3D('',#9379,#7172,#7173);
#6064=AXIS2_PLACEMENT_3D('',#9405,#7175,#7176);
#6065=AXIS2_PLACEMENT_3D('',#9406,#7177,#7178);
#6066=AXIS2_PLACEMENT_3D('',#9413,#7180,#7181);
#6067=AXIS2_PLACEMENT_3D('',#9414,#7182,#7183);
#6068=AXIS2_PLACEMENT_3D('',#9424,#7185,#7186);
#6069=AXIS2_PLACEMENT_3D('',#9426,#7187,#7188);
#6070=AXIS2_PLACEMENT_3D('',#9427,#7189,#7190);
#6071=AXIS2_PLACEMENT_3D('',#9429,#7191,#7192);
#6072=AXIS2_PLACEMENT_3D('',#9491,#7193,#7194);
#6073=AXIS2_PLACEMENT_3D('',#9497,#7198,#7199);
#6074=AXIS2_PLACEMENT_3D('',#9509,#7202,#7203);
#6075=AXIS2_PLACEMENT_3D('',#9532,#7212,#7213);
#6076=AXIS2_PLACEMENT_3D('',#9542,#7220,#7221);
#6077=AXIS2_PLACEMENT_3D('',#9544,#7222,#7223);
#6078=AXIS2_PLACEMENT_3D('',#9548,#7226,#7227);
#6079=AXIS2_PLACEMENT_3D('',#9550,#7228,#7229);
#6080=AXIS2_PLACEMENT_3D('',#9560,#7230,#7231);
#6081=AXIS2_PLACEMENT_3D('',#9561,#7232,#7233);
#6082=AXIS2_PLACEMENT_3D('',#9562,#7234,#7235);
#6083=AXIS2_PLACEMENT_3D('',#9566,#7238,#7239);
#6084=AXIS2_PLACEMENT_3D('',#9570,#7242,#7243);
#6085=AXIS2_PLACEMENT_3D('',#9573,#7246,#7247);
#6086=AXIS2_PLACEMENT_3D('',#9575,#7249,#7250);
#6087=AXIS2_PLACEMENT_3D('',#9576,#7251,#7252);
#6088=AXIS2_PLACEMENT_3D('',#9586,#7254,#7255);
#6089=AXIS2_PLACEMENT_3D('',#9592,#7256,#7257);
#6090=AXIS2_PLACEMENT_3D('',#9603,#7259,#7260);
#6091=AXIS2_PLACEMENT_3D('',#9604,#7261,#7262);
#6092=AXIS2_PLACEMENT_3D('',#9606,#7264,#7265);
#6093=AXIS2_PLACEMENT_3D('',#9608,#7267,#7268);
#6094=AXIS2_PLACEMENT_3D('',#9681,#7270,#7271);
#6095=AXIS2_PLACEMENT_3D('',#9683,#7273,#7274);
#6096=AXIS2_PLACEMENT_3D('',#9709,#7288,#7289);
#6097=AXIS2_PLACEMENT_3D('',#9710,#7290,#7291);
#6098=AXIS2_PLACEMENT_3D('',#9711,#7292,#7293);
#6099=AXIS2_PLACEMENT_3D('',#9717,#7295,#7296);
#6100=AXIS2_PLACEMENT_3D('',#9718,#7297,#7298);
#6101=AXIS2_PLACEMENT_3D('',#9723,#7299,#7300);
#6102=AXIS2_PLACEMENT_3D('',#9724,#7301,#7302);
#6103=AXIS2_PLACEMENT_3D('',#9728,#7303,#7304);
#6104=AXIS2_PLACEMENT_3D('',#9731,#7306,#7307);
#6105=AXIS2_PLACEMENT_3D('',#9732,#7308,#7309);
#6106=AXIS2_PLACEMENT_3D('',#9736,#7310,#7311);
#6107=AXIS2_PLACEMENT_3D('',#9739,#7313,#7314);
#6108=AXIS2_PLACEMENT_3D('',#9740,#7315,#7316);
#6109=AXIS2_PLACEMENT_3D('',#9744,#7319,#7320);
#6110=AXIS2_PLACEMENT_3D('',#9748,#7323,#7324);
#6111=AXIS2_PLACEMENT_3D('',#9752,#7327,#7328);
#6112=AXIS2_PLACEMENT_3D('',#9756,#7331,#7332);
#6113=AXIS2_PLACEMENT_3D('',#9762,#7336,#7337);
#6114=AXIS2_PLACEMENT_3D('',#9764,#7339,#7340);
#6115=AXIS2_PLACEMENT_3D('',#9777,#7344,#7345);
#6116=AXIS2_PLACEMENT_3D('',#9779,#7347,#7348);
#6117=AXIS2_PLACEMENT_3D('',#9781,#7350,#7351);
#6118=AXIS2_PLACEMENT_3D('',#9783,#7353,#7354);
#6119=AXIS2_PLACEMENT_3D('',#9785,#7356,#7357);
#6120=AXIS2_PLACEMENT_3D('',#9789,#7360,#7361);
#6121=AXIS2_PLACEMENT_3D('',#9795,#7365,#7366);
#6122=AXIS2_PLACEMENT_3D('',#9797,#7368,#7369);
#6123=AXIS2_PLACEMENT_3D('',#9800,#7372,#7373);
#6124=AXIS2_PLACEMENT_3D('',#9801,#7374,#7375);
#6125=AXIS2_PLACEMENT_3D('',#9815,#7377,#7378);
#6126=AXIS2_PLACEMENT_3D('',#9816,#7379,#7380);
#6127=AXIS2_PLACEMENT_3D('',#9819,#7383,#7384);
#6128=AXIS2_PLACEMENT_3D('',#9820,#7385,#7386);
#6129=AXIS2_PLACEMENT_3D('',#9822,#7387,#7388);
#6130=AXIS2_PLACEMENT_3D('',#9823,#7389,#7390);
#6131=AXIS2_PLACEMENT_3D('',#9825,#7391,#7392);
#6132=AXIS2_PLACEMENT_3D('',#9883,#7393,#7394);
#6133=AXIS2_PLACEMENT_3D('',#9885,#7396,#7397);
#6134=AXIS2_PLACEMENT_3D('',#9887,#7399,#7400);
#6135=AXIS2_PLACEMENT_3D('',#9889,#7402,#7403);
#6136=AXIS2_PLACEMENT_3D('',#9890,#7404,#7405);
#6137=AXIS2_PLACEMENT_3D('',#9891,#7406,#7407);
#6138=AXIS2_PLACEMENT_3D('',#9892,#7408,#7409);
#6139=AXIS2_PLACEMENT_3D('',#9893,#7410,#7411);
#6140=AXIS2_PLACEMENT_3D('',#9894,#7412,#7413);
#6141=AXIS2_PLACEMENT_3D('',#9895,#7414,#7415);
#6142=AXIS2_PLACEMENT_3D('',#9896,#7416,#7417);
#6143=AXIS2_PLACEMENT_3D('',#9897,#7418,#7419);
#6144=AXIS2_PLACEMENT_3D('',#9898,#7420,#7421);
#6145=AXIS2_PLACEMENT_3D('',#9899,#7422,#7423);
#6146=AXIS2_PLACEMENT_3D('',#9900,#7424,#7425);
#6147=AXIS2_PLACEMENT_3D('',#9913,#7428,#7429);
#6148=AXIS2_PLACEMENT_3D('',#9925,#7435,#7436);
#6149=AXIS2_PLACEMENT_3D('',#9960,#7447,#7448);
#6150=AXIS2_PLACEMENT_3D('',#9973,#7451,#7452);
#6151=AXIS2_PLACEMENT_3D('',#9980,#7454,#7455);
#6152=AXIS2_PLACEMENT_3D('',#9985,#7456,#7457);
#6153=AXIS2_PLACEMENT_3D('',#9986,#7458,#7459);
#6154=AXIS2_PLACEMENT_3D('',#9990,#7461,#7462);
#6155=AXIS2_PLACEMENT_3D('',#9991,#7463,#7464);
#6156=AXIS2_PLACEMENT_3D('',#10022,#7478,#7479);
#6157=AXIS2_PLACEMENT_3D('',#10110,#7482,#7483);
#6158=AXIS2_PLACEMENT_3D('',#10114,#7486,#7487);
#6159=AXIS2_PLACEMENT_3D('',#10120,#7489,#7490);
#6160=AXIS2_PLACEMENT_3D('',#10124,#7493,#7494);
#6161=AXIS2_PLACEMENT_3D('',#10128,#7497,#7498);
#6162=AXIS2_PLACEMENT_3D('',#10143,#7500,#7501);
#6163=AXIS2_PLACEMENT_3D('',#10150,#7505,#7506);
#6164=AXIS2_PLACEMENT_3D('',#10158,#7508,#7509);
#6165=AXIS2_PLACEMENT_3D('',#10162,#7512,#7513);
#6166=AXIS2_PLACEMENT_3D('',#10166,#7516,#7517);
#6167=AXIS2_PLACEMENT_3D('',#10171,#7520,#7521);
#6168=AXIS2_PLACEMENT_3D('',#10172,#7522,#7523);
#6169=AXIS2_PLACEMENT_3D('',#10185,#7525,#7526);
#6170=AXIS2_PLACEMENT_3D('',#10190,#7529,#7530);
#6171=AXIS2_PLACEMENT_3D('',#10191,#7531,#7532);
#6172=AXIS2_PLACEMENT_3D('',#10195,#7535,#7536);
#6173=AXIS2_PLACEMENT_3D('',#10210,#7539,#7540);
#6174=AXIS2_PLACEMENT_3D('',#10213,#7542,#7543);
#6175=AXIS2_PLACEMENT_3D('',#10239,#7544,#7545);
#6176=AXIS2_PLACEMENT_3D('',#10241,#7546,#7547);
#6177=AXIS2_PLACEMENT_3D('',#10243,#7549,#7550);
#6178=AXIS2_PLACEMENT_3D('',#10245,#7551,#7552);
#6179=AXIS2_PLACEMENT_3D('',#10247,#7553,#7554);
#6180=AXIS2_PLACEMENT_3D('',#10256,#7556,#7557);
#6181=AXIS2_PLACEMENT_3D('',#10258,#7558,#7559);
#6182=AXIS2_PLACEMENT_3D('',#10260,#7560,#7561);
#6183=AXIS2_PLACEMENT_3D('',#10262,#7562,#7563);
#6184=AXIS2_PLACEMENT_3D('',#10271,#7565,#7566);
#6185=AXIS2_PLACEMENT_3D('',#10277,#7568,#7569);
#6186=AXIS2_PLACEMENT_3D('',#10279,#7570,#7571);
#6187=AXIS2_PLACEMENT_3D('',#10282,#7573,#7574);
#6188=AXIS2_PLACEMENT_3D('',#10283,#7575,#7576);
#6189=AXIS2_PLACEMENT_3D('',#10337,#7580,#7581);
#6190=AXIS2_PLACEMENT_3D('',#10351,#7582,#7583);
#6191=AXIS2_PLACEMENT_3D('',#10389,#7585,#7586);
#6192=AXIS2_PLACEMENT_3D('',#10390,#7587,#7588);
#6193=AXIS2_PLACEMENT_3D('',#10394,#7591,#7592);
#6194=AXIS2_PLACEMENT_3D('',#10397,#7594,#7595);
#6195=AXIS2_PLACEMENT_3D('',#10398,#7596,#7597);
#6196=AXIS2_PLACEMENT_3D('',#10403,#7600,#7601);
#6197=AXIS2_PLACEMENT_3D('',#10404,#7602,#7603);
#6198=AXIS2_PLACEMENT_3D('',#10409,#7606,#7607);
#6199=AXIS2_PLACEMENT_3D('',#10410,#7608,#7609);
#6200=AXIS2_PLACEMENT_3D('',#10416,#7611,#7612);
#6201=AXIS2_PLACEMENT_3D('',#10417,#7613,#7614);
#6202=AXIS2_PLACEMENT_3D('',#10418,#7615,#7616);
#6203=AXIS2_PLACEMENT_3D('',#10459,#7618,#7619);
#6204=AXIS2_PLACEMENT_3D('',#10463,#7622,#7623);
#6205=AXIS2_PLACEMENT_3D('',#10466,#7626,#7627);
#6206=AXIS2_PLACEMENT_3D('',#10467,#7628,#7629);
#6207=AXIS2_PLACEMENT_3D('',#10468,#7630,#7631);
#6208=AXIS2_PLACEMENT_3D('',#10471,#7633,#7634);
#6209=AXIS2_PLACEMENT_3D('',#10472,#7635,#7636);
#6210=AXIS2_PLACEMENT_3D('',#10474,#7637,#7638);
#6211=AXIS2_PLACEMENT_3D('',#10487,#7640,#7641);
#6212=AXIS2_PLACEMENT_3D('',#10489,#7643,#7644);
#6213=AXIS2_PLACEMENT_3D('',#10491,#7646,#7647);
#6214=AXIS2_PLACEMENT_3D('',#10493,#7648,#7649);
#6215=AXIS2_PLACEMENT_3D('',#10494,#7650,#7651);
#6216=AXIS2_PLACEMENT_3D('',#10496,#7652,#7653);
#6217=AXIS2_PLACEMENT_3D('',#10498,#7655,#7656);
#6218=AXIS2_PLACEMENT_3D('',#10500,#7657,#7658);
#6219=AXIS2_PLACEMENT_3D('',#10501,#7659,#7660);
#6220=AXIS2_PLACEMENT_3D('',#10505,#7662,#7663);
#6221=AXIS2_PLACEMENT_3D('',#10519,#7666,#7667);
#6222=AXIS2_PLACEMENT_3D('',#10521,#7669,#7670);
#6223=AXIS2_PLACEMENT_3D('',#10533,#7673,#7674);
#6224=AXIS2_PLACEMENT_3D('',#10634,#7677,#7678);
#6225=AXIS2_PLACEMENT_3D('',#10654,#7682,#7683);
#6226=AXIS2_PLACEMENT_3D('',#10678,#7685,#7686);
#6227=AXIS2_PLACEMENT_3D('',#10680,#7687,#7688);
#6228=AXIS2_PLACEMENT_3D('',#10682,#7689,#7690);
#6229=AXIS2_PLACEMENT_3D('',#10683,#7691,#7692);
#6230=AXIS2_PLACEMENT_3D('',#10685,#7694,#7695);
#6231=AXIS2_PLACEMENT_3D('',#10686,#7696,#7697);
#6232=AXIS2_PLACEMENT_3D('',#10687,#7698,#7699);
#6233=AXIS2_PLACEMENT_3D('',#10689,#7700,#7701);
#6234=AXIS2_PLACEMENT_3D('',#10691,#7702,#7703);
#6235=AXIS2_PLACEMENT_3D('',#10692,#7704,#7705);
#6236=AXIS2_PLACEMENT_3D('',#10694,#7707,#7708);
#6237=AXIS2_PLACEMENT_3D('',#10695,#7709,#7710);
#6238=AXIS2_PLACEMENT_3D('',#10696,#7711,#7712);
#6239=AXIS2_PLACEMENT_3D('',#10697,#7713,#7714);
#6240=AXIS2_PLACEMENT_3D('',#10699,#7716,#7717);
#6241=AXIS2_PLACEMENT_3D('',#10700,#7718,#7719);
#6242=AXIS2_PLACEMENT_3D('',#10701,#7720,#7721);
#6243=AXIS2_PLACEMENT_3D('',#10704,#7724,#7725);
#6244=AXIS2_PLACEMENT_3D('',#10705,#7726,#7727);
#6245=AXIS2_PLACEMENT_3D('',#10707,#7729,#7730);
#6246=AXIS2_PLACEMENT_3D('',#10709,#7732,#7733);
#6247=AXIS2_PLACEMENT_3D('',#10710,#7734,#7735);
#6248=AXIS2_PLACEMENT_3D('',#10711,#7736,#7737);
#6249=AXIS2_PLACEMENT_3D('',#10712,#7738,#7739);
#6250=AXIS2_PLACEMENT_3D('',#10713,#7740,#7741);
#6251=AXIS2_PLACEMENT_3D('',#10714,#7742,#7743);
#6252=AXIS2_PLACEMENT_3D('',#10715,#7744,#7745);
#6253=AXIS2_PLACEMENT_3D('',#10716,#7746,#7747);
#6254=AXIS2_PLACEMENT_3D('',#10717,#7748,#7749);
#6255=AXIS2_PLACEMENT_3D('',#10718,#7750,#7751);
#6256=AXIS2_PLACEMENT_3D('',#10719,#7752,#7753);
#6257=AXIS2_PLACEMENT_3D('',#10720,#7754,#7755);
#6258=AXIS2_PLACEMENT_3D('',#10721,#7756,#7757);
#6259=AXIS2_PLACEMENT_3D('',#10722,#7758,#7759);
#6260=AXIS2_PLACEMENT_3D('',#10723,#7760,#7761);
#6261=AXIS2_PLACEMENT_3D('',#10724,#7762,#7763);
#6262=AXIS2_PLACEMENT_3D('',#10725,#7764,#7765);
#6263=AXIS2_PLACEMENT_3D('',#10726,#7766,#7767);
#6264=DIRECTION('axis',(0.,0.,1.));
#6265=DIRECTION('refdir',(1.,0.,0.));
#6266=DIRECTION('axis',(0.,0.,1.));
#6267=DIRECTION('refdir',(1.,0.,0.));
#6268=DIRECTION('axis',(0.,0.,1.));
#6269=DIRECTION('refdir',(1.,0.,0.));
#6270=DIRECTION('axis',(0.,0.,1.));
#6271=DIRECTION('refdir',(1.,0.,0.));
#6272=DIRECTION('axis',(0.,0.,1.));
#6273=DIRECTION('refdir',(1.,0.,0.));
#6274=DIRECTION('',(2.0052155029174E-16,1.32669172355014E-15,-1.));
#6275=DIRECTION('',(0.812068710671393,0.583561829756284,9.37043926524682E-16));
#6276=DIRECTION('',(1.8895330375003E-16,1.34866608702594E-15,-1.));
#6277=DIRECTION('',(0.763071093239575,0.646314557055742,1.01584732871604E-15));
#6278=DIRECTION('',(0.,0.,1.));
#6279=DIRECTION('',(1.,0.,0.));
#6280=DIRECTION('center_axis',(-0.707106781186548,0.707106781186548,3.85094239485415E-17));
#6281=DIRECTION('ref_axis',(5.44605496272026E-17,0.,1.));
#6282=DIRECTION('',(5.44605496272026E-17,0.,1.));
#6283=DIRECTION('',(0.707106781186548,0.707106781186548,0.));
#6284=DIRECTION('',(-5.44605496272026E-17,0.,-1.));
#6285=DIRECTION('center_axis',(-0.707106781186548,0.707106781186548,3.85094239485415E-17));
#6286=DIRECTION('ref_axis',(0.707106781186547,0.707106781186547,1.01998348266448E-14));
#6287=DIRECTION('center_axis',(0.,-1.,0.));
#6288=DIRECTION('ref_axis',(-0.707106781186545,0.,0.70710678118655));
#6289=DIRECTION('center_axis',(0.,1.,0.));
#6290=DIRECTION('ref_axis',(-0.707106781186545,0.,0.70710678118655));
#6291=DIRECTION('',(0.,0.707106781186557,-0.707106781186538));
#6292=DIRECTION('center_axis',(0.,-1.,0.));
#6293=DIRECTION('ref_axis',(-0.707106781186545,0.,0.70710678118655));
#6294=DIRECTION('center_axis',(0.,0.707106781186548,0.707106781186548));
#6295=DIRECTION('ref_axis',(1.,0.,0.));
#6296=DIRECTION('',(0.,0.707106781186548,-0.707106781186548));
#6297=DIRECTION('',(-1.,0.,0.));
#6298=DIRECTION('',(1.,0.,0.));
#6299=DIRECTION('center_axis',(0.,-1.,0.));
#6300=DIRECTION('ref_axis',(0.,0.,1.));
#6301=DIRECTION('',(-0.707106781186555,0.70710678118654,0.));
#6302=DIRECTION('center_axis',(0.,-1.,0.));
#6303=DIRECTION('ref_axis',(0.,0.,1.));
#6304=DIRECTION('center_axis',(0.,1.,0.));
#6305=DIRECTION('ref_axis',(0.,0.,1.));
#6306=DIRECTION('center_axis',(0.707106781186555,0.70710678118654,0.));
#6307=DIRECTION('ref_axis',(0.,0.,-1.));
#6308=DIRECTION('',(-0.70710678118654,0.707106781186555,0.));
#6309=DIRECTION('',(0.,0.,1.));
#6310=DIRECTION('',(0.,0.,-1.));
#6311=DIRECTION('center_axis',(0.,-1.,0.));
#6312=DIRECTION('ref_axis',(0.,0.,-1.));
#6313=DIRECTION('',(0.,0.707106781186553,0.707106781186542));
#6314=DIRECTION('center_axis',(0.,-1.,0.));
#6315=DIRECTION('ref_axis',(0.,0.,-1.));
#6316=DIRECTION('center_axis',(0.,1.,0.));
#6317=DIRECTION('ref_axis',(0.,0.,-1.));
#6318=DIRECTION('center_axis',(0.,0.707106781186548,-0.707106781186548));
#6319=DIRECTION('ref_axis',(-1.,0.,0.));
#6320=DIRECTION('',(-1.,0.,0.));
#6321=DIRECTION('',(0.,0.707106781186548,0.707106781186548));
#6322=DIRECTION('',(1.,0.,0.));
#6323=DIRECTION('center_axis',(0.,1.,0.));
#6324=DIRECTION('ref_axis',(0.,0.,-1.));
#6325=DIRECTION('center_axis',(0.,-1.,0.));
#6326=DIRECTION('ref_axis',(0.,0.,-1.));
#6327=DIRECTION('',(0.,0.707106781186555,-0.70710678118654));
#6328=DIRECTION('center_axis',(0.,1.,0.));
#6329=DIRECTION('ref_axis',(0.,0.,-1.));
#6330=DIRECTION('center_axis',(0.,0.70710678118655,0.707106781186545));
#6331=DIRECTION('ref_axis',(1.,0.,0.));
#6332=DIRECTION('',(1.,0.,0.));
#6333=DIRECTION('',(0.,0.707106781186545,-0.70710678118655));
#6334=DIRECTION('',(-1.,0.,0.));
#6335=DIRECTION('center_axis',(0.,-1.,0.));
#6336=DIRECTION('ref_axis',(0.707106781186549,0.,0.707106781186546));
#6337=DIRECTION('center_axis',(0.,1.,0.));
#6338=DIRECTION('ref_axis',(0.707106781186549,0.,0.707106781186546));
#6339=DIRECTION('',(-0.707106781186555,0.70710678118654,0.));
#6340=DIRECTION('center_axis',(0.,-1.,0.));
#6341=DIRECTION('ref_axis',(0.707106781186549,0.,0.707106781186546));
#6342=DIRECTION('center_axis',(0.707106781186681,0.707106781186414,-1.85007606163481E-32));
#6343=DIRECTION('ref_axis',(-2.61640265778526E-32,0.,-1.));
#6344=DIRECTION('',(-0.707106781186414,0.707106781186681,0.));
#6345=DIRECTION('',(2.61640265778526E-32,0.,1.));
#6346=DIRECTION('',(-2.61640265778526E-32,0.,-1.));
#6347=DIRECTION('center_axis',(0.,-1.,0.));
#6348=DIRECTION('ref_axis',(-2.61640265778526E-32,0.,-1.));
#6349=DIRECTION('',(0.,0.707106781186681,0.707106781186414));
#6350=DIRECTION('center_axis',(0.,-1.,0.));
#6351=DIRECTION('ref_axis',(-2.61640265778526E-32,0.,-1.));
#6352=DIRECTION('center_axis',(0.,1.,0.));
#6353=DIRECTION('ref_axis',(-2.61640265778526E-32,0.,-1.));
#6354=DIRECTION('center_axis',(-1.85007606163479E-32,0.707106781186422,
-0.707106781186673));
#6355=DIRECTION('ref_axis',(-1.,0.,2.61640265778526E-32));
#6356=DIRECTION('',(0.,0.707106781186673,0.707106781186422));
#6357=DIRECTION('',(1.,0.,-2.61640265778526E-32));
#6358=DIRECTION('',(-1.,0.,2.61640265778526E-32));
#6359=DIRECTION('center_axis',(0.,-1.,0.));
#6360=DIRECTION('ref_axis',(-2.61640265778526E-32,0.,-1.));
#6361=DIRECTION('',(0.707106781186414,0.707106781186681,0.));
#6362=DIRECTION('center_axis',(0.,-1.,0.));
#6363=DIRECTION('ref_axis',(-2.61640265778526E-32,0.,-1.));
#6364=DIRECTION('center_axis',(0.,1.,0.));
#6365=DIRECTION('ref_axis',(-2.61640265778526E-32,0.,-1.));
#6366=DIRECTION('center_axis',(-0.707106781186681,0.707106781186414,1.85007606163481E-32));
#6367=DIRECTION('ref_axis',(2.61640265778526E-32,0.,1.));
#6368=DIRECTION('',(0.707106781186414,0.707106781186681,0.));
#6369=DIRECTION('',(-2.61640265778526E-32,0.,-1.));
#6370=DIRECTION('',(2.61640265778526E-32,0.,1.));
#6371=DIRECTION('center_axis',(0.,-1.,0.));
#6372=DIRECTION('ref_axis',(-0.707106781186549,0.,0.707106781186546));
#6373=DIRECTION('center_axis',(0.,1.,0.));
#6374=DIRECTION('ref_axis',(-0.707106781186549,0.,0.707106781186546));
#6375=DIRECTION('',(0.,0.707106781186556,-0.707106781186539));
#6376=DIRECTION('center_axis',(0.,-1.,0.));
#6377=DIRECTION('ref_axis',(-0.707106781186549,0.,0.707106781186546));
#6378=DIRECTION('center_axis',(0.,0.707106781186547,0.707106781186548));
#6379=DIRECTION('ref_axis',(1.,0.,0.));
#6380=DIRECTION('',(1.,0.,0.));
#6381=DIRECTION('',(0.,0.707106781186548,-0.707106781186547));
#6382=DIRECTION('',(-1.,0.,0.));
#6383=DIRECTION('center_axis',(0.,1.,0.));
#6384=DIRECTION('ref_axis',(0.,0.,-1.));
#6385=DIRECTION('center_axis',(0.,-1.,0.));
#6386=DIRECTION('ref_axis',(0.,0.,-1.));
#6387=DIRECTION('',(0.,0.707106781186554,0.707106781186541));
#6388=DIRECTION('center_axis',(0.,1.,0.));
#6389=DIRECTION('ref_axis',(0.,0.,-1.));
#6390=DIRECTION('center_axis',(6.13317366673355E-16,0.707106781186548,-0.707106781186548));
#6391=DIRECTION('ref_axis',(-1.,0.,-8.67361737988411E-16));
#6392=DIRECTION('',(-1.,0.,-8.67361737988411E-16));
#6393=DIRECTION('',(0.,0.707106781186548,0.707106781186547));
#6394=DIRECTION('',(1.,0.,8.67361737988411E-16));
#6395=DIRECTION('center_axis',(0.,-1.,0.));
#6396=DIRECTION('ref_axis',(0.,0.,-1.));
#6397=DIRECTION('',(0.70710678118654,0.707106781186555,0.));
#6398=DIRECTION('center_axis',(0.,-1.,0.));
#6399=DIRECTION('ref_axis',(0.,0.,-1.));
#6400=DIRECTION('center_axis',(0.,1.,0.));
#6401=DIRECTION('ref_axis',(0.,0.,-1.));
#6402=DIRECTION('center_axis',(-0.707106781186555,0.70710678118654,0.));
#6403=DIRECTION('ref_axis',(0.,0.,1.));
#6404=DIRECTION('',(0.70710678118654,0.707106781186555,7.85046229341895E-15));
#6405=DIRECTION('',(0.,0.,-1.));
#6406=DIRECTION('',(0.,0.,1.));
#6407=DIRECTION('center_axis',(0.,-1.,0.));
#6408=DIRECTION('ref_axis',(0.,0.,1.));
#6409=DIRECTION('',(0.,0.707106781186548,-0.707106781186548));
#6410=DIRECTION('center_axis',(0.,-1.,0.));
#6411=DIRECTION('ref_axis',(0.,0.,1.));
#6412=DIRECTION('center_axis',(0.,1.,0.));
#6413=DIRECTION('ref_axis',(0.,0.,1.));
#6414=DIRECTION('center_axis',(0.,0.707106781186548,0.707106781186548));
#6415=DIRECTION('ref_axis',(1.,0.,0.));
#6416=DIRECTION('',(0.,0.707106781186548,-0.707106781186548));
#6417=DIRECTION('',(-1.,0.,0.));
#6418=DIRECTION('',(1.,0.,0.));
#6419=DIRECTION('center_axis',(0.,-1.,0.));
#6420=DIRECTION('ref_axis',(0.707106781186547,0.,0.707106781186548));
#6421=DIRECTION('center_axis',(0.,1.,0.));
#6422=DIRECTION('ref_axis',(0.707106781186547,0.,0.707106781186548));
#6423=DIRECTION('',(-0.707106781186546,0.707106781186549,0.));
#6424=DIRECTION('center_axis',(0.,-1.,0.));
#6425=DIRECTION('ref_axis',(0.707106781186547,0.,0.707106781186548));
#6426=DIRECTION('center_axis',(0.707106781186548,0.707106781186547,-3.85094236006825E-17));
#6427=DIRECTION('ref_axis',(-5.44605491352557E-17,0.,-1.));
#6428=DIRECTION('',(-0.707106781186547,0.707106781186548,0.));
#6429=DIRECTION('',(5.44605491352557E-17,0.,1.));
#6430=DIRECTION('',(-5.44605491352557E-17,0.,-1.));
#6431=DIRECTION('center_axis',(0.,1.,0.));
#6432=DIRECTION('ref_axis',(-0.70710678118655,1.02056009814446E-14,-0.707106781186545));
#6433=DIRECTION('center_axis',(0.,-1.,0.));
#6434=DIRECTION('ref_axis',(-0.70710678118655,2.55140024536112E-14,-0.707106781186545));
#6435=DIRECTION('',(-5.88784672004576E-15,0.70710678118878,-0.707106781184315));
#6436=DIRECTION('center_axis',(0.,1.,0.));
#6437=DIRECTION('ref_axis',(-0.70710678118655,0.,-0.707106781186545));
#6438=DIRECTION('center_axis',(5.27215095254668E-15,0.707106781186536,0.707106781186559));
#6439=DIRECTION('ref_axis',(1.,0.,-7.45594737996963E-15));
#6440=DIRECTION('',(-4.90653893338687E-15,0.707106781186559,-0.707106781186536));
#6441=DIRECTION('',(-1.,0.,7.45594737996963E-15));
#6442=DIRECTION('',(1.,0.,-7.45594737996963E-15));
#6443=DIRECTION('center_axis',(0.,1.,0.));
#6444=DIRECTION('ref_axis',(0.707106781186545,1.02056009814446E-14,-0.70710678118655));
#6445=DIRECTION('center_axis',(0.,-1.,0.));
#6446=DIRECTION('ref_axis',(0.707106781186545,2.55140024536114E-14,-0.70710678118655));
#6447=DIRECTION('',(0.707106781184315,0.70710678118878,0.));
#6448=DIRECTION('center_axis',(0.,1.,0.));
#6449=DIRECTION('ref_axis',(0.707106781186544,0.,-0.70710678118655));
#6450=DIRECTION('center_axis',(-0.707106781186548,0.707106781186548,3.85094236006816E-17));
#6451=DIRECTION('ref_axis',(5.44605491352545E-17,0.,1.));
#6452=DIRECTION('',(0.707106781186548,0.707106781186548,0.));
#6453=DIRECTION('',(-5.44605491352545E-17,0.,-1.));
#6454=DIRECTION('',(5.44605491352545E-17,0.,1.));
#6455=DIRECTION('center_axis',(0.,-1.,0.));
#6456=DIRECTION('ref_axis',(-0.707106781186548,0.,0.707106781186548));
#6457=DIRECTION('center_axis',(0.,1.,0.));
#6458=DIRECTION('ref_axis',(-0.707106781186548,0.,0.707106781186548));
#6459=DIRECTION('',(0.,0.707106781186548,-0.707106781186548));
#6460=DIRECTION('center_axis',(0.,-1.,0.));
#6461=DIRECTION('ref_axis',(-0.707106781186548,0.,0.707106781186548));
#6462=DIRECTION('center_axis',(0.,0.707106781186548,0.707106781186548));
#6463=DIRECTION('ref_axis',(1.,0.,0.));
#6464=DIRECTION('',(0.,0.707106781186548,-0.707106781186548));
#6465=DIRECTION('',(-1.,0.,0.));
#6466=DIRECTION('',(1.,0.,0.));
#6467=DIRECTION('center_axis',(0.,-1.,0.));
#6468=DIRECTION('ref_axis',(0.70710678118655,0.,0.707106781186545));
#6469=DIRECTION('center_axis',(0.,1.,0.));
#6470=DIRECTION('ref_axis',(0.70710678118655,0.,0.707106781186545));
#6471=DIRECTION('',(-0.707106781186551,0.707106781186544,0.));
#6472=DIRECTION('center_axis',(0.,-1.,0.));
#6473=DIRECTION('ref_axis',(0.70710678118655,0.,0.707106781186545));
#6474=DIRECTION('center_axis',(0.707106781186548,0.707106781186548,-3.85094239485415E-17));
#6475=DIRECTION('ref_axis',(-5.44605496272026E-17,0.,-1.));
#6476=DIRECTION('',(5.44605496272026E-17,0.,1.));
#6477=DIRECTION('',(-5.44605496272026E-17,0.,-1.));
#6478=DIRECTION('center_axis',(0.707106781186548,0.707106781186548,-3.85094239485415E-17));
#6479=DIRECTION('ref_axis',(0.707106781186548,-0.707106781186547,-1.00394621378049E-14));
#6480=DIRECTION('center_axis',(0.,0.,-1.));
#6481=DIRECTION('ref_axis',(-1.,0.,0.));
#6482=DIRECTION('',(0.,1.,0.));
#6483=DIRECTION('',(-1.,0.,0.));
#6484=DIRECTION('',(0.,1.,0.));
#6485=DIRECTION('center_axis',(0.,-1.,0.));
#6486=DIRECTION('ref_axis',(-0.707106781186549,0.,0.707106781186546));
#6487=DIRECTION('',(0.,-1.,0.));
#6488=DIRECTION('center_axis',(0.,-1.,0.));
#6489=DIRECTION('ref_axis',(-0.707106781186549,0.,0.707106781186546));
#6490=DIRECTION('center_axis',(1.,0.,-2.61640265778526E-32));
#6491=DIRECTION('ref_axis',(-2.61640265778526E-32,0.,-1.));
#6492=DIRECTION('',(0.,-1.,0.));
#6493=DIRECTION('',(-2.61640265778526E-32,0.,-1.));
#6494=DIRECTION('center_axis',(0.,-1.,0.));
#6495=DIRECTION('ref_axis',(-2.61640265778526E-32,0.,-1.));
#6496=DIRECTION('',(0.,1.,0.));
#6497=DIRECTION('center_axis',(0.,-1.,0.));
#6498=DIRECTION('ref_axis',(-2.61640265778526E-32,0.,-1.));
#6499=DIRECTION('center_axis',(2.61640265778526E-32,0.,1.));
#6500=DIRECTION('ref_axis',(1.,0.,-2.61640265778526E-32));
#6501=DIRECTION('',(0.,-1.,0.));
#6502=DIRECTION('',(1.,0.,-2.61640265778526E-32));
#6503=DIRECTION('center_axis',(0.,-1.,0.));
#6504=DIRECTION('ref_axis',(-2.61640265778526E-32,0.,-1.));
#6505=DIRECTION('',(0.,1.,0.));
#6506=DIRECTION('center_axis',(0.,-1.,0.));
#6507=DIRECTION('ref_axis',(-2.61640265778526E-32,0.,-1.));
#6508=DIRECTION('center_axis',(-1.,0.,2.61640265778526E-32));
#6509=DIRECTION('ref_axis',(2.61640265778526E-32,0.,1.));
#6510=DIRECTION('',(0.,1.,0.));
#6511=DIRECTION('',(2.61640265778526E-32,0.,1.));
#6512=DIRECTION('center_axis',(0.,1.,0.));
#6513=DIRECTION('ref_axis',(0.707106781186549,0.,0.707106781186546));
#6514=DIRECTION('',(0.,-1.,0.));
#6515=DIRECTION('center_axis',(0.,-1.,0.));
#6516=DIRECTION('ref_axis',(0.707106781186549,0.,0.707106781186546));
#6517=DIRECTION('center_axis',(0.,0.,-1.));
#6518=DIRECTION('ref_axis',(-1.,0.,0.));
#6519=DIRECTION('',(0.,1.,0.));
#6520=DIRECTION('',(-1.,0.,0.));
#6521=DIRECTION('center_axis',(0.,-1.,0.));
#6522=DIRECTION('ref_axis',(0.,0.,-1.));
#6523=DIRECTION('',(0.,1.,0.));
#6524=DIRECTION('center_axis',(0.,1.,0.));
#6525=DIRECTION('ref_axis',(0.,0.,-1.));
#6526=DIRECTION('center_axis',(0.,0.,1.));
#6527=DIRECTION('ref_axis',(1.,0.,0.));
#6528=DIRECTION('',(0.,-1.,0.));
#6529=DIRECTION('',(1.,0.,0.));
#6530=DIRECTION('center_axis',(0.,1.,0.));
#6531=DIRECTION('ref_axis',(0.,0.,1.));
#6532=DIRECTION('',(0.,1.,0.));
#6533=DIRECTION('center_axis',(0.,-1.,0.));
#6534=DIRECTION('ref_axis',(0.,0.,-1.));
#6535=DIRECTION('center_axis',(-1.,0.,0.));
#6536=DIRECTION('ref_axis',(0.,0.,1.));
#6537=DIRECTION('',(0.,-1.,0.));
#6538=DIRECTION('',(0.,0.,1.));
#6539=DIRECTION('center_axis',(0.,-1.,0.));
#6540=DIRECTION('ref_axis',(0.,0.,-1.));
#6541=DIRECTION('',(0.,1.,0.));
#6542=DIRECTION('center_axis',(0.,-1.,0.));
#6543=DIRECTION('ref_axis',(0.,0.,1.));
#6544=DIRECTION('center_axis',(0.,0.,-1.));
#6545=DIRECTION('ref_axis',(-1.,0.,0.));
#6546=DIRECTION('',(1.17881200688738E-16,1.,0.));
#6547=DIRECTION('',(-1.,0.,0.));
#6548=DIRECTION('center_axis',(-1.17881200688738E-16,-1.,0.));
#6549=DIRECTION('ref_axis',(-0.707106781186545,0.,0.70710678118655));
#6550=DIRECTION('',(-1.17881200688738E-16,-1.,0.));
#6551=DIRECTION('center_axis',(0.,-1.,0.));
#6552=DIRECTION('ref_axis',(-0.707106781186545,0.,0.70710678118655));
#6553=DIRECTION('center_axis',(-1.,1.17881200688738E-16,5.44605496272026E-17));
#6554=DIRECTION('ref_axis',(-1.17881200688739E-16,-1.,-1.4266365866672E-14));
#6555=DIRECTION('center_axis',(1.,-1.17881200688738E-16,-5.44605496272026E-17));
#6556=DIRECTION('ref_axis',(8.74341116631581E-17,1.,1.43113441300107E-14));
#6557=DIRECTION('',(5.44605496272009E-17,-1.42181583063284E-14,1.));
#6558=DIRECTION('center_axis',(-1.,1.17881200688738E-16,5.44605496272026E-17));
#6559=DIRECTION('ref_axis',(1.26212263193392E-16,1.,1.36843172331855E-15));
#6560=DIRECTION('',(-5.44605496272026E-17,0.,-1.));
#6561=DIRECTION('center_axis',(0.,1.,0.));
#6562=DIRECTION('ref_axis',(0.,0.,1.));
#6563=DIRECTION('center_axis',(0.,-0.707106781186548,0.707106781186548));
#6564=DIRECTION('ref_axis',(1.,0.,0.));
#6565=DIRECTION('center_axis',(0.,-0.707106781186548,0.707106781186548));
#6566=DIRECTION('ref_axis',(8.177564888978E-17,0.707106781186547,0.707106781186547));
#6567=DIRECTION('',(-1.,0.,0.));
#6568=DIRECTION('',(9.81307786677358E-16,-0.707106781186548,-0.707106781186548));
#6569=DIRECTION('',(1.,0.,0.));
#6570=DIRECTION('center_axis',(0.,1.,0.));
#6571=DIRECTION('ref_axis',(-0.707106781186548,0.,0.707106781186548));
#6572=DIRECTION('center_axis',(0.,-1.,0.));
#6573=DIRECTION('ref_axis',(-0.707106781186548,0.,0.707106781186548));
#6574=DIRECTION('',(0.707106781186547,-0.707106781186548,0.));
#6575=DIRECTION('center_axis',(0.,1.,0.));
#6576=DIRECTION('ref_axis',(-0.707106781186548,0.,0.707106781186548));
#6577=DIRECTION('center_axis',(-0.707106781186547,-0.707106781186548,3.85094236006816E-17));
#6578=DIRECTION('ref_axis',(5.44605491352545E-17,0.,1.));
#6579=DIRECTION('',(0.707106781186548,-0.707106781186546,0.));
#6580=DIRECTION('',(5.44605491352545E-17,0.,1.));
#6581=DIRECTION('',(-5.44605491352545E-17,0.,-1.));
#6582=DIRECTION('center_axis',(0.,-1.,0.));
#6583=DIRECTION('ref_axis',(0.707106781186545,1.02056009814445E-14,-0.70710678118655));
#6584=DIRECTION('center_axis',(0.,1.,0.));
#6585=DIRECTION('ref_axis',(0.707106781186545,2.55140024536114E-14,-0.70710678118655));
#6586=DIRECTION('',(-5.88784672008259E-15,-0.707106781184317,-0.707106781188778));
#6587=DIRECTION('center_axis',(0.,-1.,0.));
#6588=DIRECTION('ref_axis',(0.707106781186545,0.,-0.70710678118655));
#6589=DIRECTION('center_axis',(5.27215095254651E-15,-0.707106781186559,
0.707106781186536));
#6590=DIRECTION('ref_axis',(1.,0.,-7.45594737996963E-15));
#6591=DIRECTION('',(-5.88784672006405E-15,-0.707106781186536,-0.707106781186559));
#6592=DIRECTION('',(1.,0.,-7.45594737996963E-15));
#6593=DIRECTION('',(-1.,0.,7.45594737996963E-15));
#6594=DIRECTION('center_axis',(0.,-1.,0.));
#6595=DIRECTION('ref_axis',(-0.70710678118655,1.02056009814444E-14,-0.707106781186545));
#6596=DIRECTION('center_axis',(0.,1.,0.));
#6597=DIRECTION('ref_axis',(-0.70710678118655,2.55140024536112E-14,-0.707106781186545));
#6598=DIRECTION('',(-0.707106781188778,-0.707106781184317,0.));
#6599=DIRECTION('center_axis',(0.,-1.,0.));
#6600=DIRECTION('ref_axis',(-0.70710678118655,0.,-0.707106781186545));
#6601=DIRECTION('center_axis',(0.707106781186548,-0.707106781186548,-3.85094236006825E-17));
#6602=DIRECTION('ref_axis',(-5.44605491352557E-17,0.,-1.));
#6603=DIRECTION('',(-0.707106781186548,-0.707106781186548,0.));
#6604=DIRECTION('',(-5.44605491352557E-17,0.,-1.));
#6605=DIRECTION('',(5.44605491352557E-17,0.,1.));
#6606=DIRECTION('center_axis',(0.,1.,0.));
#6607=DIRECTION('ref_axis',(0.707106781186547,0.,0.707106781186548));
#6608=DIRECTION('center_axis',(0.,-1.,0.));
#6609=DIRECTION('ref_axis',(0.707106781186547,0.,0.707106781186548));
#6610=DIRECTION('',(0.,-0.707106781186548,-0.707106781186548));
#6611=DIRECTION('center_axis',(0.,1.,0.));
#6612=DIRECTION('ref_axis',(0.707106781186547,0.,0.707106781186548));
#6613=DIRECTION('center_axis',(0.,-0.707106781186548,0.707106781186548));
#6614=DIRECTION('ref_axis',(1.,0.,0.));
#6615=DIRECTION('',(-1.,0.,0.));
#6616=DIRECTION('',(0.,-0.707106781186548,-0.707106781186548));
#6617=DIRECTION('',(1.,0.,0.));
#6618=DIRECTION('center_axis',(0.,1.,0.));
#6619=DIRECTION('ref_axis',(0.,0.,1.));
#6620=DIRECTION('',(0.70710678118654,-0.707106781186555,0.));
#6621=DIRECTION('center_axis',(0.,1.,0.));
#6622=DIRECTION('ref_axis',(0.,0.,1.));
#6623=DIRECTION('center_axis',(0.,-1.,0.));
#6624=DIRECTION('ref_axis',(0.,0.,1.));
#6625=DIRECTION('center_axis',(-0.707106781186555,-0.70710678118654,0.));
#6626=DIRECTION('ref_axis',(0.,0.,1.));
#6627=DIRECTION('',(0.,0.,-1.));
#6628=DIRECTION('',(0.70710678118654,-0.707106781186555,0.));
#6629=DIRECTION('',(0.,0.,1.));
#6630=DIRECTION('center_axis',(0.,1.,0.));
#6631=DIRECTION('ref_axis',(0.,0.,-1.));
#6632=DIRECTION('',(0.,-0.707106781186553,0.707106781186542));
#6633=DIRECTION('center_axis',(0.,1.,0.));
#6634=DIRECTION('ref_axis',(0.,0.,-1.));
#6635=DIRECTION('center_axis',(0.,-1.,0.));
#6636=DIRECTION('ref_axis',(0.,0.,-1.));
#6637=DIRECTION('center_axis',(6.13317366673355E-16,-0.707106781186548,
-0.707106781186547));
#6638=DIRECTION('ref_axis',(-1.,0.,-8.67361737988411E-16));
#6639=DIRECTION('',(0.,-0.707106781186547,0.707106781186548));
#6640=DIRECTION('',(-1.,0.,-8.67361737988411E-16));
#6641=DIRECTION('',(1.,0.,8.67361737988411E-16));
#6642=DIRECTION('center_axis',(0.,-1.,0.));
#6643=DIRECTION('ref_axis',(0.,0.,-1.));
#6644=DIRECTION('center_axis',(0.,1.,0.));
#6645=DIRECTION('ref_axis',(0.,0.,-1.));
#6646=DIRECTION('',(0.,-0.707106781186555,-0.70710678118654));
#6647=DIRECTION('center_axis',(0.,-1.,0.));
#6648=DIRECTION('ref_axis',(0.,0.,-1.));
#6649=DIRECTION('center_axis',(0.,-0.707106781186548,0.707106781186548));
#6650=DIRECTION('ref_axis',(1.,0.,0.));
#6651=DIRECTION('',(0.,-0.707106781186548,-0.707106781186547));
#6652=DIRECTION('',(1.,0.,0.));
#6653=DIRECTION('center_axis',(0.,1.,0.));
#6654=DIRECTION('ref_axis',(-0.707106781186549,0.,0.707106781186546));
#6655=DIRECTION('',(0.70710678118654,-0.707106781186555,0.));
#6656=DIRECTION('center_axis',(0.,1.,0.));
#6657=DIRECTION('ref_axis',(-0.707106781186549,0.,0.707106781186546));
#6658=DIRECTION('center_axis',(-0.70710678118643,-0.707106781186665,1.85007606163415E-32));
#6659=DIRECTION('ref_axis',(2.61640265778526E-32,0.,1.));
#6660=DIRECTION('',(0.707106781186665,-0.70710678118643,0.));
#6661=DIRECTION('',(2.61640265778526E-32,0.,1.));
#6662=DIRECTION('center_axis',(0.,1.,0.));
#6663=DIRECTION('ref_axis',(-2.61640265778526E-32,0.,-1.));
#6664=DIRECTION('',(0.,-0.70710678118643,0.707106781186665));
#6665=DIRECTION('center_axis',(0.,1.,0.));
#6666=DIRECTION('ref_axis',(-2.61640265778526E-32,0.,-1.));
#6667=DIRECTION('center_axis',(-1.85007606163413E-32,-0.707106781186673,
-0.707106781186422));
#6668=DIRECTION('ref_axis',(-1.,0.,2.61640265778526E-32));
#6669=DIRECTION('',(0.,-0.707106781186422,0.707106781186673));
#6670=DIRECTION('',(-1.,0.,2.61640265778526E-32));
#6671=DIRECTION('center_axis',(0.,1.,0.));
#6672=DIRECTION('ref_axis',(-2.61640265778526E-32,0.,-1.));
#6673=DIRECTION('',(-0.707106781186681,-0.707106781186414,0.));
#6674=DIRECTION('center_axis',(0.,1.,0.));
#6675=DIRECTION('ref_axis',(-2.61640265778526E-32,0.,-1.));
#6676=DIRECTION('center_axis',(0.70710678118643,-0.707106781186665,-1.85007606163415E-32));
#6677=DIRECTION('ref_axis',(-2.61640265778526E-32,0.,-1.));
#6678=DIRECTION('',(-0.707106781186665,-0.70710678118643,0.));
#6679=DIRECTION('',(-2.61640265778526E-32,0.,-1.));
#6680=DIRECTION('center_axis',(0.,1.,0.));
#6681=DIRECTION('ref_axis',(0.707106781186549,0.,0.707106781186546));
#6682=DIRECTION('',(0.,-0.707106781186556,-0.707106781186539));
#6683=DIRECTION('center_axis',(0.,1.,0.));
#6684=DIRECTION('ref_axis',(0.707106781186549,0.,0.707106781186546));
#6685=DIRECTION('center_axis',(0.,-0.70710678118655,0.707106781186545));
#6686=DIRECTION('ref_axis',(1.,0.,0.));
#6687=DIRECTION('',(-3.14018491736755E-14,-0.707106781186548,-0.707106781186547));
#6688=DIRECTION('',(1.,0.,0.));
#6689=DIRECTION('center_axis',(0.,-1.,0.));
#6690=DIRECTION('ref_axis',(0.,0.,-1.));
#6691=DIRECTION('',(0.,-0.707106781186554,0.707106781186541));
#6692=DIRECTION('center_axis',(0.,-1.,0.));
#6693=DIRECTION('ref_axis',(0.,0.,-1.));
#6694=DIRECTION('center_axis',(0.,-0.707106781186548,-0.707106781186547));
#6695=DIRECTION('ref_axis',(-1.,0.,0.));
#6696=DIRECTION('',(0.,-0.707106781186547,0.707106781186548));
#6697=DIRECTION('',(-1.,0.,0.));
#6698=DIRECTION('center_axis',(0.,1.,0.));
#6699=DIRECTION('ref_axis',(0.,0.,-1.));
#6700=DIRECTION('',(-0.707106781186555,-0.70710678118654,0.));
#6701=DIRECTION('center_axis',(0.,1.,0.));
#6702=DIRECTION('ref_axis',(0.,0.,-1.));
#6703=DIRECTION('center_axis',(0.707106781186555,-0.70710678118654,0.));
#6704=DIRECTION('ref_axis',(0.,0.,-1.));
#6705=DIRECTION('',(-0.70710678118654,-0.707106781186555,7.85046229341895E-15));
#6706=DIRECTION('',(0.,0.,-1.));
#6707=DIRECTION('center_axis',(0.,1.,0.));
#6708=DIRECTION('ref_axis',(0.,0.,1.));
#6709=DIRECTION('',(0.,-0.707106781186551,-0.707106781186544));
#6710=DIRECTION('center_axis',(0.,1.,0.));
#6711=DIRECTION('ref_axis',(0.,0.,1.));
#6712=DIRECTION('center_axis',(0.,-0.707106781186548,0.707106781186548));
#6713=DIRECTION('ref_axis',(1.,0.,0.));
#6714=DIRECTION('',(0.,-0.707106781186548,-0.707106781186548));
#6715=DIRECTION('',(1.,0.,0.));
#6716=DIRECTION('center_axis',(0.,1.,0.));
#6717=DIRECTION('ref_axis',(-0.707106781186545,0.,0.70710678118655));
#6718=DIRECTION('',(0.707106781186553,-0.707106781186542,0.));
#6719=DIRECTION('center_axis',(0.,1.,0.));
#6720=DIRECTION('ref_axis',(-0.707106781186545,0.,0.70710678118655));
#6721=DIRECTION('center_axis',(-0.707106781186548,-0.707106781186547,3.85094239485415E-17));
#6722=DIRECTION('ref_axis',(5.44605496272026E-17,0.,1.));
#6723=DIRECTION('',(5.44605496272026E-17,0.,1.));
#6724=DIRECTION('center_axis',(-0.707106781186548,-0.707106781186547,3.85094239485415E-17));
#6725=DIRECTION('ref_axis',(0.707106781186547,-0.707106781186547,-1.63788699901736E-15));
#6726=DIRECTION('center_axis',(0.,-1.,0.));
#6727=DIRECTION('ref_axis',(0.,0.,-1.));
#6728=DIRECTION('',(0.,1.,0.));
#6729=DIRECTION('center_axis',(-8.67361737988411E-16,0.,1.));
#6730=DIRECTION('ref_axis',(1.,0.,8.67361737988411E-16));
#6731=DIRECTION('',(0.,1.,0.));
#6732=DIRECTION('center_axis',(0.,1.,0.));
#6733=DIRECTION('ref_axis',(0.,0.,1.));
#6734=DIRECTION('',(0.,-1.,0.));
#6735=DIRECTION('center_axis',(1.,0.,0.));
#6736=DIRECTION('ref_axis',(0.,0.,-1.));
#6737=DIRECTION('',(0.,1.,0.));
#6738=DIRECTION('center_axis',(0.,-1.,0.));
#6739=DIRECTION('ref_axis',(0.,0.,-1.));
#6740=DIRECTION('',(0.,-1.,0.));
#6741=DIRECTION('center_axis',(0.,0.,-1.));
#6742=DIRECTION('ref_axis',(-1.,0.,0.));
#6743=DIRECTION('',(-6.93889390390703E-17,-1.,0.));
#6744=DIRECTION('center_axis',(6.93889390390703E-17,1.,0.));
#6745=DIRECTION('ref_axis',(0.707106781186547,0.,0.707106781186548));
#6746=DIRECTION('',(6.93889390390703E-17,1.,0.));
#6747=DIRECTION('center_axis',(-1.,6.93889390390703E-17,5.44605491352557E-17));
#6748=DIRECTION('ref_axis',(-5.44605491352557E-17,2.38800817784884E-25,
-1.));
#6749=DIRECTION('',(-6.93889390390723E-17,-1.,-3.5527136788005E-14));
#6750=DIRECTION('center_axis',(-6.93889390390723E-17,-1.,-3.5527136788005E-14));
#6751=DIRECTION('ref_axis',(-0.70710678118655,2.55140024536112E-14,-0.707106781186545));
#6752=DIRECTION('',(6.93889390390723E-17,1.,3.5527136788005E-14));
#6753=DIRECTION('center_axis',(-7.45594737996963E-15,3.5527136788005E-14,
-1.));
#6754=DIRECTION('ref_axis',(1.,-1.04003416884653E-16,-7.45594737996963E-15));
#6755=DIRECTION('',(-6.93889390390723E-17,-1.,-3.5527136788005E-14));
#6756=DIRECTION('center_axis',(-6.93889390390723E-17,-1.,-3.5527136788005E-14));
#6757=DIRECTION('ref_axis',(0.707106781186544,2.55140024536114E-14,-0.70710678118655));
#6758=DIRECTION('',(6.93889390390723E-17,1.,3.5527136788005E-14));
#6759=DIRECTION('center_axis',(1.,-6.93889390390703E-17,-5.44605491352545E-17));
#6760=DIRECTION('ref_axis',(5.4460549135252E-17,-3.55271367882438E-14,1.));
#6761=DIRECTION('',(-6.93889390390703E-17,-1.,0.));
#6762=DIRECTION('center_axis',(-6.93889390390703E-17,-1.,0.));
#6763=DIRECTION('ref_axis',(-0.707106781186548,0.,0.707106781186548));
#6764=DIRECTION('',(6.93889390390703E-17,1.,0.));
#6765=DIRECTION('center_axis',(0.,0.,-1.));
#6766=DIRECTION('ref_axis',(-1.,0.,0.));
#6767=DIRECTION('',(-1.17881200688738E-16,-1.,0.));
#6768=DIRECTION('center_axis',(1.17881200688738E-16,1.,0.));
#6769=DIRECTION('ref_axis',(0.70710678118655,0.,0.707106781186545));
#6770=DIRECTION('center_axis',(0.,1.,0.));
#6771=DIRECTION('ref_axis',(0.70710678118655,0.,0.707106781186545));
#6772=DIRECTION('',(1.17881200688738E-16,1.,0.));
#6773=DIRECTION('center_axis',(0.,1.,0.));
#6774=DIRECTION('ref_axis',(0.,0.,1.));
#6775=DIRECTION('',(-5.3117350183648E-14,0.,-1.));
#6776=DIRECTION('center_axis',(0.,-1.,0.));
#6777=DIRECTION('ref_axis',(1.,0.,1.13400615795813E-16));
#6778=DIRECTION('',(5.44605496272026E-17,0.,1.));
#6779=DIRECTION('',(-1.,0.,5.44605491352557E-17));
#6780=DIRECTION('',(-5.44605491352557E-17,0.,-1.));
#6781=DIRECTION('',(1.,0.,-5.44605491352557E-17));
#6782=DIRECTION('',(5.44605491352557E-17,0.,1.));
#6783=DIRECTION('',(-1.,0.,5.44605491352557E-17));
#6784=DIRECTION('',(-0.707106781186546,0.,0.707106781186549));
#6785=DIRECTION('',(5.44605491352557E-17,0.,1.));
#6786=DIRECTION('',(-1.,0.,5.44605491352557E-17));
#6787=DIRECTION('center_axis',(0.,-1.,0.));
#6788=DIRECTION('ref_axis',(0.707106781186548,0.,0.707106781186547));
#6789=DIRECTION('',(1.30677232747967E-16,0.,1.));
#6790=DIRECTION('',(5.44605491352557E-17,0.,1.));
#6791=DIRECTION('',(-1.,0.,5.44605491352557E-17));
#6792=DIRECTION('',(-5.44605491352557E-17,0.,-1.));
#6793=DIRECTION('',(1.,0.,-5.44605491352557E-17));
#6794=DIRECTION('',(1.30677232747967E-16,0.,1.));
#6795=DIRECTION('center_axis',(0.,-1.,0.));
#6796=DIRECTION('ref_axis',(0.707106781186548,0.,-0.707106781186548));
#6797=DIRECTION('',(1.,0.,-5.44605491352557E-17));
#6798=DIRECTION('',(5.44605491352557E-17,0.,1.));
#6799=DIRECTION('',(0.707106781186547,0.,0.707106781186548));
#6800=DIRECTION('',(1.,0.,-5.44605491352557E-17));
#6801=DIRECTION('center_axis',(9.91270557701033E-17,1.,0.));
#6802=DIRECTION('ref_axis',(1.,-9.91270557701033E-17,-5.44605491352557E-17));
#6803=DIRECTION('center_axis',(-2.06593667773573E-30,-1.,-1.42663658664333E-14));
#6804=DIRECTION('ref_axis',(1.,-9.91270557701033E-17,-5.44605491352557E-17));
#6805=DIRECTION('',(9.91270557701033E-17,1.,0.));
#6806=DIRECTION('center_axis',(2.06593667773573E-30,1.,1.42663658664333E-14));
#6807=DIRECTION('ref_axis',(1.,-9.91270557701033E-17,-5.44605491352557E-17));
#6808=DIRECTION('',(9.91270557701033E-17,1.,0.));
#6809=DIRECTION('center_axis',(6.56082176883966E-16,-6.50354945377476E-32,
-1.));
#6810=DIRECTION('ref_axis',(-1.,1.04003416884653E-16,-6.56082176883966E-16));
#6811=DIRECTION('',(1.,-1.14258450516084E-29,6.56082176883966E-16));
#6812=DIRECTION('',(-1.,1.14258450516084E-29,-6.56082176883966E-16));
#6813=DIRECTION('center_axis',(9.91270557701033E-17,1.,0.));
#6814=DIRECTION('ref_axis',(1.,-9.91270557701033E-17,-5.44605491352557E-17));
#6815=DIRECTION('',(9.91270557701033E-17,1.,0.));
#6816=DIRECTION('center_axis',(-1.04003416884653E-16,-1.,-2.38800817784884E-25));
#6817=DIRECTION('ref_axis',(1.,-1.04003416884653E-16,-5.44605491352557E-17));
#6818=DIRECTION('center_axis',(9.91270557701033E-17,1.,0.));
#6819=DIRECTION('ref_axis',(1.,-9.91270557701033E-17,-5.44605491352557E-17));
#6820=DIRECTION('center_axis',(-2.06593667773573E-30,-1.,-1.42663658664333E-14));
#6821=DIRECTION('ref_axis',(1.,-9.91270557701033E-17,-5.44605491352557E-17));
#6822=DIRECTION('',(-9.91270557701033E-17,-1.,0.));
#6823=DIRECTION('center_axis',(2.06593667773573E-30,1.,1.42663658664333E-14));
#6824=DIRECTION('ref_axis',(1.,-9.91270557701033E-17,-5.44605491352557E-17));
#6825=DIRECTION('',(9.91270557701033E-17,1.,0.));
#6826=DIRECTION('center_axis',(9.91270557701033E-17,1.,0.));
#6827=DIRECTION('ref_axis',(1.,-9.91270557701033E-17,-5.44605491352557E-17));
#6828=DIRECTION('center_axis',(-1.04003416884653E-16,-1.,-2.38800817784884E-25));
#6829=DIRECTION('ref_axis',(1.,-1.04003416884653E-16,-5.44605491352557E-17));
#6830=DIRECTION('',(9.91270557701033E-17,1.,0.));
#6831=DIRECTION('center_axis',(-7.15358232836681E-16,7.09113554420042E-32,
1.));
#6832=DIRECTION('ref_axis',(1.,-1.04003416884653E-16,7.15358232836681E-16));
#6833=DIRECTION('',(1.,0.,-5.44605491352557E-17));
#6834=DIRECTION('',(-1.,1.04003416884653E-16,-7.15358232836681E-16));
#6835=DIRECTION('center_axis',(-1.,0.,5.44605491352557E-17));
#6836=DIRECTION('ref_axis',(0.,-0.707106781186547,0.707106781186548));
#6837=DIRECTION('',(1.,0.,-5.44605491352557E-17));
#6838=DIRECTION('center_axis',(0.707106781186547,0.707106781186548,-9.81307786677359E-17));
#6839=DIRECTION('ref_axis',(-0.707106781186548,0.707106781186547,9.8130778667736E-17));
#6840=DIRECTION('',(-1.,0.,5.44605491352557E-17));
#6841=DIRECTION('center_axis',(1.,0.,-5.44605491352557E-17));
#6842=DIRECTION('ref_axis',(0.,-0.707106781186547,0.707106781186548));
#6843=DIRECTION('center_axis',(-0.707106781186549,0.,-0.707106781186546));
#6844=DIRECTION('ref_axis',(-0.707106781186546,-9.81307786677362E-17,0.707106781186549));
#6845=DIRECTION('',(1.,-1.04003416884653E-16,-5.44605491352557E-17));
#6846=DIRECTION('',(1.,0.,-5.44605491352557E-17));
#6847=DIRECTION('center_axis',(2.06593667773573E-30,1.,1.42663658664333E-14));
#6848=DIRECTION('ref_axis',(-1.00610580294761E-28,-1.42663658664333E-14,
1.));
#6849=DIRECTION('',(1.,0.,-1.44811698864151E-16));
#6850=DIRECTION('',(-0.923879532511287,-5.45950185714283E-15,0.382683432365089));
#6851=DIRECTION('',(-0.707106781186546,-1.00878440470433E-14,0.707106781186549));
#6852=DIRECTION('',(-1.,1.28898255848531E-30,5.44605491352557E-17));
#6853=DIRECTION('',(5.44605491352557E-17,-1.42663658664333E-14,1.));
#6854=DIRECTION('',(-1.,1.28898255848531E-30,5.44605491352557E-17));
#6855=DIRECTION('',(-1.00610580294761E-28,-1.42663658664333E-14,1.));
#6856=DIRECTION('',(1.,0.,-1.44811698864151E-16));
#6857=DIRECTION('center_axis',(1.44811698864151E-16,-1.42663658664333E-14,
1.));
#6858=DIRECTION('ref_axis',(1.58603289232164E-15,-1.,-1.42663658664333E-14));
#6859=DIRECTION('',(-1.,0.,0.));
#6860=DIRECTION('',(1.42663658664332E-14,-1.,-1.42663658664333E-14));
#6861=DIRECTION('center_axis',(1.,0.,0.));
#6862=DIRECTION('ref_axis',(0.,0.,-1.));
#6863=DIRECTION('',(0.,-1.42663658664333E-14,1.));
#6864=DIRECTION('',(0.,1.,0.));
#6865=DIRECTION('',(0.,0.,-1.));
#6866=DIRECTION('',(0.,-1.,0.));
#6867=DIRECTION('center_axis',(0.,-1.,0.));
#6868=DIRECTION('ref_axis',(0.,0.,-1.));
#6869=DIRECTION('',(1.,-1.04003416884653E-16,-5.44605491352557E-17));
#6870=DIRECTION('',(-5.44605491352557E-17,2.38800817784884E-25,-1.));
#6871=DIRECTION('',(1.,-1.04003416884653E-16,-5.44605491352557E-17));
#6872=DIRECTION('',(1.30677232747967E-16,-2.38800817784884E-25,1.));
#6873=DIRECTION('center_axis',(-5.44605491352557E-17,0.,-1.));
#6874=DIRECTION('ref_axis',(1.,-1.04003416884653E-16,-5.44605491352557E-17));
#6875=DIRECTION('',(1.,-1.28898255848531E-30,-5.44605491352557E-17));
#6876=DIRECTION('',(0.,-1.,0.));
#6877=DIRECTION('center_axis',(-2.06593667773573E-30,-1.,-1.42663658664333E-14));
#6878=DIRECTION('ref_axis',(-1.23358113847139E-16,1.42663658664333E-14,
-1.));
#6879=DIRECTION('',(-1.,0.,0.));
#6880=DIRECTION('',(-1.23358113847139E-16,1.42663658664333E-14,-1.));
#6881=DIRECTION('',(-1.,2.06593667773573E-30,0.));
#6882=DIRECTION('',(0.707106781186546,1.00878440470433E-14,-0.707106781186549));
#6883=DIRECTION('',(0.923879532511287,5.45950185714283E-15,-0.382683432365089));
#6884=DIRECTION('center_axis',(-0.382683432365089,7.72090157017254E-15,
-0.923879532511287));
#6885=DIRECTION('ref_axis',(-0.923879532511287,0.,0.382683432365089));
#6886=DIRECTION('',(-1.42663658664332E-14,1.,1.42663658664333E-14));
#6887=DIRECTION('center_axis',(1.44811698864151E-16,-1.42663658664333E-14,
1.));
#6888=DIRECTION('ref_axis',(1.58603289232164E-15,-1.,-1.42663658664333E-14));
#6889=DIRECTION('',(1.58603289232164E-15,-1.,-1.42663658664333E-14));
#6890=DIRECTION('center_axis',(-0.38268343236509,-8.186577121351E-16,0.923879532511287));
#6891=DIRECTION('ref_axis',(0.923879532511287,0.,0.38268343236509));
#6892=DIRECTION('',(-0.923879532511287,5.45950185714285E-15,-0.38268343236509));
#6893=DIRECTION('',(1.67062131324552E-15,1.,1.57810272786009E-15));
#6894=DIRECTION('',(0.923879532511287,-5.45950185714285E-15,0.38268343236509));
#6895=DIRECTION('',(-1.67062131324552E-15,-1.,-1.57810272786009E-15));
#6896=DIRECTION('center_axis',(-1.44811698864151E-16,1.5781027278601E-15,
-1.));
#6897=DIRECTION('ref_axis',(1.99680416634069E-30,1.,1.5781027278601E-15));
#6898=DIRECTION('',(-1.,0.,0.));
#6899=DIRECTION('',(1.99680416634069E-30,1.,1.5781027278601E-15));
#6900=DIRECTION('',(-1.,0.,0.));
#6901=DIRECTION('center_axis',(-2.06593667773573E-30,-1.,-1.42663658664333E-14));
#6902=DIRECTION('ref_axis',(-1.23358113847139E-16,1.42663658664333E-14,
-1.));
#6903=DIRECTION('',(-1.,1.28898255848531E-30,5.44605491352557E-17));
#6904=DIRECTION('',(-1.23358113847139E-16,1.42663658664333E-14,-1.));
#6905=DIRECTION('',(-0.707106781186547,1.00878440470433E-14,-0.707106781186548));
#6906=DIRECTION('',(-1.,1.28898255848531E-30,5.44605491352557E-17));
#6907=DIRECTION('',(-5.44605491352544E-17,1.42663658664333E-14,-1.));
#6908=DIRECTION('center_axis',(2.06593667773573E-30,1.,1.42663658664333E-14));
#6909=DIRECTION('ref_axis',(-1.00610580294761E-28,-1.42663658664333E-14,
1.));
#6910=DIRECTION('',(1.,-1.28898255848531E-30,-5.44605491352557E-17));
#6911=DIRECTION('',(5.44605491352544E-17,-1.42663658664333E-14,1.));
#6912=DIRECTION('',(1.,-1.28898255848531E-30,-5.44605491352557E-17));
#6913=DIRECTION('',(0.707106781186547,-1.00878440470433E-14,0.707106781186548));
#6914=DIRECTION('',(-1.00610580294761E-28,-1.42663658664333E-14,1.));
#6915=DIRECTION('center_axis',(5.44605491352557E-17,-5.03861296530755E-33,
1.));
#6916=DIRECTION('ref_axis',(-1.,1.04003416884653E-16,5.44605491352557E-17));
#6917=DIRECTION('',(-9.25185853854297E-17,-1.,0.));
#6918=DIRECTION('',(-1.,1.04003416884653E-16,5.44605491352557E-17));
#6919=DIRECTION('',(-9.25185853854297E-17,-1.,0.));
#6920=DIRECTION('center_axis',(-1.,9.25185853854297E-17,5.44605491352557E-17));
#6921=DIRECTION('ref_axis',(-5.44605491352557E-17,2.38800817784884E-25,
-1.));
#6922=DIRECTION('',(-9.25185853854297E-17,-1.,0.));
#6923=DIRECTION('',(-5.44605491352557E-17,2.38800817784884E-25,-1.));
#6924=DIRECTION('center_axis',(5.44605491352557E-17,-5.03861296530755E-33,
1.));
#6925=DIRECTION('ref_axis',(-1.,1.04003416884653E-16,5.44605491352557E-17));
#6926=DIRECTION('',(9.25185853854297E-17,1.,0.));
#6927=DIRECTION('',(-1.,1.04003416884653E-16,5.44605491352557E-17));
#6928=DIRECTION('center_axis',(-5.44605491352557E-17,0.,-1.));
#6929=DIRECTION('ref_axis',(1.,-1.04003416884653E-16,-5.44605491352557E-17));
#6930=DIRECTION('',(0.,-1.,0.));
#6931=DIRECTION('',(0.,-1.,0.));
#6932=DIRECTION('center_axis',(-5.44605491352557E-17,0.,-1.));
#6933=DIRECTION('ref_axis',(1.,-1.04003416884653E-16,-5.44605491352557E-17));
#6934=DIRECTION('',(0.,-1.,0.));
#6935=DIRECTION('center_axis',(-1.,0.,5.44605491352557E-17));
#6936=DIRECTION('ref_axis',(-5.44605491352557E-17,2.38800817784884E-25,
-1.));
#6937=DIRECTION('center_axis',(-1.,0.,5.44605491352557E-17));
#6938=DIRECTION('ref_axis',(0.,0.707106781186548,0.707106781186547));
#6939=DIRECTION('',(0.,-1.,0.));
#6940=DIRECTION('center_axis',(-5.44605491352557E-17,0.,-1.));
#6941=DIRECTION('ref_axis',(1.,-1.04003416884653E-16,-5.44605491352557E-17));
#6942=DIRECTION('',(-1.,0.,5.44605491352557E-17));
#6943=DIRECTION('',(0.,-1.,0.));
#6944=DIRECTION('center_axis',(-1.,0.,5.44605491352557E-17));
#6945=DIRECTION('ref_axis',(-5.44605491352557E-17,2.38800817784884E-25,
-1.));
#6946=DIRECTION('',(0.,-1.,0.));
#6947=DIRECTION('',(5.44605491352557E-17,0.,1.));
#6948=DIRECTION('center_axis',(-0.707106781186548,6.5420519111824E-17,0.707106781186547));
#6949=DIRECTION('ref_axis',(0.707106781186547,0.,0.707106781186548));
#6950=DIRECTION('',(9.25185853854297E-17,1.,0.));
#6951=DIRECTION('',(-9.25185853854297E-17,-1.,0.));
#6952=DIRECTION('center_axis',(-0.707106781186548,6.5420519111824E-17,0.707106781186547));
#6953=DIRECTION('ref_axis',(-0.707106781186547,0.,-0.707106781186548));
#6954=DIRECTION('center_axis',(5.44605491352557E-17,-5.03861296530755E-33,
1.));
#6955=DIRECTION('ref_axis',(-1.,1.04003416884653E-16,5.44605491352557E-17));
#6956=DIRECTION('',(-9.25185853854297E-17,-1.,0.));
#6957=DIRECTION('center_axis',(1.,-9.25185853854297E-17,-5.44605491352557E-17));
#6958=DIRECTION('ref_axis',(0.,-0.707106781186547,-0.707106781186548));
#6959=DIRECTION('center_axis',(1.,-9.25185853854297E-17,-5.44605491352557E-17));
#6960=DIRECTION('ref_axis',(0.,-0.707106781186547,-0.707106781186548));
#6961=DIRECTION('',(1.,-9.25185853854297E-17,-5.44605491352557E-17));
#6962=DIRECTION('center_axis',(0.707106781186547,0.707106781186548,9.81307786677359E-17));
#6963=DIRECTION('ref_axis',(-0.707106781186548,0.707106781186547,-9.8130778667736E-17));
#6964=DIRECTION('',(-1.,9.25185853854297E-17,5.44605491352557E-17));
#6965=DIRECTION('center_axis',(-0.707106781186549,0.,-0.707106781186546));
#6966=DIRECTION('ref_axis',(-0.707106781186546,0.,0.707106781186549));
#6967=DIRECTION('',(0.,1.,0.));
#6968=DIRECTION('center_axis',(-1.,0.,5.44605491352557E-17));
#6969=DIRECTION('ref_axis',(-5.44605491352557E-17,2.38800817784884E-25,
-1.));
#6970=DIRECTION('',(0.,-1.,0.));
#6971=DIRECTION('center_axis',(-1.,0.,5.44605491352557E-17));
#6972=DIRECTION('ref_axis',(0.,0.707106781186547,-0.707106781186548));
#6973=DIRECTION('center_axis',(5.44605491352557E-17,0.,1.));
#6974=DIRECTION('ref_axis',(0.707106781186548,0.707106781186548,0.));
#6975=DIRECTION('center_axis',(-5.44605491352557E-17,0.,-1.));
#6976=DIRECTION('ref_axis',(0.707106781186548,0.707106781186548,0.));
#6977=DIRECTION('center_axis',(-0.707106781186547,1.36640202268418E-16,
0.707106781186548));
#6978=DIRECTION('ref_axis',(-0.707106781186548,1.36640202268419E-16,-0.707106781186547));
#6979=DIRECTION('center_axis',(-1.,0.,5.44605491352557E-17));
#6980=DIRECTION('ref_axis',(0.,0.707106781186548,0.707106781186547));
#6981=DIRECTION('center_axis',(1.,0.,-5.44605491352557E-17));
#6982=DIRECTION('ref_axis',(-9.81307786677359E-17,0.707106781186547,-0.707106781186548));
#6983=DIRECTION('center_axis',(-1.,9.25185853854297E-17,5.44605491352557E-17));
#6984=DIRECTION('ref_axis',(-9.81307786677359E-17,0.707106781186547,-0.707106781186548));
#6985=DIRECTION('',(1.,0.,-5.44605491352557E-17));
#6986=DIRECTION('center_axis',(0.707106781186548,-3.07847883758806E-17,
0.707106781186548));
#6987=DIRECTION('ref_axis',(-0.707106781186548,-3.07847883758806E-17,0.707106781186548));
#6988=DIRECTION('center_axis',(5.44605491352557E-17,0.,1.));
#6989=DIRECTION('ref_axis',(0.707106781186548,0.707106781186547,0.));
#6990=DIRECTION('',(5.44605491352557E-17,0.,1.));
#6991=DIRECTION('center_axis',(5.44605491352557E-17,-5.03861296530755E-33,
1.));
#6992=DIRECTION('ref_axis',(0.707106781186548,0.707106781186547,0.));
#6993=DIRECTION('center_axis',(0.,-1.,0.));
#6994=DIRECTION('ref_axis',(0.,0.,-1.));
#6995=DIRECTION('center_axis',(0.,0.,-1.));
#6996=DIRECTION('ref_axis',(-1.,1.38777878078144E-16,0.));
#6997=DIRECTION('center_axis',(-1.38777878078145E-16,1.,0.));
#6998=DIRECTION('ref_axis',(0.,0.,-1.));
#6999=DIRECTION('center_axis',(1.,0.,0.));
#7000=DIRECTION('ref_axis',(0.,1.,0.));
#7001=DIRECTION('center_axis',(-1.30677232747967E-16,0.,-1.));
#7002=DIRECTION('ref_axis',(-0.707106781186548,0.707106781186547,0.));
#7003=DIRECTION('center_axis',(5.44605491352557E-17,-5.03861296530755E-33,
1.));
#7004=DIRECTION('ref_axis',(-0.707106781186548,0.707106781186547,0.));
#7005=DIRECTION('',(-1.30677232747967E-16,0.,-1.));
#7006=DIRECTION('center_axis',(-9.25185853854297E-17,-1.,0.));
#7007=DIRECTION('ref_axis',(0.707106781186548,-6.54205191118202E-17,-0.707106781186547));
#7008=DIRECTION('',(9.25185853854297E-17,1.,0.));
#7009=DIRECTION('',(-9.25185853854297E-17,-1.,0.));
#7010=DIRECTION('center_axis',(-1.,0.,5.44605491352557E-17));
#7011=DIRECTION('ref_axis',(0.,0.707106781186547,0.707106781186548));
#7012=DIRECTION('center_axis',(-1.,9.25185853854297E-17,5.44605491352557E-17));
#7013=DIRECTION('ref_axis',(0.,0.707106781186547,0.707106781186548));
#7014=DIRECTION('',(-1.,0.,5.44605491352557E-17));
#7015=DIRECTION('center_axis',(1.,-9.25185853854297E-17,-1.30677232747967E-16));
#7016=DIRECTION('ref_axis',(1.30677232747967E-16,-2.38800817784884E-25,
1.));
#7017=DIRECTION('',(-9.25185853854297E-17,-1.,0.));
#7018=DIRECTION('',(1.30677232747967E-16,-2.38800817784884E-25,1.));
#7019=DIRECTION('center_axis',(0.,-1.,0.));
#7020=DIRECTION('ref_axis',(0.,0.,-1.));
#7021=DIRECTION('center_axis',(1.,0.,0.));
#7022=DIRECTION('ref_axis',(0.,0.,-1.));
#7023=DIRECTION('center_axis',(0.,1.,0.));
#7024=DIRECTION('ref_axis',(1.,0.,0.));
#7025=DIRECTION('center_axis',(0.,0.,1.));
#7026=DIRECTION('ref_axis',(0.,1.,0.));
#7027=DIRECTION('center_axis',(1.,0.,-5.44605491352557E-17));
#7028=DIRECTION('ref_axis',(0.,0.707106781186547,-0.707106781186548));
#7029=DIRECTION('',(1.,0.,-5.44605491352557E-17));
#7030=DIRECTION('center_axis',(0.,-1.,0.));
#7031=DIRECTION('ref_axis',(0.707106781186547,0.,0.707106781186548));
#7032=DIRECTION('',(0.,1.,0.));
#7033=DIRECTION('',(0.,-1.,0.));
#7034=DIRECTION('center_axis',(-1.30677232747967E-16,0.,-1.));
#7035=DIRECTION('ref_axis',(-0.707106781186548,0.707106781186547,0.));
#7036=DIRECTION('center_axis',(-5.44605491352557E-17,0.,-1.));
#7037=DIRECTION('ref_axis',(-0.707106781186548,0.707106781186547,0.));
#7038=DIRECTION('',(-1.30677232747967E-16,0.,-1.));
#7039=DIRECTION('center_axis',(1.,0.,-1.30677232747967E-16));
#7040=DIRECTION('ref_axis',(1.30677232747967E-16,-2.38800817784884E-25,
1.));
#7041=DIRECTION('',(0.,-1.,0.));
#7042=DIRECTION('center_axis',(-5.44605491352557E-17,5.03861296530755E-33,
-1.));
#7043=DIRECTION('ref_axis',(1.,-1.04003416884653E-16,-5.44605491352557E-17));
#7044=DIRECTION('',(-9.25185853854297E-17,-1.,0.));
#7045=DIRECTION('center_axis',(-1.,9.25185853854297E-17,5.44605491352557E-17));
#7046=DIRECTION('ref_axis',(-5.44605491352557E-17,2.38800817784884E-25,
-1.));
#7047=DIRECTION('center_axis',(-1.,9.25185853854297E-17,5.44605491352557E-17));
#7048=DIRECTION('ref_axis',(-5.44605491352557E-17,2.38800817784884E-25,
-1.));
#7049=DIRECTION('',(-9.25185853854297E-17,-1.,0.));
#7050=DIRECTION('center_axis',(5.44605491352557E-17,-5.03861296530755E-33,
1.));
#7051=DIRECTION('ref_axis',(-1.,1.04003416884653E-16,5.44605491352557E-17));
#7052=DIRECTION('',(-9.25185853854297E-17,-1.,0.));
#7053=DIRECTION('center_axis',(-1.,9.25185853854297E-17,5.44605491352557E-17));
#7054=DIRECTION('ref_axis',(-5.44605491352557E-17,2.38800817784884E-25,
-1.));
#7055=DIRECTION('',(-9.25185853854297E-17,-1.,0.));
#7056=DIRECTION('',(-5.44605491352557E-17,2.38800817784884E-25,-1.));
#7057=DIRECTION('center_axis',(5.44605491352557E-17,-5.03861296530755E-33,
1.));
#7058=DIRECTION('ref_axis',(-1.,1.04003416884653E-16,5.44605491352557E-17));
#7059=DIRECTION('',(-1.,1.04003416884653E-16,5.44605491352557E-17));
#7060=DIRECTION('center_axis',(-9.25185853854297E-17,-1.,0.));
#7061=DIRECTION('ref_axis',(0.,0.,-1.));
#7062=DIRECTION('center_axis',(5.44605491352557E-17,0.,1.));
#7063=DIRECTION('ref_axis',(-1.,1.04003416884653E-16,5.44605491352557E-17));
#7064=DIRECTION('center_axis',(-5.44605491352557E-17,0.,-1.));
#7065=DIRECTION('ref_axis',(1.,-1.04003416884653E-16,-5.44605491352557E-17));
#7066=DIRECTION('center_axis',(1.,-1.17881200688738E-16,-5.44605496272026E-17));
#7067=DIRECTION('ref_axis',(1.17881200688739E-16,1.,1.4266365866672E-14));
#7068=DIRECTION('center_axis',(1.,-1.17881200688738E-16,-5.44605496272026E-17));
#7069=DIRECTION('ref_axis',(8.74341116631581E-17,1.,1.43113441300107E-14));
#7070=DIRECTION('center_axis',(0.258819045102521,-0.965925826289068,-1.36783556495894E-15));
#7071=DIRECTION('ref_axis',(0.683012701892219,0.18301270189222,-0.707106781186547));
#7072=DIRECTION('center_axis',(0.258819043078547,-0.96592582683139,-1.37477817453999E-14));
#7073=DIRECTION('ref_axis',(0.683012702275696,0.183012700461063,-0.707106781186547));
#7074=DIRECTION('center_axis',(0.258819043078547,-0.96592582683139,-1.37477817453999E-14));
#7075=DIRECTION('ref_axis',(1.25452505794245E-16,1.42663658638323E-14,-1.));
#7076=DIRECTION('center_axis',(-0.258819043078547,0.96592582683139,1.37477817453999E-14));
#7077=DIRECTION('ref_axis',(1.13400615795813E-16,1.43113441300107E-14,-1.));
#7078=DIRECTION('center_axis',(0.258819043078547,-0.96592582683139,-1.37943466729843E-14));
#7079=DIRECTION('ref_axis',(1.13400615795813E-16,1.43113441300107E-14,-1.));
#7080=DIRECTION('',(2.18179482046107E-16,1.,-1.31056618693003E-15));
#7081=DIRECTION('',(1.,-2.18179482046106E-16,2.18179482046107E-16));
#7082=DIRECTION('axis',(0.,0.,1.));
#7083=DIRECTION('refdir',(1.,0.,0.));
#7084=DIRECTION('axis',(0.,0.,1.));
#7085=DIRECTION('refdir',(1.,0.,0.));
#7086=DIRECTION('center_axis',(0.,-1.,0.));
#7087=DIRECTION('ref_axis',(1.,9.03501812149548E-17,-1.235470687197E-30));
#7088=DIRECTION('center_axis',(1.73472347932713E-16,-1.,1.36742469199663E-14));
#7089=DIRECTION('ref_axis',(1.,1.73472347932713E-16,-2.37210371941824E-30));
#7090=DIRECTION('',(0.707106781186587,0.707106781186508,8.65956056235533E-17));
#7091=DIRECTION('center_axis',(-1.73472347932713E-16,1.,-1.36742469199663E-14));
#7092=DIRECTION('ref_axis',(1.,0.,0.));
#7093=DIRECTION('center_axis',(-1.73472347932713E-16,1.,-1.36742469199663E-14));
#7094=DIRECTION('ref_axis',(-1.,-1.73472347932713E-16,1.09394937946649E-23));
#7095=DIRECTION('',(0.707106781186524,9.79181619829936E-15,0.707106781186571));
#7096=DIRECTION('',(1.81260891040125E-16,-1.42663658664331E-14,-1.));
#7097=DIRECTION('',(-0.707106781186555,9.54648925115579E-15,0.70710678118654));
#7098=DIRECTION('',(-1.,2.46748327549935E-16,1.0939487799643E-23));
#7099=DIRECTION('',(-0.70710678118655,-9.79181619829901E-15,-0.707106781186545));
#7100=DIRECTION('',(1.0939491319845E-23,1.42663658664331E-14,1.));
#7101=DIRECTION('',(0.707106781186524,-9.54648925115622E-15,-0.707106781186571));
#7102=DIRECTION('',(-1.,-1.73472347932713E-16,0.));
#7103=DIRECTION('',(0.,1.36742469199663E-14,1.));
#7104=DIRECTION('',(0.707106781186555,-9.54648925115579E-15,-0.70710678118654));
#7105=DIRECTION('',(1.,1.73472347932718E-16,3.55271356940556E-16));
#7106=DIRECTION('',(0.,-1.36742469199663E-14,-1.));
#7107=DIRECTION('',(-1.,1.66357166797975E-16,1.09394889465327E-23));
#7108=DIRECTION('center_axis',(1.73472347932713E-16,-1.,1.36742469199663E-14));
#7109=DIRECTION('ref_axis',(-2.37210371941824E-30,1.36742469199663E-14,
1.));
#7110=DIRECTION('center_axis',(1.73472347932713E-16,-1.,1.36742469199663E-14));
#7111=DIRECTION('ref_axis',(1.,1.73472347932713E-16,-2.37210371941824E-30));
#7112=DIRECTION('center_axis',(0.,1.,0.));
#7113=DIRECTION('ref_axis',(1.,0.,0.));
#7114=DIRECTION('',(0.,1.,0.));
#7115=DIRECTION('center_axis',(0.,1.,0.));
#7116=DIRECTION('ref_axis',(1.,0.,0.));
#7117=DIRECTION('center_axis',(0.,-1.,0.));
#7118=DIRECTION('ref_axis',(-1.25382625169249E-30,7.22781622912506E-15,
1.));
#7119=DIRECTION('',(-8.65956056235551E-17,0.707106781186508,0.707106781186587));
#7120=DIRECTION('center_axis',(-1.73472347932713E-16,1.,-1.36742469199663E-14));
#7121=DIRECTION('ref_axis',(0.,0.,1.));
#7122=DIRECTION('center_axis',(-1.73472347932713E-16,1.,-1.36742469199663E-14));
#7123=DIRECTION('ref_axis',(0.,0.,1.));
#7124=DIRECTION('center_axis',(0.,1.,0.));
#7125=DIRECTION('ref_axis',(0.,0.,-1.));
#7126=DIRECTION('',(0.,1.,0.));
#7127=DIRECTION('center_axis',(-1.73472347932713E-16,1.,-1.36742469199663E-14));
#7128=DIRECTION('ref_axis',(0.,0.,-1.));
#7129=DIRECTION('center_axis',(0.,-1.,0.));
#7130=DIRECTION('ref_axis',(1.,9.03501812149548E-17,-1.235470687197E-30));
#7131=DIRECTION('',(0.707106781186555,0.70710678118654,8.65956056235494E-17));
#7132=DIRECTION('center_axis',(-1.73472347932713E-16,1.,-1.36742469199663E-14));
#7133=DIRECTION('ref_axis',(1.,0.,0.));
#7134=DIRECTION('center_axis',(0.,1.,0.));
#7135=DIRECTION('ref_axis',(1.,0.,0.));
#7136=DIRECTION('',(0.,1.,0.));
#7137=DIRECTION('center_axis',(0.,1.,0.));
#7138=DIRECTION('ref_axis',(1.,0.,0.));
#7139=DIRECTION('center_axis',(-0.258819045102424,-3.19936291382242E-14,
0.965925826289094));
#7140=DIRECTION('ref_axis',(0.965925826289094,-1.2285056148856E-14,0.258819045102424));
#7141=DIRECTION('center_axis',(-0.258819045102424,-3.19936291382242E-14,
0.965925826289094));
#7142=DIRECTION('ref_axis',(0.965925826289094,-5.82534280186983E-17,0.258819045102424));
#7143=DIRECTION('',(-0.258819045102424,-3.19936291382242E-14,0.965925826289094));
#7144=DIRECTION('center_axis',(-0.258819045102424,-3.19936291382242E-14,
0.965925826289094));
#7145=DIRECTION('ref_axis',(0.965925826289094,-5.82534280186983E-17,0.258819045102424));
#7146=DIRECTION('center_axis',(0.25881904510252,3.35605862097981E-14,-0.965925826289069));
#7147=DIRECTION('ref_axis',(0.965925826289069,-1.22850561488559E-14,0.25881904510252));
#7148=DIRECTION('center_axis',(0.25881904510252,3.3721536166017E-14,-0.965925826289069));
#7149=DIRECTION('ref_axis',(0.965925826289069,-1.22850561488559E-14,0.25881904510252));
#7150=DIRECTION('',(0.25881904510252,3.35605862097981E-14,-0.965925826289068));
#7151=DIRECTION('center_axis',(0.25881904510252,3.3721536166017E-14,-0.965925826289069));
#7152=DIRECTION('ref_axis',(0.965925826289069,-1.22850561488559E-14,0.25881904510252));
#7153=DIRECTION('center_axis',(-0.258819045102424,-3.19936291382242E-14,
0.965925826289094));
#7154=DIRECTION('ref_axis',(0.965925826289094,-1.2285056148856E-14,0.258819045102424));
#7155=DIRECTION('center_axis',(-0.258819045102424,-3.19936291382242E-14,
0.965925826289094));
#7156=DIRECTION('ref_axis',(0.965925826289094,-5.82534280186983E-17,0.258819045102424));
#7157=DIRECTION('',(0.866025403784349,2.26229121184077E-14,-0.500000000000156));
#7158=DIRECTION('center_axis',(-0.258819045102424,-3.19936291382242E-14,
0.965925826289094));
#7159=DIRECTION('ref_axis',(0.965925826289094,-5.82534280186983E-17,0.258819045102424));
#7160=DIRECTION('center_axis',(-0.258819045102424,-3.19936291382242E-14,
0.965925826289094));
#7161=DIRECTION('ref_axis',(0.965925826289094,-1.2285056148856E-14,0.258819045102424));
#7162=DIRECTION('center_axis',(-0.258819045102424,-3.19936291382242E-14,
0.965925826289094));
#7163=DIRECTION('ref_axis',(0.965925826289094,-5.82534280186983E-17,0.258819045102424));
#7164=DIRECTION('',(0.500000000000018,-2.26229121184077E-14,0.866025403784428));
#7165=DIRECTION('center_axis',(-0.258819045102424,-3.19936291382242E-14,
0.965925826289094));
#7166=DIRECTION('ref_axis',(0.965925826289094,-1.2285056148856E-14,0.258819045102424));
#7167=DIRECTION('center_axis',(-0.258819045102424,-3.19936291382242E-14,
0.965925826289094));
#7168=DIRECTION('ref_axis',(0.965925826289094,-5.82534280186983E-17,0.258819045102424));
#7169=DIRECTION('',(0.258819045102424,3.19936291382242E-14,-0.965925826289094));
#7170=DIRECTION('center_axis',(0.,1.,-1.1842378929335E-14));
#7171=DIRECTION('ref_axis',(-1.,-1.73472347932713E-16,0.));
#7172=DIRECTION('center_axis',(1.73472347932713E-16,-1.,1.36742469199663E-14));
#7173=DIRECTION('ref_axis',(-1.,-1.73472347932713E-16,0.));
#7174=DIRECTION('',(0.0871557427476582,0.996194698091745,-1.18079886023353E-14));
#7175=DIRECTION('center_axis',(1.73472347932713E-16,-1.,1.36742469199663E-14));
#7176=DIRECTION('ref_axis',(-1.,-1.73472347932713E-16,0.));
#7177=DIRECTION('center_axis',(0.258819045102424,3.19936291382242E-14,-0.965925826289094));
#7178=DIRECTION('ref_axis',(0.965925826289094,-1.2285056148856E-14,0.258819045102424));
#7179=DIRECTION('',(-0.866025403784424,-2.45824658889927E-14,0.500000000000026));
#7180=DIRECTION('center_axis',(0.25881904510252,3.3721536166017E-14,-0.965925826289069));
#7181=DIRECTION('ref_axis',(0.965925826289069,-1.22850561488559E-14,0.25881904510252));
#7182=DIRECTION('center_axis',(0.258819045102424,3.19936291382242E-14,-0.965925826289094));
#7183=DIRECTION('ref_axis',(0.965925826289094,-1.2285056148856E-14,0.258819045102424));
#7184=DIRECTION('',(-0.500000000000145,2.45824658889926E-14,-0.866025403784355));
#7185=DIRECTION('center_axis',(0.,-1.,0.));
#7186=DIRECTION('ref_axis',(1.,0.,0.));
#7187=DIRECTION('center_axis',(0.,-1.,0.));
#7188=DIRECTION('ref_axis',(-1.,0.,0.));
#7189=DIRECTION('center_axis',(0.,-1.,0.));
#7190=DIRECTION('ref_axis',(1.,0.,0.));
#7191=DIRECTION('center_axis',(0.,-1.,0.));
#7192=DIRECTION('ref_axis',(-1.,0.,0.));
#7193=DIRECTION('center_axis',(0.677375027560491,0.712895548682713,0.181502090086585));
#7194=DIRECTION('ref_axis',(0.258819043078547,0.,-0.96592582683139));
#7195=DIRECTION('',(0.258819043078547,0.,-0.96592582683139));
#7196=DIRECTION('',(-0.703396331589518,0.699906912276449,-0.123951259993822));
#7197=DIRECTION('',(-0.258819043078547,-3.45402540634673E-14,0.96592582683139));
#7198=DIRECTION('center_axis',(-0.183012700461056,0.707106781186539,0.683012702275707));
#7199=DIRECTION('ref_axis',(0.96592582683139,0.,0.258819043078548));
#7200=DIRECTION('',(-0.96592582683139,-7.23746338174588E-23,-0.258819043078548));
#7201=DIRECTION('',(0.96592582683139,7.23746338174588E-23,0.258819043078548));
#7202=DIRECTION('center_axis',(-8.93967557430504E-15,1.,3.3363323446489E-14));
#7203=DIRECTION('ref_axis',(0.,-3.3363323446489E-14,1.));
#7204=DIRECTION('',(0.984826061977862,3.01401053324369E-15,0.173544310333632));
#7205=DIRECTION('',(0.,-3.3363323446489E-14,1.));
#7206=DIRECTION('',(-1.,-8.93967557430504E-15,1.09396251618047E-23));
#7207=DIRECTION('',(1.09395024523876E-23,-3.3363323446489E-14,1.));
#7208=DIRECTION('',(0.70710678118655,-1.72701270317336E-14,0.707106781186545));
#7209=DIRECTION('',(-1.,-8.93967557430504E-15,1.09396070448835E-23));
#7210=DIRECTION('',(0.25881904510252,3.45402540634673E-14,-0.965925826289068));
#7211=DIRECTION('',(0.500000000000001,-2.32947812954652E-14,0.866025403784438));
#7212=DIRECTION('center_axis',(8.93967557430504E-15,-1.,-3.3363323446489E-14));
#7213=DIRECTION('ref_axis',(1.,0.,0.));
#7214=DIRECTION('',(-0.25881904510252,-3.35605862097981E-14,0.965925826289068));
#7215=DIRECTION('',(0.258819045102424,3.45402540634673E-14,-0.965925826289094));
#7216=DIRECTION('',(0.258819045102424,3.45402540634673E-14,-0.965925826289094));
#7217=DIRECTION('',(-0.866025403784393,-2.4582465888994E-14,0.500000000000078));
#7218=DIRECTION('',(0.258819045102424,3.45402540634673E-14,-0.965925826289094));
#7219=DIRECTION('',(0.499999999999924,-2.45824658889982E-14,0.866025403784482));
#7220=DIRECTION('center_axis',(-0.173544310333632,0.,0.984826061977862));
#7221=DIRECTION('ref_axis',(-0.984826061977862,-3.26601463377841E-43,-0.173544310333632));
#7222=DIRECTION('center_axis',(-0.173544310333632,0.,0.984826061977862));
#7223=DIRECTION('ref_axis',(0.984826061977862,-1.73119772193673E-16,0.173544310333632));
#7224=DIRECTION('',(0.,1.,0.));
#7225=DIRECTION('',(-0.701680465467173,0.701680465467224,-0.123648893094403));
#7226=DIRECTION('center_axis',(0.258819043078547,0.,-0.96592582683139));
#7227=DIRECTION('ref_axis',(0.282967755229093,-0.956127830554944,0.0758209808621906));
#7228=DIRECTION('center_axis',(-0.258819043078548,4.65649275844608E-17,
0.96592582683139));
#7229=DIRECTION('ref_axis',(1.67861165423014E-16,1.,4.49782633386588E-17));
#7230=DIRECTION('center_axis',(-0.70710678118654,-9.13508339597843E-15,
-0.707106781186555));
#7231=DIRECTION('ref_axis',(0.707106781186555,-8.68913333557314E-17,-0.70710678118654));
#7232=DIRECTION('center_axis',(-1.,0.,0.));
#7233=DIRECTION('ref_axis',(0.,-4.49782633386588E-17,1.));
#7234=DIRECTION('center_axis',(0.707106781186571,0.707106781186524,2.35914322519317E-14));
#7235=DIRECTION('ref_axis',(3.33633234464868E-14,0.,-1.));
#7236=DIRECTION('',(0.,3.3363323446489E-14,-1.));
#7237=DIRECTION('',(-0.577350269189634,0.577350269189622,-0.577350269189622));
#7238=DIRECTION('center_axis',(-6.32130521251108E-15,0.707106781191886,
0.707106781181209));
#7239=DIRECTION('ref_axis',(1.,0.,8.9396755635004E-15));
#7240=DIRECTION('',(1.,8.93967557430504E-15,-1.09396251618047E-23));
#7241=DIRECTION('',(0.577350269192498,0.577350269183833,-0.577350269192546));
#7242=DIRECTION('center_axis',(1.09394914350354E-23,1.49587944370547E-14,
1.));
#7243=DIRECTION('ref_axis',(1.,-1.66357166797975E-16,-1.09394889465327E-23));
#7244=DIRECTION('',(-1.63641603622616E-37,1.,0.));
#7245=DIRECTION('',(2.3373116307898E-16,-1.,1.49587944370547E-14));
#7246=DIRECTION('center_axis',(-1.,0.,0.));
#7247=DIRECTION('ref_axis',(0.,0.,-1.));
#7248=DIRECTION('',(0.,1.,-1.29189588320018E-14));
#7249=DIRECTION('center_axis',(-0.677209600101621,0.713063978116086,-0.181457765453737));
#7250=DIRECTION('ref_axis',(-0.258819045102393,0.,0.965925826289103));
#7251=DIRECTION('center_axis',(-0.677209600101651,0.713063978116057,-0.181457765453745));
#7252=DIRECTION('ref_axis',(-0.258819045102393,0.,0.965925826289103));
#7253=DIRECTION('',(-0.258819045102424,-3.19936291382242E-14,0.965925826289094));
#7254=DIRECTION('center_axis',(0.258819045102424,3.19936291382242E-14,-0.965925826289094));
#7255=DIRECTION('ref_axis',(0.965925826289094,-1.2285056148856E-14,0.258819045102424));
#7256=DIRECTION('center_axis',(-0.258819045102424,-3.19936291382242E-14,
0.965925826289094));
#7257=DIRECTION('ref_axis',(0.965925826289094,-5.82534280186983E-17,0.258819045102424));
#7258=DIRECTION('',(-0.500000000000095,2.45824658889941E-14,-0.866025403784384));
#7259=DIRECTION('center_axis',(-0.258819045102424,-3.19936291382242E-14,
0.965925826289094));
#7260=DIRECTION('ref_axis',(0.965925826289094,-5.82534280186983E-17,0.258819045102424));
#7261=DIRECTION('center_axis',(-0.678052485913205,0.712204949445414,-0.181683616026262));
#7262=DIRECTION('ref_axis',(-0.258819045102393,0.,0.965925826289103));
#7263=DIRECTION('',(-0.258819045102424,-3.19936291382242E-14,0.965925826289094));
#7264=DIRECTION('center_axis',(-0.258819045102424,-3.19936291382242E-14,
0.965925826289094));
#7265=DIRECTION('ref_axis',(0.965925826289094,-1.2285056148856E-14,0.258819045102424));
#7266=DIRECTION('',(0.258819045102424,3.19936291382242E-14,-0.965925826289094));
#7267=DIRECTION('center_axis',(-0.677209598270761,0.71306397997971,-0.18145776496323));
#7268=DIRECTION('ref_axis',(-0.258819045102487,0.,0.965925826289077));
#7269=DIRECTION('',(-0.25881904510252,-3.37368120867228E-14,0.965925826289068));
#7270=DIRECTION('center_axis',(0.677209600101651,0.713063978116045,0.181457765453792));
#7271=DIRECTION('ref_axis',(0.258819045102456,0.,-0.965925826289086));
#7272=DIRECTION('',(-0.258819045102424,-3.45402540634673E-14,0.965925826289094));
#7273=DIRECTION('center_axis',(-8.93967557430504E-15,1.,3.3363323446489E-14));
#7274=DIRECTION('ref_axis',(0.,-3.3363323446489E-14,1.));
#7275=DIRECTION('',(-0.25881904510252,-3.45402540634673E-14,0.965925826289068));
#7276=DIRECTION('',(0.86602540378444,2.32947812954652E-14,-0.499999999999998));
#7277=DIRECTION('',(0.25881904510252,3.37368120867228E-14,-0.965925826289068));
#7278=DIRECTION('',(-1.,-8.93967557430504E-15,1.09396070448835E-23));
#7279=DIRECTION('',(0.707106781186555,2.99127374721311E-14,-0.70710678118654));
#7280=DIRECTION('',(1.81260891040114E-16,3.3363323446489E-14,-1.));
#7281=DIRECTION('',(-0.707106781186524,1.72701270317347E-14,-0.707106781186571));
#7282=DIRECTION('',(-1.,-8.93967557430504E-15,1.09396251618047E-23));
#7283=DIRECTION('',(0.,3.3363323446489E-14,-1.));
#7284=DIRECTION('',(-0.96592582683139,-7.23746338174588E-23,-0.258819043078548));
#7285=DIRECTION('',(0.866025403784296,2.45824658889983E-14,-0.500000000000248));
#7286=DIRECTION('',(-0.258819045102424,-3.45402540634673E-14,0.965925826289094));
#7287=DIRECTION('',(-0.258819045102424,-3.45402540634673E-14,0.965925826289094));
#7288=DIRECTION('center_axis',(8.93967557430504E-15,-1.,-3.3363323446489E-14));
#7289=DIRECTION('ref_axis',(1.,0.,0.));
#7290=DIRECTION('center_axis',(8.93967557430504E-15,-1.,-3.3363323446489E-14));
#7291=DIRECTION('ref_axis',(1.,0.,0.));
#7292=DIRECTION('center_axis',(0.677209600101676,0.713063978116019,0.181457765453799));
#7293=DIRECTION('ref_axis',(0.258819045102456,0.,-0.965925826289086));
#7294=DIRECTION('',(0.258819045102424,3.19936291382242E-14,-0.965925826289094));
#7295=DIRECTION('center_axis',(-0.258819045102424,-3.19936291382242E-14,
0.965925826289094));
#7296=DIRECTION('ref_axis',(0.965925826289094,-1.2285056148856E-14,0.258819045102424));
#7297=DIRECTION('center_axis',(-0.258819045102424,-3.19936291382242E-14,
0.965925826289094));
#7298=DIRECTION('ref_axis',(0.965925826289094,-5.82534280186983E-17,0.258819045102425));
#7299=DIRECTION('center_axis',(0.258819043078548,-4.65649275844608E-17,
-0.96592582683139));
#7300=DIRECTION('ref_axis',(0.96592582683139,1.79949322669842E-14,0.258819043078547));
#7301=DIRECTION('center_axis',(0.678052485913196,0.712204949445412,0.181683616026307));
#7302=DIRECTION('ref_axis',(0.258819045102456,0.,-0.965925826289086));
#7303=DIRECTION('center_axis',(0.,1.,0.));
#7304=DIRECTION('ref_axis',(1.,0.,0.));
#7305=DIRECTION('',(0.707106781186549,-0.707106781186546,8.65956056235495E-17));
#7306=DIRECTION('center_axis',(0.,1.,0.));
#7307=DIRECTION('ref_axis',(1.,0.,0.));
#7308=DIRECTION('center_axis',(0.678052484575591,0.712204950810286,0.18168361566797));
#7309=DIRECTION('ref_axis',(0.258819045102553,0.,-0.96592582628906));
#7310=DIRECTION('center_axis',(0.25881904510252,3.35605862097981E-14,-0.965925826289069));
#7311=DIRECTION('ref_axis',(0.965925826289069,-1.22850561488559E-14,0.25881904510252));
#7312=DIRECTION('',(-0.25881904510252,-3.35605862097981E-14,0.965925826289068));
#7313=DIRECTION('center_axis',(0.25881904510252,3.3721536166017E-14,-0.965925826289069));
#7314=DIRECTION('ref_axis',(0.965925826289069,-1.22850561488559E-14,0.25881904510252));
#7315=DIRECTION('center_axis',(-0.183012700461056,0.707106781186539,0.683012702275707));
#7316=DIRECTION('ref_axis',(0.96592582683139,0.,0.258819043078548));
#7317=DIRECTION('',(0.96592582683139,7.23746338174588E-23,0.258819043078548));
#7318=DIRECTION('',(-0.62151487798535,-0.621514877985281,0.47690514034323));
#7319=DIRECTION('center_axis',(-0.707106781186508,0.707106781186587,2.35914322519338E-14));
#7320=DIRECTION('ref_axis',(3.33633234464927E-14,0.,1.));
#7321=DIRECTION('',(-0.577350269192557,-0.577350269192493,0.577350269183827));
#7322=DIRECTION('',(0.,-3.3363323446489E-14,1.));
#7323=DIRECTION('center_axis',(-6.32130521246308E-15,0.707106781186516,
0.707106781186579));
#7324=DIRECTION('ref_axis',(1.,0.,8.93967556336462E-15));
#7325=DIRECTION('',(-0.281084637714683,-0.678598344545875,0.678598344545875));
#7326=DIRECTION('',(1.,8.93967557430504E-15,-1.09396251618047E-23));
#7327=DIRECTION('center_axis',(-0.500000000000037,0.707106781186507,0.500000000000021));
#7328=DIRECTION('ref_axis',(0.707106781186536,0.,0.707106781186559));
#7329=DIRECTION('',(-0.678598344545875,-0.678598344545868,0.281084637714703));
#7330=DIRECTION('',(0.707106781186524,-1.72701270317347E-14,0.707106781186571));
#7331=DIRECTION('center_axis',(-0.5,0.707106781186561,-0.499999999999981));
#7332=DIRECTION('ref_axis',(-0.707106781186534,0.,0.707106781186561));
#7333=DIRECTION('',(-0.816496580927734,-0.577350269189615,7.45876436823786E-15));
#7334=DIRECTION('',(-0.707106781186555,-2.99127374721311E-14,0.70710678118654));
#7335=DIRECTION('',(0.678598344545829,0.678598344545822,0.281084637714925));
#7336=DIRECTION('center_axis',(-0.70710678118654,0.707106781186555,2.34632614467144E-14));
#7337=DIRECTION('ref_axis',(3.31820625554496E-14,0.,1.));
#7338=DIRECTION('',(-1.81260891040114E-16,-3.3363323446489E-14,1.));
#7339=DIRECTION('center_axis',(1.,0.,0.));
#7340=DIRECTION('ref_axis',(0.,0.,1.));
#7341=DIRECTION('',(-1.63641603622616E-37,1.,0.));
#7342=DIRECTION('',(0.,-1.,1.29189588320018E-14));
#7343=DIRECTION('',(0.,-1.,4.82075603436464E-17));
#7344=DIRECTION('center_axis',(1.09394914350354E-23,1.49587944370547E-14,
1.));
#7345=DIRECTION('ref_axis',(1.,-1.66357166797975E-16,-1.09394889465327E-23));
#7346=DIRECTION('',(-2.3373116307898E-16,1.,-1.49587944370547E-14));
#7347=DIRECTION('center_axis',(-0.707106781186571,1.04121920944289E-14,
0.707106781186524));
#7348=DIRECTION('ref_axis',(0.707106781186524,0.,0.707106781186571));
#7349=DIRECTION('',(2.3373116307898E-16,-1.,1.49587944370547E-14));
#7350=DIRECTION('center_axis',(-1.,-2.33731163078983E-16,-1.81260891040121E-16));
#7351=DIRECTION('ref_axis',(-1.81260891040125E-16,1.42663658664331E-14,
1.));
#7352=DIRECTION('',(-2.33731163078981E-16,1.,-1.29189588320018E-14));
#7353=DIRECTION('center_axis',(-0.70710678118654,-9.30035628636619E-15,
-0.707106781186555));
#7354=DIRECTION('ref_axis',(-0.707106781186555,0.,0.70710678118654));
#7355=DIRECTION('',(2.33731163078981E-16,-1.,1.29189588320018E-14));
#7356=DIRECTION('center_axis',(-1.09394915535828E-23,-1.29189588320018E-14,
-1.));
#7357=DIRECTION('ref_axis',(-1.,-1.73472347932713E-16,1.09394937946649E-23));
#7358=DIRECTION('',(-0.816496580927781,0.577350269189547,-7.45876435037287E-15));
#7359=DIRECTION('',(-2.3373116307898E-16,1.,-1.29189588320018E-14));
#7360=DIRECTION('center_axis',(0.707106781186508,0.707106781186587,2.35914322441984E-14));
#7361=DIRECTION('ref_axis',(3.33633234355532E-14,0.,-1.));
#7362=DIRECTION('',(0.577350269189644,-0.57735026918956,-0.577350269189673));
#7363=DIRECTION('',(-1.09395024523876E-23,3.3363323446489E-14,-1.));
#7364=DIRECTION('',(-0.678598344545905,0.678598344545739,0.281084637714941));
#7365=DIRECTION('center_axis',(0.499999999999955,0.707106781186621,-0.499999999999941));
#7366=DIRECTION('ref_axis',(-0.707106781186537,0.,-0.707106781186558));
#7367=DIRECTION('',(-0.70710678118655,1.72701270317336E-14,-0.707106781186545));
#7368=DIRECTION('center_axis',(1.,2.3373116307898E-16,-1.09394946543392E-23));
#7369=DIRECTION('ref_axis',(-1.0939491319845E-23,-1.42663658664331E-14,
-1.));
#7370=DIRECTION('',(-2.3373116307898E-16,1.,-1.49587944370547E-14));
#7371=DIRECTION('',(2.3373116307898E-16,-1.,1.29189588320018E-14));
#7372=DIRECTION('center_axis',(0.707106781186571,1.07427378752044E-14,0.707106781186524));
#7373=DIRECTION('ref_axis',(0.707106781186524,0.,-0.707106781186571));
#7374=DIRECTION('center_axis',(0.,1.,0.));
#7375=DIRECTION('ref_axis',(1.,0.,0.));
#7376=DIRECTION('',(0.707106781186548,-0.707106781186546,8.65956056235495E-17));
#7377=DIRECTION('center_axis',(0.,1.,0.));
#7378=DIRECTION('ref_axis',(1.,0.,0.));
#7379=DIRECTION('center_axis',(-0.866025403784439,0.,0.5));
#7380=DIRECTION('ref_axis',(-0.5,0.,-0.866025403784439));
#7381=DIRECTION('',(0.500000000000001,-2.32947812954652E-14,0.866025403784438));
#7382=DIRECTION('',(0.,-1.,0.));
#7383=DIRECTION('center_axis',(-0.965925826289069,0.,-0.258819045102519));
#7384=DIRECTION('ref_axis',(0.258819045102519,0.,-0.965925826289069));
#7385=DIRECTION('center_axis',(0.,-1.,0.));
#7386=DIRECTION('ref_axis',(1.,0.,0.));
#7387=DIRECTION('center_axis',(0.,-1.,0.));
#7388=DIRECTION('ref_axis',(-1.,0.,0.));
#7389=DIRECTION('center_axis',(0.,-1.,0.));
#7390=DIRECTION('ref_axis',(1.,0.,0.));
#7391=DIRECTION('center_axis',(0.,-1.,0.));
#7392=DIRECTION('ref_axis',(-1.,0.,0.));
#7393=DIRECTION('center_axis',(0.,1.,0.));
#7394=DIRECTION('ref_axis',(-1.,0.,0.));
#7395=DIRECTION('',(0.,1.,0.));
#7396=DIRECTION('center_axis',(0.,1.,0.));
#7397=DIRECTION('ref_axis',(-1.,0.,0.));
#7398=DIRECTION('',(0.,1.,0.));
#7399=DIRECTION('center_axis',(0.70710678118654,9.13508339597843E-15,0.707106781186555));
#7400=DIRECTION('ref_axis',(0.707106781186555,0.,-0.70710678118654));
#7401=DIRECTION('',(0.,-1.,1.29189588320018E-14));
#7402=DIRECTION('center_axis',(0.258819043078548,-4.65649275844608E-17,
-0.96592582683139));
#7403=DIRECTION('ref_axis',(1.79913055421446E-16,1.,-2.83970519901296E-24));
#7404=DIRECTION('center_axis',(0.258819043078548,-4.65649275844608E-17,
-0.96592582683139));
#7405=DIRECTION('ref_axis',(1.79913055421446E-16,1.,-2.83970519221047E-24));
#7406=DIRECTION('center_axis',(0.258819043078551,0.,-0.96592582683139));
#7407=DIRECTION('ref_axis',(0.180876253919927,-0.982310980264807,0.0484656457615977));
#7408=DIRECTION('center_axis',(3.55271356940558E-16,-1.29189588320018E-14,
-1.));
#7409=DIRECTION('ref_axis',(1.,3.47769274645469E-14,0.));
#7410=DIRECTION('center_axis',(-0.25881904510252,-3.29437956405621E-14,
0.965925826289069));
#7411=DIRECTION('ref_axis',(0.965925826289069,-1.22850561488559E-14,0.25881904510252));
#7412=DIRECTION('center_axis',(-0.25881904510252,-3.3721536166017E-14,0.965925826289069));
#7413=DIRECTION('ref_axis',(0.965925826289069,-1.22850561488559E-14,0.25881904510252));
#7414=DIRECTION('center_axis',(-3.55271356940558E-16,1.29189588320018E-14,
1.));
#7415=DIRECTION('ref_axis',(1.,1.73472347932718E-16,3.55271356940556E-16));
#7416=DIRECTION('center_axis',(0.707106781186545,-8.96981050559059E-15,
-0.70710678118655));
#7417=DIRECTION('ref_axis',(-0.70710678118655,0.,-0.707106781186545));
#7418=DIRECTION('center_axis',(0.25881904510252,3.37368120867228E-14,-0.965925826289069));
#7419=DIRECTION('ref_axis',(0.965925826289069,-1.22850561488559E-14,0.25881904510252));
#7420=DIRECTION('center_axis',(-0.258819045102424,-3.19936291382242E-14,
0.965925826289094));
#7421=DIRECTION('ref_axis',(0.965925826289094,-1.2285056148856E-14,0.258819045102425));
#7422=DIRECTION('axis',(0.,0.,1.));
#7423=DIRECTION('refdir',(1.,0.,0.));
#7424=DIRECTION('center_axis',(-0.678052485913191,-0.712204949445415,-0.181683616026308));
#7425=DIRECTION('ref_axis',(-0.258819045102458,0.,0.965925826289085));
#7426=DIRECTION('',(-0.258819045102424,-3.45402540634673E-14,0.965925826289094));
#7427=DIRECTION('',(0.258819045102424,3.19936291382242E-14,-0.965925826289094));
#7428=DIRECTION('center_axis',(-8.93967557430504E-15,1.,3.3363323446489E-14));
#7429=DIRECTION('ref_axis',(0.,-3.3363323446489E-14,1.));
#7430=DIRECTION('',(-0.866025403784393,-2.4582465888994E-14,0.500000000000078));
#7431=DIRECTION('',(0.500000000000018,-2.26229121184077E-14,0.866025403784428));
#7432=DIRECTION('',(-0.258819045102424,-3.45402540634673E-14,0.965925826289094));
#7433=DIRECTION('',(-0.866025403784424,-2.45824658889927E-14,0.500000000000026));
#7434=DIRECTION('',(-0.25881904510252,-3.35605862097981E-14,0.965925826289068));
#7435=DIRECTION('center_axis',(-8.93967557430504E-15,1.,3.3363323446489E-14));
#7436=DIRECTION('ref_axis',(1.,0.,0.));
#7437=DIRECTION('',(0.500000000000001,-2.32947812954652E-14,0.866025403784438));
#7438=DIRECTION('',(-0.25881904510252,-3.45402540634673E-14,0.965925826289068));
#7439=DIRECTION('',(-1.,-8.93967557430504E-15,1.09396070448835E-23));
#7440=DIRECTION('',(-0.70710678118655,1.72701270317336E-14,-0.707106781186545));
#7441=DIRECTION('',(-1.09395024523876E-23,3.3363323446489E-14,-1.));
#7442=DIRECTION('',(1.,8.93967557430504E-15,-1.09396251618047E-23));
#7443=DIRECTION('',(0.,3.3363323446489E-14,-1.));
#7444=DIRECTION('',(0.258819043078547,3.45402540634673E-14,-0.96592582683139));
#7445=DIRECTION('',(0.96592582683139,7.23746338174588E-23,0.258819043078548));
#7446=DIRECTION('',(-0.258819045102424,-3.45402540634673E-14,0.965925826289094));
#7447=DIRECTION('center_axis',(0.677209600101725,-0.713063978115982,0.181457765453763));
#7448=DIRECTION('ref_axis',(0.258819045102391,0.,-0.965925826289103));
#7449=DIRECTION('',(-0.258819045102424,-3.19936291382242E-14,0.965925826289094));
#7450=DIRECTION('',(0.258819045102424,3.45402540634673E-14,-0.965925826289094));
#7451=DIRECTION('center_axis',(0.258819045102424,3.19936291382242E-14,-0.965925826289094));
#7452=DIRECTION('ref_axis',(0.965925826289094,-1.2285056148856E-14,0.258819045102424));
#7453=DIRECTION('',(-0.500000000000145,2.45824658889926E-14,-0.866025403784355));
#7454=DIRECTION('center_axis',(0.25881904510252,3.3721536166017E-14,-0.965925826289069));
#7455=DIRECTION('ref_axis',(0.965925826289069,-1.22850561488559E-14,0.25881904510252));
#7456=DIRECTION('center_axis',(-0.258819045102424,-3.19936291382242E-14,
0.965925826289094));
#7457=DIRECTION('ref_axis',(0.965925826289094,-5.82534280186983E-17,0.258819045102424));
#7458=DIRECTION('center_axis',(-8.93967557430504E-15,1.,3.3363323446489E-14));
#7459=DIRECTION('ref_axis',(0.,-3.3363323446489E-14,1.));
#7460=DIRECTION('',(0.866025403784349,2.26229121184077E-14,-0.500000000000156));
#7461=DIRECTION('center_axis',(-8.93967557430504E-15,1.,3.3363323446489E-14));
#7462=DIRECTION('ref_axis',(1.,0.,0.));
#7463=DIRECTION('center_axis',(-8.93967557430504E-15,1.,3.3363323446489E-14));
#7464=DIRECTION('ref_axis',(1.,0.,0.));
#7465=DIRECTION('',(0.258819045102424,3.19936291382242E-14,-0.965925826289094));
#7466=DIRECTION('',(-0.500000000000095,2.45824658889941E-14,-0.866025403784384));
#7467=DIRECTION('',(0.258819045102424,3.45402540634673E-14,-0.965925826289094));
#7468=DIRECTION('',(0.96592582683139,7.23746338174588E-23,0.258819043078548));
#7469=DIRECTION('',(0.,-3.3363323446489E-14,1.));
#7470=DIRECTION('',(-0.258819043078547,-3.45402540634673E-14,0.96592582683139));
#7471=DIRECTION('',(1.,8.93967557430504E-15,-1.09396251618047E-23));
#7472=DIRECTION('',(-1.81260891040114E-16,-3.3363323446489E-14,1.));
#7473=DIRECTION('',(-0.707106781186555,-2.99127374721311E-14,0.70710678118654));
#7474=DIRECTION('',(-1.,-8.93967557430504E-15,1.09396070448835E-23));
#7475=DIRECTION('',(0.25881904510252,3.45402540634673E-14,-0.965925826289068));
#7476=DIRECTION('',(0.86602540378444,2.32947812954652E-14,-0.499999999999998));
#7477=DIRECTION('',(0.25881904510252,3.45402540634673E-14,-0.965925826289068));
#7478=DIRECTION('center_axis',(0.67720959827083,-0.71306397997964,0.181457764963248));
#7479=DIRECTION('ref_axis',(0.258819045102486,0.,-0.965925826289078));
#7480=DIRECTION('',(-0.25881904510252,-3.37368120867228E-14,0.965925826289068));
#7481=DIRECTION('',(0.682583563678453,0.516758976020705,-0.516758976020791));
#7482=DIRECTION('center_axis',(6.32130521246393E-15,-0.70710678118661,-0.707106781186485));
#7483=DIRECTION('ref_axis',(-1.,0.,-8.93967556336702E-15));
#7484=DIRECTION('',(-0.281084637714818,0.678598344545757,-0.678598344545938));
#7485=DIRECTION('',(1.,8.93967557430504E-15,-1.09396070448835E-23));
#7486=DIRECTION('center_axis',(0.67805248457561,-0.712204950810279,0.181683615667925));
#7487=DIRECTION('ref_axis',(0.258819045102486,0.,-0.965925826289078));
#7488=DIRECTION('',(-0.25881904510252,-3.35605862097981E-14,0.965925826289068));
#7489=DIRECTION('center_axis',(-0.499999999999922,-0.70710678118663,-0.499999999999962));
#7490=DIRECTION('ref_axis',(-0.707106781186576,0.,0.707106781186519));
#7491=DIRECTION('',(-0.678598344545857,0.678598344545789,-0.281084637714936));
#7492=DIRECTION('',(0.707106781186555,2.99127374721311E-14,-0.70710678118654));
#7493=DIRECTION('center_axis',(-0.70710678118654,-0.707106781186555,-2.37196030571511E-14));
#7494=DIRECTION('ref_axis',(-3.35445843375298E-14,0.,1.));
#7495=DIRECTION('',(-0.577350269189608,0.577350269189615,-0.577350269189655));
#7496=DIRECTION('',(1.81260891040114E-16,3.3363323446489E-14,-1.));
#7497=DIRECTION('center_axis',(-1.09394915535828E-23,-1.29189588320018E-14,
-1.));
#7498=DIRECTION('ref_axis',(-1.,-1.73472347932713E-16,1.09394937946649E-23));
#7499=DIRECTION('',(-1.,2.46748327549935E-16,1.0939487799643E-23));
#7500=DIRECTION('center_axis',(1.09394915535828E-23,1.29189588320018E-14,
1.));
#7501=DIRECTION('ref_axis',(1.,2.26927425669139E-15,4.52348151190261E-28));
#7502=DIRECTION('',(-2.3373116307898E-16,1.,-1.29189588320018E-14));
#7503=DIRECTION('',(1.,8.93967557430504E-15,-1.09396070448835E-23));
#7504=DIRECTION('',(2.33731163078981E-16,-1.,1.29189588320018E-14));
#7505=DIRECTION('center_axis',(1.09394915535828E-23,1.29189588320018E-14,
1.));
#7506=DIRECTION('ref_axis',(-1.,1.65595689001803E-15,-1.15048084695788E-28));
#7507=DIRECTION('',(-1.,2.46748327549935E-16,1.0939487799643E-23));
#7508=DIRECTION('center_axis',(-0.70710678118654,-9.30035628636619E-15,
-0.707106781186555));
#7509=DIRECTION('ref_axis',(-0.707106781186555,0.,0.70710678118654));
#7510=DIRECTION('',(-2.33731163078981E-16,1.,-1.29189588320018E-14));
#7511=DIRECTION('',(-0.707106781186555,1.04121920944291E-14,0.70710678118654));
#7512=DIRECTION('center_axis',(-1.,-2.33731163078983E-16,-1.81260891040121E-16));
#7513=DIRECTION('ref_axis',(-1.81260891040125E-16,1.42663658664331E-14,
1.));
#7514=DIRECTION('',(2.3373116307898E-16,-1.,1.49587944370547E-14));
#7515=DIRECTION('',(-1.81260891040125E-16,1.49587944370547E-14,1.));
#7516=DIRECTION('center_axis',(-0.707106781186571,1.04121920944289E-14,
0.707106781186524));
#7517=DIRECTION('ref_axis',(0.707106781186524,0.,0.707106781186571));
#7518=DIRECTION('',(-0.577350269189655,-0.577350269189537,-0.577350269189685));
#7519=DIRECTION('',(-2.3373116307898E-16,1.,-1.49587944370547E-14));
#7520=DIRECTION('center_axis',(-0.707106781186571,1.04121920944289E-14,
0.707106781186524));
#7521=DIRECTION('ref_axis',(-0.707106781186524,-1.07943856534506E-14,-0.707106781186571));
#7522=DIRECTION('center_axis',(0.677209600101716,-0.71306397811599,0.181457765453761));
#7523=DIRECTION('ref_axis',(0.258819045102391,0.,-0.965925826289103));
#7524=DIRECTION('',(-0.258819045102424,-3.19936291382242E-14,0.965925826289094));
#7525=DIRECTION('center_axis',(6.32130522793516E-15,-0.707106781186642,
0.707106781186453));
#7526=DIRECTION('ref_axis',(1.,0.,-8.93967558524705E-15));
#7527=DIRECTION('',(-1.,-8.93967557430504E-15,1.09396251618047E-23));
#7528=DIRECTION('',(-0.666828910214231,0.526943642386144,0.526943642386285));
#7529=DIRECTION('center_axis',(-6.32130522793516E-15,0.707106781186642,
-0.707106781186453));
#7530=DIRECTION('ref_axis',(-0.354349317409825,0.661224833642443,0.661224833642623));
#7531=DIRECTION('center_axis',(-0.695579979582396,-0.693852256046932,-0.186380092238242));
#7532=DIRECTION('ref_axis',(-0.258819043078579,0.,0.965925826831382));
#7533=DIRECTION('',(-0.707091591092226,0.707091591092257,0.00655466347615263));
#7534=DIRECTION('',(0.258819043078547,0.,-0.96592582683139));
#7535=DIRECTION('center_axis',(-0.183012700461031,-0.707106781186635,0.683012702275614));
#7536=DIRECTION('ref_axis',(0.96592582683139,0.,0.258819043078548));
#7537=DIRECTION('',(-0.96592582683139,-7.23746338174588E-23,-0.258819043078548));
#7538=DIRECTION('',(0.621514877985296,-0.621514877985283,-0.476905140343299));
#7539=DIRECTION('center_axis',(-0.707106781186571,-0.707106781186524,-2.35914322519317E-14));
#7540=DIRECTION('ref_axis',(-3.33633234464868E-14,0.,1.));
#7541=DIRECTION('',(0.,3.3363323446489E-14,-1.));
#7542=DIRECTION('center_axis',(-0.707106781186571,-0.707106781186524,-2.35914322519317E-14));
#7543=DIRECTION('ref_axis',(-0.13163272602111,0.131632726021086,0.982520051134077));
#7544=DIRECTION('center_axis',(1.09394914350354E-23,1.49587944370547E-14,
1.));
#7545=DIRECTION('ref_axis',(1.,-1.66357166797975E-16,-1.09394889465327E-23));
#7546=DIRECTION('center_axis',(1.09394914350354E-23,1.49587944370547E-14,
1.));
#7547=DIRECTION('ref_axis',(1.,-1.67861165423014E-16,0.));
#7548=DIRECTION('',(1.,-1.66357166797975E-16,-1.09394889465327E-23));
#7549=DIRECTION('center_axis',(0.258819043078547,0.,-0.96592582683139));
#7550=DIRECTION('ref_axis',(1.67861165423014E-16,1.,4.49782633386588E-17));
#7551=DIRECTION('center_axis',(1.,0.,0.));
#7552=DIRECTION('ref_axis',(0.,-4.49782633386588E-17,1.));
#7553=DIRECTION('center_axis',(-0.258819043078548,4.65649275844608E-17,
0.96592582683139));
#7554=DIRECTION('ref_axis',(1.67861165423014E-16,1.,4.49782633386588E-17));
#7555=DIRECTION('',(-0.258819043078547,0.,0.96592582683139));
#7556=DIRECTION('center_axis',(0.707106781186508,-0.707106781186587,-2.35914322519338E-14));
#7557=DIRECTION('ref_axis',(0.131632726021101,0.131632726021119,-0.982520051134074));
#7558=DIRECTION('center_axis',(-1.,0.,0.));
#7559=DIRECTION('ref_axis',(0.,-4.49782633386588E-17,1.));
#7560=DIRECTION('center_axis',(0.258819043078548,-4.65649275844608E-17,
-0.96592582683139));
#7561=DIRECTION('ref_axis',(0.683012702275696,0.70710678118655,0.183012700461053));
#7562=DIRECTION('center_axis',(0.258819043078548,-4.65649275844608E-17,
-0.96592582683139));
#7563=DIRECTION('ref_axis',(-0.683012702275696,-0.70710678118655,-0.183012700461053));
#7564=DIRECTION('',(-0.258819043078547,0.,0.96592582683139));
#7565=DIRECTION('center_axis',(1.,0.,0.));
#7566=DIRECTION('ref_axis',(0.,0.,1.));
#7567=DIRECTION('',(0.,-1.,4.82075603436464E-17));
#7568=DIRECTION('center_axis',(0.258819043078548,-4.65649275844608E-17,
-0.96592582683139));
#7569=DIRECTION('ref_axis',(1.79913055421446E-16,1.,-2.83970519901296E-24));
#7570=DIRECTION('center_axis',(0.258819043078548,-4.65649275844608E-17,
-0.96592582683139));
#7571=DIRECTION('ref_axis',(0.96592582683139,1.79949322669842E-14,0.258819043078547));
#7572=DIRECTION('',(-0.96592582683139,-7.23746338174588E-23,-0.258819043078548));
#7573=DIRECTION('center_axis',(0.258819043078548,-4.65649275844608E-17,
-0.96592582683139));
#7574=DIRECTION('ref_axis',(1.79913055421446E-16,1.,-2.83970519221047E-24));
#7575=DIRECTION('center_axis',(0.707106781186508,-0.707106781186587,-2.35914322519338E-14));
#7576=DIRECTION('ref_axis',(-3.33633234464927E-14,0.,-1.));
#7577=DIRECTION('',(0.,-3.3363323446489E-14,1.));
#7578=DIRECTION('',(-0.707091591092251,-0.707091591092236,0.00655466347565084));
#7579=DIRECTION('',(0.577350269189668,0.577350269189553,0.577350269189656));
#7580=DIRECTION('center_axis',(-0.183012700461031,-0.707106781186635,0.683012702275614));
#7581=DIRECTION('ref_axis',(0.96592582683139,0.,0.258819043078548));
#7582=DIRECTION('center_axis',(-0.677209600101683,-0.713063978116011,-0.181457765453803));
#7583=DIRECTION('ref_axis',(-0.258819045102458,0.,0.965925826289085));
#7584=DIRECTION('',(0.258819045102424,3.19936291382242E-14,-0.965925826289094));
#7585=DIRECTION('center_axis',(0.695579979582394,-0.693852256046948,0.186380092238192));
#7586=DIRECTION('ref_axis',(0.258819043078515,0.,-0.965925826831399));
#7587=DIRECTION('center_axis',(6.32130522798204E-15,-0.707106781191886,
0.707106781181209));
#7588=DIRECTION('ref_axis',(1.,0.,-8.93967558537965E-15));
#7589=DIRECTION('',(-0.577350269192513,0.57735026918382,0.577350269192543));
#7590=DIRECTION('',(-1.,-8.93967557430504E-15,1.09396251618047E-23));
#7591=DIRECTION('center_axis',(-1.,0.,0.));
#7592=DIRECTION('ref_axis',(0.,0.,-1.));
#7593=DIRECTION('',(-1.63641603622616E-37,1.,0.));
#7594=DIRECTION('center_axis',(-1.,0.,0.));
#7595=DIRECTION('ref_axis',(0.,1.28811073086289E-14,1.));
#7596=DIRECTION('center_axis',(1.09394914350354E-23,1.49587944370547E-14,
1.));
#7597=DIRECTION('ref_axis',(1.,-1.66357166797975E-16,-1.09394889465327E-23));
#7598=DIRECTION('',(2.3373116307898E-16,-1.,1.49587944370547E-14));
#7599=DIRECTION('',(1.,-1.66357166797975E-16,-1.09394889465327E-23));
#7600=DIRECTION('center_axis',(1.09394914350354E-23,1.49587944370547E-14,
1.));
#7601=DIRECTION('ref_axis',(1.,1.00475789780283E-14,-1.45151282086825E-28));
#7602=DIRECTION('center_axis',(0.707106781186571,1.07427378752044E-14,0.707106781186524));
#7603=DIRECTION('ref_axis',(0.707106781186524,0.,-0.707106781186571));
#7604=DIRECTION('',(-0.577350269189587,-0.577350269189657,0.577350269189634));
#7605=DIRECTION('',(-2.3373116307898E-16,1.,-1.49587944370547E-14));
#7606=DIRECTION('center_axis',(0.707106781186571,1.07427378752044E-14,0.707106781186524));
#7607=DIRECTION('ref_axis',(0.707106781186524,-1.04263952334466E-14,-0.707106781186571));
#7608=DIRECTION('center_axis',(-0.677209600101676,-0.713063978116019,-0.181457765453801));
#7609=DIRECTION('ref_axis',(-0.258819045102458,0.,0.965925826289085));
#7610=DIRECTION('',(0.258819045102424,3.19936291382242E-14,-0.965925826289094));
#7611=DIRECTION('center_axis',(-0.258819045102424,-3.19936291382242E-14,
0.965925826289094));
#7612=DIRECTION('ref_axis',(0.965925826289094,-1.2285056148856E-14,0.258819045102424));
#7613=DIRECTION('center_axis',(-0.258819045102424,-3.19936291382242E-14,
0.965925826289094));
#7614=DIRECTION('ref_axis',(0.965925826289094,-5.82534280186983E-17,0.258819045102424));
#7615=DIRECTION('center_axis',(-0.67720959827077,-0.713063979979688,-0.181457764963283));
#7616=DIRECTION('ref_axis',(-0.258819045102554,0.,0.965925826289059));
#7617=DIRECTION('',(0.25881904510252,3.37368120867228E-14,-0.965925826289068));
#7618=DIRECTION('center_axis',(0.707106781186579,-0.707106781186516,-2.35914322596668E-14));
#7619=DIRECTION('ref_axis',(-3.33633234574255E-14,0.,-1.));
#7620=DIRECTION('',(1.09395024523876E-23,-3.3363323446489E-14,1.));
#7621=DIRECTION('',(0.678598344545766,0.678598344545842,-0.281084637715029));
#7622=DIRECTION('center_axis',(0.499999999999974,-0.70710678118657,-0.499999999999995));
#7623=DIRECTION('ref_axis',(-0.707106781186562,0.,-0.707106781186533));
#7624=DIRECTION('',(0.70710678118655,-1.72701270317336E-14,0.707106781186545));
#7625=DIRECTION('',(0.281084637714864,0.678598344545808,-0.678598344545868));
#7626=DIRECTION('center_axis',(6.32130521246365E-15,-0.707106781186579,
-0.707106781186516));
#7627=DIRECTION('ref_axis',(-1.,0.,-8.93967556336623E-15));
#7628=DIRECTION('center_axis',(-0.25881904510252,-3.29437956405621E-14,
0.965925826289069));
#7629=DIRECTION('ref_axis',(0.965925826289069,-1.22850561488559E-14,0.25881904510252));
#7630=DIRECTION('center_axis',(-0.25881904510252,-3.3721536166017E-14,0.965925826289069));
#7631=DIRECTION('ref_axis',(0.965925826289069,-1.22850561488559E-14,0.25881904510252));
#7632=DIRECTION('',(0.500000000000001,-2.32947812954652E-14,0.866025403784438));
#7633=DIRECTION('center_axis',(0.25881904510252,3.3721536166017E-14,-0.965925826289069));
#7634=DIRECTION('ref_axis',(0.965925826289069,-1.22850561488559E-14,0.25881904510252));
#7635=DIRECTION('center_axis',(0.,1.,0.));
#7636=DIRECTION('ref_axis',(1.,0.,0.));
#7637=DIRECTION('center_axis',(0.,1.,0.));
#7638=DIRECTION('ref_axis',(1.,0.,0.));
#7639=DIRECTION('',(-0.707106781186548,0.707106781186546,-8.65956056235494E-17));
#7640=DIRECTION('center_axis',(-0.866025403784439,0.,0.5));
#7641=DIRECTION('ref_axis',(-0.5,0.,-0.866025403784439));
#7642=DIRECTION('',(0.,-1.,0.));
#7643=DIRECTION('center_axis',(-0.965925826289069,0.,-0.258819045102519));
#7644=DIRECTION('ref_axis',(0.258819045102519,0.,-0.965925826289069));
#7645=DIRECTION('',(-0.25881904510252,-3.35605862097981E-14,0.965925826289068));
#7646=DIRECTION('center_axis',(0.,-1.,0.));
#7647=DIRECTION('ref_axis',(1.,0.,0.));
#7648=DIRECTION('center_axis',(-9.95085435954793E-42,1.,-4.46211741848142E-85));
#7649=DIRECTION('ref_axis',(1.,9.95085435954793E-42,0.));
#7650=DIRECTION('center_axis',(0.,1.,0.));
#7651=DIRECTION('ref_axis',(1.,0.,0.));
#7652=DIRECTION('center_axis',(0.,1.,0.));
#7653=DIRECTION('ref_axis',(1.,0.,0.));
#7654=DIRECTION('',(-0.707106781186549,0.707106781186546,-8.65956056235495E-17));
#7655=DIRECTION('center_axis',(0.,-1.,0.));
#7656=DIRECTION('ref_axis',(1.,0.,0.));
#7657=DIRECTION('center_axis',(-9.95085435954793E-42,1.,0.));
#7658=DIRECTION('ref_axis',(1.,9.95085435954793E-42,0.));
#7659=DIRECTION('center_axis',(-1.09394911580028E-23,-1.49587944370547E-14,
-1.));
#7660=DIRECTION('ref_axis',(0.707106781186555,0.70710678118654,0.));
#7661=DIRECTION('',(-1.09394911580028E-23,-1.49587944370547E-14,-1.));
#7662=DIRECTION('center_axis',(-0.382683432365076,0.,-0.923879532511293));
#7663=DIRECTION('ref_axis',(-0.923879532511292,-2.80721268982333E-14,0.382683432365076));
#7664=DIRECTION('',(1.09394911580028E-23,1.49587944370547E-14,1.));
#7665=DIRECTION('',(1.09394911580028E-23,1.49587944370547E-14,1.));
#7666=DIRECTION('center_axis',(1.,2.3373116307898E-16,-1.09394946543392E-23));
#7667=DIRECTION('ref_axis',(-1.0939491319845E-23,-1.42663658664331E-14,
-1.));
#7668=DIRECTION('',(2.3373116307898E-16,-1.,1.29189588320018E-14));
#7669=DIRECTION('center_axis',(-1.81260891040125E-16,1.49587944370547E-14,
1.));
#7670=DIRECTION('ref_axis',(-0.707106781186555,0.70710678118654,0.));
#7671=DIRECTION('',(1.81260891040125E-16,-1.49587944370547E-14,-1.));
#7672=DIRECTION('',(1.81260891040125E-16,-1.49587944370547E-14,-1.));
#7673=DIRECTION('center_axis',(-0.382683432365006,2.12431978877102E-15,
0.923879532511321));
#7674=DIRECTION('ref_axis',(-0.923879532511321,-3.39606519764477E-14,-0.382683432365006));
#7675=DIRECTION('',(0.,0.705880656738785,0.708330783209386));
#7676=DIRECTION('',(0.0183272686931346,-0.708094339594143,-0.705879959665228));
#7677=DIRECTION('center_axis',(0.258819045102521,-1.24265111003987E-14,
-0.965925826289068));
#7678=DIRECTION('ref_axis',(0.683012701892219,0.70710678118655,0.18301270189221));
#7679=DIRECTION('',(-0.258819045102521,1.24265111003987E-14,0.965925826289068));
#7680=DIRECTION('',(0.258819045102521,-1.24265111003987E-14,-0.965925826289068));
#7681=DIRECTION('',(0.258819045102521,-1.24265111003987E-14,-0.965925826289068));
#7682=DIRECTION('center_axis',(-0.258819045102524,1.24265111003987E-14,
0.965925826289067));
#7683=DIRECTION('ref_axis',(-0.683012701892219,0.707106781186545,-0.18301270189223));
#7684=DIRECTION('',(-0.258819045102524,1.24265111003987E-14,0.965925826289067));
#7685=DIRECTION('center_axis',(0.,1.,0.));
#7686=DIRECTION('ref_axis',(-1.,0.,0.));
#7687=DIRECTION('center_axis',(0.,-1.,0.));
#7688=DIRECTION('ref_axis',(-1.,0.,0.));
#7689=DIRECTION('center_axis',(0.,1.,0.));
#7690=DIRECTION('ref_axis',(-1.,0.,0.));
#7691=DIRECTION('center_axis',(0.,1.,0.));
#7692=DIRECTION('ref_axis',(-1.,0.,0.));
#7693=DIRECTION('',(0.,1.,0.));
#7694=DIRECTION('center_axis',(2.3373116307898E-16,-1.,1.49587944370547E-14));
#7695=DIRECTION('ref_axis',(-1.,0.,0.));
#7696=DIRECTION('center_axis',(2.3373116307898E-16,-1.,1.49587944370547E-14));
#7697=DIRECTION('ref_axis',(-1.,0.,0.));
#7698=DIRECTION('center_axis',(0.,1.,0.));
#7699=DIRECTION('ref_axis',(-1.,0.,0.));
#7700=DIRECTION('center_axis',(0.,-1.,0.));
#7701=DIRECTION('ref_axis',(-1.,0.,0.));
#7702=DIRECTION('center_axis',(0.,1.,0.));
#7703=DIRECTION('ref_axis',(-1.,0.,0.));
#7704=DIRECTION('center_axis',(0.,1.,0.));
#7705=DIRECTION('ref_axis',(-1.,0.,0.));
#7706=DIRECTION('',(0.,1.,0.));
#7707=DIRECTION('center_axis',(2.3373116307898E-16,-1.,1.49587944370547E-14));
#7708=DIRECTION('ref_axis',(-1.,0.,0.));
#7709=DIRECTION('center_axis',(2.3373116307898E-16,-1.,1.49587944370547E-14));
#7710=DIRECTION('ref_axis',(-1.,0.,0.));
#7711=DIRECTION('center_axis',(-2.3373116307898E-16,1.,-1.49587944370547E-14));
#7712=DIRECTION('ref_axis',(0.,1.49587944370547E-14,1.));
#7713=DIRECTION('center_axis',(-2.3373116307898E-16,1.,-1.49587944370547E-14));
#7714=DIRECTION('ref_axis',(0.,1.49587944370547E-14,1.));
#7715=DIRECTION('',(0.707106781186555,-1.04121920944291E-14,-0.70710678118654));
#7716=DIRECTION('center_axis',(0.707106781186555,-1.04121920944291E-14,
-0.70710678118654));
#7717=DIRECTION('ref_axis',(-0.499999999999971,0.707106781186533,-0.50000000000005));
#7718=DIRECTION('center_axis',(-2.3373116307898E-16,1.,-1.49587944370547E-14));
#7719=DIRECTION('ref_axis',(0.,1.49587944370547E-14,1.));
#7720=DIRECTION('center_axis',(0.70710678118655,1.07427378752047E-14,0.707106781186545));
#7721=DIRECTION('ref_axis',(0.500000000000002,0.707106781186577,-0.499999999999955));
#7722=DIRECTION('',(-0.70710678118655,-1.07427378752047E-14,-0.707106781186545));
#7723=DIRECTION('',(0.70710678118655,1.07427378752047E-14,0.707106781186545));
#7724=DIRECTION('center_axis',(0.707106781186545,-8.96981050559059E-15,
-0.70710678118655));
#7725=DIRECTION('ref_axis',(-0.70710678118655,0.,-0.707106781186545));
#7726=DIRECTION('center_axis',(0.,1.,0.));
#7727=DIRECTION('ref_axis',(-1.,0.,0.));
#7728=DIRECTION('',(0.,1.,0.));
#7729=DIRECTION('center_axis',(0.,1.,0.));
#7730=DIRECTION('ref_axis',(-1.,0.,0.));
#7731=DIRECTION('',(0.,1.,0.));
#7732=DIRECTION('center_axis',(0.258819043078551,0.,-0.96592582683139));
#7733=DIRECTION('ref_axis',(1.73759702802888E-16,1.,2.29646219621179E-17));
#7734=DIRECTION('center_axis',(0.25881904510252,3.37368120867228E-14,-0.965925826289069));
#7735=DIRECTION('ref_axis',(0.965925826289069,-1.22850561488559E-14,0.25881904510252));
#7736=DIRECTION('center_axis',(-2.3373116307898E-16,1.,-1.49587944370547E-14));
#7737=DIRECTION('ref_axis',(0.,1.49587944370547E-14,1.));
#7738=DIRECTION('center_axis',(0.258819045102424,3.19936291382242E-14,-0.965925826289094));
#7739=DIRECTION('ref_axis',(0.965925826289094,-1.2285056148856E-14,0.258819045102424));
#7740=DIRECTION('center_axis',(-0.258819045102424,-3.19936291382242E-14,
0.965925826289094));
#7741=DIRECTION('ref_axis',(0.965925826289094,-5.82534280186983E-17,0.258819045102424));
#7742=DIRECTION('center_axis',(-0.258819045102424,-3.19936291382242E-14,
0.965925826289094));
#7743=DIRECTION('ref_axis',(0.965925826289094,-5.82534280186983E-17,0.258819045102424));
#7744=DIRECTION('center_axis',(-0.258819045102424,-3.19936291382242E-14,
0.965925826289094));
#7745=DIRECTION('ref_axis',(0.965925826289094,-1.2285056148856E-14,0.258819045102424));
#7746=DIRECTION('center_axis',(-0.258819045102424,-3.19936291382242E-14,
0.965925826289094));
#7747=DIRECTION('ref_axis',(0.965925826289094,-5.82534280186983E-17,0.258819045102424));
#7748=DIRECTION('center_axis',(-0.258819045102424,-3.19936291382242E-14,
0.965925826289094));
#7749=DIRECTION('ref_axis',(0.965925826289094,-1.2285056148856E-14,0.258819045102424));
#7750=DIRECTION('center_axis',(-0.258819045102424,-3.19936291382242E-14,
0.965925826289094));
#7751=DIRECTION('ref_axis',(0.965925826289094,-1.2285056148856E-14,0.258819045102425));
#7752=DIRECTION('center_axis',(-0.258819045102424,-3.19936291382242E-14,
0.965925826289094));
#7753=DIRECTION('ref_axis',(0.965925826289094,-5.82534280186983E-17,0.258819045102425));
#7754=DIRECTION('center_axis',(-0.258819045102424,-3.19936291382242E-14,
0.965925826289094));
#7755=DIRECTION('ref_axis',(0.965925826289094,-1.2285056148856E-14,0.258819045102424));
#7756=DIRECTION('center_axis',(0.25881904510252,3.35605862097981E-14,-0.965925826289069));
#7757=DIRECTION('ref_axis',(0.965925826289069,-1.22850561488559E-14,0.25881904510252));
#7758=DIRECTION('',(0.,0.,1.));
#7759=DIRECTION('',(1.,0.,0.));
#7760=DIRECTION('',(0.,0.,1.));
#7761=DIRECTION('',(1.,0.,0.));
#7762=DIRECTION('',(1.11022302462415E-16,-1.,1.4266365866672E-14));
#7763=DIRECTION('',(1.,-5.44605496272009E-17,1.17881200688739E-16));
#7764=DIRECTION('',(0.,0.,1.));
#7765=DIRECTION('',(1.,0.,0.));
#7766=DIRECTION('center_axis',(0.,0.,1.));
#7767=DIRECTION('ref_axis',(1.,0.,0.));
#7768=CARTESIAN_POINT('',(0.,0.,0.));
#7769=CARTESIAN_POINT('',(0.,0.,0.));
#7770=CARTESIAN_POINT('',(0.,0.,0.));
#7771=CARTESIAN_POINT('',(0.,0.,0.));
#7772=CARTESIAN_POINT('',(0.,0.,0.));
#7773=CARTESIAN_POINT('',(-58.0000000000002,31.5,95.3500000000001));
#7774=CARTESIAN_POINT('',(57.9999999999998,31.5,95.3500000000002));
#7775=CARTESIAN_POINT('',(0.,0.,0.));
#7776=CARTESIAN_POINT('Ctrl Pts',(11.5012126674102,3.,2.33700561405766));
#7777=CARTESIAN_POINT('Ctrl Pts',(12.0111620552405,3.,1.13703452128675));
#7778=CARTESIAN_POINT('Ctrl Pts',(14.2560976355029,3.,-2.18798569617221));
#7779=CARTESIAN_POINT('Ctrl Pts',(20.880532766273,3.,-4.95759820141871));
#7780=CARTESIAN_POINT('Ctrl Pts',(28.9828852245033,3.,-1.95989914258177));
#7781=CARTESIAN_POINT('Ctrl Pts',(31.4028904248677,3.,3.11191562807238));
#7782=CARTESIAN_POINT('Ctrl Pts',(31.5242881051328,3.,5.70434150471278));
#7783=CARTESIAN_POINT('Ctrl Pts',(11.5772655609937,2.93527411386982,2.36932566473161));
#7784=CARTESIAN_POINT('Ctrl Pts',(12.0821727328784,2.9350667807639,1.17907084078744));
#7785=CARTESIAN_POINT('Ctrl Pts',(14.3051035403174,2.93417947467891,-2.12080007616542));
#7786=CARTESIAN_POINT('Ctrl Pts',(20.8780139877623,2.93278845511081,-4.88394710929876));
#7787=CARTESIAN_POINT('Ctrl Pts',(28.9414157974818,2.93431812022943,-1.91785198259978));
#7788=CARTESIAN_POINT('Ctrl Pts',(31.3539298871465,2.93554610989355,3.12741327328796));
#7789=CARTESIAN_POINT('Ctrl Pts',(31.4749124285608,2.93560019949745,5.70665366054002));
#7790=CARTESIAN_POINT('Ctrl Pts',(11.6533184545772,2.87054822773963,2.40164571540555));
#7791=CARTESIAN_POINT('Ctrl Pts',(12.1531834105163,2.8701335615278,1.22110716028814));
#7792=CARTESIAN_POINT('Ctrl Pts',(14.3541094451319,2.86835894935782,-2.05361445615863));
#7793=CARTESIAN_POINT('Ctrl Pts',(20.8754952092515,2.86557691022162,-4.81029601717881));
#7794=CARTESIAN_POINT('Ctrl Pts',(28.8999463704603,2.86863624045886,-1.87580482261779));
#7795=CARTESIAN_POINT('Ctrl Pts',(31.3049693494254,2.87109221978709,3.14291091850353));
#7796=CARTESIAN_POINT('Ctrl Pts',(31.4255367519888,2.87120039899491,5.70896581636726));
#7797=CARTESIAN_POINT('Ctrl Pts',(11.7293713481607,2.80582234160945,2.4339657660795));
#7798=CARTESIAN_POINT('Ctrl Pts',(12.2241940881542,2.8052003422917,1.26314347978883));
#7799=CARTESIAN_POINT('Ctrl Pts',(14.4031153499464,2.80253842403672,-1.98642883615185));
#7800=CARTESIAN_POINT('Ctrl Pts',(20.8729764307408,2.79836536533243,-4.73664492505886));
#7801=CARTESIAN_POINT('Ctrl Pts',(28.8584769434389,2.80295436068829,-1.83375766263581));
#7802=CARTESIAN_POINT('Ctrl Pts',(31.2560088117043,2.80663832968064,3.1584085637191));
#7803=CARTESIAN_POINT('Ctrl Pts',(31.3761610754167,2.80680059849236,5.7112779721945));
#7804=CARTESIAN_POINT('',(31.5242881051328,3.,5.70434150471278));
#7805=CARTESIAN_POINT('',(11.5351937043987,3.,2.2580018568356));
#7806=CARTESIAN_POINT('Ctrl Pts',(31.524288105111,3.,5.7043415042478));
#7807=CARTESIAN_POINT('Ctrl Pts',(31.4028904248677,3.,3.11191562807238));
#7808=CARTESIAN_POINT('Ctrl Pts',(28.9828852245033,3.,-1.95989914258177));
#7809=CARTESIAN_POINT('Ctrl Pts',(20.880532766273,3.,-4.95759820141871));
#7810=CARTESIAN_POINT('Ctrl Pts',(14.28522356039,3.,-2.20016296475464));
#7811=CARTESIAN_POINT('Ctrl Pts',(12.0441562719046,3.,1.08839299357261));
#7812=CARTESIAN_POINT('Ctrl Pts',(11.535189496622,3.,2.25800002543743));
#7813=CARTESIAN_POINT('',(11.7293713513862,2.80582234541097,2.43396576744068));
#7814=CARTESIAN_POINT('Ctrl Pts',(11.5351911859202,3.,2.25799614342779));
#7815=CARTESIAN_POINT('Ctrl Pts',(11.5675957704922,2.96759615219641,2.28711744264987));
#7816=CARTESIAN_POINT('Ctrl Pts',(11.5999700293572,2.9352225163799,2.31632800516034));
#7817=CARTESIAN_POINT('Ctrl Pts',(11.6322928320129,2.90290015967197,2.34561649970566));
#7818=CARTESIAN_POINT('Ctrl Pts',(11.664700112919,2.87049332587913,2.37498154209255));
#7819=CARTESIAN_POINT('Ctrl Pts',(11.6970631581158,2.83813053165451,2.40443174003974));
#7820=CARTESIAN_POINT('Ctrl Pts',(11.7293713481608,2.80582234160945,2.43396576607903));
#7821=CARTESIAN_POINT('',(11.7351937043987,2.80581502523944,2.42021883319718));
#7822=CARTESIAN_POINT('Ctrl Pts',(11.7293713481607,2.80582234160945,2.4339657660795));
#7823=CARTESIAN_POINT('Ctrl Pts',(11.7313085396724,2.80581990653179,2.42938209032768));
#7824=CARTESIAN_POINT('Ctrl Pts',(11.7332492790521,2.80581746738788,2.424799757669));
#7825=CARTESIAN_POINT('Ctrl Pts',(11.7351935637638,2.8058150241947,2.42021877350874));
#7826=CARTESIAN_POINT('',(31.3242881050316,2.80673073139786,5.07040771452066));
#7827=CARTESIAN_POINT('Ctrl Pts',(11.7351935637638,2.8058150241947,2.42021877350874));
#7828=CARTESIAN_POINT('Ctrl Pts',(12.2298838567707,2.80519339509598,1.25466499282588));
#7829=CARTESIAN_POINT('Ctrl Pts',(14.4081811478392,2.80253515659841,-1.98858221142436));
#7830=CARTESIAN_POINT('Ctrl Pts',(20.8729764307408,2.79836536533243,-4.73664492505886));
#7831=CARTESIAN_POINT('Ctrl Pts',(28.6352110463008,2.80282605737613,-1.91491922889016));
#7832=CARTESIAN_POINT('Ctrl Pts',(31.0497651079903,2.80633042902969,2.74505854301069));
#7833=CARTESIAN_POINT('Ctrl Pts',(31.3233668162666,2.80672539816358,5.07051492440636));
#7834=CARTESIAN_POINT('',(31.3310278930837,2.80673978795147,5.13070863345317));
#7835=CARTESIAN_POINT('Ctrl Pts',(31.3237116224191,2.80717690257258,5.07047546072976));
#7836=CARTESIAN_POINT('Ctrl Pts',(31.3260748450674,2.8071803060529,5.09056175551054));
#7837=CARTESIAN_POINT('Ctrl Pts',(31.3283723545182,2.80718361422706,5.11065532110031));
#7838=CARTESIAN_POINT('Ctrl Pts',(31.3306039788193,2.80718682618762,5.13075580700109));
#7839=CARTESIAN_POINT('Ctrl Pts',(31.3302681164308,2.80673535814774,5.13087506806594));
#7840=CARTESIAN_POINT('Ctrl Pts',(31.3626608690382,2.83895932170613,5.19829452257097));
#7841=CARTESIAN_POINT('Ctrl Pts',(31.3926047740415,2.86875404628554,5.26802624796546));
#7842=CARTESIAN_POINT('Ctrl Pts',(31.4195686628688,2.89559698632904,5.34000002188939));
#7843=CARTESIAN_POINT('Ctrl Pts',(31.4222202359552,2.89823666556209,5.34707777402994));
#7844=CARTESIAN_POINT('Ctrl Pts',(31.4248429855337,2.90084780011526,5.35417716620536));
#7845=CARTESIAN_POINT('Ctrl Pts',(31.4274364028579,2.90342989311585,5.36129810427946));
#7846=CARTESIAN_POINT('Ctrl Pts',(31.4540614346299,2.92993866497284,5.434404426465));
#7847=CARTESIAN_POINT('Ctrl Pts',(31.4775128828688,2.95330454730797,5.50955652358331));
#7848=CARTESIAN_POINT('Ctrl Pts',(31.4972976355115,2.97304434774215,5.58664790788695));
#7849=CARTESIAN_POINT('Ctrl Pts',(31.5072419893297,2.98296610735999,5.62539613060672));
#7850=CARTESIAN_POINT('Ctrl Pts',(31.5162598961193,2.99197179098648,5.6646334935062));
#7851=CARTESIAN_POINT('Ctrl Pts',(31.5242881051328,3.,5.70434150471278));
#7852=CARTESIAN_POINT('Origin',(31.4242881051328,2.9,2.95021081887763));
#7853=CARTESIAN_POINT('',(31.3242881051328,2.8,5.05484218718547));
#7854=CARTESIAN_POINT('',(31.3242881051328,2.8,17.9));
#7855=CARTESIAN_POINT('',(31.3242881051328,2.8,2.95021081887763));
#7856=CARTESIAN_POINT('',(31.5242881051328,3.,17.9));
#7857=CARTESIAN_POINT('',(31.3242881051328,2.8,17.9));
#7858=CARTESIAN_POINT('',(31.5242881051328,3.,2.95021081887763));
#7859=CARTESIAN_POINT('Origin',(23.3248499366946,-5.19943816843826,6.15920000000013));
#7860=CARTESIAN_POINT('Origin',(31.9242881051328,2.9,17.9));
#7861=CARTESIAN_POINT('',(31.9242881051328,2.79999999999999,18.5));
#7862=CARTESIAN_POINT('Origin',(31.9242881051328,2.79999999999999,17.9));
#7863=CARTESIAN_POINT('',(31.9242881051328,3.,18.3));
#7864=CARTESIAN_POINT('',(31.9242881051328,2.79999999999999,18.5));
#7865=CARTESIAN_POINT('Origin',(31.9242881051328,3.,17.9));
#7866=CARTESIAN_POINT('Origin',(-30.5,2.9,18.4));
#7867=CARTESIAN_POINT('',(59.,2.8,18.5));
#7868=CARTESIAN_POINT('',(59.,3.,18.3));
#7869=CARTESIAN_POINT('',(59.,2.8,18.5));
#7870=CARTESIAN_POINT('',(-30.5,3.,18.3));
#7871=CARTESIAN_POINT('',(-30.5,2.8,18.5));
#7872=CARTESIAN_POINT('Origin',(59.,2.9,16.5));
#7873=CARTESIAN_POINT('',(61.,2.8,16.5));
#7874=CARTESIAN_POINT('',(60.8,3.,16.5));
#7875=CARTESIAN_POINT('',(61.,2.8,16.5));
#7876=CARTESIAN_POINT('Origin',(59.,3.,16.5));
#7877=CARTESIAN_POINT('Origin',(59.,2.8,16.5));
#7878=CARTESIAN_POINT('Origin',(60.9,2.9,-9.25));
#7879=CARTESIAN_POINT('',(61.,2.8,5.75000000000001));
#7880=CARTESIAN_POINT('',(60.8,3.,5.75000000000001));
#7881=CARTESIAN_POINT('',(61.,2.8,5.75000000000001));
#7882=CARTESIAN_POINT('',(60.8,3.,-9.25));
#7883=CARTESIAN_POINT('',(61.,2.8,-9.25));
#7884=CARTESIAN_POINT('Origin',(59.,2.9,5.75000000000001));
#7885=CARTESIAN_POINT('',(59.,2.8,3.75000000000001));
#7886=CARTESIAN_POINT('',(59.,3.,3.95000000000001));
#7887=CARTESIAN_POINT('',(59.,2.8,3.75000000000001));
#7888=CARTESIAN_POINT('Origin',(59.,3.,5.75000000000001));
#7889=CARTESIAN_POINT('Origin',(59.,2.8,5.75000000000001));
#7890=CARTESIAN_POINT('Origin',(29.,2.9,3.85000000000001));
#7891=CARTESIAN_POINT('',(58.,2.8,3.75000000000001));
#7892=CARTESIAN_POINT('',(29.,2.8,3.75000000000001));
#7893=CARTESIAN_POINT('',(58.,3.,3.95000000000001));
#7894=CARTESIAN_POINT('',(58.,2.8,3.75000000000001));
#7895=CARTESIAN_POINT('',(29.,3.,3.95000000000001));
#7896=CARTESIAN_POINT('Origin',(58.,2.9,2.00000000000001));
#7897=CARTESIAN_POINT('',(58.,2.8,0.250000000000005));
#7898=CARTESIAN_POINT('Origin',(58.,2.8,2.00000000000001));
#7899=CARTESIAN_POINT('',(58.,3.,0.0500000000000095));
#7900=CARTESIAN_POINT('',(58.,2.8,0.250000000000005));
#7901=CARTESIAN_POINT('Origin',(58.,3.,2.00000000000001));
#7902=CARTESIAN_POINT('Origin',(-30.5,2.9,0.150000000000006));
#7903=CARTESIAN_POINT('',(59.,2.8,0.250000000000007));
#7904=CARTESIAN_POINT('',(-30.5,2.8,0.250000000000007));
#7905=CARTESIAN_POINT('',(59.,3.,0.0500000000000055));
#7906=CARTESIAN_POINT('',(59.,2.8,0.250000000000007));
#7907=CARTESIAN_POINT('',(-30.5,3.,0.0500000000000055));
#7908=CARTESIAN_POINT('Origin',(59.,2.9,-1.74999999999999));
#7909=CARTESIAN_POINT('',(61.,2.8,-1.74999999999999));
#7910=CARTESIAN_POINT('Origin',(59.,2.8,-1.74999999999999));
#7911=CARTESIAN_POINT('',(60.8,3.,-1.74999999999999));
#7912=CARTESIAN_POINT('',(61.,2.8,-1.74999999999999));
#7913=CARTESIAN_POINT('Origin',(59.,3.,-1.74999999999999));
#7914=CARTESIAN_POINT('Origin',(60.9,2.89999999999996,-9.74999999999999));
#7915=CARTESIAN_POINT('',(61.,2.79999999999993,-17.5));
#7916=CARTESIAN_POINT('',(60.8,3.,-17.5));
#7917=CARTESIAN_POINT('',(61.,2.79999999999993,-17.5));
#7918=CARTESIAN_POINT('',(60.8,3.,-9.74999999999999));
#7919=CARTESIAN_POINT('',(61.,2.79999999999993,-9.74999999999999));
#7920=CARTESIAN_POINT('Origin',(59.,2.89999999999996,-17.5));
#7921=CARTESIAN_POINT('',(59.,2.79999999999993,-19.5));
#7922=CARTESIAN_POINT('',(59.,3.,-19.3));
#7923=CARTESIAN_POINT('',(59.,2.79999999999993,-19.5));
#7924=CARTESIAN_POINT('Origin',(59.,3.,-17.5));
#7925=CARTESIAN_POINT('Origin',(59.,2.79999999999993,-17.5));
#7926=CARTESIAN_POINT('Origin',(-30.5,2.89999999999996,-19.4));
#7927=CARTESIAN_POINT('',(-59.,2.79999999999993,-19.5));
#7928=CARTESIAN_POINT('',(-59.,3.,-19.3));
#7929=CARTESIAN_POINT('',(-59.,2.79999999999993,-19.5));
#7930=CARTESIAN_POINT('',(-30.5,3.,-19.3));
#7931=CARTESIAN_POINT('',(-30.5,2.79999999999993,-19.5));
#7932=CARTESIAN_POINT('Origin',(-59.,2.89999999999996,-17.5));
#7933=CARTESIAN_POINT('',(-61.,2.79999999999993,-17.5));
#7934=CARTESIAN_POINT('',(-60.8,3.,-17.5));
#7935=CARTESIAN_POINT('',(-61.,2.79999999999993,-17.5));
#7936=CARTESIAN_POINT('Origin',(-59.,3.,-17.5));
#7937=CARTESIAN_POINT('Origin',(-59.,2.79999999999993,-17.5));
#7938=CARTESIAN_POINT('Origin',(-60.9,2.89999999999996,-9.74999999999999));
#7939=CARTESIAN_POINT('',(-61.,2.79999999999993,-1.74999999999999));
#7940=CARTESIAN_POINT('',(-60.8,3.,-1.74999999999999));
#7941=CARTESIAN_POINT('',(-61.,2.79999999999993,-1.74999999999999));
#7942=CARTESIAN_POINT('',(-60.8,3.,-9.74999999999999));
#7943=CARTESIAN_POINT('',(-61.,2.79999999999993,-9.74999999999999));
#7944=CARTESIAN_POINT('Origin',(-59.,2.9,-1.74999999999999));
#7945=CARTESIAN_POINT('',(-59.,2.8,0.250000000000007));
#7946=CARTESIAN_POINT('Origin',(-59.,2.8,-1.74999999999999));
#7947=CARTESIAN_POINT('',(-59.,3.,0.0500000000000116));
#7948=CARTESIAN_POINT('',(-59.,2.8,0.250000000000007));
#7949=CARTESIAN_POINT('Origin',(-59.,3.,-1.74999999999999));
#7950=CARTESIAN_POINT('Origin',(-30.5,2.9,0.150000000000007));
#7951=CARTESIAN_POINT('',(-58.,2.8,0.250000000000007));
#7952=CARTESIAN_POINT('',(-30.5,2.8,0.250000000000007));
#7953=CARTESIAN_POINT('',(-58.,3.,0.0500000000000071));
#7954=CARTESIAN_POINT('',(-58.,2.8,0.250000000000007));
#7955=CARTESIAN_POINT('',(-30.5,3.,0.0500000000000071));
#7956=CARTESIAN_POINT('Origin',(-58.,2.9,2.00000000000001));
#7957=CARTESIAN_POINT('',(-58.,2.8,3.75000000000001));
#7958=CARTESIAN_POINT('Origin',(-58.,2.8,2.00000000000001));
#7959=CARTESIAN_POINT('',(-58.,3.,3.95000000000001));
#7960=CARTESIAN_POINT('',(-58.,2.8,3.75000000000001));
#7961=CARTESIAN_POINT('Origin',(-58.,3.,2.00000000000001));
#7962=CARTESIAN_POINT('Origin',(-29.,2.9,3.85000000000004));
#7963=CARTESIAN_POINT('',(-59.,2.8,3.75000000000001));
#7964=CARTESIAN_POINT('',(-29.,2.8,3.75000000000004));
#7965=CARTESIAN_POINT('',(-59.,3.,3.95000000000001));
#7966=CARTESIAN_POINT('',(-59.,2.8,3.75000000000001));
#7967=CARTESIAN_POINT('',(-29.,3.,3.95000000000004));
#7968=CARTESIAN_POINT('Origin',(-59.,2.9,5.75000000000001));
#7969=CARTESIAN_POINT('',(-61.,2.8,5.75000000000001));
#7970=CARTESIAN_POINT('',(-60.8,3.,5.75000000000001));
#7971=CARTESIAN_POINT('',(-61.,2.8,5.75000000000001));
#7972=CARTESIAN_POINT('Origin',(-59.,3.,5.75000000000001));
#7973=CARTESIAN_POINT('Origin',(-59.,2.8,5.75000000000001));
#7974=CARTESIAN_POINT('Origin',(-60.9,2.9,-9.25));
#7975=CARTESIAN_POINT('',(-61.,2.8,16.5));
#7976=CARTESIAN_POINT('',(-60.8,3.,16.5));
#7977=CARTESIAN_POINT('',(-61.,2.8,16.5));
#7978=CARTESIAN_POINT('',(-60.8,3.,-9.25));
#7979=CARTESIAN_POINT('',(-61.,2.8,-9.25));
#7980=CARTESIAN_POINT('Origin',(-59.,2.9,16.5));
#7981=CARTESIAN_POINT('',(-59.,2.8,18.5));
#7982=CARTESIAN_POINT('',(-59.,3.,18.3));
#7983=CARTESIAN_POINT('',(-59.,2.8,18.5));
#7984=CARTESIAN_POINT('Origin',(-59.,3.,16.5));
#7985=CARTESIAN_POINT('Origin',(-59.,2.8,16.5));
#7986=CARTESIAN_POINT('Origin',(-30.5,2.9,18.4));
#7987=CARTESIAN_POINT('',(-2.20183648764504,2.8,18.5));
#7988=CARTESIAN_POINT('',(-2.20183648764504,3.,18.3));
#7989=CARTESIAN_POINT('',(-2.20183648764504,2.8,18.5));
#7990=CARTESIAN_POINT('',(-30.5,3.,18.3));
#7991=CARTESIAN_POINT('',(-30.5,2.8,18.5));
#7992=CARTESIAN_POINT('Origin',(-2.20183648764504,2.9,18.1));
#7993=CARTESIAN_POINT('',(-1.80183648764504,2.8,18.1));
#7994=CARTESIAN_POINT('Origin',(-2.20183648764504,2.8,18.1));
#7995=CARTESIAN_POINT('',(-2.00183648764504,3.,18.1));
#7996=CARTESIAN_POINT('',(-1.80183648764504,2.8,18.1));
#7997=CARTESIAN_POINT('Origin',(-2.20183648764504,3.,18.1));
#7998=CARTESIAN_POINT('Origin',(-1.90183648764504,2.9,9.24999999999999));
#7999=CARTESIAN_POINT('',(-1.80183648764504,2.8,17.9));
#8000=CARTESIAN_POINT('',(-2.00183648764504,3.,17.9));
#8001=CARTESIAN_POINT('',(-1.80183648764504,2.8,17.9));
#8002=CARTESIAN_POINT('',(-2.00183648764504,3.,9.24999999999999));
#8003=CARTESIAN_POINT('',(-1.80183648764504,2.8,9.24999999999999));
#8004=CARTESIAN_POINT('Origin',(-1.40183648764504,2.89999999999937,17.9));
#8005=CARTESIAN_POINT('',(-1.40183648764504,2.79999999999874,17.5));
#8006=CARTESIAN_POINT('Origin',(-1.40183648764504,2.79999999999874,17.9));
#8007=CARTESIAN_POINT('',(-1.40183648764504,3.,17.3));
#8008=CARTESIAN_POINT('',(-1.40183648764504,2.79999999999874,17.5));
#8009=CARTESIAN_POINT('Origin',(-1.40183648764504,3.,17.9));
#8010=CARTESIAN_POINT('Origin',(-0.900918243822456,2.9,17.4));
#8011=CARTESIAN_POINT('',(1.39816351235496,2.8,17.5));
#8012=CARTESIAN_POINT('',(1.39816351235496,3.,17.3));
#8013=CARTESIAN_POINT('',(1.39816351235496,2.8,17.5));
#8014=CARTESIAN_POINT('',(-0.900918243822456,3.,17.3));
#8015=CARTESIAN_POINT('',(-0.900918243822455,2.8,17.5));
#8016=CARTESIAN_POINT('Origin',(1.39816351235496,2.89999999999937,17.9));
#8017=CARTESIAN_POINT('',(1.79816351235496,2.79999999999874,17.9));
#8018=CARTESIAN_POINT('Origin',(1.39816351235496,2.79999999999874,17.9));
#8019=CARTESIAN_POINT('',(1.99816351235495,3.,17.9));
#8020=CARTESIAN_POINT('',(1.79816351235496,2.79999999999874,17.9));
#8021=CARTESIAN_POINT('Origin',(1.39816351235496,3.,17.9));
#8022=CARTESIAN_POINT('Origin',(1.89816351235496,2.9,8.74999999999999));
#8023=CARTESIAN_POINT('',(1.79816351235496,2.8,18.1));
#8024=CARTESIAN_POINT('',(1.99816351235496,3.,18.1));
#8025=CARTESIAN_POINT('',(1.79816351235496,2.8,18.1));
#8026=CARTESIAN_POINT('',(1.99816351235496,3.,8.74999999999999));
#8027=CARTESIAN_POINT('',(1.79816351235496,2.8,8.74999999999999));
#8028=CARTESIAN_POINT('Origin',(2.19816351235496,2.9,18.1));
#8029=CARTESIAN_POINT('',(2.19816351235496,2.8,18.5));
#8030=CARTESIAN_POINT('Origin',(2.19816351235496,2.8,18.1));
#8031=CARTESIAN_POINT('',(2.19816351235496,3.,18.3));
#8032=CARTESIAN_POINT('',(2.19816351235496,2.8,18.5));
#8033=CARTESIAN_POINT('Origin',(2.19816351235496,3.,18.1));
#8034=CARTESIAN_POINT('Origin',(-30.5,2.9,18.4));
#8035=CARTESIAN_POINT('',(11.1351937043987,2.8,18.5));
#8036=CARTESIAN_POINT('',(11.1351937043987,3.,18.3));
#8037=CARTESIAN_POINT('',(11.1351937043987,2.8,18.5));
#8038=CARTESIAN_POINT('',(-30.5,3.,18.3));
#8039=CARTESIAN_POINT('',(-30.5,2.8,18.5));
#8040=CARTESIAN_POINT('Origin',(11.1351937043987,2.9,17.9));
#8041=CARTESIAN_POINT('',(11.7351937043987,2.8,17.9));
#8042=CARTESIAN_POINT('Origin',(11.1351937043987,2.8,17.9));
#8043=CARTESIAN_POINT('',(11.5351937043987,3.,17.9));
#8044=CARTESIAN_POINT('',(11.7351937043987,2.8,17.9));
#8045=CARTESIAN_POINT('Origin',(11.1351937043987,3.,17.9));
#8046=CARTESIAN_POINT('Origin',(11.6351937043987,2.9,2.95021081887762));
#8047=CARTESIAN_POINT('',(11.5351937043987,3.,2.95021081887762));
#8048=CARTESIAN_POINT('',(11.7351937043987,2.8,2.42389312548397));
#8049=CARTESIAN_POINT('',(11.7351937043987,2.8,2.95021081887762));
#8050=CARTESIAN_POINT('Origin',(24.6389609381465,-10.1037672337478,6.15920000000006));
#8051=CARTESIAN_POINT('Origin',(-61.,0.,0.250000000000007));
#8052=CARTESIAN_POINT('',(-59.,0.2,0.250000000000007));
#8053=CARTESIAN_POINT('',(-59.,1.49999999999996,0.250000000000007));
#8054=CARTESIAN_POINT('',(-58.,0.2,0.250000000000007));
#8055=CARTESIAN_POINT('',(-30.5,0.2,0.250000000000007));
#8056=CARTESIAN_POINT('',(-58.,0.,0.250000000000007));
#8057=CARTESIAN_POINT('Origin',(-59.,1.49999999999996,-1.74999999999999));
#8058=CARTESIAN_POINT('',(-61.,0.2,-1.74999999999999));
#8059=CARTESIAN_POINT('',(-61.,1.49999999999996,-1.74999999999999));
#8060=CARTESIAN_POINT('Origin',(-59.,0.2,-1.74999999999999));
#8061=CARTESIAN_POINT('Origin',(-61.,2.99999999999993,-19.5));
#8062=CARTESIAN_POINT('',(-61.,0.199999999999929,-17.5));
#8063=CARTESIAN_POINT('',(-61.,2.99999999999993,-17.5));
#8064=CARTESIAN_POINT('',(-61.,0.199999999999929,-9.74999999999999));
#8065=CARTESIAN_POINT('Origin',(-59.,2.99999999999993,-17.5));
#8066=CARTESIAN_POINT('',(-59.,0.199999999999929,-19.5));
#8067=CARTESIAN_POINT('',(-59.,2.99999999999993,-19.5));
#8068=CARTESIAN_POINT('Origin',(-59.,0.199999999999929,-17.5));
#8069=CARTESIAN_POINT('Origin',(-61.,2.99999999999993,-19.5));
#8070=CARTESIAN_POINT('',(59.,0.199999999999929,-19.5));
#8071=CARTESIAN_POINT('',(59.,2.99999999999993,-19.5));
#8072=CARTESIAN_POINT('',(-30.5,0.199999999999929,-19.5));
#8073=CARTESIAN_POINT('Origin',(59.,2.99999999999993,-17.5));
#8074=CARTESIAN_POINT('',(61.,0.199999999999929,-17.5));
#8075=CARTESIAN_POINT('',(61.,2.99999999999993,-17.5));
#8076=CARTESIAN_POINT('Origin',(59.,0.199999999999929,-17.5));
#8077=CARTESIAN_POINT('Origin',(61.,2.99999999999993,-19.5));
#8078=CARTESIAN_POINT('',(61.,0.199999999999929,-1.74999999999999));
#8079=CARTESIAN_POINT('',(61.,1.49999999999996,-1.74999999999999));
#8080=CARTESIAN_POINT('',(61.,0.199999999999929,-9.74999999999999));
#8081=CARTESIAN_POINT('Origin',(59.,1.49999999999996,-1.74999999999999));
#8082=CARTESIAN_POINT('',(59.,0.2,0.250000000000007));
#8083=CARTESIAN_POINT('',(59.,1.49999999999996,0.250000000000007));
#8084=CARTESIAN_POINT('Origin',(59.,0.2,-1.74999999999999));
#8085=CARTESIAN_POINT('Origin',(-61.,0.,0.250000000000007));
#8086=CARTESIAN_POINT('',(58.,0.2,0.250000000000005));
#8087=CARTESIAN_POINT('',(58.,0.,0.250000000000005));
#8088=CARTESIAN_POINT('',(-30.5,0.2,0.250000000000007));
#8089=CARTESIAN_POINT('Origin',(58.,10.,2.00000000000001));
#8090=CARTESIAN_POINT('',(58.,0.2,3.75000000000001));
#8091=CARTESIAN_POINT('',(58.,0.,3.75000000000001));
#8092=CARTESIAN_POINT('Origin',(58.,0.2,2.00000000000001));
#8093=CARTESIAN_POINT('Origin',(58.,0.,3.75000000000001));
#8094=CARTESIAN_POINT('',(59.,0.2,3.75000000000001));
#8095=CARTESIAN_POINT('',(59.,0.,3.75000000000001));
#8096=CARTESIAN_POINT('',(29.,0.2,3.75000000000001));
#8097=CARTESIAN_POINT('Origin',(59.,3.,5.75000000000001));
#8098=CARTESIAN_POINT('',(61.,0.2,5.75000000000001));
#8099=CARTESIAN_POINT('',(61.,3.,5.75000000000001));
#8100=CARTESIAN_POINT('Origin',(59.,0.2,5.75000000000001));
#8101=CARTESIAN_POINT('Origin',(61.,3.,-18.5));
#8102=CARTESIAN_POINT('',(61.,0.2,16.5));
#8103=CARTESIAN_POINT('',(61.,3.,16.5));
#8104=CARTESIAN_POINT('',(61.,0.2,-9.25));
#8105=CARTESIAN_POINT('Origin',(59.,3.,16.5));
#8106=CARTESIAN_POINT('',(59.,0.2,18.5));
#8107=CARTESIAN_POINT('',(59.,3.,18.5));
#8108=CARTESIAN_POINT('Origin',(59.,0.2,16.5));
#8109=CARTESIAN_POINT('Origin',(-61.,3.,18.5));
#8110=CARTESIAN_POINT('',(31.9242881051328,0.2,18.5));
#8111=CARTESIAN_POINT('',(31.9242881051328,2.99999999999849,18.5));
#8112=CARTESIAN_POINT('',(-30.5,0.2,18.5));
#8113=CARTESIAN_POINT('Origin',(31.9242881051328,2.99999999999849,17.9));
#8114=CARTESIAN_POINT('',(31.3242881051328,0.199999999999992,17.9));
#8115=CARTESIAN_POINT('',(31.3242881051328,2.99999999999849,17.9));
#8116=CARTESIAN_POINT('Origin',(31.9242881051328,0.199999999999992,17.9));
#8117=CARTESIAN_POINT('Origin',(31.3242881051328,2.99999999999699,5.90042163775527));
#8118=CARTESIAN_POINT('',(31.3242881051328,1.90647442804858,3.77223830476181));
#8119=CARTESIAN_POINT('Origin',(31.3242881051328,-35.0537480952791,6.1591999999997));
#8120=CARTESIAN_POINT('',(31.3242881051328,1.90647442804857,4.81985792750877));
#8121=CARTESIAN_POINT('',(31.3242881051328,1.90647442804855,6.02981081887774));
#8122=CARTESIAN_POINT('',(31.3242881051328,0.200000000000005,2.98923696340728));
#8123=CARTESIAN_POINT('Origin',(31.3242881051328,-35.0532976831035,6.15919999999998));
#8124=CARTESIAN_POINT('',(31.3242881051328,0.2,2.95021081887763));
#8125=CARTESIAN_POINT('Origin',(0.,3.,0.));
#8126=CARTESIAN_POINT('Ctrl Pts',(31.5645347257386,0.,2.91726827131229));
#8127=CARTESIAN_POINT('Ctrl Pts',(30.9185448363925,0.,1.12390474462612));
#8128=CARTESIAN_POINT('Ctrl Pts',(28.8250752102149,0.,-1.68265617226989));
#8129=CARTESIAN_POINT('Ctrl Pts',(25.6438133864303,0.,-3.13347765053473));
#8130=CARTESIAN_POINT('Ctrl Pts',(24.2092286166896,0.,-3.45110345150136));
#8131=CARTESIAN_POINT('Ctrl Pts',(31.4864762783742,0.0646429071601815,2.94538580968368));
#8132=CARTESIAN_POINT('Ctrl Pts',(30.8470684797466,0.0649167301084164,1.16709110558753));
#8133=CARTESIAN_POINT('Ctrl Pts',(28.7743934444961,0.0657647777669116,-1.61857029646801));
#8134=CARTESIAN_POINT('Ctrl Pts',(25.6183943812646,0.0664104557397673,-3.06434684392648));
#8135=CARTESIAN_POINT('Ctrl Pts',(24.1939743489646,0.0665525488963307,-3.38220621429574));
#8136=CARTESIAN_POINT('Ctrl Pts',(31.4084178310098,0.129285814320363,2.97350334805508));
#8137=CARTESIAN_POINT('Ctrl Pts',(30.7755921231008,0.129833460216833,1.21027746654894));
#8138=CARTESIAN_POINT('Ctrl Pts',(28.7237116787773,0.131529555533823,-1.55448442066612));
#8139=CARTESIAN_POINT('Ctrl Pts',(25.5929753760989,0.132820911479535,-2.99521603731822));
#8140=CARTESIAN_POINT('Ctrl Pts',(24.1787200812396,0.133105097792661,-3.31330897709012));
#8141=CARTESIAN_POINT('Ctrl Pts',(31.3303593836454,0.193928721480544,3.00162088642648));
#8142=CARTESIAN_POINT('Ctrl Pts',(30.7041157664549,0.194750190325249,1.25346382751035));
#8143=CARTESIAN_POINT('Ctrl Pts',(28.6730299130584,0.197294333300735,-1.49039854486423));
#8144=CARTESIAN_POINT('Ctrl Pts',(25.5675563709331,0.199231367219302,-2.92608523070997));
#8145=CARTESIAN_POINT('Ctrl Pts',(24.1634658135146,0.199657646688992,-3.2444117398845));
#8146=CARTESIAN_POINT('',(31.3242881051328,0.193936682670807,2.98472358344427));
#8147=CARTESIAN_POINT('',(24.9533086263696,0.199375636027707,-3.03200432903614));
#8148=CARTESIAN_POINT('Ctrl Pts',(31.3242876478826,0.193936683860992,2.98472374869529));
#8149=CARTESIAN_POINT('Ctrl Pts',(30.6966308369929,0.194759559341816,1.24336154403111));
#8150=CARTESIAN_POINT('Ctrl Pts',(28.8324810627555,0.197091299979809,-1.2703211620929));
#8151=CARTESIAN_POINT('Ctrl Pts',(26.0650556584209,0.198912622617224,-2.68417442124587));
#8152=CARTESIAN_POINT('Ctrl Pts',(24.9532307134037,0.199373675435294,-3.03175275699451));
#8153=CARTESIAN_POINT('',(24.2092286189684,0.,-3.45110345049226));
#8154=CARTESIAN_POINT('Ctrl Pts',(24.953297898853,0.199373647574445,-3.03173175324923));
#8155=CARTESIAN_POINT('Ctrl Pts',(24.8310273305311,0.166612027654079,-3.1071711349623));
#8156=CARTESIAN_POINT('Ctrl Pts',(24.7073426350809,0.133470584623449,-3.18012358293877));
#8157=CARTESIAN_POINT('Ctrl Pts',(24.5823217169189,0.0999709328898169,-3.2505395357422));
#8158=CARTESIAN_POINT('Ctrl Pts',(24.4592092829078,0.0669826640138362,-3.31988056658957));
#8159=CARTESIAN_POINT('Ctrl Pts',(24.334819685168,0.0336520250933212,-3.38675145489003));
#8160=CARTESIAN_POINT('Ctrl Pts',(24.2092286166896,0.,-3.45110345150136));
#8161=CARTESIAN_POINT('',(31.5242881051328,0.,2.80762520795033));
#8162=CARTESIAN_POINT('Ctrl Pts',(24.2092286190749,0.,-3.45110345097323));
#8163=CARTESIAN_POINT('Ctrl Pts',(25.6438133879416,0.,-3.13347764984549));
#8164=CARTESIAN_POINT('Ctrl Pts',(28.7879496852208,0.,-1.69958734947376));
#8165=CARTESIAN_POINT('Ctrl Pts',(30.869534845259,0.,1.05858389857232));
#8166=CARTESIAN_POINT('Ctrl Pts',(31.5242694532689,0.,2.80763219004502));
#8167=CARTESIAN_POINT('',(31.330359383611,0.193928721494335,3.00162088629223));
#8168=CARTESIAN_POINT('Ctrl Pts',(31.5242707786603,5.39936640615615E-15,
2.80763573067799));
#8169=CARTESIAN_POINT('Ctrl Pts',(31.4918810081641,0.0323952720777004,2.83958205916806));
#8170=CARTESIAN_POINT('Ctrl Pts',(31.4595452753362,0.0647353236024262,2.87169009825691));
#8171=CARTESIAN_POINT('Ctrl Pts',(31.4273019315101,0.0969816192867516,2.90393867642785));
#8172=CARTESIAN_POINT('Ctrl Pts',(31.3949141502063,0.129372365671933,2.93633171552428));
#8173=CARTESIAN_POINT('Ctrl Pts',(31.3625861580005,0.161701947079346,2.96889998942226));
#8174=CARTESIAN_POINT('Ctrl Pts',(31.3303593836004,0.193928721479524,3.00162088629667));
#8175=CARTESIAN_POINT('Ctrl Pts',(31.3303593835989,0.193928721480605,3.00162088629658));
#8176=CARTESIAN_POINT('Ctrl Pts',(31.3283410204814,0.193931369048377,2.99598663209529));
#8177=CARTESIAN_POINT('Ctrl Pts',(31.3263171065122,0.193934023184462,2.99035425009641));
#8178=CARTESIAN_POINT('Ctrl Pts',(31.3242876478825,0.193936683860992,2.98472374869529));
#8179=CARTESIAN_POINT('Origin',(-30.5,0.1,18.4));
#8180=CARTESIAN_POINT('',(11.5824072998987,-1.38777878078145E-15,18.3));
#8181=CARTESIAN_POINT('',(11.1351937043987,0.2,18.5));
#8182=CARTESIAN_POINT('Origin',(11.1351937043987,-0.4,17.9));
#8183=CARTESIAN_POINT('',(2.19816351235496,0.2,18.5));
#8184=CARTESIAN_POINT('',(-30.5,0.2,18.5));
#8185=CARTESIAN_POINT('',(2.19816351235496,0.,18.3));
#8186=CARTESIAN_POINT('',(2.19816351235496,0.2,18.5));
#8187=CARTESIAN_POINT('',(-30.5,0.,18.3));
#8188=CARTESIAN_POINT('Origin',(2.19816351235496,0.1,18.1));
#8189=CARTESIAN_POINT('',(1.79816351235496,0.2,18.1));
#8190=CARTESIAN_POINT('Origin',(2.19816351235496,0.2,18.1));
#8191=CARTESIAN_POINT('',(1.99816351235496,0.,18.1));
#8192=CARTESIAN_POINT('',(1.79816351235496,0.2,18.1));
#8193=CARTESIAN_POINT('Origin',(2.19816351235496,0.,18.1));
#8194=CARTESIAN_POINT('Origin',(1.89816351235496,0.1,8.74999999999999));
#8195=CARTESIAN_POINT('',(1.79816351235496,0.2,17.8999999999999));
#8196=CARTESIAN_POINT('',(1.99816351235496,0.,17.8999999999999));
#8197=CARTESIAN_POINT('',(1.79816351235496,0.2,17.8999999999999));
#8198=CARTESIAN_POINT('',(1.99816351235496,0.,8.74999999999999));
#8199=CARTESIAN_POINT('',(1.79816351235496,0.2,8.74999999999999));
#8200=CARTESIAN_POINT('Origin',(1.39816351235496,0.0999999999993714,17.8999999999999));
#8201=CARTESIAN_POINT('',(1.39816351235496,0.199999999998743,17.4999999999999));
#8202=CARTESIAN_POINT('Origin',(1.39816351235496,0.199999999998743,17.8999999999999));
#8203=CARTESIAN_POINT('',(1.39816351235495,0.,17.2999999999999));
#8204=CARTESIAN_POINT('',(1.39816351235496,0.199999999998743,17.4999999999999));
#8205=CARTESIAN_POINT('Origin',(1.39816351235496,0.,17.8999999999999));
#8206=CARTESIAN_POINT('Origin',(-0.900918243822456,0.1,17.3999999999999));
#8207=CARTESIAN_POINT('',(-1.40183648764504,0.2,17.4999999999999));
#8208=CARTESIAN_POINT('',(-1.40183648764505,0.,17.2999999999999));
#8209=CARTESIAN_POINT('',(-1.40183648764504,0.2,17.4999999999999));
#8210=CARTESIAN_POINT('',(-0.900918243822456,0.,17.2999999999999));
#8211=CARTESIAN_POINT('',(-0.900918243822455,0.2,17.4999999999999));
#8212=CARTESIAN_POINT('Origin',(-1.40183648764504,0.0999999999993714,17.8999999999999));
#8213=CARTESIAN_POINT('',(-1.80183648764504,0.199999999998743,17.8999999999999));
#8214=CARTESIAN_POINT('Origin',(-1.40183648764504,0.199999999998743,17.8999999999999));
#8215=CARTESIAN_POINT('',(-2.00183648764505,0.,17.8999999999999));
#8216=CARTESIAN_POINT('',(-1.80183648764504,0.199999999998743,17.8999999999999));
#8217=CARTESIAN_POINT('Origin',(-1.40183648764504,0.,17.8999999999999));
#8218=CARTESIAN_POINT('Origin',(-1.90183648764504,0.1,9.24999999999999));
#8219=CARTESIAN_POINT('',(-1.80183648764504,0.2,18.1));
#8220=CARTESIAN_POINT('',(-2.00183648764504,0.,18.1));
#8221=CARTESIAN_POINT('',(-1.80183648764504,0.2,18.1));
#8222=CARTESIAN_POINT('',(-2.00183648764504,0.,9.24999999999999));
#8223=CARTESIAN_POINT('',(-1.80183648764504,0.2,9.24999999999999));
#8224=CARTESIAN_POINT('Origin',(-2.20183648764504,0.1,18.1));
#8225=CARTESIAN_POINT('',(-2.20183648764504,0.2,18.5));
#8226=CARTESIAN_POINT('Origin',(-2.20183648764504,0.2,18.1));
#8227=CARTESIAN_POINT('',(-2.20183648764504,0.,18.3));
#8228=CARTESIAN_POINT('',(-2.20183648764504,0.2,18.5));
#8229=CARTESIAN_POINT('Origin',(-2.20183648764504,0.,18.1));
#8230=CARTESIAN_POINT('Origin',(-30.5,0.1,18.4));
#8231=CARTESIAN_POINT('',(-59.,0.2,18.5));
#8232=CARTESIAN_POINT('',(-30.5,0.2,18.5));
#8233=CARTESIAN_POINT('',(-59.,0.,18.3));
#8234=CARTESIAN_POINT('',(-59.,0.2,18.5));
#8235=CARTESIAN_POINT('',(-30.5,0.,18.3));
#8236=CARTESIAN_POINT('Origin',(-59.,0.1,16.5));
#8237=CARTESIAN_POINT('',(-61.,0.2,16.5));
#8238=CARTESIAN_POINT('',(-60.8,0.,16.5));
#8239=CARTESIAN_POINT('',(-61.,0.2,16.5));
#8240=CARTESIAN_POINT('Origin',(-59.,0.,16.5));
#8241=CARTESIAN_POINT('Origin',(-59.,0.2,16.5));
#8242=CARTESIAN_POINT('Origin',(-60.9,0.1,-9.25));
#8243=CARTESIAN_POINT('',(-61.,0.2,5.75000000000001));
#8244=CARTESIAN_POINT('',(-61.,0.2,-9.25));
#8245=CARTESIAN_POINT('',(-60.8,0.,5.75000000000001));
#8246=CARTESIAN_POINT('',(-61.,0.2,5.75000000000001));
#8247=CARTESIAN_POINT('',(-60.8,0.,-9.25));
#8248=CARTESIAN_POINT('Origin',(-59.,0.1,5.75000000000001));
#8249=CARTESIAN_POINT('',(-59.,0.2,3.75000000000001));
#8250=CARTESIAN_POINT('',(-59.,0.,3.95000000000001));
#8251=CARTESIAN_POINT('',(-59.,0.2,3.75000000000001));
#8252=CARTESIAN_POINT('Origin',(-59.,0.,5.75000000000001));
#8253=CARTESIAN_POINT('Origin',(-59.,0.2,5.75000000000001));
#8254=CARTESIAN_POINT('Origin',(-29.,0.1,3.85000000000004));
#8255=CARTESIAN_POINT('',(-58.,0.2,3.75000000000001));
#8256=CARTESIAN_POINT('',(-58.,0.,3.95000000000001));
#8257=CARTESIAN_POINT('',(-58.,0.2,3.75000000000001));
#8258=CARTESIAN_POINT('',(-29.,0.,3.95000000000004));
#8259=CARTESIAN_POINT('',(-29.,0.2,3.75000000000004));
#8260=CARTESIAN_POINT('Origin',(-58.,0.1,2.00000000000001));
#8261=CARTESIAN_POINT('Origin',(-58.,0.2,2.00000000000001));
#8262=CARTESIAN_POINT('',(-58.,0.,0.0500000000000111));
#8263=CARTESIAN_POINT('',(-58.,0.2,0.250000000000007));
#8264=CARTESIAN_POINT('Origin',(-58.,0.,2.00000000000001));
#8265=CARTESIAN_POINT('Origin',(-30.5,0.1,0.150000000000007));
#8266=CARTESIAN_POINT('',(-59.,0.,0.0500000000000071));
#8267=CARTESIAN_POINT('',(-59.,0.2,0.250000000000007));
#8268=CARTESIAN_POINT('',(-30.5,0.,0.0500000000000071));
#8269=CARTESIAN_POINT('Origin',(-59.,0.1,-1.74999999999999));
#8270=CARTESIAN_POINT('',(-60.8,0.,-1.74999999999999));
#8271=CARTESIAN_POINT('',(-61.,0.2,-1.74999999999999));
#8272=CARTESIAN_POINT('Origin',(-59.,0.,-1.74999999999999));
#8273=CARTESIAN_POINT('Origin',(-60.9,0.0999999999999646,-9.74999999999999));
#8274=CARTESIAN_POINT('',(-60.8,0.,-17.5));
#8275=CARTESIAN_POINT('',(-61.,0.199999999999929,-17.5));
#8276=CARTESIAN_POINT('',(-60.8,0.,-9.74999999999999));
#8277=CARTESIAN_POINT('Origin',(-59.,0.0999999999999646,-17.5));
#8278=CARTESIAN_POINT('',(-59.,0.,-19.3));
#8279=CARTESIAN_POINT('',(-59.,0.199999999999929,-19.5));
#8280=CARTESIAN_POINT('Origin',(-59.,0.,-17.5));
#8281=CARTESIAN_POINT('Origin',(-30.5,0.0999999999999646,-19.4));
#8282=CARTESIAN_POINT('',(59.,0.,-19.3));
#8283=CARTESIAN_POINT('',(59.,0.199999999999929,-19.5));
#8284=CARTESIAN_POINT('',(-30.5,0.,-19.3));
#8285=CARTESIAN_POINT('Origin',(59.,0.0999999999999646,-17.5));
#8286=CARTESIAN_POINT('',(60.8,0.,-17.5));
#8287=CARTESIAN_POINT('',(61.,0.199999999999929,-17.5));
#8288=CARTESIAN_POINT('Origin',(59.,0.,-17.5));
#8289=CARTESIAN_POINT('Origin',(60.9,0.0999999999999646,-9.74999999999999));
#8290=CARTESIAN_POINT('',(60.8,0.,-1.74999999999999));
#8291=CARTESIAN_POINT('',(61.,0.199999999999929,-1.74999999999999));
#8292=CARTESIAN_POINT('',(60.8,0.,-9.74999999999999));
#8293=CARTESIAN_POINT('Origin',(59.,0.1,-1.74999999999999));
#8294=CARTESIAN_POINT('',(59.,0.,0.0500000000000116));
#8295=CARTESIAN_POINT('',(59.,0.2,0.250000000000007));
#8296=CARTESIAN_POINT('Origin',(59.,0.,-1.74999999999999));
#8297=CARTESIAN_POINT('Origin',(-30.5,0.1,0.150000000000006));
#8298=CARTESIAN_POINT('',(58.,0.,0.0500000000000055));
#8299=CARTESIAN_POINT('',(58.,0.2,0.250000000000005));
#8300=CARTESIAN_POINT('',(-30.5,0.,0.0500000000000055));
#8301=CARTESIAN_POINT('Origin',(58.,0.1,2.00000000000001));
#8302=CARTESIAN_POINT('',(58.,0.,3.95000000000001));
#8303=CARTESIAN_POINT('',(58.,0.2,3.75000000000001));
#8304=CARTESIAN_POINT('Origin',(58.,0.,2.00000000000001));
#8305=CARTESIAN_POINT('Origin',(29.,0.1,3.85000000000001));
#8306=CARTESIAN_POINT('',(59.,0.,3.95000000000001));
#8307=CARTESIAN_POINT('',(59.,0.2,3.75000000000001));
#8308=CARTESIAN_POINT('',(29.,0.,3.95000000000001));
#8309=CARTESIAN_POINT('Origin',(59.,0.1,5.75000000000001));
#8310=CARTESIAN_POINT('',(60.8,0.,5.75000000000001));
#8311=CARTESIAN_POINT('',(61.,0.2,5.75000000000001));
#8312=CARTESIAN_POINT('Origin',(59.,0.,5.75000000000001));
#8313=CARTESIAN_POINT('Origin',(60.9,0.1,-9.25));
#8314=CARTESIAN_POINT('',(60.8,0.,16.5));
#8315=CARTESIAN_POINT('',(61.,0.2,16.5));
#8316=CARTESIAN_POINT('',(60.8,0.,-9.25));
#8317=CARTESIAN_POINT('Origin',(59.,0.1,16.5));
#8318=CARTESIAN_POINT('',(59.,0.,18.3));
#8319=CARTESIAN_POINT('',(59.,0.2,18.5));
#8320=CARTESIAN_POINT('Origin',(59.,0.,16.5));
#8321=CARTESIAN_POINT('Origin',(-30.5,0.1,18.4));
#8322=CARTESIAN_POINT('',(31.9242881051328,0.,18.3));
#8323=CARTESIAN_POINT('',(31.9242881051328,0.2,18.5));
#8324=CARTESIAN_POINT('',(-30.5,0.,18.3));
#8325=CARTESIAN_POINT('Origin',(31.9242881051328,0.0999999999999962,17.9));
#8326=CARTESIAN_POINT('',(31.5242881051328,0.,17.9));
#8327=CARTESIAN_POINT('',(31.3242881051328,0.199999999999992,17.9));
#8328=CARTESIAN_POINT('Origin',(31.9242881051328,0.,17.9));
#8329=CARTESIAN_POINT('Origin',(31.4242881051328,0.1,2.95021081887763));
#8330=CARTESIAN_POINT('',(31.5242881051328,0.,2.95021081887763));
#8331=CARTESIAN_POINT('Origin',(18.4206855859418,13.103602519191,6.15920000000005));
#8332=CARTESIAN_POINT('Origin',(-58.,10.,2.00000000000001));
#8333=CARTESIAN_POINT('',(-58.,0.,3.75000000000001));
#8334=CARTESIAN_POINT('Origin',(-58.,0.,3.75000000000001));
#8335=CARTESIAN_POINT('',(-59.,0.,3.75000000000001));
#8336=CARTESIAN_POINT('Origin',(-59.,0.,5.75000000000001));
#8337=CARTESIAN_POINT('',(-61.,3.,5.75000000000001));
#8338=CARTESIAN_POINT('Origin',(-61.,3.,-18.5));
#8339=CARTESIAN_POINT('',(-61.,3.,16.5));
#8340=CARTESIAN_POINT('Origin',(-59.,3.,16.5));
#8341=CARTESIAN_POINT('',(-59.,3.,18.5));
#8342=CARTESIAN_POINT('Origin',(-61.,3.,18.5));
#8343=CARTESIAN_POINT('',(-2.20183648764504,2.99999999999997,18.5));
#8344=CARTESIAN_POINT('Origin',(-2.20183648764504,2.99999999999997,18.1));
#8345=CARTESIAN_POINT('',(-1.80183648764504,2.99999999999997,18.1));
#8346=CARTESIAN_POINT('Origin',(-1.80183648764504,2.99999999999994,18.5));
#8347=CARTESIAN_POINT('',(-1.80183648764504,2.99999999999994,17.9));
#8348=CARTESIAN_POINT('Origin',(-1.40183648764504,2.99999999999994,17.9));
#8349=CARTESIAN_POINT('',(-1.40183648764504,2.99999999999995,17.5));
#8350=CARTESIAN_POINT('Origin',(-1.80183648764504,2.99999999999994,17.5));
#8351=CARTESIAN_POINT('',(1.39816351235496,2.99999999999994,17.5));
#8352=CARTESIAN_POINT('Origin',(1.39816351235496,2.99999999999992,17.9));
#8353=CARTESIAN_POINT('',(1.79816351235496,2.99999999999992,17.9));
#8354=CARTESIAN_POINT('Origin',(1.79816351235496,2.99999999999994,17.5));
#8355=CARTESIAN_POINT('',(1.79816351235496,2.99999999999997,18.1));
#8356=CARTESIAN_POINT('Origin',(2.19816351235496,2.99999999999997,18.1));
#8357=CARTESIAN_POINT('',(2.19816351235496,2.99999999999997,18.5));
#8358=CARTESIAN_POINT('Origin',(-61.,3.,18.5));
#8359=CARTESIAN_POINT('',(11.1351937043987,1.49999999999849,18.5));
#8360=CARTESIAN_POINT('Origin',(11.1351937043987,1.49999999999849,17.9));
#8361=CARTESIAN_POINT('',(11.7351937043987,0.,17.9));
#8362=CARTESIAN_POINT('Origin',(11.1351937043987,-1.38777878078145E-15,
17.9));
#8363=CARTESIAN_POINT('',(11.7351937043987,1.49999999999849,17.9));
#8364=CARTESIAN_POINT('Origin',(0.,0.,0.));
#8365=CARTESIAN_POINT('',(24.2092286166859,-9.72277813815481E-13,-3.45153920452613));
#8366=CARTESIAN_POINT('',(24.2092286166899,-5.55111512312578E-16,3.07959999999939));
#8367=CARTESIAN_POINT('',(11.7351937044046,1.58465833048314E-12,5.709046048738));
#8368=CARTESIAN_POINT('Origin',(21.9316646900429,0.,6.1592000000002));
#8369=CARTESIAN_POINT('',(11.7351937043987,0.,2.95021081887762));
#8370=CARTESIAN_POINT('',(6.00000000000003,0.,8.90000000000001));
#8371=CARTESIAN_POINT('',(2.73636527062886E-14,0.,8.90000000000001));
#8372=CARTESIAN_POINT('',(1.00000000000001,0.,8.90000000000001));
#8373=CARTESIAN_POINT('',(2.73690987612021E-14,0.,9.));
#8374=CARTESIAN_POINT('',(2.71784868392287E-14,0.,5.5));
#8375=CARTESIAN_POINT('',(-21.0000003427267,0.,9.));
#8376=CARTESIAN_POINT('',(-10.5000001713633,0.,9.));
#8377=CARTESIAN_POINT('',(-21.0000003427267,-7.105427357601E-14,11.5));
#8378=CARTESIAN_POINT('',(-21.0000003427267,0.,5.75));
#8379=CARTESIAN_POINT('',(-22.0000003427267,0.,11.5));
#8380=CARTESIAN_POINT('',(-11.5000001713633,0.,11.5));
#8381=CARTESIAN_POINT('',(-23.0000003427267,0.,12.5));
#8382=CARTESIAN_POINT('',(-13.875000257045,7.88860905221012E-30,3.37499991431832));
#8383=CARTESIAN_POINT('',(-23.0000003427267,0.,15.5));
#8384=CARTESIAN_POINT('',(-23.0000003427267,0.,6.75));
#8385=CARTESIAN_POINT('',(2.00000000000003,0.,15.5));
#8386=CARTESIAN_POINT('',(2.00000000000002,0.,15.5));
#8387=CARTESIAN_POINT('',(6.00000000000003,0.,11.5));
#8388=CARTESIAN_POINT('Origin',(2.00000000000003,0.,11.5));
#8389=CARTESIAN_POINT('',(6.00000000000003,0.,4.45));
#8390=CARTESIAN_POINT('',(-21.0000003427267,-7.105427357601E-14,-6.35));
#8391=CARTESIAN_POINT('',(-21.0000003427267,0.,-3.84999999999999));
#8392=CARTESIAN_POINT('',(-21.0000003427267,0.,-2.92499999999999));
#8393=CARTESIAN_POINT('',(2.65065747129256E-14,0.,-3.84999999999999));
#8394=CARTESIAN_POINT('',(1.00000000000001,0.,-3.84999999999999));
#8395=CARTESIAN_POINT('',(2.64603154202329E-14,0.,-3.75));
#8396=CARTESIAN_POINT('',(2.65624289498615E-14,0.,-1.875));
#8397=CARTESIAN_POINT('',(6.00000000000003,0.,-3.75));
#8398=CARTESIAN_POINT('',(2.00000000000001,0.,-3.75));
#8399=CARTESIAN_POINT('',(6.00000000000003,0.,-6.34999999999999));
#8400=CARTESIAN_POINT('',(6.00000000000003,0.,-4.175));
#8401=CARTESIAN_POINT('',(2.00000000000003,0.,-10.35));
#8402=CARTESIAN_POINT('Origin',(2.00000000000003,0.,-6.34999999999999));
#8403=CARTESIAN_POINT('',(-23.0000003427267,0.,-10.35));
#8404=CARTESIAN_POINT('',(-11.5000001713633,0.,-10.35));
#8405=CARTESIAN_POINT('',(-23.0000003427267,0.,-7.35));
#8406=CARTESIAN_POINT('',(-23.0000003427267,0.,-3.175));
#8407=CARTESIAN_POINT('',(-22.0000003427267,0.,-6.35));
#8408=CARTESIAN_POINT('',(-15.162500257045,3.94430452610506E-30,0.487500085681672));
#8409=CARTESIAN_POINT('',(-10.5000001713633,0.,-6.35));
#8410=CARTESIAN_POINT('Origin',(-2.00000034272666,-6.00000000000016,-6.42499999999993));
#8411=CARTESIAN_POINT('',(-1.6070945015891,-4.59999999999968,-6.34999999999998));
#8412=CARTESIAN_POINT('',(-2.39290618386421,-4.59999999999968,-6.34999999999998));
#8413=CARTESIAN_POINT('Origin',(-2.00000034272666,-4.59999999999994,-6.42499999999993));
#8414=CARTESIAN_POINT('',(-1.6070945015891,-3.20000000000016,-6.34999999999998));
#8415=CARTESIAN_POINT('',(-1.6070945015891,-6.00000000000016,-6.34999999999998));
#8416=CARTESIAN_POINT('',(-2.39290618386421,-3.20000000000016,-6.34999999999998));
#8417=CARTESIAN_POINT('Origin',(-2.00000034272666,-3.19999999999968,-6.42499999999993));
#8418=CARTESIAN_POINT('',(-2.39290618386421,-6.00000000000016,-6.34999999999998));
#8419=CARTESIAN_POINT('Origin',(-1.60709450158911,-6.00000000000019,-6.34999999999999));
#8420=CARTESIAN_POINT('',(-11.3035474221579,-4.59999999999968,-6.34999999999999));
#8421=CARTESIAN_POINT('',(-11.3035474221579,-3.19999999999968,-6.34999999999999));
#8422=CARTESIAN_POINT('Origin',(-2.00000034272666,-6.00000000000016,11.5750000000001));
#8423=CARTESIAN_POINT('',(-1.60000034272666,-5.99859325526738,11.5750000000001));
#8424=CARTESIAN_POINT('',(-1.60709450158913,-6.00000000000007,11.5));
#8425=CARTESIAN_POINT('Ctrl Pts',(-1.60000034272666,-5.99859325526738,11.5750000000001));
#8426=CARTESIAN_POINT('Ctrl Pts',(-1.60000034272666,-5.99951241731546,11.550506252403));
#8427=CARTESIAN_POINT('Ctrl Pts',(-1.60228485815018,-6.00000000000007,11.525196493346));
#8428=CARTESIAN_POINT('Ctrl Pts',(-1.60709450158913,-6.00000000000007,11.5));
#8429=CARTESIAN_POINT('',(-1.60000034272666,-6.00000000000016,11.5750000000001));
#8430=CARTESIAN_POINT('',(-1.60000034272666,-6.00000000000016,11.5750000000001));
#8431=CARTESIAN_POINT('Origin',(-2.00000034272666,-6.00000000000016,11.5750000000001));
#8432=CARTESIAN_POINT('Origin',(-2.00000034272666,-6.00000000000016,11.5750000000001));
#8433=CARTESIAN_POINT('',(-2.40000034272666,-4.59999999999994,11.5750000000001));
#8434=CARTESIAN_POINT('',(-1.60000034272666,-4.59999999999994,11.5750000000001));
#8435=CARTESIAN_POINT('Origin',(-2.00000034272666,-4.59999999999994,11.5750000000001));
#8436=CARTESIAN_POINT('',(-2.40000034272666,-3.20000000000016,11.5750000000001));
#8437=CARTESIAN_POINT('',(-2.40000034272666,-6.00000000000016,11.5750000000001));
#8438=CARTESIAN_POINT('',(-1.60000034272666,-3.20000000000016,11.5750000000001));
#8439=CARTESIAN_POINT('Origin',(-2.00000034272666,-3.19999999999968,11.5750000000001));
#8440=CARTESIAN_POINT('',(-1.60000034272666,-6.00000000000016,11.5750000000001));
#8441=CARTESIAN_POINT('Origin',(-2.00000034272666,-6.00000000000016,11.5750000000001));
#8442=CARTESIAN_POINT('',(-2.39290618386418,-6.00000000000007,11.5));
#8443=CARTESIAN_POINT('',(-2.40000034272666,-5.99859325526738,11.5750000000001));
#8444=CARTESIAN_POINT('Ctrl Pts',(-2.39290618386418,-6.00000000000007,11.5));
#8445=CARTESIAN_POINT('Ctrl Pts',(-2.39771582730314,-6.00000000000007,11.525196493346));
#8446=CARTESIAN_POINT('Ctrl Pts',(-2.40000034272666,-5.99951241731546,11.550506252403));
#8447=CARTESIAN_POINT('Ctrl Pts',(-2.40000034272666,-5.99859325526738,11.5750000000001));
#8448=CARTESIAN_POINT('',(-2.40000034272666,-6.00000000000016,11.5750000000001));
#8449=CARTESIAN_POINT('Origin',(-2.00000034272666,-6.00000000000016,11.5750000000001));
#8450=CARTESIAN_POINT('',(-2.40000034272666,-6.00000000000016,11.5750000000001));
#8451=CARTESIAN_POINT('Origin',(-2.40000034272666,-6.00000000000019,11.5750000000001));
#8452=CARTESIAN_POINT('',(-2.75000008568165,-5.99859325526738,11.5750000000001));
#8453=CARTESIAN_POINT('',(1.99999965727334,-6.00000000000019,11.5750000000001));
#8454=CARTESIAN_POINT('Origin',(-2.75000008568165,-4.00000000000007,11.5));
#8455=CARTESIAN_POINT('',(4.00000000000003,-6.00000000000007,11.5));
#8456=CARTESIAN_POINT('',(-2.75000008568165,-6.00000000000007,11.5));
#8457=CARTESIAN_POINT('',(2.00000000000003,-4.00000000000007,13.5));
#8458=CARTESIAN_POINT('Origin',(2.00000000000003,-4.00000000000007,11.5));
#8459=CARTESIAN_POINT('',(-23.0000003427267,-4.00000000000007,13.5));
#8460=CARTESIAN_POINT('',(-2.75000008568165,-4.00000000000007,13.5));
#8461=CARTESIAN_POINT('',(-23.0000003427267,-5.73205080756894,12.5));
#8462=CARTESIAN_POINT('Origin',(-23.0000003427267,-4.00000000000007,11.5));
#8463=CARTESIAN_POINT('',(-22.0000003427267,-6.00000000000007,11.5));
#8464=CARTESIAN_POINT('Origin',(-22.0000003427267,-4.00000000000007,11.5));
#8465=CARTESIAN_POINT('',(-11.0000003427267,-6.00000000000007,11.5));
#8466=CARTESIAN_POINT('',(-23.0000003427267,-6.00000000000007,11.5));
#8467=CARTESIAN_POINT('',(-2.75000008568165,-6.00000000000007,11.5));
#8468=CARTESIAN_POINT('Origin',(-21.0000003427267,-3.19999999999968,-6.42499999999993));
#8469=CARTESIAN_POINT('',(-21.0750003427268,-3.19999999999993,11.5750000000001));
#8470=CARTESIAN_POINT('',(-21.0000003427267,-3.19999999999993,11.5750000000001));
#8471=CARTESIAN_POINT('',(-22.7821071239133,-3.19999999999995,12.2821067811866));
#8472=CARTESIAN_POINT('',(-18.2877882705367,-3.19999999999992,10.4204989584889));
#8473=CARTESIAN_POINT('',(-22.0000003427267,-3.19999999999994,11.5));
#8474=CARTESIAN_POINT('',(-17.5187503427267,-3.19999999999987,7.01874999999999));
#8475=CARTESIAN_POINT('',(-21.0000003427267,-3.19999999999994,11.5));
#8476=CARTESIAN_POINT('',(-22.0000003427267,-3.19999999999994,11.5));
#8477=CARTESIAN_POINT('',(-21.0000003427267,-3.19999999999993,11.));
#8478=CARTESIAN_POINT('',(-21.0000003427267,-3.19999999999981,2.53750000000001));
#8479=CARTESIAN_POINT('',(2.00000000000003,-3.19999999999993,11.));
#8480=CARTESIAN_POINT('',(-21.0000003427267,-3.19999999999993,11.));
#8481=CARTESIAN_POINT('',(1.99999965727333,-3.19999999999993,11.5750000000001));
#8482=CARTESIAN_POINT('',(1.99999965727333,-3.19999999999968,-6.42499999999993));
#8483=CARTESIAN_POINT('',(-21.0000003427267,-3.19999999999993,11.5750000000001));
#8484=CARTESIAN_POINT('Origin',(-21.0000003427267,-3.19999999999993,11.5750000000001));
#8485=CARTESIAN_POINT('',(-21.0750003427267,-4.59999999999994,11.5750000000001));
#8486=CARTESIAN_POINT('',(-21.0000003427267,-4.59999999999994,11.5750000000001));
#8487=CARTESIAN_POINT('',(-21.0750003427268,-1.59999999999999,11.5750000000001));
#8488=CARTESIAN_POINT('Origin',(-11.0000003427267,-7.105427357601E-14,11.5));
#8489=CARTESIAN_POINT('',(-11.0000003427267,-4.59999999999993,11.));
#8490=CARTESIAN_POINT('',(-11.0000003427267,-4.59999999999994,11.5));
#8491=CARTESIAN_POINT('',(-11.0000003427267,-4.59999999999994,11.5375));
#8492=CARTESIAN_POINT('',(-11.0000003427267,-6.00000000000007,11.));
#8493=CARTESIAN_POINT('',(-11.0000003427267,-6.98582342640141E-14,11.));
#8494=CARTESIAN_POINT('',(-11.0000003427267,-6.00000000000007,11.35));
#8495=CARTESIAN_POINT('',(-11.0000003427267,-7.105427357601E-14,11.5));
#8496=CARTESIAN_POINT('Origin',(-9.50000017136333,-6.00000000000007,11.2));
#8497=CARTESIAN_POINT('',(2.00000000000003,-6.00000000000007,11.));
#8498=CARTESIAN_POINT('',(2.00000000000003,-6.00000000000007,11.));
#8499=CARTESIAN_POINT('',(2.00000000000003,-6.00000000000007,8.90000000000001));
#8500=CARTESIAN_POINT('',(2.00000000000003,-6.00000000000007,11.5));
#8501=CARTESIAN_POINT('',(4.00000000000003,-6.00000000000007,8.90000000000001));
#8502=CARTESIAN_POINT('',(4.00000000000003,-6.00000000000007,8.90000000000001));
#8503=CARTESIAN_POINT('',(4.00000000000003,-6.00000000000007,13.5));
#8504=CARTESIAN_POINT('Origin',(-21.0000003427267,-6.86621949520182E-14,
11.));
#8505=CARTESIAN_POINT('',(2.00000000000003,-4.59999999999993,11.));
#8506=CARTESIAN_POINT('',(-21.0000003427267,-4.59999999999993,11.));
#8507=CARTESIAN_POINT('',(2.00000000000003,-7.105427357601E-14,11.));
#8508=CARTESIAN_POINT('Origin',(-21.0000003427267,-4.59999999999994,11.5750000000001));
#8509=CARTESIAN_POINT('',(1.99999965727333,-4.59999999999994,11.5750000000001));
#8510=CARTESIAN_POINT('',(-21.0000003427267,-4.59999999999994,11.5750000000001));
#8511=CARTESIAN_POINT('',(1.99999965727333,-4.59999999999994,11.5750000000001));
#8512=CARTESIAN_POINT('',(-22.0000003427267,-4.59999999999994,11.5));
#8513=CARTESIAN_POINT('',(-21.0000003427267,-4.59999999999994,11.5));
#8514=CARTESIAN_POINT('',(-22.7821071239133,-4.59999999999995,12.2821067811866));
#8515=CARTESIAN_POINT('',(-22.0187503427267,-4.59999999999994,11.51875));
#8516=CARTESIAN_POINT('',(-21.4697687858761,-4.59999999999994,11.7385184431495));
#8517=CARTESIAN_POINT('Origin',(-21.9285537333201,-1.60000000000001,11.9285533905934));
#8518=CARTESIAN_POINT('',(-22.7821071239133,-1.60000000000002,12.2821067811867));
#8519=CARTESIAN_POINT('Origin',(-21.0000003427267,-3.19999999999993,11.5750000000001));
#8520=CARTESIAN_POINT('',(1.99999965727333,-3.19999999999993,11.5750000000001));
#8521=CARTESIAN_POINT('Origin',(-21.9285537333199,-2.29999999999988,-6.7785533905932));
#8522=CARTESIAN_POINT('',(-22.7821071239132,-4.59999999999967,-7.13210678118648));
#8523=CARTESIAN_POINT('',(-21.0750003427266,-4.59999999999969,-6.42499999999993));
#8524=CARTESIAN_POINT('',(-18.2877882705366,-4.5999999999997,-5.27049895848879));
#8525=CARTESIAN_POINT('',(-21.0750003427266,-3.19999999999968,-6.42499999999993));
#8526=CARTESIAN_POINT('',(-21.0750003427266,-2.29999999999988,-6.42499999999993));
#8527=CARTESIAN_POINT('',(-22.7821071239132,-3.19999999999967,-7.13210678118648));
#8528=CARTESIAN_POINT('',(-21.469768785876,-3.19999999999968,-6.58851844314933));
#8529=CARTESIAN_POINT('',(-22.7821071239132,-2.29999999999988,-7.13210678118647));
#8530=CARTESIAN_POINT('Origin',(-21.0000003427267,-4.59999999999969,-6.42499999999993));
#8531=CARTESIAN_POINT('',(1.99999965727333,-4.59999999999969,-6.42499999999993));
#8532=CARTESIAN_POINT('',(-21.0000003427267,-4.59999999999969,-6.42499999999993));
#8533=CARTESIAN_POINT('',(1.99999965727333,-3.19999999999968,-6.42499999999993));
#8534=CARTESIAN_POINT('',(1.99999965727333,-4.59999999999969,-6.42499999999993));
#8535=CARTESIAN_POINT('',(-21.0000003427267,-3.19999999999968,-6.42499999999993));
#8536=CARTESIAN_POINT('Origin',(-21.0000003427267,-4.59999999999994,11.5750000000001));
#8537=CARTESIAN_POINT('',(1.99999965727333,-4.59999999999969,-5.84999999999999));
#8538=CARTESIAN_POINT('',(-21.0000003427267,-4.59999999999969,-5.84999999999999));
#8539=CARTESIAN_POINT('',(-9.50000017136332,-4.59999999999969,-5.84999999999999));
#8540=CARTESIAN_POINT('',(1.99999965727333,-4.59999999999994,11.5750000000001));
#8541=CARTESIAN_POINT('',(-22.0000003427267,-4.59999999999968,-6.35));
#8542=CARTESIAN_POINT('',(-17.5187503427267,-4.59999999999975,-1.86874999999999));
#8543=CARTESIAN_POINT('',(-21.0000003427267,-4.59999999999968,-6.35));
#8544=CARTESIAN_POINT('',(-21.0000003427267,-4.59999999999968,-6.35));
#8545=CARTESIAN_POINT('',(-21.0000003427267,-4.59999999999981,2.86250000000001));
#8546=CARTESIAN_POINT('Origin',(-21.0000003427267,-3.19999999999968,-6.42499999999993));
#8547=CARTESIAN_POINT('',(-21.0000003427267,-3.19999999999969,-5.84999999999999));
#8548=CARTESIAN_POINT('',(1.99999965727333,-3.19999999999969,-5.84999999999999));
#8549=CARTESIAN_POINT('',(-9.50000017136332,-3.19999999999969,-5.84999999999999));
#8550=CARTESIAN_POINT('',(-21.0000003427267,-3.19999999999968,-6.35));
#8551=CARTESIAN_POINT('',(-21.0000003427267,-3.19999999999969,-6.13749999999998));
#8552=CARTESIAN_POINT('',(-22.0000003427267,-3.19999999999968,-6.35));
#8553=CARTESIAN_POINT('',(-21.0000003427267,-3.19999999999968,-6.35));
#8554=CARTESIAN_POINT('',(-22.0187503427267,-3.19999999999968,-6.36874999999999));
#8555=CARTESIAN_POINT('',(1.99999965727333,-3.19999999999968,-6.42499999999993));
#8556=CARTESIAN_POINT('Origin',(2.00000000000003,-7.105427357601E-14,-5.84999999999999));
#8557=CARTESIAN_POINT('',(-21.0000003427267,-6.00000000000007,-5.84999999999999));
#8558=CARTESIAN_POINT('',(-21.0000003427267,-7.105427357601E-14,-5.84999999999999));
#8559=CARTESIAN_POINT('',(2.00000000000003,-6.00000000000007,-5.84999999999999));
#8560=CARTESIAN_POINT('',(2.00000000000003,-6.00000000000007,-5.84999999999999));
#8561=CARTESIAN_POINT('',(2.00000000000003,-7.105427357601E-14,-5.84999999999999));
#8562=CARTESIAN_POINT('Origin',(-21.0000003427267,-7.10542735761294E-14,
-5.84999999999999));
#8563=CARTESIAN_POINT('',(-21.0000003427267,-6.00000000000007,-6.35));
#8564=CARTESIAN_POINT('',(-21.0000003427267,-7.105427357601E-14,-6.35));
#8565=CARTESIAN_POINT('',(-21.0000003427267,-6.00000000000007,-6.35));
#8566=CARTESIAN_POINT('Origin',(-21.0000003427267,-6.84541881182489E-14,
-6.35));
#8567=CARTESIAN_POINT('',(-22.0000003427267,-6.00000000000007,-6.35));
#8568=CARTESIAN_POINT('',(-22.0000003427267,-6.97542308473683E-14,-6.35));
#8569=CARTESIAN_POINT('',(4.00000000000003,-6.00000000000007,-6.35));
#8570=CARTESIAN_POINT('Origin',(-23.0000003427267,-7.105427357601E-14,11.5));
#8571=CARTESIAN_POINT('',(-22.0000003427267,-7.10542735786189E-14,11.5));
#8572=CARTESIAN_POINT('',(-21.0000003427267,-7.105427357601E-14,11.5));
#8573=CARTESIAN_POINT('Origin',(-23.0000003427267,-7.105427357601E-14,11.5));
#8574=CARTESIAN_POINT('',(-22.0000003427267,-7.10542735786189E-14,11.5));
#8575=CARTESIAN_POINT('Origin',(-21.0000003427267,-7.10542735802726E-14,
11.5));
#8576=CARTESIAN_POINT('',(-21.0000003427267,-2.,11.));
#8577=CARTESIAN_POINT('Origin',(-21.0000003427267,-2.,9.));
#8578=CARTESIAN_POINT('',(-21.0000003427267,-7.105427357601E-14,11.));
#8579=CARTESIAN_POINT('Origin',(-21.0000003427267,-6.86621949520182E-14,
11.));
#8580=CARTESIAN_POINT('',(2.00000000000003,-2.,11.));
#8581=CARTESIAN_POINT('',(-10.5000001713633,-2.,11.));
#8582=CARTESIAN_POINT('',(2.00000000000003,-7.105427357601E-14,11.));
#8583=CARTESIAN_POINT('Origin',(2.00000000000003,-7.10542735758906E-14,
11.));
#8584=CARTESIAN_POINT('',(2.00000000000003,-2.,8.90000000000001));
#8585=CARTESIAN_POINT('',(2.00000000000003,-7.105427357601E-14,8.90000000000001));
#8586=CARTESIAN_POINT('',(2.00000000000003,-2.,5.5));
#8587=CARTESIAN_POINT('Origin',(-22.5000003427267,-6.97079715546756E-14,
-6.85));
#8588=CARTESIAN_POINT('',(-22.0000003427267,-6.97542308473683E-14,-6.35));
#8589=CARTESIAN_POINT('',(-23.0000003427267,-5.73205080756894,-7.35));
#8590=CARTESIAN_POINT('',(-23.0000003427267,-6.96617122619829E-14,-7.35));
#8591=CARTESIAN_POINT('Origin',(-22.0000003427267,-4.00000000000007,-6.34999999999999));
#8592=CARTESIAN_POINT('Origin',(-21.0000003427267,-6.84541881182489E-14,
-6.35));
#8593=CARTESIAN_POINT('',(-21.0000003427267,-7.105427357601E-14,-6.35));
#8594=CARTESIAN_POINT('Origin',(-16.250000257045,-4.00000000000007,-6.34999999999999));
#8595=CARTESIAN_POINT('',(-23.0000003427267,-4.00000000000007,-8.34999999999999));
#8596=CARTESIAN_POINT('Origin',(-23.0000003427267,-4.00000000000007,-6.34999999999999));
#8597=CARTESIAN_POINT('',(2.00000000000003,-4.00000000000007,-8.34999999999999));
#8598=CARTESIAN_POINT('',(-16.250000257045,-4.00000000000007,-8.34999999999999));
#8599=CARTESIAN_POINT('',(4.00000000000003,-6.00000000000007,-6.34999999999999));
#8600=CARTESIAN_POINT('Origin',(2.00000000000003,-4.00000000000007,-6.34999999999999));
#8601=CARTESIAN_POINT('',(-16.250000257045,-6.00000000000007,-6.34999999999999));
#8602=CARTESIAN_POINT('Origin',(-22.5000003427267,-7.10542735786189E-14,
12.));
#8603=CARTESIAN_POINT('',(-23.0000003427267,-7.10542735786189E-14,12.5));
#8604=CARTESIAN_POINT('Origin',(-23.0000003427267,-7.10542735812278E-14,
13.5));
#8605=CARTESIAN_POINT('',(-23.0000003427267,-2.,13.5));
#8606=CARTESIAN_POINT('',(-23.0000003427267,-7.105427357601E-14,13.5));
#8607=CARTESIAN_POINT('Origin',(-23.0000003427267,-2.,15.5));
#8608=CARTESIAN_POINT('Origin',(2.71784868392287E-14,-2.,5.5));
#8609=CARTESIAN_POINT('Origin',(2.73636527062886E-14,-2.,8.90000000000001));
#8610=CARTESIAN_POINT('Origin',(2.73690987612021E-14,-2.,9.));
#8611=CARTESIAN_POINT('Origin',(-10.5000001713633,-2.,9.));
#8612=CARTESIAN_POINT('Origin',(1.00000000000001,-2.,-3.84999999999999));
#8613=CARTESIAN_POINT('',(-21.0000003427267,-2.,-5.84999999999999));
#8614=CARTESIAN_POINT('Origin',(-21.0000003427267,-2.,-3.84999999999999));
#8615=CARTESIAN_POINT('',(2.00000000000003,-2.,-5.84999999999999));
#8616=CARTESIAN_POINT('',(1.00000000000001,-2.,-5.84999999999999));
#8617=CARTESIAN_POINT('Origin',(2.63677968348475E-14,-2.,-3.84999999999999));
#8618=CARTESIAN_POINT('Origin',(2.65624289498615E-14,-2.,-1.875));
#8619=CARTESIAN_POINT('',(2.00000000000003,-2.,-3.75));
#8620=CARTESIAN_POINT('',(2.00000000000003,-2.,-1.875));
#8621=CARTESIAN_POINT('Origin',(2.64603154202329E-14,-2.,-3.75));
#8622=CARTESIAN_POINT('Origin',(2.00000000000003,-2.,-6.34999999999999));
#8623=CARTESIAN_POINT('',(4.00000000000003,-2.,-6.34999999999999));
#8624=CARTESIAN_POINT('Origin',(6.00000000000003,-2.,-6.34999999999999));
#8625=CARTESIAN_POINT('',(2.00000000000003,-2.,-8.34999999999999));
#8626=CARTESIAN_POINT('Origin',(2.00000000000003,-2.,-6.34999999999999));
#8627=CARTESIAN_POINT('Origin',(2.00000000000003,-2.,-10.35));
#8628=CARTESIAN_POINT('Origin',(6.00000000000003,-2.,-4.175));
#8629=CARTESIAN_POINT('',(4.00000000000003,-2.,-3.75));
#8630=CARTESIAN_POINT('Origin',(6.00000000000003,-2.,-3.75));
#8631=CARTESIAN_POINT('',(4.00000000000003,-2.,-4.175));
#8632=CARTESIAN_POINT('Origin',(2.00000000000003,-7.07141911754227E-14,
-6.34999999999999));
#8633=CARTESIAN_POINT('',(2.00000000000003,-7.07141911754227E-14,-8.34999999999999));
#8634=CARTESIAN_POINT('',(4.00000000000003,-7.08992283461935E-14,-6.34999999999999));
#8635=CARTESIAN_POINT('Origin',(-11.5000001713633,-2.,-10.35));
#8636=CARTESIAN_POINT('',(-23.0000003427267,-2.,-8.34999999999999));
#8637=CARTESIAN_POINT('Origin',(-23.0000003427267,-2.,-10.35));
#8638=CARTESIAN_POINT('',(-11.5000001713633,-2.,-8.34999999999999));
#8639=CARTESIAN_POINT('Origin',(4.00000000000003,-7.10542735707922E-14,
-8.34999999999999));
#8640=CARTESIAN_POINT('',(4.00000000000003,-6.00000000000007,-3.75));
#8641=CARTESIAN_POINT('',(4.00000000000003,-7.105427357601E-14,-3.75));
#8642=CARTESIAN_POINT('',(4.00000000000003,-6.00000000000007,13.5));
#8643=CARTESIAN_POINT('Origin',(2.00000000000003,-2.,11.5));
#8644=CARTESIAN_POINT('',(2.00000000000003,-2.,13.5));
#8645=CARTESIAN_POINT('Origin',(2.00000000000003,-2.,15.5));
#8646=CARTESIAN_POINT('',(4.00000000000003,-2.,11.5));
#8647=CARTESIAN_POINT('Origin',(2.00000000000003,-2.,11.5));
#8648=CARTESIAN_POINT('Origin',(6.00000000000003,-2.,11.5));
#8649=CARTESIAN_POINT('Origin',(2.00000000000002,-2.,15.5));
#8650=CARTESIAN_POINT('',(2.00000000000002,-2.,13.5));
#8651=CARTESIAN_POINT('Origin',(2.00000000000003,-7.2458319721226E-14,11.5));
#8652=CARTESIAN_POINT('',(4.00000000000003,-7.2458319721226E-14,11.5));
#8653=CARTESIAN_POINT('',(2.00000000000003,-7.2458319721226E-14,13.5));
#8654=CARTESIAN_POINT('Origin',(6.00000000000003,-2.,4.45));
#8655=CARTESIAN_POINT('',(4.00000000000003,-2.,8.90000000000001));
#8656=CARTESIAN_POINT('Origin',(6.00000000000003,-2.,8.90000000000001));
#8657=CARTESIAN_POINT('',(4.00000000000003,-2.,4.45));
#8658=CARTESIAN_POINT('Origin',(4.00000000000003,-7.10542735749115E-14,
8.90000000000001));
#8659=CARTESIAN_POINT('',(4.00000000000003,-7.105427357601E-14,8.90000000000001));
#8660=CARTESIAN_POINT('Origin',(-23.0000003427267,-6.82461812844796E-14,
-8.34999999999999));
#8661=CARTESIAN_POINT('',(-23.0000003427267,-7.105427357601E-14,-8.34999999999999));
#8662=CARTESIAN_POINT('Origin',(-23.0000003427267,-7.10542735764876E-14,
-6.35));
#8663=CARTESIAN_POINT('Origin',(-21.0000003427267,-7.10542735761294E-14,
-5.84999999999999));
#8664=CARTESIAN_POINT('',(-21.0000003427267,-7.105427357601E-14,-5.84999999999999));
#8665=CARTESIAN_POINT('Origin',(2.00000000000003,-7.105427357601E-14,-5.84999999999999));
#8666=CARTESIAN_POINT('',(2.00000000000003,-7.105427357601E-14,-5.84999999999999));
#8667=CARTESIAN_POINT('Origin',(2.00000000000003,-7.10542735723683E-14,
-3.75));
#8668=CARTESIAN_POINT('',(2.00000000000003,-6.00000000000007,-3.75));
#8669=CARTESIAN_POINT('',(2.00000000000003,-7.105427357601E-14,-3.75));
#8670=CARTESIAN_POINT('',(2.00000000000003,-6.00000000000007,11.5));
#8671=CARTESIAN_POINT('Origin',(4.00000000000003,-7.105427357601E-14,-3.75));
#8672=CARTESIAN_POINT('',(4.00000000000003,-6.00000000000007,-3.75));
#8673=CARTESIAN_POINT('Origin',(-9.50000017136333,-6.00000000000007,-6.04999999999999));
#8674=CARTESIAN_POINT('Origin',(4.00000000000003,-7.38623658675404E-14,
13.5));
#8675=CARTESIAN_POINT('Origin',(2.00000000000003,-7.08462667422407E-14,
8.90000000000001));
#8676=CARTESIAN_POINT('Origin',(11.7351937043987,-3.01978305074029E-12,
5.90042163775523));
#8677=CARTESIAN_POINT('Origin',(11.7351937043987,38.0537480952731,6.15920000000075));
#8678=CARTESIAN_POINT('Origin',(22.5346669413154,-2.2499849204543,6.15920000000003));
#8679=CARTESIAN_POINT('Origin',(22.084345072157,-0.569360824995719,6.15920000000003));
#8680=CARTESIAN_POINT('Origin',(22.0842325413706,-0.569390977528812,6.15920000000019));
#8681=CARTESIAN_POINT('Origin',(22.0842325413706,-0.569390977528814,6.1592000000002));
#8682=CARTESIAN_POINT('Origin',(20.2724992398208,6.1920898102909,6.15920000000029));
#8683=CARTESIAN_POINT('',(1.95399252334028E-13,-97.0000000000001,33.5000000000001));
#8684=CARTESIAN_POINT('',(0.,0.,0.));
#8685=CARTESIAN_POINT('',(0.,0.,0.));
#8686=CARTESIAN_POINT('Origin',(33.0257290871337,78.09999999368,241.700003662154));
#8687=CARTESIAN_POINT('',(30.5257290871337,77.99999999368,241.700003662154));
#8688=CARTESIAN_POINT('Origin',(33.0257290871337,77.99999999368,241.700003662154));
#8689=CARTESIAN_POINT('',(30.7257290871337,78.19999999368,241.700003662154));
#8690=CARTESIAN_POINT('',(30.6257290871337,78.09999999368,241.700003662154));
#8691=CARTESIAN_POINT('Origin',(33.0257290871337,78.19999999368,241.700003662154));
#8692=CARTESIAN_POINT('Origin',(23.2063201323921,77.99999999368,241.450003662156));
#8693=CARTESIAN_POINT('',(10.2159390756255,77.9999999936801,245.600003662156));
#8694=CARTESIAN_POINT('',(10.6159390756255,77.9999999936801,246.000003662156));
#8695=CARTESIAN_POINT('',(12.526034339817,77.9999999936801,247.910098926348));
#8696=CARTESIAN_POINT('',(10.2159390756255,77.99999999368,236.950003662156));
#8697=CARTESIAN_POINT('',(10.2159390756255,77.9999999936801,246.200003662156));
#8698=CARTESIAN_POINT('',(13.2159390756255,77.9999999936799,233.950003662156));
#8699=CARTESIAN_POINT('',(13.0885343398172,77.9999999936799,234.077408397964));
#8700=CARTESIAN_POINT('',(33.3519390756255,77.9999999936799,233.950003662156));
#8701=CARTESIAN_POINT('',(36.3519390756255,77.9999999936799,233.950003662156));
#8702=CARTESIAN_POINT('',(36.3519390756255,77.99999999368,236.950003662156));
#8703=CARTESIAN_POINT('',(33.4405343398171,77.9999999936799,234.038598926348));
#8704=CARTESIAN_POINT('',(36.3519390756255,77.9999999936801,245.600003662156));
#8705=CARTESIAN_POINT('',(36.3519390756255,77.9999999936799,233.950003662156));
#8706=CARTESIAN_POINT('',(35.9519390756255,77.99999999368,246.000003662153));
#8707=CARTESIAN_POINT('',(34.0030343398174,77.9999999936801,247.948908397964));
#8708=CARTESIAN_POINT('',(31.1261245927625,77.99999999368,246.000003662153));
#8709=CARTESIAN_POINT('',(27.1662223625773,77.99999999368,246.000003662153));
#8710=CARTESIAN_POINT('',(31.1261245927625,77.9999999936801,248.550003662156));
#8711=CARTESIAN_POINT('',(31.1261245927625,77.99999999368,245.325003662154));
#8712=CARTESIAN_POINT('',(30.7261245927625,77.9999999936801,248.950003662156));
#8713=CARTESIAN_POINT('',(30.8211734776698,77.9999999936801,248.854954777249));
#8714=CARTESIAN_POINT('',(11.9370301920284,77.9999999936801,248.950003662156));
#8715=CARTESIAN_POINT('',(-99.9981635123702,77.9999999936801,248.950003662156));
#8716=CARTESIAN_POINT('',(11.9370301920284,77.99999999368,246.000003662153));
#8717=CARTESIAN_POINT('',(11.9370301920284,77.99999999368,243.825003662154));
#8718=CARTESIAN_POINT('',(36.3519390756255,77.9999999936801,246.000003662156));
#8719=CARTESIAN_POINT('',(23.2837821516304,77.9999999936799,239.850003662155));
#8720=CARTESIAN_POINT('Origin',(23.2837821516304,77.99999999368,241.700003662155));
#8721=CARTESIAN_POINT('',(11.041835216127,77.99999999368,241.700003662154));
#8722=CARTESIAN_POINT('Origin',(13.541835216127,77.99999999368,241.700003662154));
#8723=CARTESIAN_POINT('Origin',(33.0257290871337,77.99999999368,241.700003662154));
#8724=CARTESIAN_POINT('',(30.7257290871337,82.99999999368,241.700003662154));
#8725=CARTESIAN_POINT('',(30.7257290871337,77.99999999368,241.700003662154));
#8726=CARTESIAN_POINT('Origin',(33.0257290871337,82.99999999368,241.700003662154));
#8727=CARTESIAN_POINT('Origin',(23.2837821516304,78.09999999368,241.700003662155));
#8728=CARTESIAN_POINT('',(23.2837821516304,78.19999999368,240.050003662155));
#8729=CARTESIAN_POINT('',(23.2837821516304,78.0999999936799,239.950003662155));
#8730=CARTESIAN_POINT('',(23.2837821516304,78.19999999368,243.350003662155));
#8731=CARTESIAN_POINT('Origin',(23.2837821516304,78.19999999368,241.700003662155));
#8732=CARTESIAN_POINT('Origin',(23.2837821516304,78.19999999368,241.700003662155));
#8733=CARTESIAN_POINT('Origin',(23.2837821516304,82.99999999368,241.700003662155));
#8734=CARTESIAN_POINT('',(23.2837821516304,80.99999999368,243.350003662155));
#8735=CARTESIAN_POINT('',(23.2837821516304,82.99999999368,243.350003662155));
#8736=CARTESIAN_POINT('Origin',(23.2837821516304,80.99999999368,241.700003662155));
#8737=CARTESIAN_POINT('Origin',(13.541835216127,78.09999999368,241.700003662154));
#8738=CARTESIAN_POINT('',(11.241835216127,78.19999999368,241.700003662154));
#8739=CARTESIAN_POINT('',(11.141835216127,78.09999999368,241.700003662154));
#8740=CARTESIAN_POINT('Origin',(13.541835216127,78.19999999368,241.700003662154));
#8741=CARTESIAN_POINT('Origin',(13.541835216127,77.99999999368,241.700003662154));
#8742=CARTESIAN_POINT('',(11.241835216127,82.99999999368,241.700003662154));
#8743=CARTESIAN_POINT('',(11.241835216127,77.99999999368,241.700003662154));
#8744=CARTESIAN_POINT('Origin',(13.541835216127,82.99999999368,241.700003662154));
#8745=CARTESIAN_POINT('Ctrl Pts',(20.2471458692248,84.0040382948417,240.506341294606));
#8746=CARTESIAN_POINT('Ctrl Pts',(20.5002110149277,83.9374240949291,239.878482735825));
#8747=CARTESIAN_POINT('Ctrl Pts',(21.2972345101961,83.4938373163394,238.976659306));
#8748=CARTESIAN_POINT('Ctrl Pts',(22.3966150102829,83.0570116911289,238.606149242998));
#8749=CARTESIAN_POINT('Ctrl Pts',(22.8909312138422,82.9338090342702,238.555260369165));
#8750=CARTESIAN_POINT('Ctrl Pts',(20.2377769574243,84.1787269816292,240.488399368039));
#8751=CARTESIAN_POINT('Ctrl Pts',(20.5030796493134,84.1162465191541,239.836096009225));
#8752=CARTESIAN_POINT('Ctrl Pts',(21.3462961526716,83.6999589078988,238.911869879331));
#8753=CARTESIAN_POINT('Ctrl Pts',(22.4538115577371,83.3059921143933,238.568797821519));
#8754=CARTESIAN_POINT('Ctrl Pts',(22.9376832668077,83.1967405855207,238.526237630866));
#8755=CARTESIAN_POINT('Ctrl Pts',(20.1442538688194,84.4767701798631,240.426716608625));
#8756=CARTESIAN_POINT('Ctrl Pts',(20.4318283181377,84.4209006376296,239.713350020862));
#8757=CARTESIAN_POINT('Ctrl Pts',(21.3399059507683,84.0497615638596,238.702190030223));
#8758=CARTESIAN_POINT('Ctrl Pts',(22.4987657945665,83.7236735142179,238.327760326178));
#8759=CARTESIAN_POINT('Ctrl Pts',(22.9941869931843,83.6360860846192,238.277944797592));
#8760=CARTESIAN_POINT('Ctrl Pts',(19.9385625041229,84.6918593018164,240.326822811806));
#8761=CARTESIAN_POINT('Ctrl Pts',(20.2463344880365,84.6356000472908,239.536358964041));
#8762=CARTESIAN_POINT('Ctrl Pts',(21.1842693922904,84.2611812707853,238.388029911214));
#8763=CARTESIAN_POINT('Ctrl Pts',(22.4294199268394,83.9098593082605,237.896956941531));
#8764=CARTESIAN_POINT('Ctrl Pts',(22.9779371233264,83.8126150350213,237.818146923266));
#8765=CARTESIAN_POINT('Ctrl Pts',(19.8367949328774,84.7617241920959,240.28036814604));
#8766=CARTESIAN_POINT('Ctrl Pts',(20.1526239283523,84.7035315112159,239.456720760687));
#8767=CARTESIAN_POINT('Ctrl Pts',(21.0990885071124,84.3160239845491,238.248382450386));
#8768=CARTESIAN_POINT('Ctrl Pts',(22.3840673480272,83.9344228508359,237.708244611123));
#8769=CARTESIAN_POINT('Ctrl Pts',(22.9589812441072,83.8267957547582,237.618071471993));
#8770=CARTESIAN_POINT('',(22.2487145645567,83.9876532950225,237.806096559762));
#8771=CARTESIAN_POINT('',(22.3687611262807,83.0883067539573,238.651438562816));
#8772=CARTESIAN_POINT('Ctrl Pts',(22.2487145645571,83.9876532950223,237.806096559762));
#8773=CARTESIAN_POINT('Ctrl Pts',(22.4785397317696,83.915408511193,237.867678027716));
#8774=CARTESIAN_POINT('Ctrl Pts',(22.6667364943189,83.8357677539032,237.950281816738));
#8775=CARTESIAN_POINT('Ctrl Pts',(22.8435682465495,83.7229098142694,238.069548904304));
#8776=CARTESIAN_POINT('Ctrl Pts',(22.8928039641074,83.6848176805009,238.110135422629));
#8777=CARTESIAN_POINT('Ctrl Pts',(22.947996852673,83.615551728223,238.182176236375));
#8778=CARTESIAN_POINT('Ctrl Pts',(22.9636069530207,83.5863582500633,238.212113388201));
#8779=CARTESIAN_POINT('Ctrl Pts',(22.973050338959,83.5314536361302,238.266644283784));
#8780=CARTESIAN_POINT('Ctrl Pts',(22.9710943943382,83.5078882647805,238.289505307765));
#8781=CARTESIAN_POINT('Ctrl Pts',(22.955197561929,83.4599875183949,238.334780185391));
#8782=CARTESIAN_POINT('Ctrl Pts',(22.9413859201959,83.4368654141176,238.356022344658));
#8783=CARTESIAN_POINT('Ctrl Pts',(22.8946938916898,83.3783710929843,238.408635260736));
#8784=CARTESIAN_POINT('Ctrl Pts',(22.8545662946549,83.3444394655191,238.437927019754));
#8785=CARTESIAN_POINT('Ctrl Pts',(22.6851944188583,83.2232489317234,238.540850465795));
#8786=CARTESIAN_POINT('Ctrl Pts',(22.5023279490363,83.1416793275533,238.606697481559));
#8787=CARTESIAN_POINT('Ctrl Pts',(22.3686766463028,83.087820526627,238.651740125675));
#8788=CARTESIAN_POINT('',(20.0045223837613,84.7225136479633,239.896485147028));
#8789=CARTESIAN_POINT('Ctrl Pts',(22.2487566516837,83.9883199954037,237.805643626609));
#8790=CARTESIAN_POINT('Ctrl Pts',(21.9315126161614,84.072281447106,237.924845931462));
#8791=CARTESIAN_POINT('Ctrl Pts',(21.0399561124092,84.3510329098638,238.406106015208));
#8792=CARTESIAN_POINT('Ctrl Pts',(20.3280260753089,84.6329184931463,239.241934585563));
#8793=CARTESIAN_POINT('Ctrl Pts',(20.0046926130765,84.7220726033991,239.896629277985));
#8794=CARTESIAN_POINT('',(19.9781212769305,84.7295774004043,239.950976507468));
#8795=CARTESIAN_POINT('Ctrl Pts',(19.9782516220882,84.7292326385991,239.951082453079));
#8796=CARTESIAN_POINT('Ctrl Pts',(19.986953056256,84.7269210123784,239.932853125078));
#8797=CARTESIAN_POINT('Ctrl Pts',(19.9957671963936,84.7245336464891,239.914701712831));
#8798=CARTESIAN_POINT('Ctrl Pts',(20.0046926130781,84.7220726033986,239.896629277981));
#8799=CARTESIAN_POINT('',(20.2471458692249,84.0040382948417,240.506341294606));
#8800=CARTESIAN_POINT('Ctrl Pts',(20.2471458692248,84.0040382948417,240.506341294606));
#8801=CARTESIAN_POINT('Ctrl Pts',(20.2472998197755,84.0054563697697,240.505610522577));
#8802=CARTESIAN_POINT('Ctrl Pts',(20.2474508952566,84.0068740644497,240.50487847199));
#8803=CARTESIAN_POINT('Ctrl Pts',(20.247599097473,84.0082913687287,240.504145148604));
#8804=CARTESIAN_POINT('Ctrl Pts',(20.2515920482513,84.0464772094195,240.484387521118));
#8805=CARTESIAN_POINT('Ctrl Pts',(20.2534982765972,84.0843681404861,240.463720098228));
#8806=CARTESIAN_POINT('Ctrl Pts',(20.2533430559571,84.1217751872139,240.44223566714));
#8807=CARTESIAN_POINT('Ctrl Pts',(20.2531876597779,84.1592245375981,240.420726939294));
#8808=CARTESIAN_POINT('Ctrl Pts',(20.2509657987834,84.1961895021839,240.398399065682));
#8809=CARTESIAN_POINT('Ctrl Pts',(20.246658007544,84.2324661913259,240.375367294266));
#8810=CARTESIAN_POINT('Ctrl Pts',(20.2452915653484,84.2439732481918,240.368061558553));
#8811=CARTESIAN_POINT('Ctrl Pts',(20.2437149263651,84.255410909609,240.360685183271));
#8812=CARTESIAN_POINT('Ctrl Pts',(20.2419266200746,84.2667722288946,240.353242386473));
#8813=CARTESIAN_POINT('Ctrl Pts',(20.2362348913716,84.3029324478828,240.329553838047));
#8814=CARTESIAN_POINT('Ctrl Pts',(20.2284125307253,84.3382657020761,240.305224037773));
#8815=CARTESIAN_POINT('Ctrl Pts',(20.2184179867401,84.3725576803346,240.28035203394));
#8816=CARTESIAN_POINT('Ctrl Pts',(20.208423442755,84.406849658593,240.255480030107));
#8817=CARTESIAN_POINT('Ctrl Pts',(20.1962562654886,84.440100974951,240.230065593065));
#8818=CARTESIAN_POINT('Ctrl Pts',(20.1818365942222,84.472061212345,240.204227852582));
#8819=CARTESIAN_POINT('Ctrl Pts',(20.1794296372744,84.4773960715127,240.199914971392));
#8820=CARTESIAN_POINT('Ctrl Pts',(20.1769598411197,84.4826948635396,240.195590345315));
#8821=CARTESIAN_POINT('Ctrl Pts',(20.1744272973131,84.4879566762695,240.191254807612));
#8822=CARTESIAN_POINT('Ctrl Pts',(20.1591628929209,84.5196712065912,240.16512321589));
#8823=CARTESIAN_POINT('Ctrl Pts',(20.1416954089668,84.5498929299402,240.138718690096));
#8824=CARTESIAN_POINT('Ctrl Pts',(20.1220913715859,84.5784623750045,240.1121973806));
#8825=CARTESIAN_POINT('Ctrl Pts',(20.1023399434134,84.6072466162886,240.085476673565));
#8826=CARTESIAN_POINT('Ctrl Pts',(20.0804189378211,84.6343543103654,240.058637173486));
#8827=CARTESIAN_POINT('Ctrl Pts',(20.0563709748637,84.6595775429609,240.031855022004));
#8828=CARTESIAN_POINT('Ctrl Pts',(20.0335657595282,84.6834972924972,240.006456915196));
#8829=CARTESIAN_POINT('Ctrl Pts',(20.0088469878602,84.7057224795959,239.981110326137));
#8830=CARTESIAN_POINT('Ctrl Pts',(19.98223954329,84.7260304035917,239.955982133218));
#8831=CARTESIAN_POINT('Ctrl Pts',(19.9807895969519,84.7271370637955,239.954612797234));
#8832=CARTESIAN_POINT('Ctrl Pts',(19.9793340406206,84.7282380183635,239.953244114239));
#8833=CARTESIAN_POINT('Ctrl Pts',(19.97787287793,84.7293332269737,239.951876112804));
#8834=CARTESIAN_POINT('Ctrl Pts',(20.2471458692248,84.0040382948417,240.506341294606));
#8835=CARTESIAN_POINT('Ctrl Pts',(20.5002110149277,83.9374240949291,239.878482735825));
#8836=CARTESIAN_POINT('Ctrl Pts',(21.1745532707345,83.5621160761617,239.115471796225));
#8837=CARTESIAN_POINT('Ctrl Pts',(22.0653360298792,83.1916479897168,238.732798440054));
#8838=CARTESIAN_POINT('Ctrl Pts',(22.3687804953884,83.0884182298103,238.651369424362));
#8839=CARTESIAN_POINT('Ctrl Pts',(24.5889677031154,83.9215182883684,246.153676607416));
#8840=CARTESIAN_POINT('Ctrl Pts',(25.1384832027754,84.4811187287619,245.921710325088));
#8841=CARTESIAN_POINT('Ctrl Pts',(25.5606034137353,85.126979863083,245.603519726045));
#8842=CARTESIAN_POINT('Ctrl Pts',(25.8910075135626,85.7955597815447,245.269774822459));
#8843=CARTESIAN_POINT('Ctrl Pts',(24.4828884404369,83.981782264854,246.018183446229));
#8844=CARTESIAN_POINT('Ctrl Pts',(25.0254514221522,84.5155051505839,245.798115807085));
#8845=CARTESIAN_POINT('Ctrl Pts',(25.4546044339091,85.144340745955,245.490822119476));
#8846=CARTESIAN_POINT('Ctrl Pts',(25.7940295572809,85.8015202994887,245.166109434679));
#8847=CARTESIAN_POINT('Ctrl Pts',(24.3139208745141,84.0338338957918,245.684511586239));
#8848=CARTESIAN_POINT('Ctrl Pts',(24.8419738179166,84.5285148216185,245.499256064469));
#8849=CARTESIAN_POINT('Ctrl Pts',(25.2822302366976,85.1343323059648,245.222601608585));
#8850=CARTESIAN_POINT('Ctrl Pts',(25.6361549335788,85.7779875640349,244.92353014694));
#8851=CARTESIAN_POINT('Ctrl Pts',(24.2513806424305,83.8614265632355,245.04691027272));
#8852=CARTESIAN_POINT('Ctrl Pts',(24.7474166083126,84.3545397636569,244.919563316665));
#8853=CARTESIAN_POINT('Ctrl Pts',(25.1793713649215,84.9660078102185,244.699951779459));
#8854=CARTESIAN_POINT('Ctrl Pts',(25.5333463021686,85.6207869355289,244.450452812981));
#8855=CARTESIAN_POINT('Ctrl Pts',(24.4356852941918,83.5453583385349,244.715406427286));
#8856=CARTESIAN_POINT('Ctrl Pts',(24.9087802888718,84.0916499132239,244.587133456983));
#8857=CARTESIAN_POINT('Ctrl Pts',(25.3056862957661,84.7416911736446,244.378125048208));
#8858=CARTESIAN_POINT('Ctrl Pts',(25.6336714355167,85.4293453754079,244.146197048141));
#8859=CARTESIAN_POINT('Ctrl Pts',(24.596196524866,83.3436620120874,244.624020529926));
#8860=CARTESIAN_POINT('Ctrl Pts',(25.0640264429867,83.9246843088722,244.469758372792));
#8861=CARTESIAN_POINT('Ctrl Pts',(25.438188491161,84.5990314572814,244.24826886692));
#8862=CARTESIAN_POINT('Ctrl Pts',(25.7456005136517,85.3079347948691,244.011469277039));
#8863=CARTESIAN_POINT('',(24.8578027260942,84.2140251647392,246.028204607602));
#8864=CARTESIAN_POINT('',(25.1614982569968,84.1607606167515,244.385441382589));
#8865=CARTESIAN_POINT('Ctrl Pts',(24.8578027161018,84.2140251576151,246.028204611773));
#8866=CARTESIAN_POINT('Ctrl Pts',(24.7297378917945,84.1591985368243,245.993889745521));
#8867=CARTESIAN_POINT('Ctrl Pts',(24.6201388555415,84.1149185292727,245.944041438701));
#8868=CARTESIAN_POINT('Ctrl Pts',(24.4737750492727,84.0555762562128,245.837233326042));
#8869=CARTESIAN_POINT('Ctrl Pts',(24.4203783824038,84.0339204451518,245.784020471381));
#8870=CARTESIAN_POINT('Ctrl Pts',(24.3496609867868,84.0026106341504,245.668728780893));
#8871=CARTESIAN_POINT('Ctrl Pts',(24.3285384860694,83.9919646406535,245.613078920033));
#8872=CARTESIAN_POINT('Ctrl Pts',(24.309016518341,83.9769282103097,245.493482177422));
#8873=CARTESIAN_POINT('Ctrl Pts',(24.3109949249163,83.9729053089295,245.433070361263));
#8874=CARTESIAN_POINT('Ctrl Pts',(24.336581035726,83.9694824270607,245.292708727925));
#8875=CARTESIAN_POINT('Ctrl Pts',(24.3671680952179,83.9722021588137,245.214553779681));
#8876=CARTESIAN_POINT('Ctrl Pts',(24.4706962377742,83.9868261659336,245.017713406897));
#8877=CARTESIAN_POINT('Ctrl Pts',(24.5629071736071,84.0046840575382,244.901208945419));
#8878=CARTESIAN_POINT('Ctrl Pts',(24.7954263225913,84.0569426710493,244.656294342611));
#8879=CARTESIAN_POINT('Ctrl Pts',(24.9656762513526,84.1005213979787,244.515591373181));
#8880=CARTESIAN_POINT('Ctrl Pts',(25.1611857286062,84.1609634546202,244.385357582327));
#8881=CARTESIAN_POINT('',(25.8910075135625,85.7955597815445,245.269774822459));
#8882=CARTESIAN_POINT('Ctrl Pts',(24.8581124849084,84.213805396411,246.028367110159));
#8883=CARTESIAN_POINT('Ctrl Pts',(25.2792261857573,84.7011646485757,245.813176460399));
#8884=CARTESIAN_POINT('Ctrl Pts',(25.6167203831726,85.2405337774271,245.546835343));
#8885=CARTESIAN_POINT('Ctrl Pts',(25.8910075135626,85.7955597815447,245.269774822459));
#8886=CARTESIAN_POINT('',(25.4889830479696,85.4909001649958,244.950877886492));
#8887=CARTESIAN_POINT('Ctrl Pts',(25.8910075135626,85.7955597815445,245.269774822459));
#8888=CARTESIAN_POINT('Ctrl Pts',(25.8404557625699,85.7580592122114,245.256229521604));
#8889=CARTESIAN_POINT('Ctrl Pts',(25.7937104853859,85.7236957781898,245.238900545146));
#8890=CARTESIAN_POINT('Ctrl Pts',(25.7510206082431,85.6923174424902,245.218020081897));
#8891=CARTESIAN_POINT('Ctrl Pts',(25.7083307311003,85.6609391067907,245.197139618649));
#8892=CARTESIAN_POINT('Ctrl Pts',(25.6696945750887,85.6325455085347,245.172707156719));
#8893=CARTESIAN_POINT('Ctrl Pts',(25.6353783748168,85.606949973788,245.144913269679));
#8894=CARTESIAN_POINT('Ctrl Pts',(25.6148191891388,85.5916154277947,245.128261668399));
#8895=CARTESIAN_POINT('Ctrl Pts',(25.5953567137418,85.5769447379488,245.110040656854));
#8896=CARTESIAN_POINT('Ctrl Pts',(25.5772959368168,85.5630569081209,245.090125116788));
#8897=CARTESIAN_POINT('Ctrl Pts',(25.5593110580998,85.5492274402007,245.070293269346));
#8898=CARTESIAN_POINT('Ctrl Pts',(25.5427162167245,85.5361737867516,245.04878066399));
#8899=CARTESIAN_POINT('Ctrl Pts',(25.5278488208323,85.5239994633928,245.025497451116));
#8900=CARTESIAN_POINT('Ctrl Pts',(25.5206530291518,85.518107113759,245.014228419827));
#8901=CARTESIAN_POINT('Ctrl Pts',(25.5138624834077,85.5124205444658,245.002545141569));
#8902=CARTESIAN_POINT('Ctrl Pts',(25.5075143736653,85.5069540208525,244.990442467751));
#8903=CARTESIAN_POINT('Ctrl Pts',(25.5007845070933,85.5011587564316,244.97761197438));
#8904=CARTESIAN_POINT('Ctrl Pts',(25.4946367268737,85.4956846583099,244.964469027936));
#8905=CARTESIAN_POINT('Ctrl Pts',(25.4890729080625,85.4905263996281,244.951029644719));
#8906=CARTESIAN_POINT('',(25.513381051156,84.8077304214219,244.177704010181));
#8907=CARTESIAN_POINT('Ctrl Pts',(25.5133237455137,84.8062610843732,244.177959699458));
#8908=CARTESIAN_POINT('Ctrl Pts',(25.5127492723792,84.8074703773474,244.17861608641));
#8909=CARTESIAN_POINT('Ctrl Pts',(25.5121768785243,84.8086793414211,244.179274809233));
#8910=CARTESIAN_POINT('Ctrl Pts',(25.511606564362,84.8098879688106,244.179935860957));
#8911=CARTESIAN_POINT('Ctrl Pts',(25.4933667484742,84.8485423500608,244.20107765006));
#8912=CARTESIAN_POINT('Ctrl Pts',(25.4772783600905,84.8867929422741,244.224566624699));
#8913=CARTESIAN_POINT('Ctrl Pts',(25.4633578897192,84.9243844340308,244.250169442244));
#8914=CARTESIAN_POINT('Ctrl Pts',(25.4494705351848,84.9618864982272,244.275711352455));
#8915=CARTESIAN_POINT('Ctrl Pts',(25.4377402907592,84.9987333756578,244.303357819374));
#8916=CARTESIAN_POINT('Ctrl Pts',(25.4282210010305,85.0346671058758,244.33291130435));
#8917=CARTESIAN_POINT('Ctrl Pts',(25.424355862341,85.0492573594433,244.344910972544));
#8918=CARTESIAN_POINT('Ctrl Pts',(25.4208557001787,85.0636969522872,244.357225364296));
#8919=CARTESIAN_POINT('Ctrl Pts',(25.4177262033793,85.0779679370436,244.369842416566));
#8920=CARTESIAN_POINT('Ctrl Pts',(25.4100721517671,85.1128715847812,244.400700914101));
#8921=CARTESIAN_POINT('Ctrl Pts',(25.4046609575242,85.1466286582827,244.433248515763));
#8922=CARTESIAN_POINT('Ctrl Pts',(25.4015607215085,85.1789950059941,244.467275062154));
#8923=CARTESIAN_POINT('Ctrl Pts',(25.3986244323931,85.2096497542159,244.499502214312));
#8924=CARTESIAN_POINT('Ctrl Pts',(25.3977609689446,85.2390575165032,244.53305685422));
#8925=CARTESIAN_POINT('Ctrl Pts',(25.3990666574298,85.2669911014041,244.567775168837));
#8926=CARTESIAN_POINT('Ctrl Pts',(25.3997986452042,85.2826510715093,244.587238756161));
#8927=CARTESIAN_POINT('Ctrl Pts',(25.401213085584,85.2978473236786,244.607068276634));
#8928=CARTESIAN_POINT('Ctrl Pts',(25.403333060845,85.3125358953651,244.62723562941));
#8929=CARTESIAN_POINT('Ctrl Pts',(25.4038992731124,85.3164589833524,244.63262201422));
#8930=CARTESIAN_POINT('Ctrl Pts',(25.4045153085309,85.3203423213034,244.63802777017));
#8931=CARTESIAN_POINT('Ctrl Pts',(25.4051814327104,85.3241852901193,244.643452220476));
#8932=CARTESIAN_POINT('Ctrl Pts',(25.4096762192074,85.3501163775575,244.68005462396));
#8933=CARTESIAN_POINT('Ctrl Pts',(25.4164482932524,85.374211930771,244.717507292655));
#8934=CARTESIAN_POINT('Ctrl Pts',(25.4254200972386,85.3963473963299,244.755551596857));
#8935=CARTESIAN_POINT('Ctrl Pts',(25.4341588910196,85.417907973117,244.79260783766));
#8936=CARTESIAN_POINT('Ctrl Pts',(25.4449848768659,85.4376092244559,244.830226409551));
#8937=CARTESIAN_POINT('Ctrl Pts',(25.4578626850068,85.4553044890291,244.868169613029));
#8938=CARTESIAN_POINT('Ctrl Pts',(25.4671896979865,85.4681206422554,244.895650745491));
#8939=CARTESIAN_POINT('Ctrl Pts',(25.4775937751448,85.4798839068935,244.923302257653));
#8940=CARTESIAN_POINT('Ctrl Pts',(25.4890729080625,85.4905263996281,244.951029644719));
#8941=CARTESIAN_POINT('Ctrl Pts',(25.513593128605,84.8068056565447,244.17778067178));
#8942=CARTESIAN_POINT('Ctrl Pts',(25.4042264742268,84.5856985642238,244.250470448644));
#8943=CARTESIAN_POINT('Ctrl Pts',(25.2873247959421,84.3695946875596,244.320307219698));
#8944=CARTESIAN_POINT('Ctrl Pts',(25.1619986912346,84.1604358238131,244.385575567263));
#8945=CARTESIAN_POINT('Ctrl Pts',(26.5216790894675,85.3372008357321,242.667859867673));
#8946=CARTESIAN_POINT('Ctrl Pts',(26.3182163032278,85.3142079062373,243.341506784904));
#8947=CARTESIAN_POINT('Ctrl Pts',(25.8869756823103,85.0226230187884,243.91213366492));
#8948=CARTESIAN_POINT('Ctrl Pts',(25.3542795700769,84.7136433542866,244.301543920894));
#8949=CARTESIAN_POINT('Ctrl Pts',(26.5318234754012,85.4697355914891,242.674409694516));
#8950=CARTESIAN_POINT('Ctrl Pts',(26.3200849093247,85.4478714860032,243.373612078627));
#8951=CARTESIAN_POINT('Ctrl Pts',(25.8652247263817,85.1701792853831,243.961649688816));
#8952=CARTESIAN_POINT('Ctrl Pts',(25.3158019677226,84.8810602234152,244.350886947899));
#8953=CARTESIAN_POINT('Ctrl Pts',(26.6035819702967,85.7300097676816,242.702891908654));
#8954=CARTESIAN_POINT('Ctrl Pts',(26.3734667249222,85.7102674114088,243.464397053956));
#8955=CARTESIAN_POINT('Ctrl Pts',(25.8822165379084,85.4589202895279,244.105046874691));
#8956=CARTESIAN_POINT('Ctrl Pts',(25.300000019792,85.2069190010635,244.526179753501));
#8957=CARTESIAN_POINT('Ctrl Pts',(26.7666714846228,85.9400461306658,242.757570071076));
#8958=CARTESIAN_POINT('Ctrl Pts',(26.5171142126155,85.9207912513636,243.593629240576));
#8959=CARTESIAN_POINT('Ctrl Pts',(26.0144616787524,85.675850201573,244.310253011349));
#8960=CARTESIAN_POINT('Ctrl Pts',(25.4099920051516,85.4245491461808,244.804927121771));
#8961=CARTESIAN_POINT('Ctrl Pts',(26.8647387236356,86.0242177793724,242.789338301553));
#8962=CARTESIAN_POINT('Ctrl Pts',(26.6057984805075,86.0045523360563,243.662785751807));
#8963=CARTESIAN_POINT('Ctrl Pts',(26.1019832129086,85.7551649721167,244.418559718527));
#8964=CARTESIAN_POINT('Ctrl Pts',(25.4889830479696,85.4909001649958,244.950877886492));
#8965=CARTESIAN_POINT('',(26.4183408040118,85.3114854071672,242.956187025448));
#8966=CARTESIAN_POINT('Ctrl Pts',(26.4183771483524,85.3115573251371,242.956308904448));
#8967=CARTESIAN_POINT('Ctrl Pts',(26.2171696509128,85.2392674997935,243.439439356003));
#8968=CARTESIAN_POINT('Ctrl Pts',(25.8973844946111,85.0357012828123,243.857731825743));
#8969=CARTESIAN_POINT('Ctrl Pts',(25.512909248556,84.8078801980549,244.177840141391));
#8970=CARTESIAN_POINT('',(26.8647387236356,86.0242177793725,242.789338301553));
#8971=CARTESIAN_POINT('Ctrl Pts',(25.4889830479696,85.4909001649958,244.950877886492));
#8972=CARTESIAN_POINT('Ctrl Pts',(26.1019832129086,85.7551649721167,244.418559718527));
#8973=CARTESIAN_POINT('Ctrl Pts',(26.6057984805075,86.0045523360563,243.662785751807));
#8974=CARTESIAN_POINT('Ctrl Pts',(26.8647387236356,86.0242177793724,242.789338301553));
#8975=CARTESIAN_POINT('Ctrl Pts',(26.4187835011863,85.3108772434233,242.955139462417));
#8976=CARTESIAN_POINT('Ctrl Pts',(26.4191466844162,85.3124593368662,242.95460439009));
#8977=CARTESIAN_POINT('Ctrl Pts',(26.4195129222075,85.3140410500305,242.954070297174));
#8978=CARTESIAN_POINT('Ctrl Pts',(26.4198822112969,85.3156223701716,242.953537186065));
#8979=CARTESIAN_POINT('Ctrl Pts',(26.4290715399924,85.3549716793369,242.940271337316));
#8980=CARTESIAN_POINT('Ctrl Pts',(26.4401394813628,85.3940792589085,242.927634608106));
#8981=CARTESIAN_POINT('Ctrl Pts',(26.4530647038605,85.4327638315052,242.915640180372));
#8982=CARTESIAN_POINT('Ctrl Pts',(26.4658244758027,85.4709532185045,242.903799288465));
#8983=CARTESIAN_POINT('Ctrl Pts',(26.4803943364357,85.5087308467188,242.892584355019));
#8984=CARTESIAN_POINT('Ctrl Pts',(26.496762210847,85.5459084474053,242.882055654834));
#8985=CARTESIAN_POINT('Ctrl Pts',(26.5128945242961,85.5825510005243,242.871678480172));
#8986=CARTESIAN_POINT('Ctrl Pts',(26.5307736230426,85.6186110822267,242.86196801833));
#8987=CARTESIAN_POINT('Ctrl Pts',(26.550394677854,85.6538882559702,242.853027845825));
#8988=CARTESIAN_POINT('Ctrl Pts',(26.5612633134886,85.673429241474,242.848075641246));
#8989=CARTESIAN_POINT('Ctrl Pts',(26.5726665524029,85.6927296072416,242.843360599865));
#8990=CARTESIAN_POINT('Ctrl Pts',(26.5846041584928,85.7117518967343,242.838906323031));
#8991=CARTESIAN_POINT('Ctrl Pts',(26.5854017131446,85.7130227809768,242.838608731606));
#8992=CARTESIAN_POINT('Ctrl Pts',(26.5862016531028,85.714292423002,242.838312305702));
#8993=CARTESIAN_POINT('Ctrl Pts',(26.5870039743596,85.7155608134104,242.838017051806));
#8994=CARTESIAN_POINT('Ctrl Pts',(26.609130073682,85.7505399840615,242.82987465625));
#8995=CARTESIAN_POINT('Ctrl Pts',(26.6330080465067,85.7844686598903,242.82262431684));
#8996=CARTESIAN_POINT('Ctrl Pts',(26.6585739532188,85.8171915656757,242.8163357231));
#8997=CARTESIAN_POINT('Ctrl Pts',(26.6841093805426,85.8498754595784,242.81005462655));
#8998=CARTESIAN_POINT('Ctrl Pts',(26.7113292987081,85.8813568234489,242.804733440706));
#8999=CARTESIAN_POINT('Ctrl Pts',(26.740176559215,85.9114388766331,242.800471110313));
#9000=CARTESIAN_POINT('Ctrl Pts',(26.7685499355023,85.9410267612185,242.79627879874));
#9001=CARTESIAN_POINT('Ctrl Pts',(26.7984981198222,85.9692611799341,242.793111285642));
#9002=CARTESIAN_POINT('Ctrl Pts',(26.8299651438629,85.9959098102647,242.791084531353));
#9003=CARTESIAN_POINT('Ctrl Pts',(26.8413582454116,86.0055583410917,242.790350714981));
#9004=CARTESIAN_POINT('Ctrl Pts',(26.852950402459,86.0149985376973,242.789766619354));
#9005=CARTESIAN_POINT('Ctrl Pts',(26.8647387236356,86.0242177793724,242.789338301553));
#9006=CARTESIAN_POINT('Ctrl Pts',(20.1899086594165,84.713643354286,242.917754905969));
#9007=CARTESIAN_POINT('Ctrl Pts',(19.9232848594891,85.0226236703268,242.314166402912));
#9008=CARTESIAN_POINT('Ctrl Pts',(19.83514308123,85.3142092736727,241.604329245173));
#9009=CARTESIAN_POINT('Ctrl Pts',(19.9957530458686,85.3372008357313,240.919243254426));
#9010=CARTESIAN_POINT('Ctrl Pts',(20.1985597270296,84.8810602234146,242.979726022032));
#9011=CARTESIAN_POINT('Ctrl Pts',(19.9173636972039,85.1701798950418,242.367923998145));
#9012=CARTESIAN_POINT('Ctrl Pts',(19.8174725076987,85.4478727863051,241.631197379779));
#9013=CARTESIAN_POINT('Ctrl Pts',(19.9836928365226,85.4697355914883,240.919843377896));
#9014=CARTESIAN_POINT('Ctrl Pts',(20.1245986354436,85.2069192859205,243.139434948482));
#9015=CARTESIAN_POINT('Ctrl Pts',(19.8309501604477,85.4589211057748,242.48361353509));
#9016=CARTESIAN_POINT('Ctrl Pts',(19.7258510561049,85.7102686608998,241.683124846066));
#9017=CARTESIAN_POINT('Ctrl Pts',(19.9073071882574,85.7300098430546,240.908630485924));
#9018=CARTESIAN_POINT('Ctrl Pts',(19.8899686748964,85.4245491461803,243.325841328229));
#9019=CARTESIAN_POINT('Ctrl Pts',(19.6138190546422,85.6758507314858,242.595204604533));
#9020=CARTESIAN_POINT('Ctrl Pts',(19.536833666534,85.9207923964897,241.723215006362));
#9021=CARTESIAN_POINT('Ctrl Pts',(19.7387283062286,85.9400461306652,240.874438371974));
#9022=CARTESIAN_POINT('Ctrl Pts',(19.7485850427843,85.4909001649953,243.41274287677));
#9023=CARTESIAN_POINT('Ctrl Pts',(19.483869853207,85.7551655293659,242.645240119533));
#9024=CARTESIAN_POINT('Ctrl Pts',(19.4254532105234,86.0045535055995,241.738761963309));
#9025=CARTESIAN_POINT('Ctrl Pts',(19.6379154707261,86.0242177793718,240.852916847094));
#9026=CARTESIAN_POINT('',(19.6379154707261,86.0242177793718,240.852916847094));
#9027=CARTESIAN_POINT('',(19.7485850427843,85.4909001649953,243.41274287677));
#9028=CARTESIAN_POINT('Ctrl Pts',(19.6379154707261,86.0242177793718,240.852916847094));
#9029=CARTESIAN_POINT('Ctrl Pts',(19.4254532105234,86.0045535055995,241.738761963309));
#9030=CARTESIAN_POINT('Ctrl Pts',(19.483869853207,85.7551655293659,242.645240119533));
#9031=CARTESIAN_POINT('Ctrl Pts',(19.7485850427843,85.4909001649953,243.41274287677));
#9032=CARTESIAN_POINT('',(20.1143572503266,84.8068672331296,242.730939669838));
#9033=CARTESIAN_POINT('Ctrl Pts',(19.7484316803223,85.4905261630134,243.412829618741));
#9034=CARTESIAN_POINT('Ctrl Pts',(19.7810763438528,85.4759316822609,243.387771055251));
#9035=CARTESIAN_POINT('Ctrl Pts',(19.8118996058073,85.4592309912185,243.36182643086));
#9036=CARTESIAN_POINT('Ctrl Pts',(19.8407723173459,85.4405939885035,243.33519995028));
#9037=CARTESIAN_POINT('Ctrl Pts',(19.8705757471919,85.4213562178421,243.307715159149));
#9038=CARTESIAN_POINT('Ctrl Pts',(19.8983016103225,85.4000550002517,243.27950305332));
#9039=CARTESIAN_POINT('Ctrl Pts',(19.9237801294533,85.3768382697985,243.250759962487));
#9040=CARTESIAN_POINT('Ctrl Pts',(19.9419831358006,85.360251187573,243.230224598473));
#9041=CARTESIAN_POINT('Ctrl Pts',(19.9590384605549,85.3426855374024,243.20941757964));
#9042=CARTESIAN_POINT('Ctrl Pts',(19.9748726831414,85.3241849156143,243.188405534714));
#9043=CARTESIAN_POINT('Ctrl Pts',(19.978161788464,85.3203419423794,243.184040885397));
#9044=CARTESIAN_POINT('Ctrl Pts',(19.981398168266,85.3164585999026,243.179667381467));
#9045=CARTESIAN_POINT('Ctrl Pts',(19.9845817141823,85.3125355072847,243.175285741843));
#9046=CARTESIAN_POINT('Ctrl Pts',(20.0056944133538,85.2865182685069,243.14622750248));
#9047=CARTESIAN_POINT('Ctrl Pts',(20.0243625061399,85.2589099694778,243.116981525563));
#9048=CARTESIAN_POINT('Ctrl Pts',(20.0406101604889,85.229948314135,243.087742855698));
#9049=CARTESIAN_POINT('Ctrl Pts',(20.0577910894296,85.1993230846859,243.056824699854));
#9050=CARTESIAN_POINT('Ctrl Pts',(20.072265810029,85.1671839797324,243.025913854124));
#9051=CARTESIAN_POINT('Ctrl Pts',(20.0840148680316,85.1337823458349,242.99522519556));
#9052=CARTESIAN_POINT('Ctrl Pts',(20.0904311173652,85.1155414612302,242.978465887281));
#9053=CARTESIAN_POINT('Ctrl Pts',(20.0960336373589,85.0969235955661,242.961772654793));
#9054=CARTESIAN_POINT('Ctrl Pts',(20.1008132814897,85.0779672314999,242.945180116017));
#9055=CARTESIAN_POINT('Ctrl Pts',(20.1096547892922,85.0429012650363,242.914486813955));
#9056=CARTESIAN_POINT('Ctrl Pts',(20.1156480336408,85.0068184275458,242.884257266353));
#9057=CARTESIAN_POINT('Ctrl Pts',(20.1187616440916,84.9699801241116,242.854687708374));
#9058=CARTESIAN_POINT('Ctrl Pts',(20.1218945666642,84.9329133316572,242.824934745658));
#9059=CARTESIAN_POINT('Ctrl Pts',(20.1221119728114,84.895080863559,242.795849025708));
#9060=CARTESIAN_POINT('Ctrl Pts',(20.1193312738547,84.8567395814955,242.767635699435));
#9061=CARTESIAN_POINT('Ctrl Pts',(20.1182042615403,84.841199928442,242.756200888752));
#9062=CARTESIAN_POINT('Ctrl Pts',(20.1165841877421,84.8255766544044,242.74490952313));
#9063=CARTESIAN_POINT('Ctrl Pts',(20.1144632248853,84.809886877312,242.733776038757));
#9064=CARTESIAN_POINT('Ctrl Pts',(20.1142998409729,84.8086782483365,242.732918394207));
#9065=CARTESIAN_POINT('Ctrl Pts',(20.1141334915186,84.8074692826071,242.732061726635));
#9066=CARTESIAN_POINT('Ctrl Pts',(20.1139641734227,84.8062599880523,242.731206042411));
#9067=CARTESIAN_POINT('',(19.941075573642,85.3107194565052,241.220622583354));
#9068=CARTESIAN_POINT('Ctrl Pts',(20.1143572503266,84.8068672331296,242.730939669838));
#9069=CARTESIAN_POINT('Ctrl Pts',(19.9415134446566,85.0347747236024,242.261533700096));
#9070=CARTESIAN_POINT('Ctrl Pts',(19.8737723999911,85.238404091037,241.73948801006));
#9071=CARTESIAN_POINT('Ctrl Pts',(19.9410766332293,85.3107171971022,241.220622721195));
#9072=CARTESIAN_POINT('Ctrl Pts',(19.9407615390004,85.3115370331806,241.220665879053));
#9073=CARTESIAN_POINT('Ctrl Pts',(19.9407223166076,85.312867629058,241.220119235811));
#9074=CARTESIAN_POINT('Ctrl Pts',(19.9406809194985,85.3141979638194,241.219572111522));
#9075=CARTESIAN_POINT('Ctrl Pts',(19.935952496869,85.4585333982288,241.160147590325));
#9076=CARTESIAN_POINT('Ctrl Pts',(19.9061428322813,85.598592702785,241.095520577345));
#9077=CARTESIAN_POINT('Ctrl Pts',(19.7994617321565,85.8385822968922,240.969908313743));
#9078=CARTESIAN_POINT('Ctrl Pts',(19.7288948120188,85.9402983118849,240.909945768586));
#9079=CARTESIAN_POINT('Ctrl Pts',(19.6379154707261,86.0242177793718,240.852916847094));
#9080=CARTESIAN_POINT('Ctrl Pts',(19.2409731746545,85.795559781544,243.48790349171));
#9081=CARTESIAN_POINT('Ctrl Pts',(19.3602912602737,85.1266872774146,243.942335889399));
#9082=CARTESIAN_POINT('Ctrl Pts',(19.56688836074,84.4805455395146,244.429187863005));
#9083=CARTESIAN_POINT('Ctrl Pts',(19.9270944407262,83.9207836617591,244.90502924936));
#9084=CARTESIAN_POINT('Ctrl Pts',(19.3767912422915,85.8015202994881,243.44661561054));
#9085=CARTESIAN_POINT('Ctrl Pts',(19.5084432681125,85.1440531493436,243.897734939838));
#9086=CARTESIAN_POINT('Ctrl Pts',(19.7265859221269,84.5149471248947,244.378663027265));
#9087=CARTESIAN_POINT('Ctrl Pts',(20.0867082532271,83.9810815166826,244.840710222535));
#9088=CARTESIAN_POINT('Ctrl Pts',(19.6348045403036,85.7779876621425,243.315473163876));
#9089=CARTESIAN_POINT('Ctrl Pts',(19.791845282519,85.1340507259988,243.75162978414));
#9090=CARTESIAN_POINT('Ctrl Pts',(20.0349379366052,84.5279774379897,244.211563851699));
#9091=CARTESIAN_POINT('Ctrl Pts',(20.3998810756902,84.0331847006533,244.636176773739));
#9092=CARTESIAN_POINT('Ctrl Pts',(19.9603781986247,85.620787052895,242.957180480722));
#9093=CARTESIAN_POINT('Ctrl Pts',(20.1422595639192,84.9657213814555,243.350412404426));
#9094=CARTESIAN_POINT('Ctrl Pts',(20.4066942098586,84.3539972376369,243.756766240251));
#9095=CARTESIAN_POINT('Ctrl Pts',(20.7728451759679,83.8607795671914,244.115180728859));
#9096=CARTESIAN_POINT('Ctrl Pts',(20.0256216427115,85.4293453754072,242.643524635046));
#9097=CARTESIAN_POINT('Ctrl Pts',(20.193774661134,84.7413902406391,243.008532410598));
#9098=CARTESIAN_POINT('Ctrl Pts',(20.4331383851293,84.091072873705,243.388167070768));
#9099=CARTESIAN_POINT('Ctrl Pts',(20.7789565090115,83.5446407821635,243.735924720252));
#9100=CARTESIAN_POINT('Ctrl Pts',(19.9960521031754,85.3079347948684,242.470882423609));
#9101=CARTESIAN_POINT('Ctrl Pts',(20.1439436214973,84.5987212251743,242.829819905732));
#9102=CARTESIAN_POINT('Ctrl Pts',(20.3573524028594,83.9240856860059,243.208893386464));
#9103=CARTESIAN_POINT('Ctrl Pts',(20.685620246531,83.3428992658028,243.576551847968));
#9104=CARTESIAN_POINT('',(20.3149119365468,84.1607596650034,243.086802525203));
#9105=CARTESIAN_POINT('',(19.7565398753425,84.2140251647388,244.661325346365));
#9106=CARTESIAN_POINT('Ctrl Pts',(20.3152260007278,84.1609634546198,243.086886586689));
#9107=CARTESIAN_POINT('Ctrl Pts',(20.4504829802111,84.0825060014742,243.360180930256));
#9108=CARTESIAN_POINT('Ctrl Pts',(20.5417214671011,84.0313773216795,243.631657948187));
#9109=CARTESIAN_POINT('Ctrl Pts',(20.593782538292,83.9869658681405,243.988750760432));
#9110=CARTESIAN_POINT('Ctrl Pts',(20.5995402591381,83.9756543839336,244.115070818175));
#9111=CARTESIAN_POINT('Ctrl Pts',(20.5680811710489,83.9696789452966,244.310727677433));
#9112=CARTESIAN_POINT('Ctrl Pts',(20.5449275517089,83.9704833209121,244.386203548113));
#9113=CARTESIAN_POINT('Ctrl Pts',(20.4756360523748,83.9811162632872,244.506702697435));
#9114=CARTESIAN_POINT('Ctrl Pts',(20.436717251118,83.9888076045538,244.552480212435));
#9115=CARTESIAN_POINT('Ctrl Pts',(20.3413757708506,84.011384201276,244.627215818005));
#9116=CARTESIAN_POINT('Ctrl Pts',(20.2877105730019,84.0256716971687,244.653835549786));
#9117=CARTESIAN_POINT('Ctrl Pts',(20.1552703025224,84.064653479684,244.695038730376));
#9118=CARTESIAN_POINT('Ctrl Pts',(20.0756091093763,84.0908270450884,244.702326415979));
#9119=CARTESIAN_POINT('Ctrl Pts',(19.9162302892808,84.148330663096,244.696528746381));
#9120=CARTESIAN_POINT('Ctrl Pts',(19.8344573150954,84.1806674453364,244.682203268272));
#9121=CARTESIAN_POINT('Ctrl Pts',(19.7565398819106,84.2140251576147,244.661325354973));
#9122=CARTESIAN_POINT('Ctrl Pts',(20.3144111491781,84.1604347146522,243.086668485943));
#9123=CARTESIAN_POINT('Ctrl Pts',(20.2385101293294,84.3695935878687,242.967481556839));
#9124=CARTESIAN_POINT('Ctrl Pts',(20.1721891949484,84.585698018829,242.848550312404));
#9125=CARTESIAN_POINT('Ctrl Pts',(20.1138201761227,84.8068053922187,242.730915866234));
#9126=CARTESIAN_POINT('',(19.2409731746546,85.7955597815439,243.48790349171));
#9127=CARTESIAN_POINT('Ctrl Pts',(19.7485850427843,85.4909001649953,243.41274287677));
#9128=CARTESIAN_POINT('Ctrl Pts',(19.7151057767658,85.5058427133102,243.43843045961));
#9129=CARTESIAN_POINT('Ctrl Pts',(19.6792161873239,85.5231615753855,243.459041451155));
#9130=CARTESIAN_POINT('Ctrl Pts',(19.5779691267458,85.5756978038725,243.501332964322));
#9131=CARTESIAN_POINT('Ctrl Pts',(19.5120646458713,85.6136345039709,243.513036804623));
#9132=CARTESIAN_POINT('Ctrl Pts',(19.3765637255295,85.6987557733237,243.516134685683));
#9133=CARTESIAN_POINT('Ctrl Pts',(19.3067572680336,85.7467594748022,243.505530286406));
#9134=CARTESIAN_POINT('Ctrl Pts',(19.2409731746545,85.795559781544,243.48790349171));
#9135=CARTESIAN_POINT('Ctrl Pts',(19.2409731746545,85.795559781544,243.48790349171));
#9136=CARTESIAN_POINT('Ctrl Pts',(19.3399824281873,85.2405343887145,243.86498809077));
#9137=CARTESIAN_POINT('Ctrl Pts',(19.499088136729,84.7011603924139,244.26439537059));
#9138=CARTESIAN_POINT('Ctrl Pts',(19.7561884750578,84.2138042297052,244.661311147679));
#9139=CARTESIAN_POINT('Ctrl Pts',(19.8839140039285,85.683109842348,241.441004847677));
#9140=CARTESIAN_POINT('Ctrl Pts',(19.9579959276127,85.129712570111,241.105930502069));
#9141=CARTESIAN_POINT('Ctrl Pts',(20.0810512810547,84.5644935758086,240.794849557911));
#9142=CARTESIAN_POINT('Ctrl Pts',(20.2471458692252,84.0040382948423,240.506341294605));
#9143=CARTESIAN_POINT('Ctrl Pts',(19.8847612552032,85.7746866988439,241.324405874283));
#9144=CARTESIAN_POINT('Ctrl Pts',(19.9709970575731,85.2303626123856,240.973333312675));
#9145=CARTESIAN_POINT('Ctrl Pts',(20.1101903615951,84.6751264711785,240.649067712868));
#9146=CARTESIAN_POINT('Ctrl Pts',(20.2960872552521,84.1266149868533,240.352522342794));
#9147=CARTESIAN_POINT('Ctrl Pts',(19.8197954204249,85.9519107418714,241.086232756692));
#9148=CARTESIAN_POINT('Ctrl Pts',(19.9137714020374,85.4241432419754,240.695276544149));
#9149=CARTESIAN_POINT('Ctrl Pts',(20.0683280979675,84.8873745189849,240.332238559096));
#9150=CARTESIAN_POINT('Ctrl Pts',(20.275766524555,84.3602785044354,239.998974830901));
#9151=CARTESIAN_POINT('Ctrl Pts',(19.6344309421315,86.0830125434253,240.884223640872));
#9152=CARTESIAN_POINT('Ctrl Pts',(19.7056982636937,85.5574418045053,240.456492939651));
#9153=CARTESIAN_POINT('Ctrl Pts',(19.838441697224,85.0197807639086,240.055227170652));
#9154=CARTESIAN_POINT('Ctrl Pts',(20.0276648948338,84.4882697181261,239.679488923139));
#9155=CARTESIAN_POINT('Ctrl Pts',(19.520560641039,86.1306434675,240.802082246448));
#9156=CARTESIAN_POINT('Ctrl Pts',(19.5758944223639,85.6007978923805,240.360993256744));
#9157=CARTESIAN_POINT('Ctrl Pts',(19.6934284549129,85.0564675614201,239.946333756648));
#9158=CARTESIAN_POINT('Ctrl Pts',(19.8684444588873,84.5142758047687,239.556797803405));
#9159=CARTESIAN_POINT('',(19.7568104337459,84.8890543084223,239.830110932437));
#9160=CARTESIAN_POINT('',(19.5205606410388,86.1306434674999,240.802082246448));
#9161=CARTESIAN_POINT('Ctrl Pts',(19.7567068117696,84.8890971538829,239.830003679555));
#9162=CARTESIAN_POINT('Ctrl Pts',(19.6425806252163,85.3064736241893,240.138771055195));
#9163=CARTESIAN_POINT('Ctrl Pts',(19.5631482011106,85.7228486318895,240.462598780902));
#9164=CARTESIAN_POINT('Ctrl Pts',(19.520560641039,86.1306434675,240.802082246448));
#9165=CARTESIAN_POINT('Ctrl Pts',(19.520560641039,86.1306434675,240.802082246448));
#9166=CARTESIAN_POINT('Ctrl Pts',(19.5449462135753,86.1087958870563,240.808616340916));
#9167=CARTESIAN_POINT('Ctrl Pts',(19.5687832697328,86.087297219318,240.817184514282));
#9168=CARTESIAN_POINT('Ctrl Pts',(19.5918964468598,86.0662675451695,240.8279575226));
#9169=CARTESIAN_POINT('Ctrl Pts',(19.6075686120786,86.0520081239769,240.835262289284));
#9170=CARTESIAN_POINT('Ctrl Pts',(19.6229070087708,86.0379641533544,240.843580474678));
#9171=CARTESIAN_POINT('Ctrl Pts',(19.6378445278289,86.0241723696766,240.852959545035));
#9172=CARTESIAN_POINT('Ctrl Pts',(19.9406664266194,85.3115918981402,241.220569357946));
#9173=CARTESIAN_POINT('Ctrl Pts',(20.0149738041968,84.8780536422504,240.968414993785));
#9174=CARTESIAN_POINT('Ctrl Pts',(20.1180621329128,84.4396073431778,240.730561270673));
#9175=CARTESIAN_POINT('Ctrl Pts',(20.2471458692252,84.0040382948423,240.506341294605));
#9176=CARTESIAN_POINT('Ctrl Pts',(19.9781212769306,84.7295774004043,239.950976507468));
#9177=CARTESIAN_POINT('Ctrl Pts',(19.9730986417676,84.7333478742158,239.946265106219));
#9178=CARTESIAN_POINT('Ctrl Pts',(19.9679818010356,84.7371701234353,239.941664380622));
#9179=CARTESIAN_POINT('Ctrl Pts',(19.9015459100137,84.7865722204674,239.884416377913));
#9180=CARTESIAN_POINT('Ctrl Pts',(19.8309949944547,84.8367270603695,239.849988622494));
#9181=CARTESIAN_POINT('Ctrl Pts',(19.7568104355864,84.8890543058688,239.830110929854));
#9182=CARTESIAN_POINT('Ctrl Pts',(25.1956045600591,82.9335741013062,239.172446137893));
#9183=CARTESIAN_POINT('Ctrl Pts',(25.7327337259693,83.0977843663256,239.56071252924));
#9184=CARTESIAN_POINT('Ctrl Pts',(26.4428794067779,83.5890814571326,240.498944523174));
#9185=CARTESIAN_POINT('Ctrl Pts',(26.5815247085619,83.9540559355449,241.68165590322));
#9186=CARTESIAN_POINT('Ctrl Pts',(26.5104174980221,84.0040382948422,242.184579869516));
#9187=CARTESIAN_POINT('Ctrl Pts',(25.1696366640525,83.1965319009391,239.123958503867));
#9188=CARTESIAN_POINT('Ctrl Pts',(25.7002356145357,83.3421443622669,239.495636581493));
#9189=CARTESIAN_POINT('Ctrl Pts',(26.4409712789121,83.788492337944,240.421347414338));
#9190=CARTESIAN_POINT('Ctrl Pts',(26.5998281974534,84.1318462725828,241.650326858469));
#9191=CARTESIAN_POINT('Ctrl Pts',(26.5275021769307,84.1787269816297,242.173726161216));
#9192=CARTESIAN_POINT('Ctrl Pts',(25.2448377880711,83.6359185908232,238.880656534412));
#9193=CARTESIAN_POINT('Ctrl Pts',(25.7839303179697,83.7526515801088,239.268399601582));
#9194=CARTESIAN_POINT('Ctrl Pts',(26.5575256869283,84.1269590195237,240.256431315985));
#9195=CARTESIAN_POINT('Ctrl Pts',(26.7200995086855,84.4348497344585,241.595635086043));
#9196=CARTESIAN_POINT('Ctrl Pts',(26.6393370438084,84.4767700988455,242.167068891785));
#9197=CARTESIAN_POINT('Ctrl Pts',(25.4887490117817,83.8124294354772,238.490486541111));
#9198=CARTESIAN_POINT('Ctrl Pts',(26.069871112858,83.9420380003132,238.947104444258));
#9199=CARTESIAN_POINT('Ctrl Pts',(26.8417205138213,84.3405271720238,240.083490666648));
#9200=CARTESIAN_POINT('Ctrl Pts',(26.9639798890523,84.6496465262046,241.5542949143));
#9201=CARTESIAN_POINT('Ctrl Pts',(26.8674177727857,84.6918593018167,242.183403985513));
#9202=CARTESIAN_POINT('Ctrl Pts',(25.6051702581153,83.8265905225551,238.326650000579));
#9203=CARTESIAN_POINT('Ctrl Pts',(26.2092231845378,83.970040951473,238.813986961896));
#9204=CARTESIAN_POINT('Ctrl Pts',(26.9811544232402,84.3992271439075,240.014082847954));
#9205=CARTESIAN_POINT('Ctrl Pts',(27.0825543012283,84.7180607166206,241.540362381572));
#9206=CARTESIAN_POINT('Ctrl Pts',(26.978778407649,84.7617241920963,242.194056850457));
#9207=CARTESIAN_POINT('',(25.6002305758185,83.0882859675835,239.517380243418));
#9208=CARTESIAN_POINT('',(26.1271305281122,83.9876532951081,238.845314985213));
#9209=CARTESIAN_POINT('Ctrl Pts',(25.6004185346273,83.0878205266273,239.517682754797));
#9210=CARTESIAN_POINT('Ctrl Pts',(25.5286029804743,83.1293108663376,239.436153327012));
#9211=CARTESIAN_POINT('Ctrl Pts',(25.454600718257,83.1777848576486,239.347533158309));
#9212=CARTESIAN_POINT('Ctrl Pts',(25.3308833672701,83.2831052821677,239.175427431174));
#9213=CARTESIAN_POINT('Ctrl Pts',(25.2946531404723,83.3293873079567,239.109413757401));
#9214=CARTESIAN_POINT('Ctrl Pts',(25.2600372127864,83.398372442963,239.01984471225));
#9215=CARTESIAN_POINT('Ctrl Pts',(25.2507880404819,83.4306955245426,238.981142041685));
#9216=CARTESIAN_POINT('Ctrl Pts',(25.2548079812145,83.4915220973845,238.917982288365));
#9217=CARTESIAN_POINT('Ctrl Pts',(25.2629794911087,83.5178771254809,238.893512148719));
#9218=CARTESIAN_POINT('Ctrl Pts',(25.2939190945241,83.5714650272875,238.850337273672));
#9219=CARTESIAN_POINT('Ctrl Pts',(25.3156601389126,83.5968692846497,238.833131221677));
#9220=CARTESIAN_POINT('Ctrl Pts',(25.3786295953685,83.6555659890222,238.799636840098));
#9221=CARTESIAN_POINT('Ctrl Pts',(25.424184656751,83.6872662578367,238.787265040072));
#9222=CARTESIAN_POINT('Ctrl Pts',(25.5520545719609,83.7646087254176,238.766615592496));
#9223=CARTESIAN_POINT('Ctrl Pts',(25.6529889368005,83.8127052623388,238.76586603009));
#9224=CARTESIAN_POINT('Ctrl Pts',(25.8837243422263,83.9069897602517,238.78885624193));
#9225=CARTESIAN_POINT('Ctrl Pts',(26.0073687161848,83.9500065642451,238.813224904318));
#9226=CARTESIAN_POINT('Ctrl Pts',(26.1271305278665,83.9876532950227,238.845314985042));
#9227=CARTESIAN_POINT('',(26.5395177503224,83.9261137158089,241.7009414059));
#9228=CARTESIAN_POINT('Ctrl Pts',(25.6001012676835,83.0886061638143,239.517172129827));
#9229=CARTESIAN_POINT('Ctrl Pts',(25.9378668462787,83.2460791481133,239.855426377902));
#9230=CARTESIAN_POINT('Ctrl Pts',(26.3787463579333,83.5804472156562,240.546966286223));
#9231=CARTESIAN_POINT('Ctrl Pts',(26.5326382130427,83.8513804512542,241.361275257642));
#9232=CARTESIAN_POINT('Ctrl Pts',(26.5394026964225,83.9258927054377,241.701278617158));
#9233=CARTESIAN_POINT('',(26.510417498022,84.0040382948406,242.184579869516));
#9234=CARTESIAN_POINT('Ctrl Pts',(26.5394026964225,83.9258927054377,241.701278617158));
#9235=CARTESIAN_POINT('Ctrl Pts',(26.5425945748819,83.9610519401843,241.861712066163));
#9236=CARTESIAN_POINT('Ctrl Pts',(26.5332135330895,83.9880146088244,242.023349070489));
#9237=CARTESIAN_POINT('Ctrl Pts',(26.5104174980221,84.0040382948422,242.184579869516));
#9238=CARTESIAN_POINT('',(27.0210820227605,84.7295774004048,241.838132151636));
#9239=CARTESIAN_POINT('Ctrl Pts',(26.510417498022,84.0040382948373,242.184579869514));
#9240=CARTESIAN_POINT('Ctrl Pts',(26.5106400330661,84.0053981591236,242.18389916546));
#9241=CARTESIAN_POINT('Ctrl Pts',(26.5108654658886,84.0067576860252,242.183218761227));
#9242=CARTESIAN_POINT('Ctrl Pts',(26.5110937926759,84.0081168665302,242.182538660207));
#9243=CARTESIAN_POINT('Ctrl Pts',(26.5185826653252,84.0526965228623,242.160232079428));
#9244=CARTESIAN_POINT('Ctrl Pts',(26.5291787451401,84.0968859004636,242.138252323088));
#9245=CARTESIAN_POINT('Ctrl Pts',(26.5427663007136,84.1403704640895,242.116740313521));
#9246=CARTESIAN_POINT('Ctrl Pts',(26.5558960821347,84.1823900026677,242.095953058447));
#9247=CARTESIAN_POINT('Ctrl Pts',(26.5718194536403,84.2237521186951,242.075601813852));
#9248=CARTESIAN_POINT('Ctrl Pts',(26.5904765315197,84.2641570995517,242.055823740654));
#9249=CARTESIAN_POINT('Ctrl Pts',(26.594243946113,84.2723160575357,242.051829964026));
#9250=CARTESIAN_POINT('Ctrl Pts',(26.5981229708639,84.2804359142853,242.047859614115));
#9251=CARTESIAN_POINT('Ctrl Pts',(26.6021133276078,84.2885140786659,242.043913916721));
#9252=CARTESIAN_POINT('Ctrl Pts',(26.6214510704687,84.3276618229917,242.024792598376));
#9253=CARTESIAN_POINT('Ctrl Pts',(26.643357291085,84.3657453637346,242.006291566825));
#9254=CARTESIAN_POINT('Ctrl Pts',(26.6677831289136,84.4024892616379,241.988579891865));
#9255=CARTESIAN_POINT('Ctrl Pts',(26.6905225273181,84.4366962411169,241.972091088651));
#9256=CARTESIAN_POINT('Ctrl Pts',(26.7154460425607,84.4697425387187,241.956285886562));
#9257=CARTESIAN_POINT('Ctrl Pts',(26.7425418808247,84.5013788351158,241.941323644718));
#9258=CARTESIAN_POINT('Ctrl Pts',(26.7533900466218,84.5140448314647,241.935333319612));
#9259=CARTESIAN_POINT('Ctrl Pts',(26.764586708064,84.5264844702745,241.929478424631));
#9260=CARTESIAN_POINT('Ctrl Pts',(26.7761322669379,84.5386801938782,241.923770625521));
#9261=CARTESIAN_POINT('Ctrl Pts',(26.7783160091005,84.5409869090514,241.922691044904));
#9262=CARTESIAN_POINT('Ctrl Pts',(26.7805114417704,84.5432840617908,241.921617124224));
#9263=CARTESIAN_POINT('Ctrl Pts',(26.7827185432245,84.5455715567308,241.920548940405));
#9264=CARTESIAN_POINT('Ctrl Pts',(26.8130808360872,84.5770397935729,241.905854323669));
#9265=CARTESIAN_POINT('Ctrl Pts',(26.8456496018806,84.6066833890122,241.89224307283));
#9266=CARTESIAN_POINT('Ctrl Pts',(26.8802340099786,84.6343197568577,241.879809084444));
#9267=CARTESIAN_POINT('Ctrl Pts',(26.9131107304833,84.6605915131605,241.867989053875));
#9268=CARTESIAN_POINT('Ctrl Pts',(26.9478097527892,84.6850495624887,241.857232517199));
#9269=CARTESIAN_POINT('Ctrl Pts',(26.9841793839267,84.7075020864105,241.847648775643));
#9270=CARTESIAN_POINT('Ctrl Pts',(26.9963663386451,84.7150256131494,241.844437397889));
#9271=CARTESIAN_POINT('Ctrl Pts',(27.0087409279005,84.7223236389943,241.841357977036));
#9272=CARTESIAN_POINT('Ctrl Pts',(27.021297533447,84.7293879398479,241.838415515679));
#9273=CARTESIAN_POINT('',(27.025463674981,84.7225136503344,241.77774070611));
#9274=CARTESIAN_POINT('Ctrl Pts',(27.0208472488051,84.7292400525027,241.838827811606));
#9275=CARTESIAN_POINT('Ctrl Pts',(27.0224234119262,84.7269306946758,241.81875273753));
#9276=CARTESIAN_POINT('Ctrl Pts',(27.0238640765961,84.7245456562112,241.798687634867));
#9277=CARTESIAN_POINT('Ctrl Pts',(27.0251699459662,84.7220870608208,241.778634265913));
#9278=CARTESIAN_POINT('Ctrl Pts',(27.0252248291366,84.7219835375165,241.777790246162));
#9279=CARTESIAN_POINT('Ctrl Pts',(27.0585195314234,84.6590638620691,241.265028923399));
#9280=CARTESIAN_POINT('Ctrl Pts',(26.9401725205121,84.4195030635023,240.174923194643));
#9281=CARTESIAN_POINT('Ctrl Pts',(26.4660610000585,84.1213923626758,239.257881057232));
#9282=CARTESIAN_POINT('Ctrl Pts',(26.1270785731134,83.9886682936084,238.84500312361));
#9283=CARTESIAN_POINT('Ctrl Pts',(26.510417498022,84.0040382948373,242.184579869514));
#9284=CARTESIAN_POINT('Ctrl Pts',(26.5100054981472,84.5644949481732,242.517483463993));
#9285=CARTESIAN_POINT('Ctrl Pts',(26.4610336483829,85.1297149301736,242.848415721325));
#9286=CARTESIAN_POINT('Ctrl Pts',(26.3576537441971,85.6831098428859,243.175638183435));
#9287=CARTESIAN_POINT('Ctrl Pts',(26.5449424903319,84.1266149868484,242.026898056648));
#9288=CARTESIAN_POINT('Ctrl Pts',(26.5576612688304,84.6751278142968,242.376663183793));
#9289=CARTESIAN_POINT('Ctrl Pts',(26.5160729450342,85.2303649337534,242.727082706861));
#9290=CARTESIAN_POINT('Ctrl Pts',(26.4152194897691,85.774686699373,243.074236884802));
#9291=CARTESIAN_POINT('Ctrl Pts',(26.7393149784941,84.3602782328474,241.730877663768));
#9292=CARTESIAN_POINT('Ctrl Pts',(26.7523300934123,84.8873755380808,242.123212692536));
#9293=CARTESIAN_POINT('Ctrl Pts',(26.7046602678249,85.424145426622,242.514891604382));
#9294=CARTESIAN_POINT('Ctrl Pts',(26.590568235387,85.9519106762727,242.900455963079));
#9295=CARTESIAN_POINT('Ctrl Pts',(27.1139197832255,84.4882697181214,241.578245197839));
#9296=CARTESIAN_POINT('Ctrl Pts',(27.0899226968238,85.0197820653987,241.998256692631));
#9297=CARTESIAN_POINT('Ctrl Pts',(27.0042484079002,85.5574440458969,242.412135462267));
#9298=CARTESIAN_POINT('Ctrl Pts',(26.8521030168821,86.0830125439362,242.818193044967));
#9299=CARTESIAN_POINT('Ctrl Pts',(27.313154285424,84.5142758047638,241.551601789304));
#9300=CARTESIAN_POINT('Ctrl Pts',(27.2699545085319,85.0564688890636,241.976458862819));
#9301=CARTESIAN_POINT('Ctrl Pts',(27.1644115861223,85.6008001520046,242.394332246842));
#9302=CARTESIAN_POINT('Ctrl Pts',(26.9917882875567,86.1306434680149,242.803991661244));
#9303=CARTESIAN_POINT('',(26.9917882876839,86.1306434679404,242.803991661387));
#9304=CARTESIAN_POINT('',(27.2731756226029,84.889054308391,241.84411491477));
#9305=CARTESIAN_POINT('Ctrl Pts',(26.9917882875567,86.1306434680149,242.803991661244));
#9306=CARTESIAN_POINT('Ctrl Pts',(27.1246476322719,85.7228501032038,242.488697713057));
#9307=CARTESIAN_POINT('Ctrl Pts',(27.2177712759598,85.3064746647562,242.168538141571));
#9308=CARTESIAN_POINT('Ctrl Pts',(27.2733189643033,84.889097151551,241.844073842466));
#9309=CARTESIAN_POINT('Ctrl Pts',(27.2731756223041,84.8890543058695,241.844114911652));
#9310=CARTESIAN_POINT('Ctrl Pts',(27.2326816811799,84.8604912675395,241.833264592829));
#9311=CARTESIAN_POINT('Ctrl Pts',(27.1907768507267,84.8324325086582,241.826663296312));
#9312=CARTESIAN_POINT('Ctrl Pts',(27.1070595249587,84.7794859035376,241.824267742914));
#9313=CARTESIAN_POINT('Ctrl Pts',(27.0657191254207,84.7547550744766,241.828002554861));
#9314=CARTESIAN_POINT('Ctrl Pts',(27.0232903574745,84.7308201534265,241.837619505319));
#9315=CARTESIAN_POINT('Ctrl Pts',(27.0221857917149,84.730198051395,241.837873901815));
#9316=CARTESIAN_POINT('Ctrl Pts',(27.0210820227604,84.7295774004048,241.838132151636));
#9317=CARTESIAN_POINT('Ctrl Pts',(26.510417498022,84.0040382948373,242.184579869514));
#9318=CARTESIAN_POINT('Ctrl Pts',(26.51009730453,84.439607779051,242.443302191886));
#9319=CARTESIAN_POINT('Ctrl Pts',(26.4804473740421,84.8780542733311,242.700833843361));
#9320=CARTESIAN_POINT('Ctrl Pts',(26.4187225393496,85.3115911269443,242.956358785772));
#9321=CARTESIAN_POINT('Ctrl Pts',(26.8647387236356,86.0242177793724,242.789338301553));
#9322=CARTESIAN_POINT('Ctrl Pts',(26.908546808644,86.0584785801234,242.787746575101));
#9323=CARTESIAN_POINT('Ctrl Pts',(26.9510673062685,86.0941606284457,242.79308050675));
#9324=CARTESIAN_POINT('Ctrl Pts',(26.9917882877243,86.1306434675003,242.803991660846));
#9325=CARTESIAN_POINT('Origin',(22.9110824042447,90.5995783559253,243.090938055366));
#9326=CARTESIAN_POINT('',(28.2713431929542,90.3996069882176,245.907583845467));
#9327=CARTESIAN_POINT('Origin',(22.5659903441081,90.5995783559251,244.378839157084));
#9328=CARTESIAN_POINT('',(28.9615273132275,90.3996069882176,243.331781642029));
#9329=CARTESIAN_POINT('',(28.6164352530908,90.3996069882176,244.619682743748));
#9330=CARTESIAN_POINT('Origin',(23.2561744643812,90.5995783559253,241.803036953647));
#9331=CARTESIAN_POINT('Origin',(23.5149930289447,90.5995783559251,240.837112920754));
#9332=CARTESIAN_POINT('',(17.5161726139169,90.3995993002746,236.538015765941));
#9333=CARTESIAN_POINT('Origin',(24.1879225462112,90.5995783559252,238.325705772402));
#9334=CARTESIAN_POINT('',(16.8432430966504,90.3995993002745,239.049422914293));
#9335=CARTESIAN_POINT('',(16.8432430966504,90.3995993002745,239.049422914293));
#9336=CARTESIAN_POINT('Origin',(23.5149930289447,90.5995783559251,240.837112920754));
#9337=CARTESIAN_POINT('Origin',(22.4365808215569,90.5995783559251,244.861802070229));
#9338=CARTESIAN_POINT('',(16.8606374952621,90.3996069882176,242.850094468702));
#9339=CARTESIAN_POINT('Origin',(22.5659903441081,90.5995783559251,244.378839157084));
#9340=CARTESIAN_POINT('',(16.6124197364614,90.5995783559248,242.990639956767));
#9341=CARTESIAN_POINT('Ctrl Pts',(16.6124197364614,90.5995783559248,242.990639956767));
#9342=CARTESIAN_POINT('Ctrl Pts',(16.7390388762958,90.4979290167658,242.917536362299));
#9343=CARTESIAN_POINT('Ctrl Pts',(16.8606374952621,90.3996069882176,242.850094468702));
#9344=CARTESIAN_POINT('',(15.9602384109106,90.5995783559247,243.367177020634));
#9345=CARTESIAN_POINT('',(16.2449962750442,90.5995783559248,243.202771991122));
#9346=CARTESIAN_POINT('',(15.6339968330809,90.4594280421361,243.556693274278));
#9347=CARTESIAN_POINT('Ctrl Pts',(15.9602384109094,90.5995783559242,243.367177020635));
#9348=CARTESIAN_POINT('Ctrl Pts',(15.8530152650429,90.5464349232172,243.429082332764));
#9349=CARTESIAN_POINT('Ctrl Pts',(15.7444504322134,90.4992845849925,243.492277938708));
#9350=CARTESIAN_POINT('Ctrl Pts',(15.6339968330812,90.4594280421362,243.556693274278));
#9351=CARTESIAN_POINT('',(15.583364665504,90.441720746241,243.586228786196));
#9352=CARTESIAN_POINT('Ctrl Pts',(15.6339968330809,90.4594280421361,243.556693274278));
#9353=CARTESIAN_POINT('Ctrl Pts',(15.6171615536498,90.4533531288565,243.566511425814));
#9354=CARTESIAN_POINT('Ctrl Pts',(15.6002888995323,90.4474504259681,243.57635424492));
#9355=CARTESIAN_POINT('Ctrl Pts',(15.5833646655041,90.4417207462413,243.586228786197));
#9356=CARTESIAN_POINT('',(15.6354195725649,90.3995993002631,243.557074496174));
#9357=CARTESIAN_POINT('Ctrl Pts',(15.5833646655038,90.4417207462404,243.586228786197));
#9358=CARTESIAN_POINT('Ctrl Pts',(15.6094877245751,90.4205967669658,243.571542802892));
#9359=CARTESIAN_POINT('Ctrl Pts',(15.635419572565,90.3995993002632,243.557074496173));
#9360=CARTESIAN_POINT('Origin',(22.3071712990057,90.5995783559251,245.344764983374));
#9361=CARTESIAN_POINT('Origin',(22.4365808215569,90.5995783559251,244.861802070229));
#9362=CARTESIAN_POINT('',(28.9789230254464,90.3995993002631,247.132455470574));
#9363=CARTESIAN_POINT('Origin',(22.3071712990057,90.5995783559251,245.344764983374));
#9364=CARTESIAN_POINT('',(29.1231401149001,90.5995783559247,247.378153559309));
#9365=CARTESIAN_POINT('Ctrl Pts',(28.9789230254464,90.3995993002632,247.132455470573));
#9366=CARTESIAN_POINT('Ctrl Pts',(29.0503828180227,90.4981624439595,247.252134224496));
#9367=CARTESIAN_POINT('Ctrl Pts',(29.1231401149001,90.5995783559247,247.378153559309));
#9368=CARTESIAN_POINT('',(28.4160333337138,90.5995783559248,246.153408687918));
#9369=CARTESIAN_POINT('',(28.6281653680696,90.5995783559248,246.520832149335));
#9370=CARTESIAN_POINT('Ctrl Pts',(28.2713431929542,90.3996069882176,245.907583845467));
#9371=CARTESIAN_POINT('Ctrl Pts',(28.3429297392459,90.4979290167658,246.026789548084));
#9372=CARTESIAN_POINT('Ctrl Pts',(28.4160333337138,90.5995783559248,246.153408687918));
#9373=CARTESIAN_POINT('Origin',(22.9110824042447,90.5995783559253,243.090938055366));
#9374=CARTESIAN_POINT('',(17.5508216155349,90.3996069882176,240.274292265264));
#9375=CARTESIAN_POINT('Origin',(23.2561744643812,90.5995783559253,241.803036953647));
#9376=CARTESIAN_POINT('',(17.2057295553985,90.3996069882176,241.562193366983));
#9377=CARTESIAN_POINT('Origin',(23.2837821516304,80.99999999368,241.700003662155));
#9378=CARTESIAN_POINT('',(26.2837821516304,80.99999999368,241.700003662155));
#9379=CARTESIAN_POINT('Origin',(23.2837821516304,80.99999999368,241.700003662155));
#9380=CARTESIAN_POINT('',(26.2837821516304,80.99999999368,241.700003662155));
#9381=CARTESIAN_POINT('Ctrl Pts',(22.3686766432938,83.0878205254144,238.651740126689));
#9382=CARTESIAN_POINT('Ctrl Pts',(22.6170419453161,83.187906773124,238.568037014781));
#9383=CARTESIAN_POINT('Ctrl Pts',(22.9022128618018,83.2696782028245,238.51085391124));
#9384=CARTESIAN_POINT('Ctrl Pts',(23.5068704465593,83.3807370757235,238.484221903696));
#9385=CARTESIAN_POINT('Ctrl Pts',(23.8273662372482,83.4068193944355,238.521830540372));
#9386=CARTESIAN_POINT('Ctrl Pts',(24.4021110852835,83.4068193944355,238.675832958257));
#9387=CARTESIAN_POINT('Ctrl Pts',(24.6984729001645,83.3807370757236,238.803510818838));
#9388=CARTESIAN_POINT('Ctrl Pts',(25.2088057274785,83.2696782023688,239.12890360764));
#9389=CARTESIAN_POINT('Ctrl Pts',(25.4271794353884,83.1879067717063,239.321011088165));
#9390=CARTESIAN_POINT('Ctrl Pts',(25.6004185411444,83.0878205228622,239.517682762196));
#9391=CARTESIAN_POINT('Ctrl Pts',(25.1611857286065,84.1609634546203,244.385357582327));
#9392=CARTESIAN_POINT('Ctrl Pts',(25.0815803935122,84.1363533424133,244.438384702583));
#9393=CARTESIAN_POINT('Ctrl Pts',(25.0005360444557,84.1118669031354,244.487307729701));
#9394=CARTESIAN_POINT('Ctrl Pts',(24.5668761428025,83.9849497007004,244.724859807859));
#9395=CARTESIAN_POINT('Ctrl Pts',(24.1514654510546,83.8787437521945,244.863742144274));
#9396=CARTESIAN_POINT('Ctrl Pts',(23.2915121858942,83.7302877566651,244.967686812865));
#9397=CARTESIAN_POINT('Ctrl Pts',(22.8466515567806,83.6895783559257,244.932311783796));
#9398=CARTESIAN_POINT('Ctrl Pts',(22.0461942907217,83.6895783559257,244.71782990578));
#9399=CARTESIAN_POINT('Ctrl Pts',(21.6432461702317,83.730287756665,244.526035265056));
#9400=CARTESIAN_POINT('Ctrl Pts',(20.9504771308308,83.8787437521943,244.006039908889));
#9401=CARTESIAN_POINT('Ctrl Pts',(20.6601620869805,83.9849497007001,243.678058931543));
#9402=CARTESIAN_POINT('Ctrl Pts',(20.4033776346254,84.1118669031351,243.255502846309));
#9403=CARTESIAN_POINT('Ctrl Pts',(20.3576526830681,84.136353342413,243.172612087467));
#9404=CARTESIAN_POINT('Ctrl Pts',(20.3152260007275,84.1609634546199,243.086886586689));
#9405=CARTESIAN_POINT('Origin',(23.2837821516304,80.99999999368,241.700003662155));
#9406=CARTESIAN_POINT('Origin',(23.3855839869324,90.5995783559253,241.320074040502));
#9407=CARTESIAN_POINT('',(29.2097450720279,90.5995783559249,243.191236153965));
#9408=CARTESIAN_POINT('Ctrl Pts',(29.2097450720279,90.5995783559249,243.191236153965));
#9409=CARTESIAN_POINT('Ctrl Pts',(29.0831259321937,90.4979290167658,243.264339748433));
#9410=CARTESIAN_POINT('Ctrl Pts',(28.9615273132275,90.3996069882177,243.331781642029));
#9411=CARTESIAN_POINT('',(30.1895386952067,90.5995783559249,242.625552041873));
#9412=CARTESIAN_POINT('',(29.5771685334455,90.5995783559249,242.979104119609));
#9413=CARTESIAN_POINT('Origin',(23.5149930289447,90.5995783559251,240.837112920754));
#9414=CARTESIAN_POINT('Origin',(23.3855839869324,90.5995783559253,241.320074040502));
#9415=CARTESIAN_POINT('',(16.6990260064453,90.5995783559249,238.803724825356));
#9416=CARTESIAN_POINT('Ctrl Pts',(16.8432430966502,90.3995993002746,239.049422914293));
#9417=CARTESIAN_POINT('Ctrl Pts',(16.7717833038726,90.4981624435876,238.929744161122));
#9418=CARTESIAN_POINT('Ctrl Pts',(16.6990260064453,90.5995783559249,238.803724825356));
#9419=CARTESIAN_POINT('',(17.4061314747755,90.5995783559249,240.028467422813));
#9420=CARTESIAN_POINT('',(17.1939994404194,90.5995783559249,239.661043961396));
#9421=CARTESIAN_POINT('Ctrl Pts',(17.5508216155349,90.3996069882176,240.274292265265));
#9422=CARTESIAN_POINT('Ctrl Pts',(17.4792350692435,90.4979290167658,240.155086562648));
#9423=CARTESIAN_POINT('Ctrl Pts',(17.4061314747755,90.5995783559248,240.028467422813));
#9424=CARTESIAN_POINT('Origin',(33.0257290871337,82.99999999368,241.700003662154));
#9425=CARTESIAN_POINT('',(34.6757290871337,82.99999999368,241.700003662153));
#9426=CARTESIAN_POINT('Origin',(33.0257290871337,82.99999999368,241.700003662153));
#9427=CARTESIAN_POINT('Origin',(13.541835216127,82.99999999368,241.700003662154));
#9428=CARTESIAN_POINT('',(15.191835216127,82.99999999368,241.700003662153));
#9429=CARTESIAN_POINT('Origin',(13.541835216127,82.99999999368,241.700003662153));
#9430=CARTESIAN_POINT('Ctrl Pts',(29.1168081260166,90.5995783559245,254.613197220314));
#9431=CARTESIAN_POINT('Ctrl Pts',(29.2758050667366,90.5995783559245,254.521441686064));
#9432=CARTESIAN_POINT('Ctrl Pts',(29.4383617958629,90.5995783559245,254.427630093867));
#9433=CARTESIAN_POINT('Ctrl Pts',(29.60472885003,90.5995783559245,254.331617842453));
#9434=CARTESIAN_POINT('Ctrl Pts',(29.6054041366351,90.5995783559245,254.331228127147));
#9435=CARTESIAN_POINT('Ctrl Pts',(29.6060794232402,90.5995783559245,254.330838411842));
#9436=CARTESIAN_POINT('Ctrl Pts',(29.6067547098453,90.5995783559245,254.330448696537));
#9437=CARTESIAN_POINT('Ctrl Pts',(29.1505342215999,90.5329165901281,254.671638883414));
#9438=CARTESIAN_POINT('Ctrl Pts',(29.3095258183599,90.5329164527194,254.57987334986));
#9439=CARTESIAN_POINT('Ctrl Pts',(29.4720773015983,90.5329163208953,254.486051958713));
#9440=CARTESIAN_POINT('Ctrl Pts',(29.6384392027734,90.5329161941815,254.390030097121));
#9441=CARTESIAN_POINT('Ctrl Pts',(29.6391144672654,90.5329161936672,254.389640343499));
#9442=CARTESIAN_POINT('Ctrl Pts',(29.6397897317573,90.5329161931529,254.389250589876));
#9443=CARTESIAN_POINT('Ctrl Pts',(29.640464996249,90.5329161926387,254.388860836254));
#9444=CARTESIAN_POINT('Ctrl Pts',(29.1842603171832,90.4662548243317,254.730080546514));
#9445=CARTESIAN_POINT('Ctrl Pts',(29.3432465699631,90.4662545495116,254.638305013606));
#9446=CARTESIAN_POINT('Ctrl Pts',(29.505792807314,90.4662542858636,254.544473823511));
#9447=CARTESIAN_POINT('Ctrl Pts',(29.6721495555167,90.4662540324386,254.448442351789));
#9448=CARTESIAN_POINT('Ctrl Pts',(29.6728247978958,90.4662540314099,254.44805255985));
#9449=CARTESIAN_POINT('Ctrl Pts',(29.6735000402744,90.4662540303814,254.447662767911));
#9450=CARTESIAN_POINT('Ctrl Pts',(29.6741752826527,90.4662540293529,254.44727297597));
#9451=CARTESIAN_POINT('Ctrl Pts',(29.2179864127665,90.3995930585353,254.788522209613));
#9452=CARTESIAN_POINT('Ctrl Pts',(29.3769673215864,90.3995926463065,254.696736677402));
#9453=CARTESIAN_POINT('Ctrl Pts',(29.5395083130494,90.3995922508344,254.602895688358));
#9454=CARTESIAN_POINT('Ctrl Pts',(29.7058599082601,90.3995918706956,254.506854606457));
#9455=CARTESIAN_POINT('Ctrl Pts',(29.7065351285261,90.3995918691527,254.506464776201));
#9456=CARTESIAN_POINT('Ctrl Pts',(29.7072103487916,90.3995918676098,254.506074945945));
#9457=CARTESIAN_POINT('Ctrl Pts',(29.7078855690564,90.3995918660671,254.505685115687));
#9458=CARTESIAN_POINT('',(29.2179864127802,90.3995930585353,254.788522209606));
#9459=CARTESIAN_POINT('',(29.7078738269404,90.3995918660939,254.505691894856));
#9460=CARTESIAN_POINT('Ctrl Pts',(29.2179864127665,90.3995930585353,254.788522209613));
#9461=CARTESIAN_POINT('Ctrl Pts',(29.3769673215864,90.3995926463065,254.696736677402));
#9462=CARTESIAN_POINT('Ctrl Pts',(29.5395083130494,90.3995922508344,254.602895688358));
#9463=CARTESIAN_POINT('Ctrl Pts',(29.7058599082601,90.3995918706956,254.506854606457));
#9464=CARTESIAN_POINT('Ctrl Pts',(29.7065312144875,90.3995918691616,254.506467035924));
#9465=CARTESIAN_POINT('Ctrl Pts',(29.7072025207143,90.3995918676277,254.506079465391));
#9466=CARTESIAN_POINT('Ctrl Pts',(29.7078738269405,90.3995918660939,254.505691894856));
#9467=CARTESIAN_POINT('',(29.7078787324214,90.3996053855273,254.505673269378));
#9468=CARTESIAN_POINT('Ctrl Pts',(29.7078738269404,90.3995918660939,254.505691894856));
#9469=CARTESIAN_POINT('Ctrl Pts',(29.7078754621041,90.3995963725701,254.505685686363));
#9470=CARTESIAN_POINT('Ctrl Pts',(29.7078770972644,90.399600879048,254.50567947787));
#9471=CARTESIAN_POINT('Ctrl Pts',(29.7078787324214,90.3996053855273,254.505673269378));
#9472=CARTESIAN_POINT('',(29.5329593413173,90.5995783559245,254.37303670816));
#9473=CARTESIAN_POINT('Ctrl Pts',(29.7078787324214,90.3996053855273,254.505673269378));
#9474=CARTESIAN_POINT('Ctrl Pts',(29.6787329012248,90.4329247239003,254.483576830713));
#9475=CARTESIAN_POINT('Ctrl Pts',(29.649574500467,90.4662589433277,254.46146885317));
#9476=CARTESIAN_POINT('Ctrl Pts',(29.5912668927993,90.5329179046853,254.417255811453));
#9477=CARTESIAN_POINT('Ctrl Pts',(29.5621126460543,90.5662484081729,254.39514692622));
#9478=CARTESIAN_POINT('Ctrl Pts',(29.5329593413173,90.5995783559244,254.37303670816));
#9479=CARTESIAN_POINT('',(29.1864209440208,90.5995783559245,254.573024253123));
#9480=CARTESIAN_POINT('Ctrl Pts',(29.5329593413323,90.5995783559245,254.373036708186));
#9481=CARTESIAN_POINT('Ctrl Pts',(29.4155725021588,90.5995783559245,254.440781596525));
#9482=CARTESIAN_POINT('Ctrl Pts',(29.3000896259768,90.5995783559245,254.507426841018));
#9483=CARTESIAN_POINT('Ctrl Pts',(29.1864209440365,90.5995783559245,254.573024253151));
#9484=CARTESIAN_POINT('Ctrl Pts',(29.1864208582637,90.5995783559245,254.57302430265));
#9485=CARTESIAN_POINT('Ctrl Pts',(29.191674138276,90.5662745262296,254.608910556048));
#9486=CARTESIAN_POINT('Ctrl Pts',(29.1969346976356,90.5329351909532,254.644835521131));
#9487=CARTESIAN_POINT('Ctrl Pts',(29.2021968349408,90.4995966069091,254.680760135177));
#9488=CARTESIAN_POINT('Ctrl Pts',(29.2074584323357,90.4662614434993,254.716681063254));
#9489=CARTESIAN_POINT('Ctrl Pts',(29.2127216143213,90.4329269714629,254.752601705084));
#9490=CARTESIAN_POINT('Ctrl Pts',(29.2179864127846,90.3995930585356,254.788522209603));
#9491=CARTESIAN_POINT('Origin',(29.5061655532384,90.4995918707259,254.865754798195));
#9492=CARTESIAN_POINT('',(31.1293751249559,90.3996053855273,249.200576465198));
#9493=CARTESIAN_POINT('',(29.6043461302156,90.3996053855273,254.892062204288));
#9494=CARTESIAN_POINT('',(30.9284051797715,90.5995783559247,249.165161896188));
#9495=CARTESIAN_POINT('',(32.1419066767946,89.392096815745,249.379002988053));
#9496=CARTESIAN_POINT('',(29.4079849762611,90.5995783559245,254.839447392102));
#9497=CARTESIAN_POINT('Origin',(20.7013665684838,90.4995783559245,252.402988422503));
#9498=CARTESIAN_POINT('',(26.942290935721,90.5995783559245,253.971711434729));
#9499=CARTESIAN_POINT('',(20.7272484727916,90.5995783559245,252.30639583982));
#9500=CARTESIAN_POINT('',(27.0809159726092,90.3995783559245,254.215911137068));
#9501=CARTESIAN_POINT('Ctrl Pts',(26.942290935721,90.5995783559245,253.971711434729));
#9502=CARTESIAN_POINT('Ctrl Pts',(27.01197808988,90.5010258371834,254.092413126367));
#9503=CARTESIAN_POINT('Ctrl Pts',(27.0809159726092,90.3995783559245,254.215911137068));
#9504=CARTESIAN_POINT('',(29.2179684956969,90.3995783559245,254.788532630013));
#9505=CARTESIAN_POINT('',(20.6754846641759,90.3995783559245,252.499581005186));
#9506=CARTESIAN_POINT('Ctrl Pts',(29.2179684956969,90.3995783559245,254.788532630013));
#9507=CARTESIAN_POINT('Ctrl Pts',(29.2179774542396,90.3995857072199,254.788527419814));
#9508=CARTESIAN_POINT('Ctrl Pts',(29.2179864127802,90.3995930585353,254.788522209606));
#9509=CARTESIAN_POINT('Origin',(23.2839390756255,90.5995783559248,244.369292289385));
#9510=CARTESIAN_POINT('',(30.9261245927625,90.5995783559247,249.164760015171));
#9511=CARTESIAN_POINT('',(29.3445708958625,90.5995783559247,248.88606141429));
#9512=CARTESIAN_POINT('',(30.9261245927625,90.5995783559248,245.800003662153));
#9513=CARTESIAN_POINT('',(30.9261245927625,90.5995783559248,246.784647975769));
#9514=CARTESIAN_POINT('',(36.1519390756255,90.5995783559248,245.800003662156));
#9515=CARTESIAN_POINT('',(16.7499390756255,90.5995783559247,245.800003662153));
#9516=CARTESIAN_POINT('',(36.1519390756255,90.5995783559251,237.03284637463));
#9517=CARTESIAN_POINT('',(36.1519390756255,90.5995783559249,245.284647975771));
#9518=CARTESIAN_POINT('',(33.0690963631508,90.5995783559252,233.950003662156));
#9519=CARTESIAN_POINT('',(34.0483398761956,90.5995783559252,234.929247175201));
#9520=CARTESIAN_POINT('',(31.878868697039,90.5995783559252,233.950003662156));
#9521=CARTESIAN_POINT('',(29.2499390756254,90.5995783559252,233.950003662156));
#9522=CARTESIAN_POINT('',(31.6359861535662,90.5995783559252,234.136373992671));
#9523=CARTESIAN_POINT('Ctrl Pts',(31.6359861535662,90.5995783559252,234.136373992671));
#9524=CARTESIAN_POINT('Ctrl Pts',(31.7169470013905,90.5995783559252,234.074250549166));
#9525=CARTESIAN_POINT('Ctrl Pts',(31.7979078492147,90.5995783559252,234.012127105661));
#9526=CARTESIAN_POINT('Ctrl Pts',(31.878868697039,90.5995783559252,233.950003662156));
#9527=CARTESIAN_POINT('',(30.296782787524,90.599578355925,239.134348996408));
#9528=CARTESIAN_POINT('',(30.3485465965445,90.599578355925,238.94116383115));
#9529=CARTESIAN_POINT('',(30.7242717897552,90.5995783559248,239.87478166795));
#9530=CARTESIAN_POINT('',(30.5089148218799,90.599578355925,239.501772457826));
#9531=CARTESIAN_POINT('',(30.2117839144246,90.5995783559251,242.542531753526));
#9532=CARTESIAN_POINT('Origin',(33.0257290871346,90.5995783559248,241.70000366215));
#9533=CARTESIAN_POINT('',(30.1895386952067,90.5995783559249,242.625552041873));
#9534=CARTESIAN_POINT('',(28.8128892028708,90.5995783559248,244.672322420941));
#9535=CARTESIAN_POINT('',(28.536483612668,90.5995783559246,249.567585432231));
#9536=CARTESIAN_POINT('',(28.829811863784,90.5995783559247,248.47286949577));
#9537=CARTESIAN_POINT('',(27.3117387412762,90.5995783559246,250.274692213418));
#9538=CARTESIAN_POINT('',(27.6791622026938,90.5995783559246,250.062560179062));
#9539=CARTESIAN_POINT('',(26.5180270029621,90.5995783559245,253.236864747371));
#9540=CARTESIAN_POINT('',(26.9148828721192,90.5995783559246,251.755778480395));
#9541=CARTESIAN_POINT('',(26.7301590373179,90.5995783559245,253.604288208789));
#9542=CARTESIAN_POINT('Origin',(35.9946362096105,90.5995783559248,250.057924185905));
#9543=CARTESIAN_POINT('',(31.1261245927625,90.0820216314354,249.200003662153));
#9544=CARTESIAN_POINT('Origin',(21.5803801152365,90.3407999936799,247.517869419436));
#9545=CARTESIAN_POINT('',(31.1261245927625,90.3995783559247,249.200003662153));
#9546=CARTESIAN_POINT('',(31.1261245927625,90.5995783559248,249.200003662153));
#9547=CARTESIAN_POINT('',(32.1586095691666,89.3670933795205,249.381946342264));
#9548=CARTESIAN_POINT('Origin',(20.2743357274504,90.3407999936799,252.392093472447));
#9549=CARTESIAN_POINT('',(12.6174279431636,84.9785127983298,249.926320760392));
#9550=CARTESIAN_POINT('Origin',(20.3778633446818,90.3407999936799,252.005723141714));
#9551=CARTESIAN_POINT('',(29.7523177140027,85.7826291504352,249.923810540916));
#9552=CARTESIAN_POINT('Ctrl Pts',(29.7523177140027,85.7826291504352,249.923810540916));
#9553=CARTESIAN_POINT('Ctrl Pts',(29.2989164989551,84.965743565801,249.926613184744));
#9554=CARTESIAN_POINT('Ctrl Pts',(27.5732338003661,82.6957327341082,249.936665543476));
#9555=CARTESIAN_POINT('Ctrl Pts',(23.1364872137608,80.3339982014829,249.952786084126));
#9556=CARTESIAN_POINT('Ctrl Pts',(16.9817886745649,80.8305924273579,249.94823162183));
#9557=CARTESIAN_POINT('Ctrl Pts',(13.7312273024054,83.3641689042315,249.932576218538));
#9558=CARTESIAN_POINT('Ctrl Pts',(12.6174279431635,84.97851279833,249.926320760392));
#9559=CARTESIAN_POINT('',(31.1261245927625,88.5276488266517,248.550003662156));
#9560=CARTESIAN_POINT('Origin',(17.7086078298049,90.3407999936799,261.967520425113));
#9561=CARTESIAN_POINT('Origin',(31.1261245927625,90.3407999936799,211.892665734647));
#9562=CARTESIAN_POINT('Origin',(31.0261245927625,90.4995783559248,246.784647975769));
#9563=CARTESIAN_POINT('',(31.1261245927625,90.3995783559248,246.000003662153));
#9564=CARTESIAN_POINT('',(31.1261245927625,90.3995783559247,246.784647975769));
#9565=CARTESIAN_POINT('',(31.1261245927625,90.3995783559248,246.000003662153));
#9566=CARTESIAN_POINT('Origin',(16.7499390756255,90.4995783559247,245.900003662154));
#9567=CARTESIAN_POINT('',(35.9519390756255,90.3995783559249,246.000003662156));
#9568=CARTESIAN_POINT('',(16.7499390756255,90.3995783559247,246.000003662156));
#9569=CARTESIAN_POINT('',(30.7850093485643,85.2326486289411,251.166933389217));
#9570=CARTESIAN_POINT('Origin',(10.2159390756255,77.9999999936801,246.000003662156));
#9571=CARTESIAN_POINT('',(31.1261245927625,90.5995783559248,246.000003662153));
#9572=CARTESIAN_POINT('',(35.9519390756255,77.9999999936801,246.000003662156));
#9573=CARTESIAN_POINT('Origin',(31.1261245927625,90.5995783559248,249.200003662153));
#9574=CARTESIAN_POINT('',(31.1261245927625,84.2997891748024,248.550003662156));
#9575=CARTESIAN_POINT('Origin',(28.7146622279808,90.4995926720712,244.646002582345));
#9576=CARTESIAN_POINT('Origin',(26.8166558972292,90.499592672071,251.729458641798));
#9577=CARTESIAN_POINT('',(26.3733368622025,90.3996069882173,252.99103990492));
#9578=CARTESIAN_POINT('Ctrl Pts',(26.3733368622025,90.3996069882173,252.99103990492));
#9579=CARTESIAN_POINT('Ctrl Pts',(26.4449234084943,90.4979290167657,253.110245607537));
#9580=CARTESIAN_POINT('Ctrl Pts',(26.5180270029621,90.5995783559245,253.236864747371));
#9581=CARTESIAN_POINT('',(27.0635209824759,90.3996069882174,250.415237701482));
#9582=CARTESIAN_POINT('Ctrl Pts',(27.3117387412762,90.5995783559246,250.274692213418));
#9583=CARTESIAN_POINT('Ctrl Pts',(27.1851196014421,90.4979290167656,250.347795807886));
#9584=CARTESIAN_POINT('Ctrl Pts',(27.0635209824759,90.3996069882174,250.415237701482));
#9585=CARTESIAN_POINT('',(26.7184289223392,90.3996069882174,251.703138803201));
#9586=CARTESIAN_POINT('Origin',(21.4875776561813,90.5995783559251,248.403530099956));
#9587=CARTESIAN_POINT('',(28.2887389051731,90.399599300263,249.708257674011));
#9588=CARTESIAN_POINT('Ctrl Pts',(28.536483612668,90.5995783559246,249.567585432231));
#9589=CARTESIAN_POINT('Ctrl Pts',(28.4104642778527,90.4981624439576,249.64034272911));
#9590=CARTESIAN_POINT('Ctrl Pts',(28.2887389051693,90.3995993002598,249.708257674013));
#9591=CARTESIAN_POINT('',(14.945235452292,90.399599300263,246.132876699611));
#9592=CARTESIAN_POINT('Origin',(21.6169871787326,90.5995783559251,247.920567186811));
#9593=CARTESIAN_POINT('',(14.8010183628382,90.5995783559246,245.887178610875));
#9594=CARTESIAN_POINT('Ctrl Pts',(14.945235452292,90.399599300263,246.132876699611));
#9595=CARTESIAN_POINT('Ctrl Pts',(14.8737756597157,90.4981624439593,246.013197945688));
#9596=CARTESIAN_POINT('Ctrl Pts',(14.8010183628381,90.5995783559247,245.887178610875));
#9597=CARTESIAN_POINT('',(15.508125144025,90.5995783559246,247.111923482267));
#9598=CARTESIAN_POINT('',(15.2959931096689,90.5995783559246,246.744500020849));
#9599=CARTESIAN_POINT('',(15.6528152847844,90.3996069882174,247.357748324718));
#9600=CARTESIAN_POINT('Ctrl Pts',(15.6528152847844,90.3996069882174,247.357748324718));
#9601=CARTESIAN_POINT('Ctrl Pts',(15.5812287384927,90.4979290167658,247.238542622101));
#9602=CARTESIAN_POINT('Ctrl Pts',(15.508125144025,90.5995783559246,247.111923482267));
#9603=CARTESIAN_POINT('Origin',(21.3581681336301,90.5995783559251,248.8864930131));
#9604=CARTESIAN_POINT('Origin',(28.7318214145469,90.4995888280939,248.446613034031));
#9605=CARTESIAN_POINT('',(28.6338309653097,90.3995993002631,248.420356572292));
#9606=CARTESIAN_POINT('Origin',(21.9620792388691,90.5995783559251,246.632666085092));
#9607=CARTESIAN_POINT('',(15.2903275124285,90.3995993002631,244.844975597892));
#9608=CARTESIAN_POINT('Origin',(30.2503196211411,90.4995926720804,238.914843992416));
#9609=CARTESIAN_POINT('',(31.3718332712466,90.3996069726816,234.336390165192));
#9610=CARTESIAN_POINT('Ctrl Pts',(31.6359861535662,90.5995783559252,234.136373992671));
#9611=CARTESIAN_POINT('Ctrl Pts',(31.5482121500399,90.5333571311511,234.20372535442));
#9612=CARTESIAN_POINT('Ctrl Pts',(31.4601025964187,90.4666219659774,234.270493270475));
#9613=CARTESIAN_POINT('Ctrl Pts',(31.3718916402853,90.3995141848027,234.336391783193));
#9614=CARTESIAN_POINT('',(30.1520926457376,90.3996069882358,238.888524153682));
#9615=CARTESIAN_POINT('',(30.1520926457376,90.3996069882358,238.888524153682));
#9616=CARTESIAN_POINT('Ctrl Pts',(30.1520926457376,90.3996069882358,238.888524153682));
#9617=CARTESIAN_POINT('Ctrl Pts',(30.2236791923044,90.4979290162612,239.007729855272));
#9618=CARTESIAN_POINT('Ctrl Pts',(30.296782787524,90.599578355925,239.134348996408));
#9619=CARTESIAN_POINT('Ctrl Pts',(18.8419080889028,90.5995783559254,233.950003662156));
#9620=CARTESIAN_POINT('Ctrl Pts',(18.8419080889028,89.6534939194029,233.950003662156));
#9621=CARTESIAN_POINT('Ctrl Pts',(19.2889039283265,87.7628927298377,233.950003662156));
#9622=CARTESIAN_POINT('Ctrl Pts',(21.1651052441405,85.4894789863038,233.950003662156));
#9623=CARTESIAN_POINT('Ctrl Pts',(23.8613600950498,84.2417158061834,233.950003662156));
#9624=CARTESIAN_POINT('Ctrl Pts',(27.8649942777986,84.2224535026343,233.950003662156));
#9625=CARTESIAN_POINT('Ctrl Pts',(31.2250355077286,86.7938995102706,233.950003662156));
#9626=CARTESIAN_POINT('Ctrl Pts',(31.8788686970389,89.6534939194027,233.950003662156));
#9627=CARTESIAN_POINT('Ctrl Pts',(31.878868697039,90.5995783559252,233.950003662156));
#9628=CARTESIAN_POINT('Ctrl Pts',(18.9407322162224,90.5995783559254,234.078793772328));
#9629=CARTESIAN_POINT('Ctrl Pts',(18.9407322162224,89.6687994992654,234.078793772328));
#9630=CARTESIAN_POINT('Ctrl Pts',(19.3830687627628,87.8087994078357,234.079472219721));
#9631=CARTESIAN_POINT('Ctrl Pts',(21.2366406537762,85.5797165876579,234.08171302935));
#9632=CARTESIAN_POINT('Ctrl Pts',(23.8913611769091,84.3676075071281,234.083419075876));
#9633=CARTESIAN_POINT('Ctrl Pts',(27.8165771145315,84.3724502403061,234.083402141934));
#9634=CARTESIAN_POINT('Ctrl Pts',(31.0800852542068,86.8994602936385,234.079810936884));
#9635=CARTESIAN_POINT('Ctrl Pts',(31.711026157692,89.6794888607188,234.078793772328));
#9636=CARTESIAN_POINT('Ctrl Pts',(31.711026157692,90.5995783559252,234.078793772328));
#9637=CARTESIAN_POINT('Ctrl Pts',(19.0395563435421,90.5995783559254,234.2075838825));
#9638=CARTESIAN_POINT('Ctrl Pts',(19.0395563435421,89.6841050791278,234.2075838825));
#9639=CARTESIAN_POINT('Ctrl Pts',(19.4772335971991,87.8547060858337,234.208940777287));
#9640=CARTESIAN_POINT('Ctrl Pts',(21.3081760634118,85.669954189012,234.213422396544));
#9641=CARTESIAN_POINT('Ctrl Pts',(23.9213622587685,84.4934992080728,234.216834489597));
#9642=CARTESIAN_POINT('Ctrl Pts',(27.7681599512645,84.5224469779779,234.216800621711));
#9643=CARTESIAN_POINT('Ctrl Pts',(30.9351350006849,87.0050210770064,234.209618211611));
#9644=CARTESIAN_POINT('Ctrl Pts',(31.5431836183449,89.705483802035,234.2075838825));
#9645=CARTESIAN_POINT('Ctrl Pts',(31.543183618345,90.5995783559252,234.2075838825));
#9646=CARTESIAN_POINT('Ctrl Pts',(19.1383804708618,90.5995783559254,234.336373992671));
#9647=CARTESIAN_POINT('Ctrl Pts',(19.1383804708617,89.6994106589902,234.336373992671));
#9648=CARTESIAN_POINT('Ctrl Pts',(19.5713984316353,87.9006127638317,234.338409334853));
#9649=CARTESIAN_POINT('Ctrl Pts',(21.3797114730475,85.7601917903661,234.345131763738));
#9650=CARTESIAN_POINT('Ctrl Pts',(23.9513633406278,84.6193909090175,234.350249903317));
#9651=CARTESIAN_POINT('Ctrl Pts',(27.7197427879974,84.6724437156496,234.350199101489));
#9652=CARTESIAN_POINT('Ctrl Pts',(30.7901847471631,87.1105818603744,234.339425486339));
#9653=CARTESIAN_POINT('Ctrl Pts',(31.3753410789979,89.7314787433511,234.336373992671));
#9654=CARTESIAN_POINT('Ctrl Pts',(31.375341078998,90.5995783559252,234.336373992671));
#9655=CARTESIAN_POINT('',(18.8419080889028,90.5995783559252,233.950003662156));
#9656=CARTESIAN_POINT('Ctrl Pts',(31.878868697039,90.5995783559252,233.950003662156));
#9657=CARTESIAN_POINT('Ctrl Pts',(31.8788686970389,89.6534939194027,233.950003662156));
#9658=CARTESIAN_POINT('Ctrl Pts',(31.2250355077286,86.7938995102706,233.950003662156));
#9659=CARTESIAN_POINT('Ctrl Pts',(27.8649942777986,84.2224535026343,233.950003662156));
#9660=CARTESIAN_POINT('Ctrl Pts',(23.8613600950498,84.2417158061834,233.950003662156));
#9661=CARTESIAN_POINT('Ctrl Pts',(21.1651052441405,85.4894789863038,233.950003662156));
#9662=CARTESIAN_POINT('Ctrl Pts',(19.2889039283265,87.7628927298377,233.950003662156));
#9663=CARTESIAN_POINT('Ctrl Pts',(18.8419080889028,89.6534939194029,233.950003662156));
#9664=CARTESIAN_POINT('Ctrl Pts',(18.8419080889028,90.5995783559254,233.950003662156));
#9665=CARTESIAN_POINT('',(19.1383804708618,90.5995783559252,234.336373992671));
#9666=CARTESIAN_POINT('Ctrl Pts',(18.8419080889028,90.5995783559251,233.950003662156));
#9667=CARTESIAN_POINT('Ctrl Pts',(18.8913201525626,90.5995783559251,234.014398717242));
#9668=CARTESIAN_POINT('Ctrl Pts',(18.9407322162224,90.5995783559251,234.078793772328));
#9669=CARTESIAN_POINT('Ctrl Pts',(19.0395563435421,90.5995783559251,234.2075838825));
#9670=CARTESIAN_POINT('Ctrl Pts',(19.0889684072019,90.5995783559251,234.271978937585));
#9671=CARTESIAN_POINT('Ctrl Pts',(19.1383804708618,90.5995783559251,234.336373992671));
#9672=CARTESIAN_POINT('Ctrl Pts',(19.1383804708618,90.5995783559254,234.336373992671));
#9673=CARTESIAN_POINT('Ctrl Pts',(19.1383804708617,89.6994106589902,234.336373992671));
#9674=CARTESIAN_POINT('Ctrl Pts',(19.5713984316353,87.9006127638317,234.338409334853));
#9675=CARTESIAN_POINT('Ctrl Pts',(21.3797114730475,85.7601917903661,234.345131763738));
#9676=CARTESIAN_POINT('Ctrl Pts',(23.9513633406278,84.6193909090175,234.350249903317));
#9677=CARTESIAN_POINT('Ctrl Pts',(27.7197427879974,84.6724437156496,234.350199101489));
#9678=CARTESIAN_POINT('Ctrl Pts',(30.7312594174889,87.0637911716462,234.339632244465));
#9679=CARTESIAN_POINT('Ctrl Pts',(31.3442702168857,89.5978693954106,234.336533449763));
#9680=CARTESIAN_POINT('Ctrl Pts',(31.3718947650895,90.3996048541182,234.336391767166));
#9681=CARTESIAN_POINT('Origin',(17.1075025805085,90.4995926720712,241.535873528387));
#9682=CARTESIAN_POINT('',(17.0092756056185,90.5995783559248,241.50955368979));
#9683=CARTESIAN_POINT('Origin',(23.2839390756255,90.5995783559248,244.369292289385));
#9684=CARTESIAN_POINT('',(17.2684279056709,90.599578355925,236.67868800752));
#9685=CARTESIAN_POINT('',(16.6472621974249,90.5995783559249,238.996909990614));
#9686=CARTESIAN_POINT('',(18.7381217513408,90.5995783559253,235.830159870096));
#9687=CARTESIAN_POINT('',(18.125749315645,90.599578355925,236.183713260689));
#9688=CARTESIAN_POINT('',(18.7381217513408,90.599578355925,235.830159870096));
#9689=CARTESIAN_POINT('',(13.4987817881002,90.599578355925,233.950003662156));
#9690=CARTESIAN_POINT('',(29.2499390756254,90.5995783559252,233.950003662156));
#9691=CARTESIAN_POINT('',(10.4159390756255,90.5995783559249,237.03284637463));
#9692=CARTESIAN_POINT('',(12.5195382750554,90.599578355925,234.929247175201));
#9693=CARTESIAN_POINT('',(10.4159390756255,90.5995783559246,245.517160949681));
#9694=CARTESIAN_POINT('',(10.4159390756255,90.5995783559248,239.159647975771));
#9695=CARTESIAN_POINT('',(10.6987817881001,90.5995783559246,245.800003662156));
#9696=CARTESIAN_POINT('',(13.4166825886701,90.5995783559245,248.517904462726));
#9697=CARTESIAN_POINT('',(12.1370301920284,90.5995783559246,245.800003662156));
#9698=CARTESIAN_POINT('',(16.7499390756255,90.5995783559247,245.800003662156));
#9699=CARTESIAN_POINT('',(12.1370301920284,90.5995783559245,250.004653807974));
#9700=CARTESIAN_POINT('',(12.1370301920284,90.5995783559246,245.284647975769));
#9701=CARTESIAN_POINT('',(13.9795666839153,90.5995783559245,250.498359968862));
#9702=CARTESIAN_POINT('',(20.7272484727916,90.5995783559245,252.30639583982));
#9703=CARTESIAN_POINT('',(14.7144134057109,90.5995783559245,250.07409601622));
#9704=CARTESIAN_POINT('',(14.3469899442937,90.5995783559245,250.286228050576));
#9705=CARTESIAN_POINT('',(15.111269274868,90.5995783559246,248.593009749243));
#9706=CARTESIAN_POINT('',(15.2905848053851,90.5995783559247,244.060091773608));
#9707=CARTESIAN_POINT('',(15.0943466139542,90.5995783559247,244.792462674414));
#9708=CARTESIAN_POINT('',(10.604465470969,90.5995783559248,241.70000366215));
#9709=CARTESIAN_POINT('Origin',(13.5418352161278,90.5995783559248,241.70000366215));
#9710=CARTESIAN_POINT('Origin',(13.5418352161278,90.5995783559248,241.70000366215));
#9711=CARTESIAN_POINT('Origin',(15.209496249758,90.499592672071,248.61932958784));
#9712=CARTESIAN_POINT('',(14.9626311645115,90.3996069882173,249.933550528155));
#9713=CARTESIAN_POINT('Ctrl Pts',(14.7144134057109,90.5995783559245,250.07409601622));
#9714=CARTESIAN_POINT('Ctrl Pts',(14.8410325455452,90.4979290167656,250.000992421752));
#9715=CARTESIAN_POINT('Ctrl Pts',(14.9626311645115,90.3996069882173,249.933550528155));
#9716=CARTESIAN_POINT('',(15.3077232246479,90.3996069882174,248.645649426437));
#9717=CARTESIAN_POINT('Origin',(20.5385744908058,90.599578355925,251.945258129682));
#9718=CARTESIAN_POINT('Origin',(20.667984013357,90.599578355925,251.462295216538));
#9719=CARTESIAN_POINT('',(13.7374140281766,90.3995783559245,250.640530596821));
#9720=CARTESIAN_POINT('Ctrl Pts',(13.7374140281766,90.3995783559245,250.640530596821));
#9721=CARTESIAN_POINT('Ctrl Pts',(13.8588649917646,90.5010258371777,250.568047123317));
#9722=CARTESIAN_POINT('Ctrl Pts',(13.9795666839153,90.5995783559245,250.498359968862));
#9723=CARTESIAN_POINT('Origin',(20.4091650003929,90.5995783559247,252.428220866945));
#9724=CARTESIAN_POINT('Origin',(15.1923370631913,90.4995888280939,244.818719136153));
#9725=CARTESIAN_POINT('Ctrl Pts',(15.583364665504,90.441720746241,243.586228786196));
#9726=CARTESIAN_POINT('Ctrl Pts',(15.4501680567512,90.5071561084245,243.826816813999));
#9727=CARTESIAN_POINT('Ctrl Pts',(15.2905848053851,90.5995783559247,244.060091773608));
#9728=CARTESIAN_POINT('Origin',(13.5418352161278,90.0288676778062,241.70000366215));
#9729=CARTESIAN_POINT('',(11.704465470969,89.4995783559249,241.70000366215));
#9730=CARTESIAN_POINT('',(11.1751761490876,90.0288676778062,241.70000366215));
#9731=CARTESIAN_POINT('Origin',(13.5418352161278,89.4995783559249,241.70000366215));
#9732=CARTESIAN_POINT('Origin',(16.7452526470376,90.4995888280997,239.023166452453));
#9733=CARTESIAN_POINT('Ctrl Pts',(17.2684279056709,90.599578355925,236.67868800752));
#9734=CARTESIAN_POINT('Ctrl Pts',(17.3944472414387,90.4981624435859,236.605930710091));
#9735=CARTESIAN_POINT('Ctrl Pts',(17.5161726139208,90.3995993002715,236.538015765939));
#9736=CARTESIAN_POINT('Origin',(23.5149930289447,90.5995783559251,240.837112920754));
#9737=CARTESIAN_POINT('',(30.8624682124732,90.599578355925,240.114144893522));
#9738=CARTESIAN_POINT('',(30.1895386952067,90.5995783559249,242.625552041873));
#9739=CARTESIAN_POINT('Origin',(24.1879225462112,90.5995783559252,238.325705772402));
#9740=CARTESIAN_POINT('Origin',(20.7013665684838,90.4995783559245,252.402988422503));
#9741=CARTESIAN_POINT('',(11.9370301920284,90.3995783559245,250.158119205903));
#9742=CARTESIAN_POINT('',(20.6754846641759,90.3995783559245,252.499581005186));
#9743=CARTESIAN_POINT('',(12.1370301920284,90.5995783559245,250.004653807974));
#9744=CARTESIAN_POINT('Origin',(12.0370301920284,90.4995783559247,245.284647975769));
#9745=CARTESIAN_POINT('',(11.9370301920284,90.3995783559247,246.000003662153));
#9746=CARTESIAN_POINT('',(12.1370301920284,90.5995783559246,245.800003662156));
#9747=CARTESIAN_POINT('',(11.9370301920284,90.3995783559247,245.284647975769));
#9748=CARTESIAN_POINT('Origin',(16.7499390756255,90.4995783559247,245.900003662156));
#9749=CARTESIAN_POINT('',(10.6159390756255,90.3995783559246,246.000003662156));
#9750=CARTESIAN_POINT('',(10.6987817881001,90.5995783559246,245.800003662156));
#9751=CARTESIAN_POINT('',(16.7499390756255,90.3995783559247,246.000003662156));
#9752=CARTESIAN_POINT('Origin',(13.3459719105514,90.4995783559245,248.588615140845));
#9753=CARTESIAN_POINT('',(10.2159390756255,90.3995783559246,245.600003662156));
#9754=CARTESIAN_POINT('',(10.4159390756255,90.5995783559246,245.517160949681));
#9755=CARTESIAN_POINT('',(13.2752612324328,90.3995783559245,248.659325818963));
#9756=CARTESIAN_POINT('Origin',(12.4488275969367,90.499578355925,234.858536497082));
#9757=CARTESIAN_POINT('',(13.2159390756255,90.399578355925,233.950003662156));
#9758=CARTESIAN_POINT('',(17.3945301608365,93.3542884480832,233.950003662156));
#9759=CARTESIAN_POINT('',(10.2159390756255,90.3995783559249,236.950003662156));
#9760=CARTESIAN_POINT('',(12.3781169188181,90.399578355925,234.787825818963));
#9761=CARTESIAN_POINT('',(10.2159390756255,90.3995783559249,236.950003662156));
#9762=CARTESIAN_POINT('Origin',(10.3159390756255,90.4995783559248,239.159647975771));
#9763=CARTESIAN_POINT('',(10.2159390756255,90.3995783559248,239.159647975771));
#9764=CARTESIAN_POINT('Origin',(11.9370301920284,90.5995783559248,246.200003662153));
#9765=CARTESIAN_POINT('',(11.9370301920284,90.5995783559248,246.000003662153));
#9766=CARTESIAN_POINT('',(11.9370301920284,84.9826137001012,248.950003662156));
#9767=CARTESIAN_POINT('',(11.9370301920284,84.2997891748025,248.950003662156));
#9768=CARTESIAN_POINT('',(11.9370301920284,86.2250522515465,249.744008733971));
#9769=CARTESIAN_POINT('Ctrl Pts',(11.9370301920284,86.2250522515465,249.744008733971));
#9770=CARTESIAN_POINT('Ctrl Pts',(11.9370301920284,85.6326478570848,249.399070235454));
#9771=CARTESIAN_POINT('Ctrl Pts',(11.9370301920284,84.9826137001965,248.950003662222));
#9772=CARTESIAN_POINT('',(11.9370301920284,86.9891380163202,250.158119205903));
#9773=CARTESIAN_POINT('Ctrl Pts',(11.9370301920284,86.9891380163202,250.158119205903));
#9774=CARTESIAN_POINT('Ctrl Pts',(11.9370301920284,86.6170391789642,249.972250427392));
#9775=CARTESIAN_POINT('Ctrl Pts',(11.9370301920284,86.2250522515465,249.744008733971));
#9776=CARTESIAN_POINT('',(11.9370301920284,90.4701891748024,250.158119205903));
#9777=CARTESIAN_POINT('Origin',(10.2159390756255,77.9999999936801,246.000003662156));
#9778=CARTESIAN_POINT('',(10.6159390756255,77.9999999936801,246.000003662156));
#9779=CARTESIAN_POINT('Origin',(10.4159390756255,77.9999999936801,245.800003662156));
#9780=CARTESIAN_POINT('',(10.2159390756255,77.9999999936801,245.600003662156));
#9781=CARTESIAN_POINT('Origin',(10.2159390756255,77.9999999936799,233.950003662156));
#9782=CARTESIAN_POINT('',(10.2159390756255,77.9999999936799,236.950003662156));
#9783=CARTESIAN_POINT('Origin',(11.7159390756255,77.9999999936799,235.450003662156));
#9784=CARTESIAN_POINT('',(13.2159390756255,77.9999999936799,233.950003662156));
#9785=CARTESIAN_POINT('Origin',(35.2159390756255,77.9999999936799,233.950003662156));
#9786=CARTESIAN_POINT('',(33.3519390756255,90.3995783559252,233.950003662156));
#9787=CARTESIAN_POINT('',(37.1280146570814,87.7294897060054,233.950003662156));
#9788=CARTESIAN_POINT('',(33.3519390756255,77.9999999936799,233.950003662156));
#9789=CARTESIAN_POINT('Origin',(36.2519390756255,90.4995783559249,245.284647975771));
#9790=CARTESIAN_POINT('',(36.3519390756255,90.3995783559249,245.600003662156));
#9791=CARTESIAN_POINT('',(38.3710947503969,88.3804226811537,243.580847987384));
#9792=CARTESIAN_POINT('',(36.3519390756255,90.3995783559252,236.950003662156));
#9793=CARTESIAN_POINT('',(36.3519390756255,90.3995783559249,245.284647975771));
#9794=CARTESIAN_POINT('',(36.3519390756255,90.3995783559252,236.950003662156));
#9795=CARTESIAN_POINT('Origin',(34.1190505543143,90.4995783559252,234.858536497082));
#9796=CARTESIAN_POINT('',(34.1897612324329,90.3995783559252,234.787825818963));
#9797=CARTESIAN_POINT('Origin',(36.3519390756255,77.9999999936801,246.200003662156));
#9798=CARTESIAN_POINT('',(36.3519390756255,77.9999999936801,245.600003662156));
#9799=CARTESIAN_POINT('',(36.3519390756255,77.9999999936799,236.950003662156));
#9800=CARTESIAN_POINT('Origin',(36.1519390756255,77.9999999936801,245.800003662156));
#9801=CARTESIAN_POINT('Origin',(33.0257290871346,90.0288676778062,241.70000366215));
#9802=CARTESIAN_POINT('',(30.4375386361094,90.2503990617913,241.70000366215));
#9803=CARTESIAN_POINT('Ctrl Pts',(30.2117839144246,90.5995783559251,242.542531753526));
#9804=CARTESIAN_POINT('Ctrl Pts',(30.3317943868038,90.3561433110969,242.094646573167));
#9805=CARTESIAN_POINT('Ctrl Pts',(30.4375386361094,90.2503990617913,241.70000366215));
#9806=CARTESIAN_POINT('',(30.862468212474,90.3444922732229,240.114144893518));
#9807=CARTESIAN_POINT('Ctrl Pts',(30.8624682124741,90.3444922732229,240.114144893519));
#9808=CARTESIAN_POINT('Ctrl Pts',(30.7965064920659,90.4652383647027,239.999895842417));
#9809=CARTESIAN_POINT('Ctrl Pts',(30.7242717897569,90.5995783559244,239.874781667948));
#9810=CARTESIAN_POINT('Ctrl Pts',(30.4375386361094,90.2503990617913,241.70000366215));
#9811=CARTESIAN_POINT('Ctrl Pts',(30.6462103131207,90.0417273847799,240.921230361443));
#9812=CARTESIAN_POINT('Ctrl Pts',(30.8624682124739,90.3444922732228,240.114144893519));
#9813=CARTESIAN_POINT('',(31.1883593419757,89.4995783559249,241.70000366215));
#9814=CARTESIAN_POINT('',(30.6590700200944,90.0288676778062,241.70000366215));
#9815=CARTESIAN_POINT('Origin',(33.0257290871346,89.4995783559249,241.70000366215));
#9816=CARTESIAN_POINT('Origin',(30.862468212474,90.5995783559248,240.114144893518));
#9817=CARTESIAN_POINT('',(30.5089148218799,90.599578355925,239.501772457826));
#9818=CARTESIAN_POINT('',(30.862468212474,90.5995783559248,240.114144893518));
#9819=CARTESIAN_POINT('Origin',(30.2868913318996,90.5995783559248,242.262227055484));
#9820=CARTESIAN_POINT('Origin',(33.0542844039778,89.4995783559249,241.70000366215));
#9821=CARTESIAN_POINT('',(34.6757290871337,89.4995783559249,241.700003662153));
#9822=CARTESIAN_POINT('Origin',(33.0257290871337,89.4995783559249,241.700003662153));
#9823=CARTESIAN_POINT('Origin',(13.5418352161278,89.4995783559249,241.70000366215));
#9824=CARTESIAN_POINT('',(15.191835216127,89.4995783559249,241.700003662153));
#9825=CARTESIAN_POINT('Origin',(13.541835216127,89.4995783559249,241.700003662153));
#9826=CARTESIAN_POINT('Ctrl Pts',(30.8177333590817,85.1732499068742,248.950003662156));
#9827=CARTESIAN_POINT('Ctrl Pts',(30.2929538480983,84.2557452377761,248.950003662156));
#9828=CARTESIAN_POINT('Ctrl Pts',(28.3025187340947,81.7271908721067,248.950003662156));
#9829=CARTESIAN_POINT('Ctrl Pts',(23.2977667818667,79.2331352629676,248.950003662156));
#9830=CARTESIAN_POINT('Ctrl Pts',(16.5930836161416,79.9696361457962,248.950003662156));
#9831=CARTESIAN_POINT('Ctrl Pts',(13.1431934796994,82.7830096285411,248.950003662156));
#9832=CARTESIAN_POINT('Ctrl Pts',(11.9660596744955,84.5428117654722,248.950003662156));
#9833=CARTESIAN_POINT('Ctrl Pts',(30.462594810722,85.3763763213945,249.274605955076));
#9834=CARTESIAN_POINT('Ctrl Pts',(29.9616080650506,84.4924113471177,249.275540169685));
#9835=CARTESIAN_POINT('Ctrl Pts',(28.0594237561852,82.0500381594405,249.278890955929));
#9836=CARTESIAN_POINT('Ctrl Pts',(23.2440069258314,79.600089575806,249.284264469479));
#9837=CARTESIAN_POINT('Ctrl Pts',(16.7226519689494,80.2566215729834,249.28274631538));
#9838=CARTESIAN_POINT('Ctrl Pts',(13.3392047539347,82.9767293871046,249.277527847617));
#9839=CARTESIAN_POINT('Ctrl Pts',(12.1831824307182,84.6880454430915,249.275442694901));
#9840=CARTESIAN_POINT('Ctrl Pts',(30.1074562623624,85.5795027359149,249.599208247996));
#9841=CARTESIAN_POINT('Ctrl Pts',(29.6302622820028,84.7290774564594,249.601076677215));
#9842=CARTESIAN_POINT('Ctrl Pts',(27.8163287782756,82.3728854467744,249.607778249702));
#9843=CARTESIAN_POINT('Ctrl Pts',(23.1902470697961,79.9670438886444,249.618525276803));
#9844=CARTESIAN_POINT('Ctrl Pts',(16.8522203217571,80.5436070001707,249.615488968605));
#9845=CARTESIAN_POINT('Ctrl Pts',(13.5352160281701,83.1704491456681,249.605052033078));
#9846=CARTESIAN_POINT('Ctrl Pts',(12.4003051869408,84.8332791207108,249.600881727647));
#9847=CARTESIAN_POINT('Ctrl Pts',(29.7523177140027,85.7826291504352,249.923810540916));
#9848=CARTESIAN_POINT('Ctrl Pts',(29.2989164989551,84.965743565801,249.926613184744));
#9849=CARTESIAN_POINT('Ctrl Pts',(27.5732338003661,82.6957327341082,249.936665543476));
#9850=CARTESIAN_POINT('Ctrl Pts',(23.1364872137608,80.3339982014829,249.952786084126));
#9851=CARTESIAN_POINT('Ctrl Pts',(16.9817886745649,80.8305924273579,249.94823162183));
#9852=CARTESIAN_POINT('Ctrl Pts',(13.7312273024054,83.3641689042315,249.932576218538));
#9853=CARTESIAN_POINT('Ctrl Pts',(12.6174279431635,84.97851279833,249.926320760392));
#9854=CARTESIAN_POINT('',(12.7605905560795,83.4999238723874,248.950003662809));
#9855=CARTESIAN_POINT('Ctrl Pts',(12.6174279431635,84.97851279833,249.926320760392));
#9856=CARTESIAN_POINT('Ctrl Pts',(12.6293763250417,84.8446800067728,249.844253174816));
#9857=CARTESIAN_POINT('Ctrl Pts',(12.6415926087458,84.7114761301048,249.760602035497));
#9858=CARTESIAN_POINT('Ctrl Pts',(12.6540355437319,84.5791038543252,249.675759269176));
#9859=CARTESIAN_POINT('Ctrl Pts',(12.6654401102816,84.4577781035962,249.597996669288));
#9860=CARTESIAN_POINT('Ctrl Pts',(12.6770349325576,84.3371517247348,249.519233091559));
#9861=CARTESIAN_POINT('Ctrl Pts',(12.6887723703113,84.2174156403164,249.439773354879));
#9862=CARTESIAN_POINT('Ctrl Pts',(12.7022195851768,84.080237758047,249.348738822922));
#9863=CARTESIAN_POINT('Ctrl Pts',(12.7159228559352,83.9435434307537,249.25633744177));
#9864=CARTESIAN_POINT('Ctrl Pts',(12.7298462800737,83.8075961213711,249.162978121328));
#9865=CARTESIAN_POINT('Ctrl Pts',(12.7403611709044,83.7049294854437,249.092473692768));
#9866=CARTESIAN_POINT('Ctrl Pts',(12.7510010840219,83.602689916812,249.021423022476));
#9867=CARTESIAN_POINT('Ctrl Pts',(12.7617400953093,83.5010074484895,248.950003662156));
#9868=CARTESIAN_POINT('',(30.7261245927625,85.016232856223,248.950003662156));
#9869=CARTESIAN_POINT('Ctrl Pts',(12.7617832626548,83.5009576441744,248.950003662156));
#9870=CARTESIAN_POINT('Ctrl Pts',(13.8656062632257,82.2274300097624,248.950003662156));
#9871=CARTESIAN_POINT('Ctrl Pts',(17.0540472806553,79.9189998759718,248.950003662156));
#9872=CARTESIAN_POINT('Ctrl Pts',(23.2977667818667,79.2331352629676,248.950003662156));
#9873=CARTESIAN_POINT('Ctrl Pts',(28.2451470792427,81.6986004246769,248.950003662156));
#9874=CARTESIAN_POINT('Ctrl Pts',(30.2165268670749,84.1595022525882,248.950003662156));
#9875=CARTESIAN_POINT('Ctrl Pts',(30.726134662101,85.0162268655205,248.950003662156));
#9876=CARTESIAN_POINT('Ctrl Pts',(30.7261312381346,85.0162211093405,248.950003662156));
#9877=CARTESIAN_POINT('Ctrl Pts',(30.5638900062297,85.1425772613522,249.112243625194));
#9878=CARTESIAN_POINT('Ctrl Pts',(30.4009901429132,85.2700053306379,249.275141941634));
#9879=CARTESIAN_POINT('Ctrl Pts',(30.2390990796469,85.397354049811,249.437031670193));
#9880=CARTESIAN_POINT('Ctrl Pts',(30.0769441265816,85.5249103531904,249.599185286377));
#9881=CARTESIAN_POINT('Ctrl Pts',(29.9140146211849,85.6537922886222,249.762113633733));
#9882=CARTESIAN_POINT('Ctrl Pts',(29.7523177140027,85.7826291504351,249.923810540916));
#9883=CARTESIAN_POINT('Origin',(13.541835216127,90.5995783559248,241.700003662153));
#9884=CARTESIAN_POINT('',(15.191835216127,90.5995783559248,241.700003662153));
#9885=CARTESIAN_POINT('Origin',(33.0257290871337,90.5995783559248,241.700003662153));
#9886=CARTESIAN_POINT('',(34.6757290871337,90.5995783559248,241.700003662153));
#9887=CARTESIAN_POINT('Origin',(30.9261245927625,84.2997891748024,248.750003662156));
#9888=CARTESIAN_POINT('',(30.7261245927625,84.2997891748024,248.950003662156));
#9889=CARTESIAN_POINT('Origin',(20.2743357274504,90.3407999936799,252.392093472447));
#9890=CARTESIAN_POINT('Origin',(20.2743357274504,90.3407999936799,252.392093472447));
#9891=CARTESIAN_POINT('Origin',(20.3260995360661,90.3407999936799,252.19890830708));
#9892=CARTESIAN_POINT('Origin',(25.0288525220679,90.3407999936801,248.950003662156));
#9893=CARTESIAN_POINT('Origin',(24.3173320687625,90.5995783559253,237.842742859257));
#9894=CARTESIAN_POINT('Origin',(24.4467415913138,90.5995783559253,237.359779946113));
#9895=CARTESIAN_POINT('Origin',(11.1967011891586,77.9999999936801,248.950003662156));
#9896=CARTESIAN_POINT('Origin',(34.8519390756255,77.9999999936799,235.450003662156));
#9897=CARTESIAN_POINT('Origin',(24.4467415913138,90.5995783559253,237.359779946113));
#9898=CARTESIAN_POINT('Origin',(21.0130760734936,90.599578355925,250.174394114819));
#9899=CARTESIAN_POINT('',(0.,0.,0.));
#9900=CARTESIAN_POINT('Origin',(28.7318214145469,90.6995678837555,248.446613034031));
#9901=CARTESIAN_POINT('',(28.9789230254464,90.7995574115863,247.132455470574));
#9902=CARTESIAN_POINT('',(29.1231401149001,90.5995783559247,247.378153559309));
#9903=CARTESIAN_POINT('Ctrl Pts',(29.1231401149002,90.5995783559247,247.378153559309));
#9904=CARTESIAN_POINT('Ctrl Pts',(29.0503828180171,90.7009942678977,247.252134224486));
#9905=CARTESIAN_POINT('Ctrl Pts',(28.9789230254355,90.7995574116012,247.132455470555));
#9906=CARTESIAN_POINT('',(28.536483612668,90.5995783559246,249.567585432231));
#9907=CARTESIAN_POINT('',(28.829811863784,90.5995783559247,248.47286949577));
#9908=CARTESIAN_POINT('',(28.2887389051731,90.7995574115863,249.708257674011));
#9909=CARTESIAN_POINT('Ctrl Pts',(28.2887389051731,90.7995574115863,249.708257674011));
#9910=CARTESIAN_POINT('Ctrl Pts',(28.4104642778547,90.7009942678901,249.640342729109));
#9911=CARTESIAN_POINT('Ctrl Pts',(28.536483612668,90.5995783559246,249.567585432231));
#9912=CARTESIAN_POINT('',(28.6338309653097,90.7995574115863,248.420356572292));
#9913=CARTESIAN_POINT('Origin',(23.2839390756255,90.5995783559248,244.369292289385));
#9914=CARTESIAN_POINT('',(27.3117387412762,90.5995783559246,250.274692213418));
#9915=CARTESIAN_POINT('',(27.6791622026938,90.5995783559246,250.062560179062));
#9916=CARTESIAN_POINT('',(28.4160333337138,90.5995783559248,246.153408687918));
#9917=CARTESIAN_POINT('',(28.6281653680696,90.5995783559248,246.520832149335));
#9918=CARTESIAN_POINT('',(29.2097450720279,90.5995783559249,243.191236153965));
#9919=CARTESIAN_POINT('',(28.8128892028708,90.5995783559248,244.672322420941));
#9920=CARTESIAN_POINT('',(30.1895386952067,90.5995783559249,242.625552041873));
#9921=CARTESIAN_POINT('',(29.5771685334455,90.5995783559249,242.979104119609));
#9922=CARTESIAN_POINT('',(30.2868913318996,90.5995783559248,242.262227055484));
#9923=CARTESIAN_POINT('',(30.1895386952067,90.5995783559249,242.625552041873));
#9924=CARTESIAN_POINT('',(30.8006175322279,90.5995783559248,240.007016372849));
#9925=CARTESIAN_POINT('Origin',(33.0257290871346,90.5995783559248,241.70000366215));
#9926=CARTESIAN_POINT('',(30.296782787524,90.599578355925,239.134348996408));
#9927=CARTESIAN_POINT('',(30.5089148218799,90.599578355925,239.501772457826));
#9928=CARTESIAN_POINT('',(31.5509547988288,90.5995783559252,234.453715328788));
#9929=CARTESIAN_POINT('',(30.3485465965445,90.599578355925,238.94116383115));
#9930=CARTESIAN_POINT('',(31.95026355021,90.5995783559252,234.147314947317));
#9931=CARTESIAN_POINT('Ctrl Pts',(31.95026355021,90.5995783559252,234.147314947317));
#9932=CARTESIAN_POINT('Ctrl Pts',(31.8171606330829,90.5995783559252,234.249448407807));
#9933=CARTESIAN_POINT('Ctrl Pts',(31.6840577159558,90.5995783559252,234.351581868298));
#9934=CARTESIAN_POINT('Ctrl Pts',(31.5509547988288,90.5995783559252,234.453715328788));
#9935=CARTESIAN_POINT('',(33.2690963631509,90.5995783559252,234.150003662156));
#9936=CARTESIAN_POINT('',(29.2499390756254,90.5995783559252,234.150003662156));
#9937=CARTESIAN_POINT('',(36.1519390756255,90.5995783559251,237.03284637463));
#9938=CARTESIAN_POINT('',(34.0483398761956,90.5995783559252,234.929247175201));
#9939=CARTESIAN_POINT('',(36.1519390756255,90.5995783559248,245.800003662156));
#9940=CARTESIAN_POINT('',(36.1519390756255,90.5995783559249,245.284647975771));
#9941=CARTESIAN_POINT('',(30.9261245927625,90.5995783559248,245.800003662153));
#9942=CARTESIAN_POINT('',(16.7499390756255,90.5995783559247,245.800003662153));
#9943=CARTESIAN_POINT('',(30.9261245927625,90.5995783559247,249.173673162848));
#9944=CARTESIAN_POINT('',(30.9261245927625,90.5995783559248,246.784647975769));
#9945=CARTESIAN_POINT('',(29.5329593413173,90.5995783559245,254.37303670816));
#9946=CARTESIAN_POINT('',(29.4079849762611,90.5995783559245,254.839447392102));
#9947=CARTESIAN_POINT('',(29.1864209440208,90.5995783559245,254.573024253123));
#9948=CARTESIAN_POINT('Ctrl Pts',(29.1864209440372,90.5995783559245,254.573024253152));
#9949=CARTESIAN_POINT('Ctrl Pts',(29.3000896217578,90.5995783559245,254.507426843454));
#9950=CARTESIAN_POINT('Ctrl Pts',(29.4155725162313,90.5995783559245,254.440781588396));
#9951=CARTESIAN_POINT('Ctrl Pts',(29.5329593413306,90.5995783559245,254.373036708183));
#9952=CARTESIAN_POINT('',(27.2154960160588,90.5995783559245,254.04491651476));
#9953=CARTESIAN_POINT('',(20.7272484727916,90.5995783559245,252.30639583982));
#9954=CARTESIAN_POINT('',(26.5912320837189,90.5995783559245,252.963659666614));
#9955=CARTESIAN_POINT('Ctrl Pts',(26.5912320837189,90.5995783559245,252.963659666614));
#9956=CARTESIAN_POINT('Ctrl Pts',(26.7993200611656,90.5995783559245,253.324078615996));
#9957=CARTESIAN_POINT('Ctrl Pts',(27.0074080386122,90.5995783559245,253.684497565378));
#9958=CARTESIAN_POINT('Ctrl Pts',(27.2154960160588,90.5995783559245,254.04491651476));
#9959=CARTESIAN_POINT('',(26.9148828721192,90.5995783559246,251.755778480395));
#9960=CARTESIAN_POINT('Origin',(17.1075025805085,90.6995640397784,241.535873528387));
#9961=CARTESIAN_POINT('',(17.4061314747755,90.5995783559249,240.028467422813));
#9962=CARTESIAN_POINT('',(17.5508216155349,90.7995497236321,240.274292265264));
#9963=CARTESIAN_POINT('Ctrl Pts',(17.4061314747755,90.5995783559249,240.028467422813));
#9964=CARTESIAN_POINT('Ctrl Pts',(17.4792350692433,90.7012276950839,240.155086562648));
#9965=CARTESIAN_POINT('Ctrl Pts',(17.5508216155349,90.7995497236321,240.274292265264));
#9966=CARTESIAN_POINT('',(16.860637495262,90.799549723632,242.850094468702));
#9967=CARTESIAN_POINT('',(17.2057295553985,90.799549723632,241.562193366983));
#9968=CARTESIAN_POINT('',(16.6124197364615,90.5995783559248,242.990639956767));
#9969=CARTESIAN_POINT('Ctrl Pts',(16.860637495262,90.799549723632,242.850094468702));
#9970=CARTESIAN_POINT('Ctrl Pts',(16.7390388762954,90.7012276950836,242.917536362299));
#9971=CARTESIAN_POINT('Ctrl Pts',(16.6124197364615,90.5995783559248,242.990639956767));
#9972=CARTESIAN_POINT('',(17.0092756056185,90.5995783559248,241.50955368979));
#9973=CARTESIAN_POINT('Origin',(23.3855839869324,90.5995783559253,241.320074040502));
#9974=CARTESIAN_POINT('',(16.6990260064453,90.5995783559249,238.803724825356));
#9975=CARTESIAN_POINT('',(17.1939994404194,90.5995783559249,239.661043961396));
#9976=CARTESIAN_POINT('',(16.8432430966503,90.7995574115753,239.049422914293));
#9977=CARTESIAN_POINT('Ctrl Pts',(16.6990260064453,90.5995783559249,238.803724825356));
#9978=CARTESIAN_POINT('Ctrl Pts',(16.7717833038782,90.70099426827,238.929744161131));
#9979=CARTESIAN_POINT('Ctrl Pts',(16.843243096661,90.7995574115901,239.049422914311));
#9980=CARTESIAN_POINT('Origin',(23.5149930289447,90.5995783559251,240.837112920754));
#9981=CARTESIAN_POINT('',(28.9615273132276,90.7995497236321,243.331781642029));
#9982=CARTESIAN_POINT('Ctrl Pts',(28.9615273132276,90.7995497236321,243.331781642029));
#9983=CARTESIAN_POINT('Ctrl Pts',(29.0831259321938,90.7012276950837,243.264339748433));
#9984=CARTESIAN_POINT('Ctrl Pts',(29.2097450720279,90.5995783559249,243.191236153965));
#9985=CARTESIAN_POINT('Origin',(23.2561744643812,90.5995783559253,241.803036953647));
#9986=CARTESIAN_POINT('Origin',(23.2839390756255,90.5995783559248,244.369292289385));
#9987=CARTESIAN_POINT('',(15.6326238393485,90.5995783559247,243.556325381716));
#9988=CARTESIAN_POINT('',(16.2449962750442,90.5995783559248,243.202771991122));
#9989=CARTESIAN_POINT('',(10.7458868272063,90.5995783559249,241.70000366215));
#9990=CARTESIAN_POINT('Origin',(13.5418352161278,90.5995783559248,241.70000366215));
#9991=CARTESIAN_POINT('Origin',(13.5418352161278,90.5995783559248,241.70000366215));
#9992=CARTESIAN_POINT('',(14.9424397190755,90.5995783559251,246.132127585153));
#9993=CARTESIAN_POINT('',(15.287531779212,90.5995783559247,244.844226483435));
#9994=CARTESIAN_POINT('',(15.508125144025,90.5995783559246,247.111923482267));
#9995=CARTESIAN_POINT('',(15.2959931096689,90.5995783559246,246.744500020849));
#9996=CARTESIAN_POINT('',(14.7876184864678,90.5995783559245,249.800890935463));
#9997=CARTESIAN_POINT('',(15.111269274868,90.5995783559246,248.593009749243));
#9998=CARTESIAN_POINT('',(13.7063616024327,90.5995783559245,250.425154888524));
#9999=CARTESIAN_POINT('Ctrl Pts',(13.7063616024327,90.5995783559245,250.425154888524));
#10000=CARTESIAN_POINT('Ctrl Pts',(14.0667805637777,90.5995783559245,250.217066904171));
#10001=CARTESIAN_POINT('Ctrl Pts',(14.4271995251227,90.5995783559245,250.008978919817));
#10002=CARTESIAN_POINT('Ctrl Pts',(14.7876184864678,90.5995783559245,249.800890935463));
#10003=CARTESIAN_POINT('',(12.1370301920284,90.5995783559245,250.004653807974));
#10004=CARTESIAN_POINT('',(20.7272484727916,90.5995783559245,252.30639583982));
#10005=CARTESIAN_POINT('',(12.1370301920284,90.5995783559246,246.226334161457));
#10006=CARTESIAN_POINT('',(12.1370301920284,90.5995783559246,245.284647975769));
#10007=CARTESIAN_POINT('',(12.2512651040675,90.5995783559246,245.800003662156));
#10008=CARTESIAN_POINT('',(11.1406864786397,90.5995783559245,249.944739552791));
#10009=CARTESIAN_POINT('',(10.4159390756255,90.5995783559246,245.800003662156));
#10010=CARTESIAN_POINT('',(16.7499390756255,90.5995783559247,245.800003662156));
#10011=CARTESIAN_POINT('',(10.4159390756255,90.5995783559249,237.03284637463));
#10012=CARTESIAN_POINT('',(10.4159390756255,90.5995783559248,239.159647975771));
#10013=CARTESIAN_POINT('',(13.2987817881002,90.599578355925,234.150003662156));
#10014=CARTESIAN_POINT('',(12.5195382750554,90.599578355925,234.929247175201));
#10015=CARTESIAN_POINT('',(18.9812630143345,90.5995783559251,234.150003662156));
#10016=CARTESIAN_POINT('',(29.2499390756254,90.5995783559252,234.150003662156));
#10017=CARTESIAN_POINT('',(18.4931727770625,90.599578355925,235.971581226333));
#10018=CARTESIAN_POINT('',(18.544936586083,90.599578355925,235.778396061075));
#10019=CARTESIAN_POINT('',(17.2684279056709,90.599578355925,236.67868800752));
#10020=CARTESIAN_POINT('',(18.125749315645,90.599578355925,236.183713260689));
#10021=CARTESIAN_POINT('',(16.6472621974249,90.5995783559249,238.996909990614));
#10022=CARTESIAN_POINT('Origin',(18.6431635614865,90.6995640397696,235.80471589981));
#10023=CARTESIAN_POINT('',(18.9901909634255,90.6063373786656,234.143244639416));
#10024=CARTESIAN_POINT('',(19.141879766189,90.7995497405631,234.336389589133));
#10025=CARTESIAN_POINT('Ctrl Pts',(18.9901909634253,90.6063373786671,234.143244639415));
#10026=CARTESIAN_POINT('Ctrl Pts',(19.0400718623218,90.6702284491781,234.208155598298));
#10027=CARTESIAN_POINT('Ctrl Pts',(19.0906571733671,90.7346782507915,234.27263326823));
#10028=CARTESIAN_POINT('Ctrl Pts',(19.1418797708343,90.7995497302983,234.336389595845));
#10029=CARTESIAN_POINT('',(18.7413905368899,90.7995497236142,235.831035738544));
#10030=CARTESIAN_POINT('',(18.7413905368899,90.7995497236142,235.831035738544));
#10031=CARTESIAN_POINT('Ctrl Pts',(18.7413905368899,90.7995497236142,235.831035738544));
#10032=CARTESIAN_POINT('Ctrl Pts',(18.6197919181989,90.7012276955889,235.898477631114));
#10033=CARTESIAN_POINT('Ctrl Pts',(18.4931727770625,90.599578355925,235.971581226333));
#10034=CARTESIAN_POINT('',(21.0557645866363,92.170107394859,232.579474623222));
#10035=CARTESIAN_POINT('Ctrl Pts',(31.8755941375817,90.7995684213057,233.950003662156));
#10036=CARTESIAN_POINT('Ctrl Pts',(31.8449430660677,91.7353231931746,233.950003662156));
#10037=CARTESIAN_POINT('Ctrl Pts',(31.3458258506447,93.5923674629245,233.950003662156));
#10038=CARTESIAN_POINT('Ctrl Pts',(29.436084352399,95.7927885855098,233.950003662156));
#10039=CARTESIAN_POINT('Ctrl Pts',(26.7399385848219,96.9810959432137,233.950003662156));
#10040=CARTESIAN_POINT('Ctrl Pts',(23.7802010176572,96.9389503516566,233.950003662156));
#10041=CARTESIAN_POINT('Ctrl Pts',(21.1229917198336,95.6693917894744,233.950003662156));
#10042=CARTESIAN_POINT('Ctrl Pts',(19.2832320914514,93.413933386131,233.950003662156));
#10043=CARTESIAN_POINT('Ctrl Pts',(18.8429737004095,91.5427345817456,233.950003662156));
#10044=CARTESIAN_POINT('Ctrl Pts',(18.8419120166078,90.6065055269987,233.950003662156));
#10045=CARTESIAN_POINT('Ctrl Pts',(31.7078585043472,90.7940741646433,234.078798312015));
#10046=CARTESIAN_POINT('Ctrl Pts',(31.6782079870581,91.7041281931208,234.078840794332));
#10047=CARTESIAN_POINT('Ctrl Pts',(31.1957259177943,93.510618251596,234.079561916277));
#10048=CARTESIAN_POINT('Ctrl Pts',(29.342996463516,95.6622764522092,234.081743070061));
#10049=CARTESIAN_POINT('Ctrl Pts',(26.7134321822685,96.8381722255216,234.083415674488));
#10050=CARTESIAN_POINT('Ctrl Pts',(23.8117080786667,96.8136737202658,234.083397875335));
#10051=CARTESIAN_POINT('Ctrl Pts',(21.1949745410835,95.5801344403906,234.081661918596));
#10052=CARTESIAN_POINT('Ctrl Pts',(19.3774719200516,93.3683381901755,234.079463472375));
#10053=CARTESIAN_POINT('Ctrl Pts',(18.9417863069795,91.5274763660551,234.0787953046));
#10054=CARTESIAN_POINT('Ctrl Pts',(18.9407361014635,90.6063934604808,234.078793777975));
#10055=CARTESIAN_POINT('Ctrl Pts',(31.5401228711127,90.7885799079809,234.207592961874));
#10056=CARTESIAN_POINT('Ctrl Pts',(31.5114729080484,91.6729331930669,234.207677926508));
#10057=CARTESIAN_POINT('Ctrl Pts',(31.045625984944,93.4288690402675,234.209120170399));
#10058=CARTESIAN_POINT('Ctrl Pts',(29.249908574633,95.5317643189086,234.213482477967));
#10059=CARTESIAN_POINT('Ctrl Pts',(26.6869257797152,96.6952485078296,234.216827686821));
#10060=CARTESIAN_POINT('Ctrl Pts',(23.8432151396762,96.688397088875,234.216792088514));
#10061=CARTESIAN_POINT('Ctrl Pts',(21.2669573623335,95.4908770913068,234.213320175037));
#10062=CARTESIAN_POINT('Ctrl Pts',(19.4717117486517,93.32274299422,234.208923282595));
#10063=CARTESIAN_POINT('Ctrl Pts',(19.0405989135495,91.5122181503646,234.207586947044));
#10064=CARTESIAN_POINT('Ctrl Pts',(19.0395601863192,90.6062813939629,234.207583893795));
#10065=CARTESIAN_POINT('Ctrl Pts',(31.3723872378782,90.7830856513185,234.336387611733));
#10066=CARTESIAN_POINT('Ctrl Pts',(31.3447378290388,91.641738193013,234.336515058685));
#10067=CARTESIAN_POINT('Ctrl Pts',(30.8955260520936,93.3471198289389,234.338678424521));
#10068=CARTESIAN_POINT('Ctrl Pts',(29.15682068575,95.401252185608,234.345221885872));
#10069=CARTESIAN_POINT('Ctrl Pts',(26.6604193771618,96.5523247901375,234.350239699154));
#10070=CARTESIAN_POINT('Ctrl Pts',(23.8747222006857,96.5631204574841,234.350186301693));
#10071=CARTESIAN_POINT('Ctrl Pts',(21.3389401835835,95.401619742223,234.344978431478));
#10072=CARTESIAN_POINT('Ctrl Pts',(19.5659515772519,93.2771477982645,234.338383092814));
#10073=CARTESIAN_POINT('Ctrl Pts',(19.1394115201195,91.4969599346741,234.336378589489));
#10074=CARTESIAN_POINT('Ctrl Pts',(19.1383842711748,90.606169327445,234.336374009615));
#10075=CARTESIAN_POINT('',(18.8451829737811,90.7995783559251,233.950003662156));
#10076=CARTESIAN_POINT('Ctrl Pts',(18.84523029297,90.7995734719474,233.950003662156));
#10077=CARTESIAN_POINT('Ctrl Pts',(18.8605436197655,90.7787299808206,233.970848059618));
#10078=CARTESIAN_POINT('Ctrl Pts',(18.8759335808225,90.7579198879227,233.991659034069));
#10079=CARTESIAN_POINT('Ctrl Pts',(18.8914008161613,90.7371451685614,234.012434461089));
#10080=CARTESIAN_POINT('Ctrl Pts',(18.9239430205541,90.6934363124638,234.056144806061));
#10081=CARTESIAN_POINT('Ctrl Pts',(18.9568708161252,90.6498255553555,234.099756323067));
#10082=CARTESIAN_POINT('Ctrl Pts',(18.9901909634265,90.6063373786645,234.143244639416));
#10083=CARTESIAN_POINT('',(31.8755941375814,90.7995684213155,233.950003662156));
#10084=CARTESIAN_POINT('Ctrl Pts',(18.8452304028638,90.7995767805984,233.950003662156));
#10085=CARTESIAN_POINT('Ctrl Pts',(18.8741726239319,91.6709535145028,233.950003662156));
#10086=CARTESIAN_POINT('Ctrl Pts',(19.3253960010229,93.4656243476533,233.950003662156));
#10087=CARTESIAN_POINT('Ctrl Pts',(21.1229917198336,95.6693917894744,233.950003662156));
#10088=CARTESIAN_POINT('Ctrl Pts',(23.7802010176572,96.9389503516566,233.950003662156));
#10089=CARTESIAN_POINT('Ctrl Pts',(26.7399385848219,96.9810959432137,233.950003662156));
#10090=CARTESIAN_POINT('Ctrl Pts',(29.436084352399,95.7927885855098,233.950003662156));
#10091=CARTESIAN_POINT('Ctrl Pts',(31.3458258506447,93.5923674629245,233.950003662156));
#10092=CARTESIAN_POINT('Ctrl Pts',(31.8449430660677,91.7353231931746,233.950003662156));
#10093=CARTESIAN_POINT('Ctrl Pts',(31.8755941375817,90.7995684213057,233.950003662156));
#10094=CARTESIAN_POINT('',(31.3718326624236,90.7995670882518,234.336390167859));
#10095=CARTESIAN_POINT('Ctrl Pts',(31.3718326624236,90.7995670882518,234.33639016786));
#10096=CARTESIAN_POINT('Ctrl Pts',(31.3725714654181,90.7995670903802,234.335823517105));
#10097=CARTESIAN_POINT('Ctrl Pts',(31.5404934080754,90.7995675739477,234.207029906105));
#10098=CARTESIAN_POINT('Ctrl Pts',(31.7084138419681,90.7995680157536,234.078234328841));
#10099=CARTESIAN_POINT('Ctrl Pts',(31.8755941375814,90.7995684213155,233.950003662156));
#10100=CARTESIAN_POINT('Ctrl Pts',(31.3718323111653,90.7995670758097,234.336390175222));
#10101=CARTESIAN_POINT('Ctrl Pts',(31.3418562966302,91.6526465807628,234.336528923414));
#10102=CARTESIAN_POINT('Ctrl Pts',(30.8918177030649,93.3515009275869,234.338692380559));
#10103=CARTESIAN_POINT('Ctrl Pts',(29.15682068575,95.401252185608,234.345221885872));
#10104=CARTESIAN_POINT('Ctrl Pts',(26.6604193771618,96.5523247901375,234.350239699154));
#10105=CARTESIAN_POINT('Ctrl Pts',(23.8747222006857,96.5631204574841,234.350186301693));
#10106=CARTESIAN_POINT('Ctrl Pts',(21.3389401835835,95.401619742223,234.344978431478));
#10107=CARTESIAN_POINT('Ctrl Pts',(19.6087273106298,93.3284035396263,234.338542214225));
#10108=CARTESIAN_POINT('Ctrl Pts',(19.1712734784724,91.6253316521894,234.336526806767));
#10109=CARTESIAN_POINT('Ctrl Pts',(19.1419341043218,90.799547836931,234.33639053215));
#10110=CARTESIAN_POINT('Origin',(29.2499390756254,90.6995783559252,234.050003662156));
#10111=CARTESIAN_POINT('',(13.2159390756255,90.799578355925,233.950003662156));
#10112=CARTESIAN_POINT('',(13.2987817881002,90.599578355925,234.150003662156));
#10113=CARTESIAN_POINT('',(29.2499390756254,90.7995783559252,233.950003662156));
#10114=CARTESIAN_POINT('Origin',(16.7452526470376,90.6995678837501,239.023166452453));
#10115=CARTESIAN_POINT('',(17.5161726139169,90.7995574115753,236.538015765941));
#10116=CARTESIAN_POINT('Ctrl Pts',(17.5161726139169,90.7995574115753,236.538015765941));
#10117=CARTESIAN_POINT('Ctrl Pts',(17.3944472414366,90.7009942682624,236.605930710092));
#10118=CARTESIAN_POINT('Ctrl Pts',(17.2684279056709,90.599578355925,236.67868800752));
#10119=CARTESIAN_POINT('',(16.8432430966503,90.7995574115753,239.049422914293));
#10120=CARTESIAN_POINT('Origin',(12.4488275969367,90.699578355925,234.858536497082));
#10121=CARTESIAN_POINT('',(10.2159390756255,90.7995783559249,236.950003662156));
#10122=CARTESIAN_POINT('',(10.4159390756255,90.5995783559249,237.03284637463));
#10123=CARTESIAN_POINT('',(12.3781169188181,90.799578355925,234.787825818963));
#10124=CARTESIAN_POINT('Origin',(10.3159390756255,90.6995783559248,239.159647975771));
#10125=CARTESIAN_POINT('',(10.2159390756255,90.7995783559246,245.600003662156));
#10126=CARTESIAN_POINT('',(11.375809521602,89.6397079099481,246.759874108132));
#10127=CARTESIAN_POINT('',(10.2159390756255,90.7995783559248,239.159647975771));
#10128=CARTESIAN_POINT('Origin',(35.2159390756255,77.9999999936799,233.950003662156));
#10129=CARTESIAN_POINT('',(25.2159390756255,98.9999999936799,233.950003662156));
#10130=CARTESIAN_POINT('',(24.9739491916618,98.9968703896832,233.950003662156));
#10131=CARTESIAN_POINT('Ctrl Pts',(25.2158787574426,98.9999999936799,233.950003662156));
#10132=CARTESIAN_POINT('Ctrl Pts',(25.1352438662671,98.9999999936799,233.950003662156));
#10133=CARTESIAN_POINT('Ctrl Pts',(25.0546089759171,98.9989571290534,233.950003662156));
#10134=CARTESIAN_POINT('Ctrl Pts',(24.9740036119612,98.9968717979009,233.950003662156));
#10135=CARTESIAN_POINT('',(30.9685989352708,96.9999999935903,233.950003662156));
#10136=CARTESIAN_POINT('Ctrl Pts',(30.9675032794024,96.9986239124458,233.950003662156));
#10137=CARTESIAN_POINT('Ctrl Pts',(29.3673119606536,98.2692962552428,233.950003662156));
#10138=CARTESIAN_POINT('Ctrl Pts',(27.2983490178113,98.999998631855,233.950003662156));
#10139=CARTESIAN_POINT('Ctrl Pts',(25.2159993937934,98.9999999936404,233.950003662156));
#10140=CARTESIAN_POINT('',(32.7862536506763,96.9999999936799,233.950003662156));
#10141=CARTESIAN_POINT('',(36.3519390756255,96.9999999936799,233.950003662156));
#10142=CARTESIAN_POINT('',(33.3519390756255,96.59999999368,233.950003662156));
#10143=CARTESIAN_POINT('Origin',(32.7862536506763,96.59999999368,233.950003662156));
#10144=CARTESIAN_POINT('',(33.3519390756255,90.7995783559252,233.950003662156));
#10145=CARTESIAN_POINT('',(33.3519390756255,77.9999999936799,233.950003662156));
#10146=CARTESIAN_POINT('',(29.2499390756254,90.7995783559252,233.950003662156));
#10147=CARTESIAN_POINT('',(13.2159390756255,96.59999999368,233.950003662156));
#10148=CARTESIAN_POINT('',(13.2159390756255,77.9999999936799,233.950003662156));
#10149=CARTESIAN_POINT('',(13.7816245005748,96.9999999936799,233.950003662156));
#10150=CARTESIAN_POINT('Origin',(13.7816245005747,96.59999999368,233.950003662156));
#10151=CARTESIAN_POINT('',(19.4632792160843,96.9999999936735,233.950003662156));
#10152=CARTESIAN_POINT('',(36.3519390756255,96.9999999936799,233.950003662156));
#10153=CARTESIAN_POINT('Ctrl Pts',(24.9738947713625,98.9968689814655,233.950003662156));
#10154=CARTESIAN_POINT('Ctrl Pts',(23.5947308286025,98.9611727377051,233.950003662156));
#10155=CARTESIAN_POINT('Ctrl Pts',(21.6082858931318,98.4577786390068,233.950003662156));
#10156=CARTESIAN_POINT('Ctrl Pts',(19.9405547446779,97.38136093078,233.950003662156));
#10157=CARTESIAN_POINT('Ctrl Pts',(19.4634122537907,96.9998336372186,233.950003662156));
#10158=CARTESIAN_POINT('Origin',(11.7159390756255,77.9999999936799,235.450003662156));
#10159=CARTESIAN_POINT('',(10.2159390756255,96.59999999368,236.950003662156));
#10160=CARTESIAN_POINT('',(10.2159390756255,77.9999999936799,236.950003662156));
#10161=CARTESIAN_POINT('',(13.4516890756256,96.59999999368,233.714253662156));
#10162=CARTESIAN_POINT('Origin',(10.2159390756255,77.9999999936799,233.950003662156));
#10163=CARTESIAN_POINT('',(10.2159390756255,96.5999999936801,245.600003662156));
#10164=CARTESIAN_POINT('',(10.2159390756255,77.9999999936801,245.600003662156));
#10165=CARTESIAN_POINT('',(10.2159390756255,96.59999999368,237.012503662156));
#10166=CARTESIAN_POINT('Origin',(10.4159390756255,77.9999999936801,245.800003662156));
#10167=CARTESIAN_POINT('',(10.6159390756255,90.7995783559246,246.000003662156));
#10168=CARTESIAN_POINT('',(9.40500934858512,89.5886486288844,244.789073935115));
#10169=CARTESIAN_POINT('',(10.6159390756255,96.9999999936801,246.000003662156));
#10170=CARTESIAN_POINT('',(10.6159390756255,77.9999999936801,246.000003662156));
#10171=CARTESIAN_POINT('Origin',(10.6159390756255,96.5999999936801,246.000003662156));
#10172=CARTESIAN_POINT('Origin',(15.209496249758,90.6995640397782,248.61932958784));
#10173=CARTESIAN_POINT('',(15.6528152847843,90.7995497236318,247.357748324718));
#10174=CARTESIAN_POINT('Ctrl Pts',(15.508125144025,90.5995783559246,247.111923482267));
#10175=CARTESIAN_POINT('Ctrl Pts',(15.5812287384928,90.7012276950836,247.238542622101));
#10176=CARTESIAN_POINT('Ctrl Pts',(15.6528152847843,90.7995497236318,247.357748324718));
#10177=CARTESIAN_POINT('',(14.9626363394587,90.7995497236317,249.933531214989));
#10178=CARTESIAN_POINT('',(15.3077232246479,90.7995497236318,248.645649426437));
#10179=CARTESIAN_POINT('Ctrl Pts',(14.9626363394587,90.7995497236317,249.933531214989));
#10180=CARTESIAN_POINT('Ctrl Pts',(14.9334681469891,90.7662210972658,249.911418835651));
#10181=CARTESIAN_POINT('Ctrl Pts',(14.9042981953386,90.7328913301556,249.889308538949));
#10182=CARTESIAN_POINT('Ctrl Pts',(14.8459592414214,90.6662345936873,249.845095396559));
#10183=CARTESIAN_POINT('Ctrl Pts',(14.8167892113027,90.6329064497903,249.822991771351));
#10184=CARTESIAN_POINT('Ctrl Pts',(14.7876184864678,90.5995783559245,249.800890935463));
#10185=CARTESIAN_POINT('Origin',(16.7499390756255,90.6995783559246,245.900003662156));
#10186=CARTESIAN_POINT('',(11.9983164576803,90.7995783559246,246.000003662156));
#10187=CARTESIAN_POINT('',(16.7499390756255,90.7995783559247,246.000003662156));
#10188=CARTESIAN_POINT('',(11.9983466361117,90.7994403845348,245.999865690766));
#10189=CARTESIAN_POINT('',(12.2512651040675,90.5995783559246,245.800003662156));
#10190=CARTESIAN_POINT('Origin',(22.1100203063477,90.3407999936799,245.541225299911));
#10191=CARTESIAN_POINT('Origin',(11.0476811603293,90.6995093702296,249.919818853067));
#10192=CARTESIAN_POINT('',(11.9371681634183,90.7994403845348,246.228186861101));
#10193=CARTESIAN_POINT('',(12.1370301920284,90.5995783559246,246.226334161457));
#10194=CARTESIAN_POINT('',(10.9546758420188,90.7994403845348,249.894898153343));
#10195=CARTESIAN_POINT('Origin',(20.7013665684838,90.6995783559245,252.402988422503));
#10196=CARTESIAN_POINT('',(13.7374140281765,90.7995783559245,250.640530596821));
#10197=CARTESIAN_POINT('',(11.9370301920284,90.7995783559245,250.158119205903));
#10198=CARTESIAN_POINT('',(20.6754846641759,90.7995783559245,252.499581005186));
#10199=CARTESIAN_POINT('',(11.9370301920284,90.7995783559245,250.158119205903));
#10200=CARTESIAN_POINT('',(13.737426567599,90.7995678818034,250.640523113142));
#10201=CARTESIAN_POINT('Ctrl Pts',(13.7063616024327,90.5995783559245,250.425154888524));
#10202=CARTESIAN_POINT('Ctrl Pts',(13.7115433854193,90.6329122861845,250.461053167058));
#10203=CARTESIAN_POINT('Ctrl Pts',(13.7167233141183,90.6662470162141,250.496951776718));
#10204=CARTESIAN_POINT('Ctrl Pts',(13.7270782454758,90.7329099310036,250.56874089995));
#10205=CARTESIAN_POINT('Ctrl Pts',(13.7322533719797,90.7662389081146,250.604632267006));
#10206=CARTESIAN_POINT('Ctrl Pts',(13.737426567599,90.7995678818034,250.640523113142));
#10207=CARTESIAN_POINT('Ctrl Pts',(13.737426567599,90.7995678818034,250.640523113142));
#10208=CARTESIAN_POINT('Ctrl Pts',(13.7374202978888,90.7995731188601,250.640526854978));
#10209=CARTESIAN_POINT('Ctrl Pts',(13.7374140281765,90.7995783559245,250.640530596821));
#10210=CARTESIAN_POINT('Origin',(12.0370301920284,90.6995783559246,245.284647975769));
#10211=CARTESIAN_POINT('',(11.9370301920284,90.7995783559246,246.228727121292));
#10212=CARTESIAN_POINT('',(11.9370301920284,90.7995783559247,245.284647975769));
#10213=CARTESIAN_POINT('Origin',(12.3958085542719,90.3407999936799,281.795157418002));
#10214=CARTESIAN_POINT('Ctrl Pts',(13.737426567599,90.7995678818034,250.640523113142));
#10215=CARTESIAN_POINT('Ctrl Pts',(14.1458238823084,90.7995668710009,250.404848854245));
#10216=CARTESIAN_POINT('Ctrl Pts',(14.5542281397344,90.7995656519144,250.169186620487));
#10217=CARTESIAN_POINT('Ctrl Pts',(14.962643581867,90.7995640361431,249.933543759208));
#10218=CARTESIAN_POINT('Ctrl Pts',(13.7037520948874,90.7329047065105,250.582197215487));
#10219=CARTESIAN_POINT('Ctrl Pts',(14.1121329492413,90.7329040326421,250.346494446419));
#10220=CARTESIAN_POINT('Ctrl Pts',(14.5205184320731,90.7329032199178,250.110799694109));
#10221=CARTESIAN_POINT('Ctrl Pts',(14.9289113713759,90.7329021427369,249.875117856786));
#10222=CARTESIAN_POINT('Ctrl Pts',(13.6700776221758,90.6662415312175,250.523871317832));
#10223=CARTESIAN_POINT('Ctrl Pts',(14.0784420161743,90.6662411942833,250.288140038592));
#10224=CARTESIAN_POINT('Ctrl Pts',(14.4868087244118,90.6662407879211,250.052412767731));
#10225=CARTESIAN_POINT('Ctrl Pts',(14.8951791608848,90.6662402493307,249.816691954364));
#10226=CARTESIAN_POINT('Ctrl Pts',(13.6364031494641,90.5995783559245,250.465545420178));
#10227=CARTESIAN_POINT('Ctrl Pts',(14.0447510831073,90.5995783559245,250.229785630766));
#10228=CARTESIAN_POINT('Ctrl Pts',(14.4530990167505,90.5995783559245,249.994025841354));
#10229=CARTESIAN_POINT('Ctrl Pts',(14.8614469503937,90.5995783559245,249.758266051942));
#10230=CARTESIAN_POINT('',(14.962631632576,90.7995640361903,249.933550653573));
#10231=CARTESIAN_POINT('Ctrl Pts',(14.962631632576,90.7995640361903,249.933550653573));
#10232=CARTESIAN_POINT('Ctrl Pts',(14.5542201737586,90.7995656519382,250.169191217108));
#10233=CARTESIAN_POINT('Ctrl Pts',(14.1458198993882,90.7995668710108,250.404851152673));
#10234=CARTESIAN_POINT('Ctrl Pts',(13.737426567599,90.7995678818034,250.640523113142));
#10235=CARTESIAN_POINT('Ctrl Pts',(14.9626363394587,90.7995497236317,249.933531214989));
#10236=CARTESIAN_POINT('Ctrl Pts',(14.9626347704915,90.7995544944819,249.933537694518));
#10237=CARTESIAN_POINT('Ctrl Pts',(14.9626332015305,90.7995592653348,249.933544174046));
#10238=CARTESIAN_POINT('Ctrl Pts',(14.9626316325758,90.7995640361903,249.933550653573));
#10239=CARTESIAN_POINT('Origin',(10.2159390756255,77.9999999936801,246.000003662156));
#10240=CARTESIAN_POINT('',(14.7433048508717,96.9999999936802,246.000003662156));
#10241=CARTESIAN_POINT('Origin',(21.9870910157096,90.3407999936799,246.000003662156));
#10242=CARTESIAN_POINT('',(36.3519390756255,96.9999999936801,246.000003662156));
#10243=CARTESIAN_POINT('Origin',(20.2743357274504,90.3407999936799,252.392093472447));
#10244=CARTESIAN_POINT('',(11.9370301920284,94.4565477358133,249.744008733971));
#10245=CARTESIAN_POINT('Origin',(11.9370301920284,90.3407999936799,283.507341589659));
#10246=CARTESIAN_POINT('',(29.6975200634704,90.7995093460181,254.502917612319));
#10247=CARTESIAN_POINT('Origin',(20.3778633446818,90.3407999936799,252.005723141714));
#10248=CARTESIAN_POINT('',(29.6975486511623,90.7994403845348,254.502823588171));
#10249=CARTESIAN_POINT('Ctrl Pts',(29.6975486513052,90.7994403845348,254.502823588089));
#10250=CARTESIAN_POINT('Ctrl Pts',(29.6975391220631,90.7994633717342,254.502854929525));
#10251=CARTESIAN_POINT('Ctrl Pts',(29.6975295927848,90.7994863588953,254.502886270935));
#10252=CARTESIAN_POINT('Ctrl Pts',(29.6975200634703,90.7995093460181,254.502917612319));
#10253=CARTESIAN_POINT('',(31.1259866213726,90.7994403845348,249.171820463204));
#10254=CARTESIAN_POINT('',(29.5939956128821,90.7994403845348,254.889288791551));
#10255=CARTESIAN_POINT('',(31.1261245927625,90.7995783559247,249.171280203014));
#10256=CARTESIAN_POINT('Origin',(30.6673462305164,90.3407999936799,213.604849906313));
#10257=CARTESIAN_POINT('',(31.1261245927625,92.7308422004264,248.052888252167));
#10258=CARTESIAN_POINT('Origin',(31.1261245927625,90.3407999936799,211.892665734647));
#10259=CARTESIAN_POINT('',(22.0861252821558,99.99999999368,245.630627757614));
#10260=CARTESIAN_POINT('Origin',(22.0861815597867,90.34079999368,245.63064283716));
#10261=CARTESIAN_POINT('',(15.5916983857942,97.2758654864718,243.890451330017));
#10262=CARTESIAN_POINT('Origin',(22.086069004525,90.34079999368,245.630612678069));
#10263=CARTESIAN_POINT('',(15.2312092935342,96.9999999936802,244.179119477639));
#10264=CARTESIAN_POINT('Ctrl Pts',(15.5916983857942,97.2760277663335,243.890451330017));
#10265=CARTESIAN_POINT('Ctrl Pts',(15.5288637429951,97.2319417280648,243.949253200494));
#10266=CARTESIAN_POINT('Ctrl Pts',(15.4639705964246,97.1842531364973,244.004867909562));
#10267=CARTESIAN_POINT('Ctrl Pts',(15.3429247952704,97.0909985857922,244.100218838718));
#10268=CARTESIAN_POINT('Ctrl Pts',(15.2870006297591,97.0462846273441,244.141100908045));
#10269=CARTESIAN_POINT('Ctrl Pts',(15.2312092935342,96.9999999936802,244.179119477639));
#10270=CARTESIAN_POINT('',(13.5157912182763,96.9999999936802,250.581146944382));
#10271=CARTESIAN_POINT('Origin',(11.9370301920284,90.5995783559248,246.200003662153));
#10272=CARTESIAN_POINT('',(11.9370301920284,93.6924619710396,250.158119205903));
#10273=CARTESIAN_POINT('',(11.9370301920284,90.4701891748024,250.158119205903));
#10274=CARTESIAN_POINT('Ctrl Pts',(11.9370301920284,94.4565477358133,249.744008733971));
#10275=CARTESIAN_POINT('Ctrl Pts',(11.9370301920284,94.0645608083947,249.972250427393));
#10276=CARTESIAN_POINT('Ctrl Pts',(11.9370301920284,93.6924619710396,250.158119205903));
#10277=CARTESIAN_POINT('Origin',(20.2743357274504,90.3407999936799,252.392093472447));
#10278=CARTESIAN_POINT('',(27.0809159726092,90.7995783559245,254.215911137068));
#10279=CARTESIAN_POINT('Origin',(20.4091650003929,90.5995783559247,252.428220866945));
#10280=CARTESIAN_POINT('',(29.2071635156637,90.7995783559245,254.785637444363));
#10281=CARTESIAN_POINT('',(20.6754846641759,90.7995783559245,252.499581005186));
#10282=CARTESIAN_POINT('Origin',(20.2743357274504,90.3407999936799,252.392093472447));
#10283=CARTESIAN_POINT('Origin',(31.0261245927625,90.6995783559248,246.784647975769));
#10284=CARTESIAN_POINT('',(31.1261245927625,90.7995783559248,246.000003662153));
#10285=CARTESIAN_POINT('',(31.1261245927625,90.7995783559247,246.784647975769));
#10286=CARTESIAN_POINT('',(31.1259866213726,90.7994403845348,249.171820463204));
#10287=CARTESIAN_POINT('',(30.9261245927625,90.5995783559248,245.800003662153));
#10288=CARTESIAN_POINT('Ctrl Pts',(29.2072591846295,90.7995032532433,254.785585327053));
#10289=CARTESIAN_POINT('Ctrl Pts',(29.2088117586306,90.7995032738047,254.784690218386));
#10290=CARTESIAN_POINT('Ctrl Pts',(29.210364332406,90.7995032943495,254.783795109327));
#10291=CARTESIAN_POINT('Ctrl Pts',(29.211916905956,90.7995033148778,254.782899999879));
#10292=CARTESIAN_POINT('Ctrl Pts',(29.3701973814072,90.7995054076763,254.69164612715));
#10293=CARTESIAN_POINT('Ctrl Pts',(29.5320034809659,90.7995074159199,254.598354208924));
#10294=CARTESIAN_POINT('Ctrl Pts',(29.6975822278212,90.799509346743,254.502881768454));
#10295=CARTESIAN_POINT('Ctrl Pts',(29.1748502309848,90.7328616208037,254.729426040396));
#10296=CARTESIAN_POINT('Ctrl Pts',(29.1764026800161,90.7328616345113,254.728530715177));
#10297=CARTESIAN_POINT('Ctrl Pts',(29.1779551288969,90.7328616482078,254.727635389697));
#10298=CARTESIAN_POINT('Ctrl Pts',(29.1795075776274,90.7328616618934,254.726740063957));
#10299=CARTESIAN_POINT('Ctrl Pts',(29.3377750219132,90.7328630570968,254.635464317685));
#10300=CARTESIAN_POINT('Ctrl Pts',(29.4995683504181,90.7328643959258,254.542150948859));
#10301=CARTESIAN_POINT('Ctrl Pts',(29.6651345714004,90.7328656831368,254.446657457142));
#10302=CARTESIAN_POINT('Ctrl Pts',(29.1424412773401,90.6662199883641,254.673266753739));
#10303=CARTESIAN_POINT('Ctrl Pts',(29.1439936014015,90.6662199952179,254.672371211968));
#10304=CARTESIAN_POINT('Ctrl Pts',(29.1455459253878,90.6662200020662,254.671475670067));
#10305=CARTESIAN_POINT('Ctrl Pts',(29.1470982492989,90.6662200089089,254.670580128036));
#10306=CARTESIAN_POINT('Ctrl Pts',(29.3053526623558,90.666220706504,254.579282508123));
#10307=CARTESIAN_POINT('Ctrl Pts',(29.4671332198079,90.6662213759186,254.485947688698));
#10308=CARTESIAN_POINT('Ctrl Pts',(29.6326869149796,90.6662220195307,254.39043314583));
#10309=CARTESIAN_POINT('Ctrl Pts',(29.1100323236954,90.5995783559245,254.617107467082));
#10310=CARTESIAN_POINT('Ctrl Pts',(29.111584522787,90.5995783559245,254.61621170876));
#10311=CARTESIAN_POINT('Ctrl Pts',(29.1131367218787,90.5995783559245,254.615315950437));
#10312=CARTESIAN_POINT('Ctrl Pts',(29.1146889209703,90.5995783559245,254.614420192115));
#10313=CARTESIAN_POINT('Ctrl Pts',(29.2729303028617,90.5995783559245,254.523100698658));
#10314=CARTESIAN_POINT('Ctrl Pts',(29.43469808926,90.5995783559245,254.429744428633));
#10315=CARTESIAN_POINT('Ctrl Pts',(29.6002392585588,90.5995783559245,254.334208834518));
#10316=CARTESIAN_POINT('',(29.2072591849672,90.7995032532432,254.785585326858));
#10317=CARTESIAN_POINT('Ctrl Pts',(29.6975200634703,90.7995093460181,254.502917612319));
#10318=CARTESIAN_POINT('Ctrl Pts',(29.5319629822654,90.7995074154173,254.598377559103));
#10319=CARTESIAN_POINT('Ctrl Pts',(29.3701775732469,90.7995054074144,254.691657547203));
#10320=CARTESIAN_POINT('Ctrl Pts',(29.211916905956,90.7995033148778,254.782899999879));
#10321=CARTESIAN_POINT('Ctrl Pts',(29.210364332406,90.7995032943495,254.783795109327));
#10322=CARTESIAN_POINT('Ctrl Pts',(29.2088117586306,90.7995032738047,254.784690218386));
#10323=CARTESIAN_POINT('Ctrl Pts',(29.2072591849672,90.7995032532433,254.785585326858));
#10324=CARTESIAN_POINT('Ctrl Pts',(29.207259184975,90.7995032533234,254.785585326944));
#10325=CARTESIAN_POINT('Ctrl Pts',(29.2037952775269,90.7661913291945,254.750170134193));
#10326=CARTESIAN_POINT('Ctrl Pts',(29.2003269046568,90.7328761842868,254.714750410541));
#10327=CARTESIAN_POINT('Ctrl Pts',(29.1933801912871,90.6662287317794,254.643890524292));
#10328=CARTESIAN_POINT('Ctrl Pts',(29.1899025362143,90.6329030145659,254.608457368225));
#10329=CARTESIAN_POINT('Ctrl Pts',(29.1864209440209,90.5995783559243,254.573024253123));
#10330=CARTESIAN_POINT('Ctrl Pts',(29.5329592652923,90.5995783559245,254.373036752065));
#10331=CARTESIAN_POINT('Ctrl Pts',(29.5604052819289,90.6329040707607,254.394671227601));
#10332=CARTESIAN_POINT('Ctrl Pts',(29.587850131344,90.6662294613705,254.416308839804));
#10333=CARTESIAN_POINT('Ctrl Pts',(29.6152767061551,90.6995337429423,254.43793605699));
#10334=CARTESIAN_POINT('Ctrl Pts',(29.6427019546189,90.7328364139213,254.459562228285));
#10335=CARTESIAN_POINT('Ctrl Pts',(29.670125954723,90.7661386520724,254.48119143044));
#10336=CARTESIAN_POINT('Ctrl Pts',(29.6975486511905,90.7994403845347,254.502823588155));
#10337=CARTESIAN_POINT('Origin',(20.7013665684838,90.6995783559245,252.402988422503));
#10338=CARTESIAN_POINT('',(27.0809088549908,90.7995678818033,254.2158983863));
#10339=CARTESIAN_POINT('Ctrl Pts',(27.0809159726092,90.7995783559245,254.215911137068));
#10340=CARTESIAN_POINT('Ctrl Pts',(27.080912413801,90.79957311886,254.215904761681));
#10341=CARTESIAN_POINT('Ctrl Pts',(27.0809088549908,90.7995678818033,254.2158983863));
#10342=CARTESIAN_POINT('Ctrl Pts',(27.0809088549908,90.7995678818033,254.2158983863));
#10343=CARTESIAN_POINT('Ctrl Pts',(27.1033386476497,90.7662325905404,254.187397198087));
#10344=CARTESIAN_POINT('Ctrl Pts',(27.1257703749662,90.7328972939681,254.158896522767));
#10345=CARTESIAN_POINT('Ctrl Pts',(27.1706325719613,90.6662343786313,254.101902783796));
#10346=CARTESIAN_POINT('Ctrl Pts',(27.1930635741154,90.6329059675736,254.073409042578));
#10347=CARTESIAN_POINT('Ctrl Pts',(27.2154960160588,90.5995783559245,254.04491651476));
#10348=CARTESIAN_POINT('Ctrl Pts',(29.2072591849672,90.7995032532432,254.785585326858));
#10349=CARTESIAN_POINT('Ctrl Pts',(29.2072113502739,90.799540804744,254.785611385766));
#10350=CARTESIAN_POINT('Ctrl Pts',(29.2071635156637,90.7995783559245,254.785637444363));
#10351=CARTESIAN_POINT('Origin',(26.8166558972292,90.6995640397782,251.729458641798));
#10352=CARTESIAN_POINT('',(26.37334203715,90.7995497236317,252.991020591753));
#10353=CARTESIAN_POINT('',(27.0635209824759,90.7995497236318,250.415237701482));
#10354=CARTESIAN_POINT('',(26.7184289223392,90.7995497236318,251.703138803201));
#10355=CARTESIAN_POINT('Ctrl Pts',(27.0635209824759,90.7995497236318,250.415237701482));
#10356=CARTESIAN_POINT('Ctrl Pts',(27.1851196014421,90.7012276950835,250.347795807886));
#10357=CARTESIAN_POINT('Ctrl Pts',(27.3117387412762,90.5995783559246,250.274692213418));
#10358=CARTESIAN_POINT('Ctrl Pts',(26.591232083719,90.5995783559245,252.963659666614));
#10359=CARTESIAN_POINT('Ctrl Pts',(26.5549166069503,90.6329087168226,252.968214499327));
#10360=CARTESIAN_POINT('Ctrl Pts',(26.5186003369874,90.6662391278209,252.972772095404));
#10361=CARTESIAN_POINT('Ctrl Pts',(26.4459707488904,90.7328958648175,252.98189232377));
#10362=CARTESIAN_POINT('Ctrl Pts',(26.4096561519988,90.7662233644876,252.986455116337));
#10363=CARTESIAN_POINT('Ctrl Pts',(26.37334203715,90.7995497236317,252.991020591753));
#10364=CARTESIAN_POINT('Ctrl Pts',(26.373329492931,90.799564036143,252.991027834162));
#10365=CARTESIAN_POINT('Ctrl Pts',(26.6092062036493,90.7995656519143,253.399308247498));
#10366=CARTESIAN_POINT('Ctrl Pts',(26.8450635418889,90.7995668710008,253.807599845541));
#10367=CARTESIAN_POINT('Ctrl Pts',(27.0809088549908,90.7995678818033,254.2158983863));
#10368=CARTESIAN_POINT('Ctrl Pts',(26.4317553953532,90.7329021427369,252.957295623671));
#10369=CARTESIAN_POINT('Ctrl Pts',(26.6675931300281,90.7329032199177,253.365598539837));
#10370=CARTESIAN_POINT('Ctrl Pts',(26.9034179497172,90.7329040326421,253.773908912473));
#10371=CARTESIAN_POINT('Ctrl Pts',(27.1392347526479,90.7329047065104,254.182223913587));
#10372=CARTESIAN_POINT('Ctrl Pts',(26.4901812977753,90.6662402493307,252.92356341318));
#10373=CARTESIAN_POINT('Ctrl Pts',(26.7259800564069,90.6662407879211,253.331888832175));
#10374=CARTESIAN_POINT('Ctrl Pts',(26.9617723575455,90.6662411942833,253.740217979405));
#10375=CARTESIAN_POINT('Ctrl Pts',(27.1975606503049,90.6662415312174,254.148549440874));
#10376=CARTESIAN_POINT('Ctrl Pts',(26.5486072001975,90.5995783559245,252.889831202688));
#10377=CARTESIAN_POINT('Ctrl Pts',(26.7843669827857,90.5995783559245,253.298179124513));
#10378=CARTESIAN_POINT('Ctrl Pts',(27.0201267653738,90.5995783559245,253.706527046337));
#10379=CARTESIAN_POINT('Ctrl Pts',(27.255886547962,90.5995783559245,254.114874968161));
#10380=CARTESIAN_POINT('',(26.373336394138,90.7995640361903,252.991039779502));
#10381=CARTESIAN_POINT('Ctrl Pts',(27.0809088549908,90.7995678818033,254.2158983863));
#10382=CARTESIAN_POINT('Ctrl Pts',(26.845065841985,90.7995668710107,253.807603827498));
#10383=CARTESIAN_POINT('Ctrl Pts',(26.6092108040761,90.7995656519381,253.399316211277));
#10384=CARTESIAN_POINT('Ctrl Pts',(26.373336394138,90.7995640361903,252.991039779502));
#10385=CARTESIAN_POINT('Ctrl Pts',(26.3733363941381,90.7995640361903,252.991039779503));
#10386=CARTESIAN_POINT('Ctrl Pts',(26.3733382751472,90.7995592653348,252.99103338359));
#10387=CARTESIAN_POINT('Ctrl Pts',(26.3733401561512,90.7995544944819,252.991026987673));
#10388=CARTESIAN_POINT('Ctrl Pts',(26.37334203715,90.7995497236317,252.991020591753));
#10389=CARTESIAN_POINT('Origin',(29.5009902945716,90.6995093702296,254.864368091826));
#10390=CARTESIAN_POINT('Origin',(16.7499390756255,90.6995783559247,245.900003662154));
#10391=CARTESIAN_POINT('',(35.9519390756255,90.7995783559248,246.000003662156));
#10392=CARTESIAN_POINT('',(34.9848688026245,91.7666486289113,246.967073935157));
#10393=CARTESIAN_POINT('',(16.7499390756255,90.7995783559247,246.000003662156));
#10394=CARTESIAN_POINT('Origin',(31.1261245927625,90.5995783559248,249.200003662153));
#10395=CARTESIAN_POINT('',(31.1261245927625,94.2619191546909,246.000003662156));
#10396=CARTESIAN_POINT('',(31.1261245927625,90.5995783559248,246.000003662153));
#10397=CARTESIAN_POINT('Origin',(31.1261245927625,90.3407999936796,211.893116140566));
#10398=CARTESIAN_POINT('Origin',(10.2159390756255,77.9999999936801,246.000003662156));
#10399=CARTESIAN_POINT('',(35.9519390756255,96.9999999936801,246.000003662156));
#10400=CARTESIAN_POINT('',(35.9519390756255,77.9999999936801,246.000003662156));
#10401=CARTESIAN_POINT('',(29.2308312465296,96.9999999936801,246.000003662156));
#10402=CARTESIAN_POINT('',(36.3519390756255,96.9999999936801,246.000003662156));
#10403=CARTESIAN_POINT('Origin',(21.9872116250134,90.34079999368,246.000003662156));
#10404=CARTESIAN_POINT('Origin',(36.1519390756255,77.9999999936801,245.800003662156));
#10405=CARTESIAN_POINT('',(36.3519390756255,90.7995783559249,245.600003662156));
#10406=CARTESIAN_POINT('',(34.1712352963155,88.6188745766147,247.780707441466));
#10407=CARTESIAN_POINT('',(36.3519390756255,96.5999999936801,245.600003662156));
#10408=CARTESIAN_POINT('',(36.3519390756255,77.9999999936801,245.600003662156));
#10409=CARTESIAN_POINT('Origin',(35.9519390756255,96.5999999936801,246.000003662156));
#10410=CARTESIAN_POINT('Origin',(28.7146622279809,90.6995640397784,244.646002582345));
#10411=CARTESIAN_POINT('',(28.2713431929542,90.799549723632,245.907583845467));
#10412=CARTESIAN_POINT('Ctrl Pts',(28.4160333337138,90.5995783559248,246.153408687918));
#10413=CARTESIAN_POINT('Ctrl Pts',(28.3429297392458,90.7012276950837,246.026789548084));
#10414=CARTESIAN_POINT('Ctrl Pts',(28.2713431929542,90.799549723632,245.907583845467));
#10415=CARTESIAN_POINT('',(28.6164352530909,90.799549723632,244.619682743748));
#10416=CARTESIAN_POINT('Origin',(22.9110824042447,90.5995783559253,243.090938055366));
#10417=CARTESIAN_POINT('Origin',(22.5659903441081,90.5995783559251,244.378839157084));
#10418=CARTESIAN_POINT('Origin',(30.2503196211411,90.6995640397696,238.914843992416));
#10419=CARTESIAN_POINT('',(30.1520926457376,90.7995497236142,238.888524153682));
#10420=CARTESIAN_POINT('Ctrl Pts',(30.296782787524,90.599578355925,239.134348996408));
#10421=CARTESIAN_POINT('Ctrl Pts',(30.2236791923044,90.7012276955888,239.007729855272));
#10422=CARTESIAN_POINT('Ctrl Pts',(30.1520926457376,90.7995497236142,238.888524153682));
#10423=CARTESIAN_POINT('',(31.3718259691551,90.7995497236144,234.336417419003));
#10424=CARTESIAN_POINT('',(30.1520926457376,90.7995497236142,238.888524153682));
#10425=CARTESIAN_POINT('Ctrl Pts',(31.3718259691551,90.7995497236144,234.336417419003));
#10426=CARTESIAN_POINT('Ctrl Pts',(31.4016791661842,90.7662217404677,234.355970799597));
#10427=CARTESIAN_POINT('Ctrl Pts',(31.4315332957085,90.7328933282652,234.375522386108));
#10428=CARTESIAN_POINT('Ctrl Pts',(31.4912428498008,90.6662362714984,234.414621639058));
#10429=CARTESIAN_POINT('Ctrl Pts',(31.5210984563419,90.6329074237796,234.434169424689));
#10430=CARTESIAN_POINT('Ctrl Pts',(31.5509547988288,90.5995783559252,234.453715328788));
#10431=CARTESIAN_POINT('Ctrl Pts',(31.8755941375814,90.7995684213155,233.950003662156));
#10432=CARTESIAN_POINT('Ctrl Pts',(31.7084138419681,90.7995680157536,234.078234328841));
#10433=CARTESIAN_POINT('Ctrl Pts',(31.5404876158046,90.7995675739325,234.207034348798));
#10434=CARTESIAN_POINT('Ctrl Pts',(31.3725598807723,90.7995670903468,234.335832402355));
#10435=CARTESIAN_POINT('Ctrl Pts',(31.3718152854542,90.7995670882018,234.336403495733));
#10436=CARTESIAN_POINT('Ctrl Pts',(31.9165827396996,90.7329050661854,234.003421048433));
#10437=CARTESIAN_POINT('Ctrl Pts',(31.7494107004,90.732904795816,234.131662474956));
#10438=CARTESIAN_POINT('Ctrl Pts',(31.5814932167067,90.7329045012672,234.260473888322));
#10439=CARTESIAN_POINT('Ctrl Pts',(31.4135747272462,90.7329041788729,234.389283990943));
#10440=CARTESIAN_POINT('Ctrl Pts',(31.4128301729309,90.7329041774429,234.389855137757));
#10441=CARTESIAN_POINT('Ctrl Pts',(31.9575713418178,90.6662417110553,234.056838434711));
#10442=CARTESIAN_POINT('Ctrl Pts',(31.7904075591252,90.6662415758628,234.185090621454));
#10443=CARTESIAN_POINT('Ctrl Pts',(31.6224988179711,90.6662414285904,234.313913428318));
#10444=CARTESIAN_POINT('Ctrl Pts',(31.4545895737155,90.6662412673991,234.442735579525));
#10445=CARTESIAN_POINT('Ctrl Pts',(31.4538450604075,90.666241266684,234.443306779781));
#10446=CARTESIAN_POINT('Ctrl Pts',(31.9985599439359,90.5995783559252,234.110255820989));
#10447=CARTESIAN_POINT('Ctrl Pts',(31.8314044175572,90.5995783559252,234.238518767569));
#10448=CARTESIAN_POINT('Ctrl Pts',(31.6635044188732,90.5995783559251,234.367352967842));
#10449=CARTESIAN_POINT('Ctrl Pts',(31.4956044201894,90.5995783559252,234.496187168113));
#10450=CARTESIAN_POINT('Ctrl Pts',(31.4948599478842,90.5995783559252,234.496758421804));
#10451=CARTESIAN_POINT('Ctrl Pts',(31.8755941375814,90.7995684213155,233.950003662156));
#10452=CARTESIAN_POINT('Ctrl Pts',(31.9004815562587,90.7329050271256,234.015770981657));
#10453=CARTESIAN_POINT('Ctrl Pts',(31.9253713480011,90.6662416716739,234.081541393796));
#10454=CARTESIAN_POINT('Ctrl Pts',(31.95026355021,90.5995783559252,234.147314947317));
#10455=CARTESIAN_POINT('Ctrl Pts',(31.3718259691551,90.7995497236144,234.336417419003));
#10456=CARTESIAN_POINT('Ctrl Pts',(31.3718282002539,90.799555511822,234.336408335287));
#10457=CARTESIAN_POINT('Ctrl Pts',(31.3718304313435,90.7995613000345,234.336399251573));
#10458=CARTESIAN_POINT('Ctrl Pts',(31.3718326624237,90.7995670882518,234.336390167859));
#10459=CARTESIAN_POINT('Origin',(36.2519390756255,90.6995783559249,245.284647975771));
#10460=CARTESIAN_POINT('',(36.3519390756255,90.7995783559252,236.950003662156));
#10461=CARTESIAN_POINT('',(36.3519390756255,90.7995783559249,245.284647975771));
#10462=CARTESIAN_POINT('',(36.1519390756255,90.5995783559251,237.03284637463));
#10463=CARTESIAN_POINT('Origin',(34.1190505543143,90.6995783559252,234.858536497082));
#10464=CARTESIAN_POINT('',(34.1897612324329,90.7995783559252,234.787825818963));
#10465=CARTESIAN_POINT('',(33.2690963631509,90.5995783559252,234.150003662156));
#10466=CARTESIAN_POINT('Origin',(29.2499390756254,90.6995783559252,234.050003662156));
#10467=CARTESIAN_POINT('Origin',(24.3173320687625,90.5995783559253,237.842742859257));
#10468=CARTESIAN_POINT('Origin',(24.4467415913138,90.5995783559253,237.359779946113));
#10469=CARTESIAN_POINT('',(30.8624682124732,90.599578355925,240.114144893522));
#10470=CARTESIAN_POINT('',(30.5089148218799,90.599578355925,239.501772457826));
#10471=CARTESIAN_POINT('Origin',(24.1879225462112,90.5995783559252,238.325705772402));
#10472=CARTESIAN_POINT('Origin',(33.0257290871346,90.0995783559248,241.70000366215));
#10473=CARTESIAN_POINT('',(31.2297806982131,89.5995783559248,241.70000366215));
#10474=CARTESIAN_POINT('Origin',(33.0257290871346,89.5995783559248,241.70000366215));
#10475=CARTESIAN_POINT('',(30.4375386361094,90.3918204180285,241.70000366215));
#10476=CARTESIAN_POINT('',(30.7297806982131,90.0995783559248,241.70000366215));
#10477=CARTESIAN_POINT('',(30.862468212474,90.4859136294602,240.114144893518));
#10478=CARTESIAN_POINT('Ctrl Pts',(30.4375386361094,90.3918204180285,241.70000366215));
#10479=CARTESIAN_POINT('Ctrl Pts',(30.6462103131207,90.1831487410171,240.921230361443));
#10480=CARTESIAN_POINT('Ctrl Pts',(30.862468212474,90.4859136294602,240.114144893519));
#10481=CARTESIAN_POINT('Ctrl Pts',(30.862468212474,90.4859136294602,240.114144893518));
#10482=CARTESIAN_POINT('Ctrl Pts',(30.8321845246741,90.541349371809,240.061692007609));
#10483=CARTESIAN_POINT('Ctrl Pts',(30.8006175322279,90.5995783559248,240.007016372849));
#10484=CARTESIAN_POINT('Ctrl Pts',(30.2868913318996,90.5995783559248,242.262227055484));
#10485=CARTESIAN_POINT('Ctrl Pts',(30.3651215001812,90.4642375539567,241.970268092773));
#10486=CARTESIAN_POINT('Ctrl Pts',(30.4375386361094,90.3918204180285,241.70000366215));
#10487=CARTESIAN_POINT('Origin',(30.862468212474,90.5995783559248,240.114144893518));
#10488=CARTESIAN_POINT('',(30.862468212474,90.5995783559248,240.114144893518));
#10489=CARTESIAN_POINT('Origin',(30.2868913318996,90.5995783559248,242.262227055484));
#10490=CARTESIAN_POINT('',(30.1895386952067,90.5995783559249,242.625552041873));
#10491=CARTESIAN_POINT('Origin',(33.0542844039778,89.5995783559248,241.70000366215));
#10492=CARTESIAN_POINT('',(34.6757290871337,89.5995783559248,241.700003662153));
#10493=CARTESIAN_POINT('Origin',(33.0257290871346,89.5995783559248,241.70000366215));
#10494=CARTESIAN_POINT('Origin',(13.5418352161278,90.0995783559248,241.70000366215));
#10495=CARTESIAN_POINT('',(11.7458868272063,89.5995783559248,241.70000366215));
#10496=CARTESIAN_POINT('Origin',(13.5418352161278,89.5995783559248,241.70000366215));
#10497=CARTESIAN_POINT('',(11.2458868272063,90.0995783559248,241.70000366215));
#10498=CARTESIAN_POINT('Origin',(13.5418352161278,89.5995783559248,241.70000366215));
#10499=CARTESIAN_POINT('',(15.191835216127,89.5995783559248,241.700003662153));
#10500=CARTESIAN_POINT('Origin',(13.5418352161278,89.5995783559248,241.70000366215));
#10501=CARTESIAN_POINT('Origin',(35.9519390756255,96.5999999936801,243.137503662156));
#10502=CARTESIAN_POINT('',(36.3519390756255,96.59999999368,236.950003662156));
#10503=CARTESIAN_POINT('',(36.3519390756255,96.5999999936801,243.137503662156));
#10504=CARTESIAN_POINT('',(35.9519390756255,96.99999999368,237.115689087105));
#10505=CARTESIAN_POINT('Origin',(35.9519390756255,96.59999999368,237.115689087105));
#10506=CARTESIAN_POINT('',(35.9519390756255,96.99999999368,241.038720739911));
#10507=CARTESIAN_POINT('',(35.9519390756255,96.9999999936801,243.137503662156));
#10508=CARTESIAN_POINT('',(36.0257290871338,96.9931348740985,241.700003662155));
#10509=CARTESIAN_POINT('Ctrl Pts',(35.9519390756255,96.9999999936801,241.038720739911));
#10510=CARTESIAN_POINT('Ctrl Pts',(36.0018052972177,96.9999999936801,241.259381263271));
#10511=CARTESIAN_POINT('Ctrl Pts',(36.0257290871338,96.9931348740985,241.491300253624));
#10512=CARTESIAN_POINT('Ctrl Pts',(36.0257290871338,96.9931348740985,241.700003662155));
#10513=CARTESIAN_POINT('',(35.9519390756255,96.9999999936801,242.361286584398));
#10514=CARTESIAN_POINT('Ctrl Pts',(36.0257290871338,96.9931348740985,241.700003662155));
#10515=CARTESIAN_POINT('Ctrl Pts',(36.0257290871338,96.9931348740985,241.908707070685));
#10516=CARTESIAN_POINT('Ctrl Pts',(36.0018052972177,96.9999999936801,242.140626061038));
#10517=CARTESIAN_POINT('Ctrl Pts',(35.9519390756255,96.9999999936801,242.361286584398));
#10518=CARTESIAN_POINT('',(35.9519390756255,96.9999999936801,243.137503662156));
#10519=CARTESIAN_POINT('Origin',(36.3519390756255,77.9999999936801,246.200003662156));
#10520=CARTESIAN_POINT('',(36.3519390756255,77.9999999936799,236.950003662156));
#10521=CARTESIAN_POINT('Origin',(10.6159390756255,96.59999999368,237.012503662156));
#10522=CARTESIAN_POINT('',(10.6159390756255,96.9999999936801,242.362673847842));
#10523=CARTESIAN_POINT('',(10.6159390756255,96.99999999368,237.012503662156));
#10524=CARTESIAN_POINT('',(10.6159390756255,96.99999999368,241.037333476467));
#10525=CARTESIAN_POINT('Ctrl Pts',(10.6159390756255,96.9999999936801,242.362673847842));
#10526=CARTESIAN_POINT('Ctrl Pts',(10.565867385184,96.9999999936801,242.141591673065));
#10527=CARTESIAN_POINT('Ctrl Pts',(10.541835216127,96.9930758362441,241.90914698948));
#10528=CARTESIAN_POINT('Ctrl Pts',(10.541835216127,96.9930758362441,241.490860334829));
#10529=CARTESIAN_POINT('Ctrl Pts',(10.565867385184,96.99999999368,241.258415651244));
#10530=CARTESIAN_POINT('Ctrl Pts',(10.6159390756255,96.99999999368,241.037333476467));
#10531=CARTESIAN_POINT('',(10.6159390756255,96.99999999368,237.115689087105));
#10532=CARTESIAN_POINT('',(10.6159390756255,96.99999999368,237.012503662156));
#10533=CARTESIAN_POINT('Origin',(10.6159390756255,96.59999999368,237.115689087105));
#10534=CARTESIAN_POINT('Ctrl Pts',(32.1963339032028,96.99999999368,234.932597077471));
#10535=CARTESIAN_POINT('Ctrl Pts',(30.410327888082,98.8101886771274,234.941496015374));
#10536=CARTESIAN_POINT('Ctrl Pts',(27.8514953440046,99.9283313770126,234.949761237252));
#10537=CARTESIAN_POINT('Ctrl Pts',(25.2158659035705,99.9965353294321,234.949997660191));
#10538=CARTESIAN_POINT('Ctrl Pts',(32.0066931278007,96.8058353297973,234.605065939033));
#10539=CARTESIAN_POINT('Ctrl Pts',(30.2609052457469,98.5548111835213,234.610998564301));
#10540=CARTESIAN_POINT('Ctrl Pts',(27.7669038048437,99.6188978230872,234.61650871222));
#10541=CARTESIAN_POINT('Ctrl Pts',(25.2158701881946,99.664356883922,234.616666327513));
#10542=CARTESIAN_POINT('Ctrl Pts',(31.8170523523986,96.6116706659146,234.277534800594));
#10543=CARTESIAN_POINT('Ctrl Pts',(30.1114826034118,98.2994336899152,234.280501113228));
#10544=CARTESIAN_POINT('Ctrl Pts',(27.6823122656828,99.3094642691619,234.283256187188));
#10545=CARTESIAN_POINT('Ctrl Pts',(25.2158744728186,99.3321784384119,234.283334994834));
#10546=CARTESIAN_POINT('Ctrl Pts',(31.6274115769965,96.4175060020319,233.950003662156));
#10547=CARTESIAN_POINT('Ctrl Pts',(29.9620599610767,98.044056196309,233.950003662156));
#10548=CARTESIAN_POINT('Ctrl Pts',(27.5977207265218,99.0000307152365,233.950003662156));
#10549=CARTESIAN_POINT('Ctrl Pts',(25.2158787574426,98.9999999929019,233.950003662156));
#10550=CARTESIAN_POINT('',(32.1963339032027,96.99999999368,234.932597077471));
#10551=CARTESIAN_POINT('Ctrl Pts',(30.9677149722552,96.9984558070663,233.950003662156));
#10552=CARTESIAN_POINT('Ctrl Pts',(31.1132402647448,96.9988129961838,234.057469514091));
#10553=CARTESIAN_POINT('Ctrl Pts',(31.2574316706461,96.9991148190604,234.167355483257));
#10554=CARTESIAN_POINT('Ctrl Pts',(31.4000274309314,96.9993474089368,234.279016159935));
#10555=CARTESIAN_POINT('Ctrl Pts',(31.4679600587535,96.9994582147663,234.332211312273));
#10556=CARTESIAN_POINT('Ctrl Pts',(31.5355300681714,96.9995539819091,234.385809328579));
#10557=CARTESIAN_POINT('Ctrl Pts',(31.6027068718243,96.9996365120603,234.439740834708));
#10558=CARTESIAN_POINT('Ctrl Pts',(31.7548643997899,96.999823445393,234.561897356093));
#10559=CARTESIAN_POINT('Ctrl Pts',(31.9057004386408,96.999938708898,234.686320234927));
#10560=CARTESIAN_POINT('Ctrl Pts',(32.0548831408139,96.9999805167115,234.81228590271));
#10561=CARTESIAN_POINT('Ctrl Pts',(32.1022036716468,96.9999937780876,234.852242024829));
#10562=CARTESIAN_POINT('Ctrl Pts',(32.1493576383314,96.99999999368,234.892353413362));
#10563=CARTESIAN_POINT('Ctrl Pts',(32.1963339032028,96.99999999368,234.932597077471));
#10564=CARTESIAN_POINT('',(25.2159390756255,99.9965334354749,234.949997653623));
#10565=CARTESIAN_POINT('',(25.2158787574426,98.9999999936799,233.950003662156));
#10566=CARTESIAN_POINT('Ctrl Pts',(25.2159993937873,99.9965318741166,234.94999764821));
#10567=CARTESIAN_POINT('Ctrl Pts',(27.8515817442153,99.9282936220934,234.949760958172));
#10568=CARTESIAN_POINT('Ctrl Pts',(30.4103580408346,98.8101581161041,234.941495865135));
#10569=CARTESIAN_POINT('Ctrl Pts',(32.1963339032028,96.99999999368,234.932597077471));
#10570=CARTESIAN_POINT('Ctrl Pts',(25.2158787574426,99.9965349967958,234.949997659036));
#10571=CARTESIAN_POINT('Ctrl Pts',(25.1266120158964,99.9988451231616,234.950005663665));
#10572=CARTESIAN_POINT('Ctrl Pts',(25.0372854846472,100.000001033927,234.950005664079));
#10573=CARTESIAN_POINT('Ctrl Pts',(24.9479312089458,99.9999999929774,234.949997652244));
#10574=CARTESIAN_POINT('Ctrl Pts',(25.2158787574426,99.6643566624238,234.616666326743));
#10575=CARTESIAN_POINT('Ctrl Pts',(25.1294772015214,99.6658967466677,234.616671663162));
#10576=CARTESIAN_POINT('Ctrl Pts',(25.0430357860736,99.6663194193051,234.616671663438));
#10577=CARTESIAN_POINT('Ctrl Pts',(24.9565857297513,99.6656229891401,234.616666322214));
#10578=CARTESIAN_POINT('Ctrl Pts',(25.2158787574426,99.3321783280519,234.283334994449));
#10579=CARTESIAN_POINT('Ctrl Pts',(25.1323423871464,99.3329483701738,234.283337662659));
#10580=CARTESIAN_POINT('Ctrl Pts',(25.0487860875,99.3326378046838,234.283337662797));
#10581=CARTESIAN_POINT('Ctrl Pts',(24.9652402505569,99.3312459853028,234.283334992185));
#10582=CARTESIAN_POINT('Ctrl Pts',(25.2158787574426,98.9999999936799,233.950003662156));
#10583=CARTESIAN_POINT('Ctrl Pts',(25.1352075727714,98.9999999936799,233.950003662156));
#10584=CARTESIAN_POINT('Ctrl Pts',(25.0545363889264,98.9989561900624,233.950003662156));
#10585=CARTESIAN_POINT('Ctrl Pts',(24.9738947713624,98.9968689814655,233.950003662156));
#10586=CARTESIAN_POINT('',(24.9479914942044,99.9999999916261,234.949997652786));
#10587=CARTESIAN_POINT('',(24.9479312089283,99.9999999936799,234.949997644379));
#10588=CARTESIAN_POINT('Ctrl Pts',(24.9480518088321,99.9999999936799,234.949997663052));
#10589=CARTESIAN_POINT('Ctrl Pts',(25.0373658596065,99.9999999936179,234.950005664077));
#10590=CARTESIAN_POINT('Ctrl Pts',(25.126652176483,99.9988440838492,234.950005660063));
#10591=CARTESIAN_POINT('Ctrl Pts',(25.2158787574426,99.9965349967958,234.949997659036));
#10592=CARTESIAN_POINT('Ctrl Pts',(24.9479312089277,99.9999999936799,234.949997652241));
#10593=CARTESIAN_POINT('Ctrl Pts',(23.4197595764857,99.9999999986345,234.949860568962));
#10594=CARTESIAN_POINT('Ctrl Pts',(20.7315413691234,99.3959862924642,234.945226097407));
#10595=CARTESIAN_POINT('Ctrl Pts',(18.5131225108742,97.8170224245706,234.935892330731));
#10596=CARTESIAN_POINT('Ctrl Pts',(17.7091456570228,96.9999999936796,234.931956533579));
#10597=CARTESIAN_POINT('Ctrl Pts',(24.9565857297393,99.6656229896084,234.616666322213));
#10598=CARTESIAN_POINT('Ctrl Pts',(23.4780833271913,99.6537242449914,234.61657493336));
#10599=CARTESIAN_POINT('Ctrl Pts',(20.8873109793326,99.0486647505955,234.613485285656));
#10600=CARTESIAN_POINT('Ctrl Pts',(18.7642838835586,97.5157768690678,234.607262774539));
#10601=CARTESIAN_POINT('Ctrl Pts',(17.996583207769,96.7270659365987,234.604638909771));
#10602=CARTESIAN_POINT('Ctrl Pts',(24.9652402505509,99.331245985537,234.283334992184));
#10603=CARTESIAN_POINT('Ctrl Pts',(23.5364070778969,99.3074484913482,234.283289297758));
#10604=CARTESIAN_POINT('Ctrl Pts',(21.0430805895417,98.7013432087269,234.281744473906));
#10605=CARTESIAN_POINT('Ctrl Pts',(19.015445256243,97.214531313565,234.278633218347));
#10606=CARTESIAN_POINT('Ctrl Pts',(18.2840207585153,96.4541318795179,234.277321285963));
#10607=CARTESIAN_POINT('Ctrl Pts',(24.9738947713625,98.9968689814655,233.950003662156));
#10608=CARTESIAN_POINT('Ctrl Pts',(23.5947308286025,98.9611727377051,233.950003662156));
#10609=CARTESIAN_POINT('Ctrl Pts',(21.1988501997509,98.3540216668582,233.950003662156));
#10610=CARTESIAN_POINT('Ctrl Pts',(19.2666066289275,96.9132857580622,233.950003662156));
#10611=CARTESIAN_POINT('Ctrl Pts',(18.5714583092615,96.181197822437,233.950003662156));
#10612=CARTESIAN_POINT('',(17.7091456570228,96.9999999936796,234.931956533579));
#10613=CARTESIAN_POINT('Ctrl Pts',(17.7091456570231,96.9999999936799,234.931956533579));
#10614=CARTESIAN_POINT('Ctrl Pts',(17.8626489425939,96.9999999936799,234.841954229325));
#10615=CARTESIAN_POINT('Ctrl Pts',(18.0168848961753,96.9999960622777,234.752480375256));
#10616=CARTESIAN_POINT('Ctrl Pts',(18.1715513873494,96.999980540005,234.663812466468));
#10617=CARTESIAN_POINT('Ctrl Pts',(18.3005755400649,96.999967591188,234.589844913979));
#10618=CARTESIAN_POINT('Ctrl Pts',(18.4298995767807,96.9999472269663,234.516438238127));
#10619=CARTESIAN_POINT('Ctrl Pts',(18.5593673133705,96.9999351852171,234.443754736834));
#10620=CARTESIAN_POINT('Ctrl Pts',(18.6995059920968,96.9999221509673,234.365080542748));
#10621=CARTESIAN_POINT('Ctrl Pts',(18.8403675938371,96.9999233673452,234.286945380371));
#10622=CARTESIAN_POINT('Ctrl Pts',(18.9816777798919,96.9999201798005,234.209596585228));
#10623=CARTESIAN_POINT('Ctrl Pts',(19.1193671095619,96.9999170739318,234.134229734109));
#10624=CARTESIAN_POINT('Ctrl Pts',(19.2574819379001,96.999910040385,234.059609444616));
#10625=CARTESIAN_POINT('Ctrl Pts',(19.395805029409,96.9999156416663,233.985967035406));
#10626=CARTESIAN_POINT('Ctrl Pts',(19.4183713181094,96.9999165554698,233.973952874584));
#10627=CARTESIAN_POINT('Ctrl Pts',(19.4409432381071,96.999917875185,233.961964746299));
#10628=CARTESIAN_POINT('Ctrl Pts',(19.4635199529136,96.9999197530187,233.950003662156));
#10629=CARTESIAN_POINT('Ctrl Pts',(17.7091456570228,96.9999999936796,234.931956533579));
#10630=CARTESIAN_POINT('Ctrl Pts',(18.5131225108742,97.8170224245706,234.935892330731));
#10631=CARTESIAN_POINT('Ctrl Pts',(20.7315413691234,99.3959862924642,234.945226097407));
#10632=CARTESIAN_POINT('Ctrl Pts',(23.4197595764857,99.9999999986345,234.949860568962));
#10633=CARTESIAN_POINT('Ctrl Pts',(24.9479312089277,99.9999999936799,234.949997652241));
#10634=CARTESIAN_POINT('Origin',(22.5365034289451,90.34079999368,243.950018741702));
#10635=CARTESIAN_POINT('',(22.5365034289451,99.99999999368,243.950018741701));
#10636=CARTESIAN_POINT('',(30.1521333195686,96.9999999936801,242.561657516456));
#10637=CARTESIAN_POINT('',(29.2948925434955,96.9999999936801,245.760923647081));
#10638=CARTESIAN_POINT('',(30.9679490793654,96.99999999368,239.516991651279));
#10639=CARTESIAN_POINT('Ctrl Pts',(30.1521333195686,96.9999999936801,242.561657516456));
#10640=CARTESIAN_POINT('Ctrl Pts',(30.1172092842613,97.0671173441791,242.445186662708));
#10641=CARTESIAN_POINT('Ctrl Pts',(30.0884057351952,97.1275790165565,242.32320375092));
#10642=CARTESIAN_POINT('Ctrl Pts',(30.0330294744759,97.2659119773793,241.993901502799));
#10643=CARTESIAN_POINT('Ctrl Pts',(30.0190517757727,97.3314934635344,241.779878906643));
#10644=CARTESIAN_POINT('Ctrl Pts',(30.0385311096081,97.4187087203332,241.349095170123));
#10645=CARTESIAN_POINT('Ctrl Pts',(30.0720027078982,97.4404213884331,241.132350665649));
#10646=CARTESIAN_POINT('Ctrl Pts',(30.1839005086349,97.440421388433,240.714742388045));
#10647=CARTESIAN_POINT('Ctrl Pts',(30.263285506447,97.4187087203332,240.510300341895));
#10648=CARTESIAN_POINT('Ctrl Pts',(30.461807776757,97.3314934635344,240.127491015614));
#10649=CARTESIAN_POINT('Ctrl Pts',(30.5809241169983,97.2659119773793,239.94913085971));
#10650=CARTESIAN_POINT('Ctrl Pts',(30.7935324896084,97.1275790165564,239.691634877674));
#10651=CARTESIAN_POINT('Ctrl Pts',(30.8794685507127,97.067117344179,239.600396351771));
#10652=CARTESIAN_POINT('Ctrl Pts',(30.9679490793654,96.99999999368,239.516991651279));
#10653=CARTESIAN_POINT('',(29.2948925434955,96.9999999936801,245.760923647081));
#10654=CARTESIAN_POINT('Origin',(23.8761368358391,90.34079999368,238.94998858261));
#10655=CARTESIAN_POINT('',(16.2445410010691,96.99999999368,240.397935522601));
#10656=CARTESIAN_POINT('',(17.1177477212887,96.99999999368,237.139083677231));
#10657=CARTESIAN_POINT('',(16.541835216127,97.5995648222394,241.700003662177));
#10658=CARTESIAN_POINT('Ctrl Pts',(16.2445410010691,96.99999999368,240.397935522601));
#10659=CARTESIAN_POINT('Ctrl Pts',(16.2738156384169,97.0462352482885,240.458700953617));
#10660=CARTESIAN_POINT('Ctrl Pts',(16.3017755839004,97.0909023617302,240.522007123966));
#10661=CARTESIAN_POINT('Ctrl Pts',(16.4119165491749,97.270620731217,240.797787693263));
#10662=CARTESIAN_POINT('Ctrl Pts',(16.4751965018081,97.3849236431848,241.030494044564));
#10663=CARTESIAN_POINT('Ctrl Pts',(16.5294768213857,97.5191014089681,241.394786401974));
#10664=CARTESIAN_POINT('Ctrl Pts',(16.5418352161293,97.5643819370811,241.545165183101));
#10665=CARTESIAN_POINT('Ctrl Pts',(16.541835216127,97.5995648222394,241.700003662199));
#10666=CARTESIAN_POINT('Ctrl Pts',(16.541835216127,97.5995648222395,241.700003662199));
#10667=CARTESIAN_POINT('Ctrl Pts',(16.5418352161262,97.6116994225431,241.753407555798));
#10668=CARTESIAN_POINT('Ctrl Pts',(16.5404032850692,97.6226687820039,241.807333874607));
#10669=CARTESIAN_POINT('Ctrl Pts',(16.5261362586723,97.6702470387557,242.072163314382));
#10670=CARTESIAN_POINT('Ctrl Pts',(16.4908922283518,97.6880492095216,242.285082973583));
#10671=CARTESIAN_POINT('Ctrl Pts',(16.3883331616365,97.6880492095216,242.667838621341));
#10672=CARTESIAN_POINT('Ctrl Pts',(16.3123955576252,97.6702470387557,242.869854470335));
#10673=CARTESIAN_POINT('Ctrl Pts',(16.1212871972892,97.5945126572562,243.246283953053));
#10674=CARTESIAN_POINT('Ctrl Pts',(16.0063031442528,97.5364935593255,243.420774860524));
#10675=CARTESIAN_POINT('Ctrl Pts',(15.8002547709541,97.4158451200991,243.680046789588));
#10676=CARTESIAN_POINT('Ctrl Pts',(15.6990334749278,97.3511756868709,243.790005083683));
#10677=CARTESIAN_POINT('Ctrl Pts',(15.5916983857942,97.2758654864718,243.890451330017));
#10678=CARTESIAN_POINT('Origin',(33.0257290871338,93.99999999368,241.700003662155));
#10679=CARTESIAN_POINT('',(36.0257290871338,93.99999999368,241.700003662155));
#10680=CARTESIAN_POINT('Origin',(33.0257290871338,93.99999999368,241.700003662155));
#10681=CARTESIAN_POINT('',(34.6757290871337,93.99999999368,241.700003662153));
#10682=CARTESIAN_POINT('Origin',(33.0257290871337,93.99999999368,241.700003662153));
#10683=CARTESIAN_POINT('Origin',(33.0257290871338,96.99999999368,241.700003662155));
#10684=CARTESIAN_POINT('',(36.0257290871338,96.99999999368,241.700003662155));
#10685=CARTESIAN_POINT('Origin',(33.0257290871338,96.99999999368,241.700003662155));
#10686=CARTESIAN_POINT('Origin',(33.0257290871338,96.99999999368,241.700003662155));
#10687=CARTESIAN_POINT('Origin',(13.541835216127,93.99999999368,241.700003662155));
#10688=CARTESIAN_POINT('',(16.541835216127,93.99999999368,241.700003662155));
#10689=CARTESIAN_POINT('Origin',(13.541835216127,93.99999999368,241.700003662155));
#10690=CARTESIAN_POINT('',(15.191835216127,93.99999999368,241.700003662155));
#10691=CARTESIAN_POINT('Origin',(13.541835216127,93.99999999368,241.700003662153));
#10692=CARTESIAN_POINT('Origin',(13.541835216127,96.99999999368,241.700003662155));
#10693=CARTESIAN_POINT('',(16.541835216127,96.99999999368,241.700003662155));
#10694=CARTESIAN_POINT('Origin',(13.541835216127,96.99999999368,241.700003662155));
#10695=CARTESIAN_POINT('Origin',(13.541835216127,96.99999999368,241.700003662155));
#10696=CARTESIAN_POINT('Origin',(23.2839390756255,96.99999999368,240.075003662156));
#10697=CARTESIAN_POINT('Origin',(23.2839390756255,96.99999999368,240.075003662156));
#10698=CARTESIAN_POINT('',(13.7345317881002,96.9999999936799,233.99709637463));
#10699=CARTESIAN_POINT('Origin',(13.7345317881002,96.59999999368,233.99709637463));
#10700=CARTESIAN_POINT('Origin',(23.2839390756255,96.99999999368,240.075003662156));
#10701=CARTESIAN_POINT('Origin',(32.8333463631509,96.59999999368,233.99709637463));
#10702=CARTESIAN_POINT('',(33.1161890756255,96.59999999368,233.714253662156));
#10703=CARTESIAN_POINT('',(32.8333463631509,96.9999999936799,233.99709637463));
#10704=CARTESIAN_POINT('Origin',(34.8519390756255,77.9999999936799,235.450003662156));
#10705=CARTESIAN_POINT('Origin',(13.541835216127,90.5995783559248,241.700003662153));
#10706=CARTESIAN_POINT('',(15.191835216127,90.5995783559248,241.700003662153));
#10707=CARTESIAN_POINT('Origin',(33.0257290871337,90.5995783559248,241.700003662153));
#10708=CARTESIAN_POINT('',(34.6757290871337,90.5995783559248,241.700003662153));
#10709=CARTESIAN_POINT('Origin',(20.3260995360661,90.3407999936799,252.19890830708));
#10710=CARTESIAN_POINT('Origin',(24.4467415913138,90.5995783559253,237.359779946113));
#10711=CARTESIAN_POINT('Origin',(23.2839390756255,96.99999999368,240.075003662156));
#10712=CARTESIAN_POINT('Origin',(21.4875776561813,90.5995783559251,248.403530099956));
#10713=CARTESIAN_POINT('Origin',(21.6169871787326,90.5995783559251,247.920567186811));
#10714=CARTESIAN_POINT('Origin',(21.3581681336301,90.5995783559251,248.8864930131));
#10715=CARTESIAN_POINT('Origin',(21.9620792388691,90.5995783559251,246.632666085092));
#10716=CARTESIAN_POINT('Origin',(22.3071712990057,90.5995783559251,245.344764983374));
#10717=CARTESIAN_POINT('Origin',(22.4365808215569,90.5995783559251,244.861802070229));
#10718=CARTESIAN_POINT('Origin',(21.0130760734936,90.599578355925,250.174394114819));
#10719=CARTESIAN_POINT('Origin',(20.667984013357,90.599578355925,251.462295216538));
#10720=CARTESIAN_POINT('Origin',(20.5385744908058,90.599578355925,251.945258129682));
#10721=CARTESIAN_POINT('Origin',(23.5149930289447,90.5995783559251,240.837112920754));
#10722=CARTESIAN_POINT('',(0.,0.,0.));
#10723=CARTESIAN_POINT('',(0.,0.,0.));
#10724=CARTESIAN_POINT('',(0.00183648762966726,96.4999999936801,246.200003662156));
#10725=CARTESIAN_POINT('',(0.,0.,0.));
#10726=CARTESIAN_POINT('Origin',(0.,0.,0.));
#10727=UNCERTAINTY_MEASURE_WITH_UNIT(LENGTH_MEASURE(0.01),#10745,
'DISTANCE_ACCURACY_VALUE',
'Maximum model space distance between geometric entities at asserted c
onnectivities');
#10728=UNCERTAINTY_MEASURE_WITH_UNIT(LENGTH_MEASURE(0.01),#10745,
'DISTANCE_ACCURACY_VALUE',
'Maximum model space distance between geometric entities at asserted c
onnectivities');
#10729=UNCERTAINTY_MEASURE_WITH_UNIT(LENGTH_MEASURE(0.01),#10745,
'DISTANCE_ACCURACY_VALUE',
'Maximum model space distance between geometric entities at asserted c
onnectivities');
#10730=UNCERTAINTY_MEASURE_WITH_UNIT(LENGTH_MEASURE(0.01),#10745,
'DISTANCE_ACCURACY_VALUE',
'Maximum model space distance between geometric entities at asserted c
onnectivities');
#10731=UNCERTAINTY_MEASURE_WITH_UNIT(LENGTH_MEASURE(0.01),#10745,
'DISTANCE_ACCURACY_VALUE',
'Maximum model space distance between geometric entities at asserted c
onnectivities');
#10732=UNCERTAINTY_MEASURE_WITH_UNIT(LENGTH_MEASURE(0.01),#10745,
'DISTANCE_ACCURACY_VALUE',
'Maximum model space distance between geometric entities at asserted c
onnectivities');
#10733=UNCERTAINTY_MEASURE_WITH_UNIT(LENGTH_MEASURE(0.01),#10745,
'DISTANCE_ACCURACY_VALUE',
'Maximum model space distance between geometric entities at asserted c
onnectivities');
#10734=UNCERTAINTY_MEASURE_WITH_UNIT(LENGTH_MEASURE(0.01),#10745,
'DISTANCE_ACCURACY_VALUE',
'Maximum model space distance between geometric entities at asserted c
onnectivities');
#10735=UNCERTAINTY_MEASURE_WITH_UNIT(LENGTH_MEASURE(0.01),#10745,
'DISTANCE_ACCURACY_VALUE',
'Maximum model space distance between geometric entities at asserted c
onnectivities');
#10736=(
GEOMETRIC_REPRESENTATION_CONTEXT(3)
GLOBAL_UNCERTAINTY_ASSIGNED_CONTEXT((#10727))
GLOBAL_UNIT_ASSIGNED_CONTEXT((#10745,#10747,#10748))
REPRESENTATION_CONTEXT('','3D')
);
#10737=(
GEOMETRIC_REPRESENTATION_CONTEXT(3)
GLOBAL_UNCERTAINTY_ASSIGNED_CONTEXT((#10728))
GLOBAL_UNIT_ASSIGNED_CONTEXT((#10745,#10747,#10748))
REPRESENTATION_CONTEXT('','3D')
);
#10738=(
GEOMETRIC_REPRESENTATION_CONTEXT(3)
GLOBAL_UNCERTAINTY_ASSIGNED_CONTEXT((#10729))
GLOBAL_UNIT_ASSIGNED_CONTEXT((#10745,#10747,#10748))
REPRESENTATION_CONTEXT('','3D')
);
#10739=(
GEOMETRIC_REPRESENTATION_CONTEXT(3)
GLOBAL_UNCERTAINTY_ASSIGNED_CONTEXT((#10730))
GLOBAL_UNIT_ASSIGNED_CONTEXT((#10745,#10747,#10748))
REPRESENTATION_CONTEXT('','3D')
);
#10740=(
GEOMETRIC_REPRESENTATION_CONTEXT(3)
GLOBAL_UNCERTAINTY_ASSIGNED_CONTEXT((#10731))
GLOBAL_UNIT_ASSIGNED_CONTEXT((#10745,#10747,#10748))
REPRESENTATION_CONTEXT('','3D')
);
#10741=(
GEOMETRIC_REPRESENTATION_CONTEXT(3)
GLOBAL_UNCERTAINTY_ASSIGNED_CONTEXT((#10732))
GLOBAL_UNIT_ASSIGNED_CONTEXT((#10745,#10747,#10748))
REPRESENTATION_CONTEXT('','3D')
);
#10742=(
GEOMETRIC_REPRESENTATION_CONTEXT(3)
GLOBAL_UNCERTAINTY_ASSIGNED_CONTEXT((#10733))
GLOBAL_UNIT_ASSIGNED_CONTEXT((#10745,#10747,#10748))
REPRESENTATION_CONTEXT('','3D')
);
#10743=(
GEOMETRIC_REPRESENTATION_CONTEXT(3)
GLOBAL_UNCERTAINTY_ASSIGNED_CONTEXT((#10734))
GLOBAL_UNIT_ASSIGNED_CONTEXT((#10745,#10747,#10748))
REPRESENTATION_CONTEXT('','3D')
);
#10744=(
GEOMETRIC_REPRESENTATION_CONTEXT(3)
GLOBAL_UNCERTAINTY_ASSIGNED_CONTEXT((#10735))
GLOBAL_UNIT_ASSIGNED_CONTEXT((#10745,#10747,#10748))
REPRESENTATION_CONTEXT('','3D')
);
#10745=(
LENGTH_UNIT()
NAMED_UNIT(*)
SI_UNIT(.MILLI.,.METRE.)
);
#10746=(
LENGTH_UNIT()
NAMED_UNIT(*)
SI_UNIT($,.METRE.)
);
#10747=(
NAMED_UNIT(*)
PLANE_ANGLE_UNIT()
SI_UNIT($,.RADIAN.)
);
#10748=(
NAMED_UNIT(*)
SI_UNIT($,.STERADIAN.)
SOLID_ANGLE_UNIT()
);
#10749=SHAPE_DEFINITION_REPRESENTATION(#10757,#10773);
#10750=SHAPE_DEFINITION_REPRESENTATION(#10758,#10774);
#10751=SHAPE_DEFINITION_REPRESENTATION(#10759,#10775);
#10752=SHAPE_DEFINITION_REPRESENTATION(#10760,#10776);
#10753=SHAPE_DEFINITION_REPRESENTATION(#10761,#10777);
#10754=SHAPE_DEFINITION_REPRESENTATION(#10766,#10778);
#10755=SHAPE_DEFINITION_REPRESENTATION(#10767,#10779);
#10756=SHAPE_DEFINITION_REPRESENTATION(#10768,#10780);
#10757=PRODUCT_DEFINITION_SHAPE('',$,#10782);
#10758=PRODUCT_DEFINITION_SHAPE('',$,#10783);
#10759=PRODUCT_DEFINITION_SHAPE('',$,#10784);
#10760=PRODUCT_DEFINITION_SHAPE('',$,#10785);
#10761=PRODUCT_DEFINITION_SHAPE('',$,#10786);
#10762=PRODUCT_DEFINITION_SHAPE($,$,#5719);
#10763=PRODUCT_DEFINITION_SHAPE($,$,#5720);
#10764=PRODUCT_DEFINITION_SHAPE($,$,#5721);
#10765=PRODUCT_DEFINITION_SHAPE($,$,#5722);
#10766=PRODUCT_DEFINITION_SHAPE('',$,#10787);
#10767=PRODUCT_DEFINITION_SHAPE('',$,#10788);
#10768=PRODUCT_DEFINITION_SHAPE('',$,#10789);
#10769=PRODUCT_DEFINITION_SHAPE($,$,#5723);
#10770=PRODUCT_DEFINITION_SHAPE($,$,#5724);
#10771=PRODUCT_DEFINITION_SHAPE($,$,#5725);
#10772=PRODUCT_DEFINITION_SHAPE($,$,#5726);
#10773=SHAPE_REPRESENTATION('',(#5761,#6261,#6262),#10736);
#10774=SHAPE_REPRESENTATION('',(#5762,#6029),#10737);
#10775=SHAPE_REPRESENTATION('',(#5763,#5768),#10738);
#10776=SHAPE_REPRESENTATION('',(#5764,#5766,#5767),#10739);
#10777=SHAPE_REPRESENTATION('',(#5765),#10740);
#10778=SHAPE_REPRESENTATION('',(#6030,#6259,#6260),#10741);
#10779=SHAPE_REPRESENTATION('',(#6031),#10742);
#10780=SHAPE_REPRESENTATION('',(#6145),#10743);
#10781=PRODUCT_DEFINITION_CONTEXT('part definition',#10807,'design');
#10782=PRODUCT_DEFINITION('motor_plate','motor_plate v3',#10790,#10781);
#10783=PRODUCT_DEFINITION('Motor Panel','Motor Panel',#10791,#10781);
#10784=PRODUCT_DEFINITION('Hardware (23)','Hardware (23)',#10792,#10781);
#10785=PRODUCT_DEFINITION('Screws (5) (1)','Screws (5) (1)',#10793,#10781);
#10786=PRODUCT_DEFINITION('M3x6 BHCS','M3x6 BHCS',#10794,#10781);
#10787=PRODUCT_DEFINITION('Component8','Component8',#10795,#10781);
#10788=PRODUCT_DEFINITION('PUG_holder_partA','PUG_holder_partA',#10796,
#10781);
#10789=PRODUCT_DEFINITION('PUG_holder_partB','PUG_holder_partB',#10797,
#10781);
#10790=PRODUCT_DEFINITION_FORMATION('',$,#10809);
#10791=PRODUCT_DEFINITION_FORMATION('',$,#10810);
#10792=PRODUCT_DEFINITION_FORMATION('',$,#10811);
#10793=PRODUCT_DEFINITION_FORMATION('',$,#10812);
#10794=PRODUCT_DEFINITION_FORMATION('',$,#10813);
#10795=PRODUCT_DEFINITION_FORMATION('',$,#10814);
#10796=PRODUCT_DEFINITION_FORMATION('',$,#10815);
#10797=PRODUCT_DEFINITION_FORMATION('',$,#10816);
#10798=PRODUCT_RELATED_PRODUCT_CATEGORY('motor_plate v3',
'motor_plate v3',(#10809));
#10799=PRODUCT_RELATED_PRODUCT_CATEGORY('Motor Panel','Motor Panel',(#10810));
#10800=PRODUCT_RELATED_PRODUCT_CATEGORY('Hardware (23)','Hardware (23)',
(#10811));
#10801=PRODUCT_RELATED_PRODUCT_CATEGORY('Screws (5) (1)',
'Screws (5) (1)',(#10812));
#10802=PRODUCT_RELATED_PRODUCT_CATEGORY('M3x6 BHCS','M3x6 BHCS',(#10813));
#10803=PRODUCT_RELATED_PRODUCT_CATEGORY('Component8','Component8',(#10814));
#10804=PRODUCT_RELATED_PRODUCT_CATEGORY('PUG_holder_partA',
'PUG_holder_partA',(#10815));
#10805=PRODUCT_RELATED_PRODUCT_CATEGORY('PUG_holder_partB',
'PUG_holder_partB',(#10816));
#10806=APPLICATION_PROTOCOL_DEFINITION('international standard',
'automotive_design',2009,#10807);
#10807=APPLICATION_CONTEXT(
'Core Data for Automotive Mechanical Design Process');
#10808=PRODUCT_CONTEXT('part definition',#10807,'mechanical');
#10809=PRODUCT('motor_plate','motor_plate v3',$,(#10808));
#10810=PRODUCT('Motor Panel','Motor Panel',$,(#10808));
#10811=PRODUCT('Hardware (23)','Hardware (23)',$,(#10808));
#10812=PRODUCT('Screws (5) (1)','Screws (5) (1)',$,(#10808));
#10813=PRODUCT('M3x6 BHCS','M3x6 BHCS',$,(#10808));
#10814=PRODUCT('Component8','Component8',$,(#10808));
#10815=PRODUCT('PUG_holder_partA','PUG_holder_partA',$,(#10808));
#10816=PRODUCT('PUG_holder_partB','PUG_holder_partB',$,(#10808));
#10817=PRESENTATION_STYLE_ASSIGNMENT((#10821));
#10818=PRESENTATION_STYLE_ASSIGNMENT((#10822));
#10819=PRESENTATION_STYLE_ASSIGNMENT((#10823));
#10820=PRESENTATION_STYLE_ASSIGNMENT((NULL_STYLE(.NULL.)));
#10821=SURFACE_STYLE_USAGE(.BOTH.,#10824);
#10822=SURFACE_STYLE_USAGE(.BOTH.,#10825);
#10823=SURFACE_STYLE_USAGE(.BOTH.,#10826);
#10824=SURFACE_SIDE_STYLE('',(#10827));
#10825=SURFACE_SIDE_STYLE('',(#10828));
#10826=SURFACE_SIDE_STYLE('',(#10829));
#10827=SURFACE_STYLE_FILL_AREA(#10830);
#10828=SURFACE_STYLE_FILL_AREA(#10831);
#10829=SURFACE_STYLE_FILL_AREA(#10832);
#10830=FILL_AREA_STYLE('Steel - Satin',(#10833));
#10831=FILL_AREA_STYLE('Steel - Satin',(#10834));
#10832=FILL_AREA_STYLE('Plastic - Matte (Black)',(#10835));
#10833=FILL_AREA_STYLE_COLOUR('Steel - Satin',#10836);
#10834=FILL_AREA_STYLE_COLOUR('Steel - Satin',#10837);
#10835=FILL_AREA_STYLE_COLOUR('Plastic - Matte (Black)',#10838);
#10836=COLOUR_RGB('Steel - Satin',0.627450980392157,0.627450980392157,0.627450980392157);
#10837=COLOUR_RGB('Steel - Satin',0.627450980392157,0.627450980392157,0.627450980392157);
#10838=COLOUR_RGB('Plastic - Matte (Black)',0.0980392156862745,0.0980392156862745,
0.0980392156862745);
ENDSEC;
END-ISO-10303-21;
