ISO-10303-21;
HEADER;
/* Generated by software containing ST-Developer
 * from STEP Tools, Inc. (www.steptools.com) 
 */

FILE_DESCRIPTION(
/* description */ (''),
/* implementation_level */ '2;1');

FILE_NAME(
/* name */ 'T0_bucket.step',
/* time_stamp */ '2025-10-17T12:01:27+02:00',
/* author */ (''),
/* organization */ (''),
/* preprocessor_version */ 'ST-DEVELOPER v20.1',
/* originating_system */ 'Autodesk Translation Framework v14.17.0.0',
/* authorisation */ '');

FILE_SCHEMA (('AUTOMOTIVE_DESIGN { 1 0 10303 214 3 1 1 }'));
ENDSEC;

DATA;
#10=MECHANICAL_DESIGN_GEOMETRIC_PRESENTATION_REPRESENTATION('',(#22,#23),
#8607);
#11=SHAPE_REPRESENTATION_RELATIONSHIP('SRR','None',#8614,#12);
#12=ADVANCED_BREP_SHAPE_REPRESENTATION('',(#24,#25),#8606);
#13=TOROIDAL_SURFACE('',#4787,1.2082268202209,0.4);
#14=TOROIDAL_SURFACE('',#4792,8.79177317977921,0.4);
#15=TOROIDAL_SURFACE('',#4796,1.20822682022073,0.4);
#16=TOROIDAL_SURFACE('',#4800,11.2082268202207,0.4);
#17=TOROIDAL_SURFACE('',#4835,5.1112698372208,1.);
#18=TOROIDAL_SURFACE('',#4847,5.1112698372208,1.);
#19=TOROIDAL_SURFACE('',#5033,3.7112698372208,0.4);
#20=TOROIDAL_SURFACE('',#5035,3.7112698372208,0.4);
#21=TOROIDAL_SURFACE('',#5098,7.,1.);
#22=STYLED_ITEM('',(#8623),#24);
#23=STYLED_ITEM('',(#8623),#25);
#24=MANIFOLD_SOLID_BREP('bucket_holder',#4607);
#25=MANIFOLD_SOLID_BREP('t0_bucket',#4608);
#26=CYLINDRICAL_SURFACE('',#4680,6.);
#27=CYLINDRICAL_SURFACE('',#4682,6.);
#28=CYLINDRICAL_SURFACE('',#4723,2.7);
#29=CYLINDRICAL_SURFACE('',#4724,2.7);
#30=CYLINDRICAL_SURFACE('',#4726,3.1);
#31=CYLINDRICAL_SURFACE('',#4729,3.1);
#32=CYLINDRICAL_SURFACE('',#4732,3.1);
#33=CYLINDRICAL_SURFACE('',#4735,3.1);
#34=CYLINDRICAL_SURFACE('',#4738,3.1);
#35=CYLINDRICAL_SURFACE('',#4741,3.1);
#36=CYLINDRICAL_SURFACE('',#4743,6.);
#37=CYLINDRICAL_SURFACE('',#4746,6.);
#38=CYLINDRICAL_SURFACE('',#4748,6.);
#39=CYLINDRICAL_SURFACE('',#4749,6.);
#40=CYLINDRICAL_SURFACE('',#4753,3.00000004470348);
#41=CYLINDRICAL_SURFACE('',#4773,1.65);
#42=CYLINDRICAL_SURFACE('',#4775,3.1);
#43=CYLINDRICAL_SURFACE('',#4777,3.1);
#44=CYLINDRICAL_SURFACE('',#4779,3.1);
#45=CYLINDRICAL_SURFACE('',#4781,3.1);
#46=CYLINDRICAL_SURFACE('',#4783,3.1);
#47=CYLINDRICAL_SURFACE('',#4785,3.1);
#48=CYLINDRICAL_SURFACE('',#4817,2.4);
#49=CYLINDRICAL_SURFACE('',#4823,1.);
#50=CYLINDRICAL_SURFACE('',#4830,1.);
#51=CYLINDRICAL_SURFACE('',#4832,1.);
#52=CYLINDRICAL_SURFACE('',#4839,7.6);
#53=CYLINDRICAL_SURFACE('',#4842,7.6);
#54=CYLINDRICAL_SURFACE('',#4845,0.8);
#55=CYLINDRICAL_SURFACE('',#4851,1.);
#56=CYLINDRICAL_SURFACE('',#4894,0.400000000000004);
#57=CYLINDRICAL_SURFACE('',#4895,0.8);
#58=CYLINDRICAL_SURFACE('',#4929,2.);
#59=CYLINDRICAL_SURFACE('',#4930,1.);
#60=CYLINDRICAL_SURFACE('',#4975,3.1);
#61=CYLINDRICAL_SURFACE('',#4977,3.1);
#62=CYLINDRICAL_SURFACE('',#4979,3.1);
#63=CYLINDRICAL_SURFACE('',#5007,3.1);
#64=CYLINDRICAL_SURFACE('',#5009,3.1);
#65=CYLINDRICAL_SURFACE('',#5011,3.1);
#66=CYLINDRICAL_SURFACE('',#5016,3.1);
#67=CYLINDRICAL_SURFACE('',#5018,3.1);
#68=CYLINDRICAL_SURFACE('',#5020,3.1);
#69=CYLINDRICAL_SURFACE('',#5022,3.1);
#70=CYLINDRICAL_SURFACE('',#5024,3.1);
#71=CYLINDRICAL_SURFACE('',#5026,3.1);
#72=CYLINDRICAL_SURFACE('',#5027,4.1112698372208);
#73=CYLINDRICAL_SURFACE('',#5030,4.1112698372208);
#74=CYLINDRICAL_SURFACE('',#5053,7.066);
#75=CYLINDRICAL_SURFACE('',#5057,4.4);
#76=CYLINDRICAL_SURFACE('',#5061,7.066);
#77=CYLINDRICAL_SURFACE('',#5065,4.4);
#78=CYLINDRICAL_SURFACE('',#5068,0.8);
#79=CYLINDRICAL_SURFACE('',#5072,0.8);
#80=CYLINDRICAL_SURFACE('',#5074,0.4);
#81=CYLINDRICAL_SURFACE('',#5077,8.666);
#82=CYLINDRICAL_SURFACE('',#5081,6.);
#83=CYLINDRICAL_SURFACE('',#5084,8.666);
#84=CYLINDRICAL_SURFACE('',#5087,6.);
#85=CYLINDRICAL_SURFACE('',#5092,2.4);
#86=CYLINDRICAL_SURFACE('',#5096,1.);
#87=CYLINDRICAL_SURFACE('',#5101,1.);
#88=CYLINDRICAL_SURFACE('',#5102,6.);
#89=CYLINDRICAL_SURFACE('',#5104,6.);
#90=CYLINDRICAL_SURFACE('',#5106,2.);
#91=FACE_BOUND('',#1532,.T.);
#92=FACE_BOUND('',#1533,.T.);
#93=FACE_BOUND('',#1534,.T.);
#94=FACE_BOUND('',#1562,.T.);
#95=FACE_BOUND('',#1594,.T.);
#96=FACE_BOUND('',#1598,.T.);
#97=FACE_BOUND('',#1599,.T.);
#98=FACE_BOUND('',#1624,.T.);
#99=FACE_BOUND('',#1652,.T.);
#100=FACE_BOUND('',#1653,.T.);
#101=FACE_BOUND('',#1654,.T.);
#102=FACE_BOUND('',#1673,.T.);
#103=FACE_BOUND('',#1716,.T.);
#104=FACE_BOUND('',#1736,.T.);
#105=ELLIPSE('',#4632,17.5428264009785,6.);
#106=ELLIPSE('',#4744,17.5428264009785,6.);
#107=ELLIPSE('',#4810,9.33677226276107,6.6);
#108=ELLIPSE('',#4811,9.33380951166243,6.6);
#109=ELLIPSE('',#4815,4.79999999999938,2.4);
#110=ELLIPSE('',#4816,4.79999999999939,2.4);
#111=ELLIPSE('',#4818,3.39411254969543,2.4);
#112=ELLIPSE('',#4819,3.39411254969543,2.4);
#113=ELLIPSE('',#4821,7.00444319507707,7.);
#114=ELLIPSE('',#4827,10.0685309895071,7.6);
#115=ELLIPSE('',#4829,10.0657836257293,7.6);
#116=ELLIPSE('',#4840,11.4769333883229,7.6);
#117=ELLIPSE('',#4843,11.4810243818967,7.6);
#118=ELLIPSE('',#4854,12.1660971908705,8.6);
#119=ELLIPSE('',#4855,12.1622366364086,8.6);
#120=ELLIPSE('',#4861,8.48528137423854,6.);
#121=ELLIPSE('',#4927,3.39411254969542,2.4);
#122=ELLIPSE('',#4928,15.0099522983919,8.666);
#123=ELLIPSE('',#4934,8.80441693527229,6.);
#124=ELLIPSE('',#5054,12.2386710062817,7.066);
#125=ELLIPSE('',#5055,12.2386710062817,7.066);
#126=ELLIPSE('',#5056,12.2386710062817,7.066);
#127=ELLIPSE('',#5059,1.13137084989848,0.8);
#128=ELLIPSE('',#5062,12.2386710062817,7.066);
#129=ELLIPSE('',#5063,12.2386710062817,7.066);
#130=ELLIPSE('',#5064,12.2386710062817,7.066);
#131=ELLIPSE('',#5069,1.13137084989848,0.8);
#132=ELLIPSE('',#5071,1.13137084989848,0.8);
#133=ELLIPSE('',#5073,1.13137084989847,0.8);
#134=ELLIPSE('',#5078,15.0099522983919,8.666);
#135=ELLIPSE('',#5079,15.0099522983919,8.666);
#136=ELLIPSE('',#5080,15.0099522983919,8.666);
#137=ELLIPSE('',#5085,15.0099522983919,8.666);
#138=ELLIPSE('',#5086,15.0099522983919,8.666);
#139=ELLIPSE('',#5091,3.39411254969543,2.4);
#140=ELLIPSE('',#5095,6.00518313401527,6.);
#141=(
BOUNDED_CURVE()
B_SPLINE_CURVE(2,(#6609,#6610,#6611),.UNSPECIFIED.,.F.,.F.)
B_SPLINE_CURVE_WITH_KNOTS((3,3),(163.819957697671,190.316121965456),
 .UNSPECIFIED.)
CURVE()
GEOMETRIC_REPRESENTATION_ITEM()
RATIONAL_B_SPLINE_CURVE((204.262911381899,198.489890161011,185.532125030338))
REPRESENTATION_ITEM('')
);
#142=(
BOUNDED_CURVE()
B_SPLINE_CURVE(2,(#6615,#6616,#6617),.UNSPECIFIED.,.F.,.F.)
B_SPLINE_CURVE_WITH_KNOTS((3,3),(0.,0.0569344950297507),.UNSPECIFIED.)
CURVE()
GEOMETRIC_REPRESENTATION_ITEM()
RATIONAL_B_SPLINE_CURVE((1.,1.00053917459814,1.))
REPRESENTATION_ITEM('')
);
#143=(
BOUNDED_CURVE()
B_SPLINE_CURVE(2,(#6737,#6738,#6739),.UNSPECIFIED.,.F.,.F.)
B_SPLINE_CURVE_WITH_KNOTS((3,3),(0.,0.0569344950297506),.UNSPECIFIED.)
CURVE()
GEOMETRIC_REPRESENTATION_ITEM()
RATIONAL_B_SPLINE_CURVE((1.,1.00053917466444,1.))
REPRESENTATION_ITEM('')
);
#144=(
BOUNDED_CURVE()
B_SPLINE_CURVE(2,(#6857,#6858,#6859),.UNSPECIFIED.,.F.,.F.)
B_SPLINE_CURVE_WITH_KNOTS((3,3),(0.100717261098808,0.187082834983563),
 .UNSPECIFIED.)
CURVE()
GEOMETRIC_REPRESENTATION_ITEM()
RATIONAL_B_SPLINE_CURVE((1.06557377097237,1.08333333324139,1.08333334202567))
REPRESENTATION_ITEM('')
);
#145=(
BOUNDED_CURVE()
B_SPLINE_CURVE(2,(#6863,#6864,#6865),.UNSPECIFIED.,.F.,.F.)
B_SPLINE_CURVE_WITH_KNOTS((3,3),(0.100717261098811,0.27344849430509),
 .UNSPECIFIED.)
CURVE()
GEOMETRIC_REPRESENTATION_ITEM()
RATIONAL_B_SPLINE_CURVE((1.06557377097237,1.10109291307898,1.06557377097237))
REPRESENTATION_ITEM('')
);
#146=(
BOUNDED_CURVE()
B_SPLINE_CURVE(2,(#6869,#6870,#6871),.UNSPECIFIED.,.F.,.F.)
B_SPLINE_CURVE_WITH_KNOTS((3,3),(0.100717261098809,0.273448494305086),
 .UNSPECIFIED.)
CURVE()
GEOMETRIC_REPRESENTATION_ITEM()
RATIONAL_B_SPLINE_CURVE((1.06557377097237,1.10109291307898,1.06557377097237))
REPRESENTATION_ITEM('')
);
#147=(
BOUNDED_CURVE()
B_SPLINE_CURVE(2,(#6875,#6876,#6877),.UNSPECIFIED.,.F.,.F.)
B_SPLINE_CURVE_WITH_KNOTS((3,3),(0.10071726109881,0.273448494305089),
 .UNSPECIFIED.)
CURVE()
GEOMETRIC_REPRESENTATION_ITEM()
RATIONAL_B_SPLINE_CURVE((1.06557377097237,1.10109291307898,1.06557377097237))
REPRESENTATION_ITEM('')
);
#148=(
BOUNDED_CURVE()
B_SPLINE_CURVE(2,(#6881,#6882,#6883),.UNSPECIFIED.,.F.,.F.)
B_SPLINE_CURVE_WITH_KNOTS((3,3),(0.100717261098811,0.273448494305089),
 .UNSPECIFIED.)
CURVE()
GEOMETRIC_REPRESENTATION_ITEM()
RATIONAL_B_SPLINE_CURVE((1.06557377097236,1.10109291307897,1.06557377097236))
REPRESENTATION_ITEM('')
);
#149=(
BOUNDED_CURVE()
B_SPLINE_CURVE(2,(#6887,#6888,#6889),.UNSPECIFIED.,.F.,.F.)
B_SPLINE_CURVE_WITH_KNOTS((3,3),(0.100717261098809,0.273448494305086),
 .UNSPECIFIED.)
CURVE()
GEOMETRIC_REPRESENTATION_ITEM()
RATIONAL_B_SPLINE_CURVE((1.06557377097237,1.10109291307898,1.06557377097237))
REPRESENTATION_ITEM('')
);
#150=(
BOUNDED_CURVE()
B_SPLINE_CURVE(2,(#6892,#6893,#6894),.UNSPECIFIED.,.F.,.F.)
B_SPLINE_CURVE_WITH_KNOTS((3,3),(0.187082834983563,0.273448494305087),
 .UNSPECIFIED.)
CURVE()
GEOMETRIC_REPRESENTATION_ITEM()
RATIONAL_B_SPLINE_CURVE((1.08333334202567,1.08333335080996,1.06557377097237))
REPRESENTATION_ITEM('')
);
#151=(
BOUNDED_CURVE()
B_SPLINE_CURVE(2,(#6901,#6902,#6903),.UNSPECIFIED.,.F.,.F.)
B_SPLINE_CURVE_WITH_KNOTS((3,3),(0.100717272059233,0.18708286933869),
 .UNSPECIFIED.)
CURVE()
GEOMETRIC_REPRESENTATION_ITEM()
RATIONAL_B_SPLINE_CURVE((1.06557377049182,1.08333333333334,1.08333333333334))
REPRESENTATION_ITEM('')
);
#152=(
BOUNDED_CURVE()
B_SPLINE_CURVE(2,(#6907,#6908,#6909),.UNSPECIFIED.,.F.,.F.)
B_SPLINE_CURVE_WITH_KNOTS((3,3),(0.100717272059232,0.273448466618162),
 .UNSPECIFIED.)
CURVE()
GEOMETRIC_REPRESENTATION_ITEM()
RATIONAL_B_SPLINE_CURVE((1.06557377049181,1.10109289617485,1.06557377049181))
REPRESENTATION_ITEM('')
);
#153=(
BOUNDED_CURVE()
B_SPLINE_CURVE(2,(#6913,#6914,#6915),.UNSPECIFIED.,.F.,.F.)
B_SPLINE_CURVE_WITH_KNOTS((3,3),(0.100717272059233,0.273448466618162),
 .UNSPECIFIED.)
CURVE()
GEOMETRIC_REPRESENTATION_ITEM()
RATIONAL_B_SPLINE_CURVE((1.06557377049181,1.10109289617486,1.06557377049182))
REPRESENTATION_ITEM('')
);
#154=(
BOUNDED_CURVE()
B_SPLINE_CURVE(2,(#6919,#6920,#6921),.UNSPECIFIED.,.F.,.F.)
B_SPLINE_CURVE_WITH_KNOTS((3,3),(0.100717272059234,0.273448466618162),
 .UNSPECIFIED.)
CURVE()
GEOMETRIC_REPRESENTATION_ITEM()
RATIONAL_B_SPLINE_CURVE((1.06557377049181,1.10109289617485,1.06557377049181))
REPRESENTATION_ITEM('')
);
#155=(
BOUNDED_CURVE()
B_SPLINE_CURVE(2,(#6925,#6926,#6927),.UNSPECIFIED.,.F.,.F.)
B_SPLINE_CURVE_WITH_KNOTS((3,3),(0.100717272059232,0.273448466618164),
 .UNSPECIFIED.)
CURVE()
GEOMETRIC_REPRESENTATION_ITEM()
RATIONAL_B_SPLINE_CURVE((1.06557377049182,1.10109289617486,1.06557377049182))
REPRESENTATION_ITEM('')
);
#156=(
BOUNDED_CURVE()
B_SPLINE_CURVE(2,(#6931,#6932,#6933),.UNSPECIFIED.,.F.,.F.)
B_SPLINE_CURVE_WITH_KNOTS((3,3),(0.100717272059232,0.273448466618163),
 .UNSPECIFIED.)
CURVE()
GEOMETRIC_REPRESENTATION_ITEM()
RATIONAL_B_SPLINE_CURVE((1.06557377049182,1.10109289617487,1.06557377049182))
REPRESENTATION_ITEM('')
);
#157=(
BOUNDED_CURVE()
B_SPLINE_CURVE(2,(#6936,#6937,#6938),.UNSPECIFIED.,.F.,.F.)
B_SPLINE_CURVE_WITH_KNOTS((3,3),(0.18708286933869,0.273448466618162),
 .UNSPECIFIED.)
CURVE()
GEOMETRIC_REPRESENTATION_ITEM()
RATIONAL_B_SPLINE_CURVE((1.08333333333334,1.08333333333334,1.06557377049182))
REPRESENTATION_ITEM('')
);
#158=(
BOUNDED_CURVE()
B_SPLINE_CURVE(2,(#7026,#7027,#7028),.UNSPECIFIED.,.F.,.F.)
B_SPLINE_CURVE_WITH_KNOTS((3,3),(94.7438711638441,121.24003543162),
 .UNSPECIFIED.)
CURVE()
GEOMETRIC_REPRESENTATION_ITEM()
RATIONAL_B_SPLINE_CURVE((185.532125030337,198.48989016101,204.2629113819))
REPRESENTATION_ITEM('')
);
#159=(
BOUNDED_CURVE()
B_SPLINE_CURVE(2,(#7058,#7059,#7060),.UNSPECIFIED.,.F.,.F.)
B_SPLINE_CURVE_WITH_KNOTS((3,3),(163.819957697672,190.316121965456),
 .UNSPECIFIED.)
CURVE()
GEOMETRIC_REPRESENTATION_ITEM()
RATIONAL_B_SPLINE_CURVE((204.262911381898,198.489890161011,185.532125030338))
REPRESENTATION_ITEM('')
);
#160=(
BOUNDED_CURVE()
B_SPLINE_CURVE(2,(#7062,#7063,#7064),.UNSPECIFIED.,.F.,.F.)
B_SPLINE_CURVE_WITH_KNOTS((3,3),(94.7438711638441,121.24003543162),
 .UNSPECIFIED.)
CURVE()
GEOMETRIC_REPRESENTATION_ITEM()
RATIONAL_B_SPLINE_CURVE((185.532125030337,198.48989016101,204.2629113819))
REPRESENTATION_ITEM('')
);
#161=(
BOUNDED_CURVE()
B_SPLINE_CURVE(2,(#7562,#7563,#7564),.UNSPECIFIED.,.F.,.F.)
B_SPLINE_CURVE_WITH_KNOTS((3,3),(0.031708245304771,0.0891055329838668),
 .UNSPECIFIED.)
CURVE()
GEOMETRIC_REPRESENTATION_ITEM()
RATIONAL_B_SPLINE_CURVE((1.,1.,1.))
REPRESENTATION_ITEM('')
);
#162=(
BOUNDED_CURVE()
B_SPLINE_CURVE(2,(#7914,#7915,#7916),.UNSPECIFIED.,.F.,.F.)
B_SPLINE_CURVE_WITH_KNOTS((3,3),(0.171022262169141,0.358883389810514),
 .UNSPECIFIED.)
CURVE()
GEOMETRIC_REPRESENTATION_ITEM()
RATIONAL_B_SPLINE_CURVE((1.1311475409836,1.16885245901639,1.13114754098361))
REPRESENTATION_ITEM('')
);
#163=(
BOUNDED_CURVE()
B_SPLINE_CURVE(2,(#7923,#7924,#7925),.UNSPECIFIED.,.F.,.F.)
B_SPLINE_CURVE_WITH_KNOTS((3,3),(0.171022262169144,0.358883389810513),
 .UNSPECIFIED.)
CURVE()
GEOMETRIC_REPRESENTATION_ITEM()
RATIONAL_B_SPLINE_CURVE((1.1311475409836,1.16885245901638,1.1311475409836))
REPRESENTATION_ITEM('')
);
#164=(
BOUNDED_CURVE()
B_SPLINE_CURVE(2,(#7929,#7930,#7931),.UNSPECIFIED.,.F.,.F.)
B_SPLINE_CURVE_WITH_KNOTS((3,3),(0.171022262169149,0.358883389810518),
 .UNSPECIFIED.)
CURVE()
GEOMETRIC_REPRESENTATION_ITEM()
RATIONAL_B_SPLINE_CURVE((1.1311475409836,1.16885245901638,1.1311475409836))
REPRESENTATION_ITEM('')
);
#165=(
BOUNDED_CURVE()
B_SPLINE_CURVE(2,(#7935,#7936,#7937),.UNSPECIFIED.,.F.,.F.)
B_SPLINE_CURVE_WITH_KNOTS((3,3),(0.171022262169156,0.358883389810529),
 .UNSPECIFIED.)
CURVE()
GEOMETRIC_REPRESENTATION_ITEM()
RATIONAL_B_SPLINE_CURVE((1.13114754098361,1.1688524590164,1.13114754098361))
REPRESENTATION_ITEM('')
);
#166=(
BOUNDED_CURVE()
B_SPLINE_CURVE(2,(#7941,#7942,#7943),.UNSPECIFIED.,.F.,.F.)
B_SPLINE_CURVE_WITH_KNOTS((3,3),(0.171022262169156,0.358883389810533),
 .UNSPECIFIED.)
CURVE()
GEOMETRIC_REPRESENTATION_ITEM()
RATIONAL_B_SPLINE_CURVE((1.13114754098361,1.1688524590164,1.13114754098361))
REPRESENTATION_ITEM('')
);
#167=(
BOUNDED_CURVE()
B_SPLINE_CURVE(2,(#7947,#7948,#7949),.UNSPECIFIED.,.F.,.F.)
B_SPLINE_CURVE_WITH_KNOTS((3,3),(0.17102226216915,0.358883389810527),
 .UNSPECIFIED.)
CURVE()
GEOMETRIC_REPRESENTATION_ITEM()
RATIONAL_B_SPLINE_CURVE((1.13114754098361,1.1688524590164,1.13114754098362))
REPRESENTATION_ITEM('')
);
#168=(
BOUNDED_CURVE()
B_SPLINE_CURVE(2,(#7954,#7955,#7956),.UNSPECIFIED.,.F.,.F.)
B_SPLINE_CURVE_WITH_KNOTS((3,3),(0.171022262169154,0.358883389810532),
 .UNSPECIFIED.)
CURVE()
GEOMETRIC_REPRESENTATION_ITEM()
RATIONAL_B_SPLINE_CURVE((1.13114754098361,1.1688524590164,1.1311475409836))
REPRESENTATION_ITEM('')
);
#169=(
BOUNDED_CURVE()
B_SPLINE_CURVE(2,(#7963,#7964,#7965),.UNSPECIFIED.,.F.,.F.)
B_SPLINE_CURVE_WITH_KNOTS((3,3),(0.171022262169156,0.358883389810539),
 .UNSPECIFIED.)
CURVE()
GEOMETRIC_REPRESENTATION_ITEM()
RATIONAL_B_SPLINE_CURVE((1.13114754098362,1.16885245901641,1.13114754098362))
REPRESENTATION_ITEM('')
);
#170=(
BOUNDED_CURVE()
B_SPLINE_CURVE(2,(#7969,#7970,#7971),.UNSPECIFIED.,.F.,.F.)
B_SPLINE_CURVE_WITH_KNOTS((3,3),(0.17102226216915,0.358883389810534),
 .UNSPECIFIED.)
CURVE()
GEOMETRIC_REPRESENTATION_ITEM()
RATIONAL_B_SPLINE_CURVE((1.13114754098362,1.16885245901641,1.13114754098362))
REPRESENTATION_ITEM('')
);
#171=(
BOUNDED_CURVE()
B_SPLINE_CURVE(2,(#7975,#7976,#7977),.UNSPECIFIED.,.F.,.F.)
B_SPLINE_CURVE_WITH_KNOTS((3,3),(0.171022262169143,0.358883389810516),
 .UNSPECIFIED.)
CURVE()
GEOMETRIC_REPRESENTATION_ITEM()
RATIONAL_B_SPLINE_CURVE((1.1311475409836,1.16885245901639,1.13114754098361))
REPRESENTATION_ITEM('')
);
#172=(
BOUNDED_CURVE()
B_SPLINE_CURVE(2,(#7981,#7982,#7983),.UNSPECIFIED.,.F.,.F.)
B_SPLINE_CURVE_WITH_KNOTS((3,3),(0.17102226216914,0.358883389810509),
 .UNSPECIFIED.)
CURVE()
GEOMETRIC_REPRESENTATION_ITEM()
RATIONAL_B_SPLINE_CURVE((1.1311475409836,1.16885245901638,1.1311475409836))
REPRESENTATION_ITEM('')
);
#173=(
BOUNDED_CURVE()
B_SPLINE_CURVE(2,(#7987,#7988,#7989),.UNSPECIFIED.,.F.,.F.)
B_SPLINE_CURVE_WITH_KNOTS((3,3),(0.171022262169145,0.358883389810517),
 .UNSPECIFIED.)
CURVE()
GEOMETRIC_REPRESENTATION_ITEM()
RATIONAL_B_SPLINE_CURVE((1.1311475409836,1.16885245901638,1.13114754098359))
REPRESENTATION_ITEM('')
);
#174=LINE('',#6600,#524);
#175=LINE('',#6603,#525);
#176=LINE('',#6607,#526);
#177=LINE('',#6613,#527);
#178=LINE('',#6623,#528);
#179=LINE('',#6625,#529);
#180=LINE('',#6630,#530);
#181=LINE('',#6632,#531);
#182=LINE('',#6634,#532);
#183=LINE('',#6636,#533);
#184=LINE('',#6638,#534);
#185=LINE('',#6640,#535);
#186=LINE('',#6642,#536);
#187=LINE('',#6644,#537);
#188=LINE('',#6646,#538);
#189=LINE('',#6647,#539);
#190=LINE('',#6652,#540);
#191=LINE('',#6655,#541);
#192=LINE('',#6659,#542);
#193=LINE('',#6661,#543);
#194=LINE('',#6663,#544);
#195=LINE('',#6664,#545);
#196=LINE('',#6668,#546);
#197=LINE('',#6674,#547);
#198=LINE('',#6675,#548);
#199=LINE('',#6676,#549);
#200=LINE('',#6679,#550);
#201=LINE('',#6684,#551);
#202=LINE('',#6685,#552);
#203=LINE('',#6687,#553);
#204=LINE('',#6696,#554);
#205=LINE('',#6697,#555);
#206=LINE('',#6702,#556);
#207=LINE('',#6706,#557);
#208=LINE('',#6708,#558);
#209=LINE('',#6709,#559);
#210=LINE('',#6713,#560);
#211=LINE('',#6718,#561);
#212=LINE('',#6720,#562);
#213=LINE('',#6721,#563);
#214=LINE('',#6725,#564);
#215=LINE('',#6730,#565);
#216=LINE('',#6732,#566);
#217=LINE('',#6733,#567);
#218=LINE('',#6745,#568);
#219=LINE('',#6749,#569);
#220=LINE('',#6751,#570);
#221=LINE('',#6753,#571);
#222=LINE('',#6754,#572);
#223=LINE('',#6759,#573);
#224=LINE('',#6764,#574);
#225=LINE('',#6765,#575);
#226=LINE('',#6766,#576);
#227=LINE('',#6770,#577);
#228=LINE('',#6774,#578);
#229=LINE('',#6775,#579);
#230=LINE('',#6777,#580);
#231=LINE('',#6779,#581);
#232=LINE('',#6781,#582);
#233=LINE('',#6784,#583);
#234=LINE('',#6786,#584);
#235=LINE('',#6788,#585);
#236=LINE('',#6790,#586);
#237=LINE('',#6791,#587);
#238=LINE('',#6792,#588);
#239=LINE('',#6795,#589);
#240=LINE('',#6797,#590);
#241=LINE('',#6798,#591);
#242=LINE('',#6802,#592);
#243=LINE('',#6808,#593);
#244=LINE('',#6809,#594);
#245=LINE('',#6810,#595);
#246=LINE('',#6814,#596);
#247=LINE('',#6820,#597);
#248=LINE('',#6821,#598);
#249=LINE('',#6822,#599);
#250=LINE('',#6826,#600);
#251=LINE('',#6832,#601);
#252=LINE('',#6833,#602);
#253=LINE('',#6834,#603);
#254=LINE('',#6837,#604);
#255=LINE('',#6842,#605);
#256=LINE('',#6843,#606);
#257=LINE('',#6845,#607);
#258=LINE('',#6849,#608);
#259=LINE('',#6851,#609);
#260=LINE('',#6896,#610);
#261=LINE('',#6940,#611);
#262=LINE('',#6943,#612);
#263=LINE('',#6945,#613);
#264=LINE('',#6948,#614);
#265=LINE('',#6950,#615);
#266=LINE('',#6951,#616);
#267=LINE('',#6954,#617);
#268=LINE('',#6958,#618);
#269=LINE('',#6959,#619);
#270=LINE('',#6962,#620);
#271=LINE('',#6966,#621);
#272=LINE('',#6967,#622);
#273=LINE('',#6970,#623);
#274=LINE('',#6974,#624);
#275=LINE('',#6976,#625);
#276=LINE('',#6977,#626);
#277=LINE('',#6980,#627);
#278=LINE('',#6984,#628);
#279=LINE('',#6985,#629);
#280=LINE('',#6988,#630);
#281=LINE('',#6992,#631);
#282=LINE('',#6993,#632);
#283=LINE('',#6996,#633);
#284=LINE('',#6999,#634);
#285=LINE('',#7002,#635);
#286=LINE('',#7004,#636);
#287=LINE('',#7006,#637);
#288=LINE('',#7008,#638);
#289=LINE('',#7010,#639);
#290=LINE('',#7012,#640);
#291=LINE('',#7014,#641);
#292=LINE('',#7018,#642);
#293=LINE('',#7025,#643);
#294=LINE('',#7033,#644);
#295=LINE('',#7039,#645);
#296=LINE('',#7043,#646);
#297=LINE('',#7045,#647);
#298=LINE('',#7050,#648);
#299=LINE('',#7054,#649);
#300=LINE('',#7056,#650);
#301=LINE('',#7070,#651);
#302=LINE('',#7072,#652);
#303=LINE('',#7074,#653);
#304=LINE('',#7076,#654);
#305=LINE('',#7078,#655);
#306=LINE('',#7080,#656);
#307=LINE('',#7083,#657);
#308=LINE('',#7085,#658);
#309=LINE('',#7087,#659);
#310=LINE('',#7089,#660);
#311=LINE('',#7091,#661);
#312=LINE('',#7120,#662);
#313=LINE('',#7123,#663);
#314=LINE('',#7126,#664);
#315=LINE('',#7138,#665);
#316=LINE('',#7140,#666);
#317=LINE('',#7142,#667);
#318=LINE('',#7155,#668);
#319=LINE('',#7159,#669);
#320=LINE('',#7163,#670);
#321=LINE('',#7172,#671);
#322=LINE('',#7175,#672);
#323=LINE('',#7178,#673);
#324=LINE('',#7193,#674);
#325=LINE('',#7197,#675);
#326=LINE('',#7199,#676);
#327=LINE('',#7201,#677);
#328=LINE('',#7203,#678);
#329=LINE('',#7207,#679);
#330=LINE('',#7211,#680);
#331=LINE('',#7213,#681);
#332=LINE('',#7214,#682);
#333=LINE('',#7219,#683);
#334=LINE('',#7290,#684);
#335=LINE('',#7294,#685);
#336=LINE('',#7403,#686);
#337=LINE('',#7418,#687);
#338=LINE('',#7420,#688);
#339=LINE('',#7421,#689);
#340=LINE('',#7430,#690);
#341=LINE('',#7434,#691);
#342=LINE('',#7435,#692);
#343=LINE('',#7438,#693);
#344=LINE('',#7442,#694);
#345=LINE('',#7444,#695);
#346=LINE('',#7446,#696);
#347=LINE('',#7471,#697);
#348=LINE('',#7568,#698);
#349=LINE('',#7572,#699);
#350=LINE('',#7574,#700);
#351=LINE('',#7575,#701);
#352=LINE('',#7612,#702);
#353=LINE('',#7644,#703);
#354=LINE('',#7646,#704);
#355=LINE('',#7648,#705);
#356=LINE('',#7652,#706);
#357=LINE('',#7653,#707);
#358=LINE('',#7662,#708);
#359=LINE('',#7692,#709);
#360=LINE('',#7698,#710);
#361=LINE('',#7700,#711);
#362=LINE('',#7702,#712);
#363=LINE('',#7703,#713);
#364=LINE('',#7706,#714);
#365=LINE('',#7708,#715);
#366=LINE('',#7709,#716);
#367=LINE('',#7712,#717);
#368=LINE('',#7716,#718);
#369=LINE('',#7717,#719);
#370=LINE('',#7721,#720);
#371=LINE('',#7724,#721);
#372=LINE('',#7728,#722);
#373=LINE('',#7734,#723);
#374=LINE('',#7735,#724);
#375=LINE('',#7736,#725);
#376=LINE('',#7740,#726);
#377=LINE('',#7746,#727);
#378=LINE('',#7747,#728);
#379=LINE('',#7748,#729);
#380=LINE('',#7752,#730);
#381=LINE('',#7758,#731);
#382=LINE('',#7759,#732);
#383=LINE('',#7760,#733);
#384=LINE('',#7764,#734);
#385=LINE('',#7768,#735);
#386=LINE('',#7769,#736);
#387=LINE('',#7772,#737);
#388=LINE('',#7784,#738);
#389=LINE('',#7788,#739);
#390=LINE('',#7790,#740);
#391=LINE('',#7792,#741);
#392=LINE('',#7793,#742);
#393=LINE('',#7797,#743);
#394=LINE('',#7799,#744);
#395=LINE('',#7801,#745);
#396=LINE('',#7803,#746);
#397=LINE('',#7807,#747);
#398=LINE('',#7811,#748);
#399=LINE('',#7815,#749);
#400=LINE('',#7819,#750);
#401=LINE('',#7823,#751);
#402=LINE('',#7826,#752);
#403=LINE('',#7829,#753);
#404=LINE('',#7830,#754);
#405=LINE('',#7831,#755);
#406=LINE('',#7833,#756);
#407=LINE('',#7834,#757);
#408=LINE('',#7837,#758);
#409=LINE('',#7838,#759);
#410=LINE('',#7840,#760);
#411=LINE('',#7843,#761);
#412=LINE('',#7846,#762);
#413=LINE('',#7850,#763);
#414=LINE('',#7851,#764);
#415=LINE('',#7854,#765);
#416=LINE('',#7858,#766);
#417=LINE('',#7859,#767);
#418=LINE('',#7862,#768);
#419=LINE('',#7866,#769);
#420=LINE('',#7867,#770);
#421=LINE('',#7869,#771);
#422=LINE('',#7872,#772);
#423=LINE('',#7875,#773);
#424=LINE('',#7878,#774);
#425=LINE('',#7882,#775);
#426=LINE('',#7886,#776);
#427=LINE('',#7889,#777);
#428=LINE('',#7903,#778);
#429=LINE('',#7907,#779);
#430=LINE('',#7908,#780);
#431=LINE('',#7919,#781);
#432=LINE('',#7959,#782);
#433=LINE('',#7994,#783);
#434=LINE('',#8001,#784);
#435=LINE('',#8009,#785);
#436=LINE('',#8016,#786);
#437=LINE('',#8032,#787);
#438=LINE('',#8038,#788);
#439=LINE('',#8050,#789);
#440=LINE('',#8056,#790);
#441=LINE('',#8068,#791);
#442=LINE('',#8070,#792);
#443=LINE('',#8086,#793);
#444=LINE('',#8088,#794);
#445=LINE('',#8100,#795);
#446=LINE('',#8101,#796);
#447=LINE('',#8103,#797);
#448=LINE('',#8105,#798);
#449=LINE('',#8107,#799);
#450=LINE('',#8109,#800);
#451=LINE('',#8111,#801);
#452=LINE('',#8118,#802);
#453=LINE('',#8125,#803);
#454=LINE('',#8141,#804);
#455=LINE('',#8147,#805);
#456=LINE('',#8151,#806);
#457=LINE('',#8158,#807);
#458=LINE('',#8174,#808);
#459=LINE('',#8176,#809);
#460=LINE('',#8195,#810);
#461=LINE('',#8197,#811);
#462=LINE('',#8213,#812);
#463=LINE('',#8215,#813);
#464=LINE('',#8224,#814);
#465=LINE('',#8225,#815);
#466=LINE('',#8227,#816);
#467=LINE('',#8229,#817);
#468=LINE('',#8231,#818);
#469=LINE('',#8233,#819);
#470=LINE('',#8235,#820);
#471=LINE('',#8240,#821);
#472=LINE('',#8242,#822);
#473=LINE('',#8244,#823);
#474=LINE('',#8246,#824);
#475=LINE('',#8248,#825);
#476=LINE('',#8251,#826);
#477=LINE('',#8252,#827);
#478=LINE('',#8255,#828);
#479=LINE('',#8257,#829);
#480=LINE('',#8259,#830);
#481=LINE('',#8265,#831);
#482=LINE('',#8271,#832);
#483=LINE('',#8280,#833);
#484=LINE('',#8332,#834);
#485=LINE('',#8336,#835);
#486=LINE('',#8340,#836);
#487=LINE('',#8393,#837);
#488=LINE('',#8415,#838);
#489=LINE('',#8418,#839);
#490=LINE('',#8420,#840);
#491=LINE('',#8421,#841);
#492=LINE('',#8425,#842);
#493=LINE('',#8428,#843);
#494=LINE('',#8429,#844);
#495=LINE('',#8450,#845);
#496=LINE('',#8453,#846);
#497=LINE('',#8455,#847);
#498=LINE('',#8456,#848);
#499=LINE('',#8458,#849);
#500=LINE('',#8460,#850);
#501=LINE('',#8466,#851);
#502=LINE('',#8481,#852);
#503=LINE('',#8483,#853);
#504=LINE('',#8485,#854);
#505=LINE('',#8492,#855);
#506=LINE('',#8496,#856);
#507=LINE('',#8514,#857);
#508=LINE('',#8515,#858);
#509=LINE('',#8517,#859);
#510=LINE('',#8518,#860);
#511=LINE('',#8520,#861);
#512=LINE('',#8523,#862);
#513=LINE('',#8527,#863);
#514=LINE('',#8541,#864);
#515=LINE('',#8543,#865);
#516=LINE('',#8545,#866);
#517=LINE('',#8548,#867);
#518=LINE('',#8551,#868);
#519=LINE('',#8589,#869);
#520=LINE('',#8595,#870);
#521=LINE('',#8597,#871);
#522=LINE('',#8598,#872);
#523=LINE('',#8600,#873);
#524=VECTOR('',#5125,10.);
#525=VECTOR('',#5128,10.);
#526=VECTOR('',#5131,10.);
#527=VECTOR('',#5132,10.);
#528=VECTOR('',#5139,10.);
#529=VECTOR('',#5140,10.);
#530=VECTOR('',#5145,10.);
#531=VECTOR('',#5146,10.);
#532=VECTOR('',#5147,10.);
#533=VECTOR('',#5148,10.);
#534=VECTOR('',#5149,10.);
#535=VECTOR('',#5150,10.);
#536=VECTOR('',#5151,10.);
#537=VECTOR('',#5152,10.);
#538=VECTOR('',#5153,10.);
#539=VECTOR('',#5154,10.);
#540=VECTOR('',#5159,10.);
#541=VECTOR('',#5162,10.);
#542=VECTOR('',#5165,10.);
#543=VECTOR('',#5166,10.);
#544=VECTOR('',#5167,10.);
#545=VECTOR('',#5168,10.);
#546=VECTOR('',#5171,10.);
#547=VECTOR('',#5178,10.);
#548=VECTOR('',#5179,10.);
#549=VECTOR('',#5180,10.);
#550=VECTOR('',#5183,10.);
#551=VECTOR('',#5190,10.);
#552=VECTOR('',#5191,10.);
#553=VECTOR('',#5194,10.);
#554=VECTOR('',#5203,10.);
#555=VECTOR('',#5204,10.);
#556=VECTOR('',#5209,10.);
#557=VECTOR('',#5214,10.);
#558=VECTOR('',#5215,10.);
#559=VECTOR('',#5216,10.);
#560=VECTOR('',#5219,10.);
#561=VECTOR('',#5226,10.);
#562=VECTOR('',#5227,10.);
#563=VECTOR('',#5228,10.);
#564=VECTOR('',#5231,10.);
#565=VECTOR('',#5238,10.);
#566=VECTOR('',#5239,10.);
#567=VECTOR('',#5240,10.);
#568=VECTOR('',#5251,10.);
#569=VECTOR('',#5254,10.);
#570=VECTOR('',#5255,10.);
#571=VECTOR('',#5256,10.);
#572=VECTOR('',#5257,10.);
#573=VECTOR('',#5262,10.);
#574=VECTOR('',#5267,10.);
#575=VECTOR('',#5268,10.);
#576=VECTOR('',#5269,10.);
#577=VECTOR('',#5274,10.);
#578=VECTOR('',#5279,10.);
#579=VECTOR('',#5280,10.);
#580=VECTOR('',#5283,10.);
#581=VECTOR('',#5286,10.);
#582=VECTOR('',#5289,10.);
#583=VECTOR('',#5292,10.);
#584=VECTOR('',#5293,10.);
#585=VECTOR('',#5294,10.);
#586=VECTOR('',#5295,10.);
#587=VECTOR('',#5296,10.);
#588=VECTOR('',#5297,10.);
#589=VECTOR('',#5300,10.);
#590=VECTOR('',#5301,10.);
#591=VECTOR('',#5302,10.);
#592=VECTOR('',#5305,10.);
#593=VECTOR('',#5312,10.);
#594=VECTOR('',#5313,10.);
#595=VECTOR('',#5314,10.);
#596=VECTOR('',#5317,10.);
#597=VECTOR('',#5324,10.);
#598=VECTOR('',#5325,10.);
#599=VECTOR('',#5326,10.);
#600=VECTOR('',#5329,10.);
#601=VECTOR('',#5336,10.);
#602=VECTOR('',#5337,10.);
#603=VECTOR('',#5338,10.);
#604=VECTOR('',#5341,10.);
#605=VECTOR('',#5348,10.);
#606=VECTOR('',#5349,10.);
#607=VECTOR('',#5352,10.);
#608=VECTOR('',#5357,10.);
#609=VECTOR('',#5360,10.);
#610=VECTOR('',#5379,3.1);
#611=VECTOR('',#5396,3.1);
#612=VECTOR('',#5401,2.7);
#613=VECTOR('',#5404,2.7);
#614=VECTOR('',#5407,10.);
#615=VECTOR('',#5408,10.);
#616=VECTOR('',#5409,10.);
#617=VECTOR('',#5412,10.);
#618=VECTOR('',#5417,10.);
#619=VECTOR('',#5418,10.);
#620=VECTOR('',#5421,10.);
#621=VECTOR('',#5426,10.);
#622=VECTOR('',#5427,10.);
#623=VECTOR('',#5430,10.);
#624=VECTOR('',#5435,10.);
#625=VECTOR('',#5436,10.);
#626=VECTOR('',#5437,10.);
#627=VECTOR('',#5440,10.);
#628=VECTOR('',#5445,10.);
#629=VECTOR('',#5446,10.);
#630=VECTOR('',#5449,10.);
#631=VECTOR('',#5454,10.);
#632=VECTOR('',#5455,10.);
#633=VECTOR('',#5458,10.);
#634=VECTOR('',#5463,10.);
#635=VECTOR('',#5468,10.);
#636=VECTOR('',#5471,10.);
#637=VECTOR('',#5474,10.);
#638=VECTOR('',#5477,10.);
#639=VECTOR('',#5480,10.);
#640=VECTOR('',#5483,10.);
#641=VECTOR('',#5486,10.);
#642=VECTOR('',#5491,3.00000004470348);
#643=VECTOR('',#5500,10.);
#644=VECTOR('',#5507,10.);
#645=VECTOR('',#5512,10.);
#646=VECTOR('',#5515,10.);
#647=VECTOR('',#5518,10.);
#648=VECTOR('',#5521,10.);
#649=VECTOR('',#5524,10.);
#650=VECTOR('',#5527,10.);
#651=VECTOR('',#5540,1.65);
#652=VECTOR('',#5543,10.);
#653=VECTOR('',#5546,10.);
#654=VECTOR('',#5549,10.);
#655=VECTOR('',#5552,10.);
#656=VECTOR('',#5555,10.);
#657=VECTOR('',#5560,10.);
#658=VECTOR('',#5563,10.);
#659=VECTOR('',#5566,10.);
#660=VECTOR('',#5569,10.);
#661=VECTOR('',#5572,10.);
#662=VECTOR('',#5611,10.);
#663=VECTOR('',#5614,10.);
#664=VECTOR('',#5617,10.);
#665=VECTOR('',#5622,10.);
#666=VECTOR('',#5623,10.);
#667=VECTOR('',#5624,10.);
#668=VECTOR('',#5629,1.);
#669=VECTOR('',#5632,10.);
#670=VECTOR('',#5635,1.);
#671=VECTOR('',#5644,10.);
#672=VECTOR('',#5647,10.);
#673=VECTOR('',#5650,10.);
#674=VECTOR('',#5653,10.);
#675=VECTOR('',#5658,10.);
#676=VECTOR('',#5659,10.);
#677=VECTOR('',#5660,10.);
#678=VECTOR('',#5661,10.);
#679=VECTOR('',#5664,10.);
#680=VECTOR('',#5667,10.);
#681=VECTOR('',#5668,10.);
#682=VECTOR('',#5669,10.);
#683=VECTOR('',#5674,10.);
#684=VECTOR('',#5689,1.);
#685=VECTOR('',#5694,1.);
#686=VECTOR('',#5697,7.6);
#687=VECTOR('',#5698,10.);
#688=VECTOR('',#5699,10.);
#689=VECTOR('',#5700,10.);
#690=VECTOR('',#5711,10.);
#691=VECTOR('',#5716,10.);
#692=VECTOR('',#5717,10.);
#693=VECTOR('',#5720,10.);
#694=VECTOR('',#5725,10.);
#695=VECTOR('',#5726,10.);
#696=VECTOR('',#5727,10.);
#697=VECTOR('',#5744,10.);
#698=VECTOR('',#5755,10.);
#699=VECTOR('',#5760,10.);
#700=VECTOR('',#5761,10.);
#701=VECTOR('',#5762,10.);
#702=VECTOR('',#5763,10.);
#703=VECTOR('',#5766,10.);
#704=VECTOR('',#5767,10.);
#705=VECTOR('',#5768,10.);
#706=VECTOR('',#5773,10.);
#707=VECTOR('',#5774,10.);
#708=VECTOR('',#5781,10.);
#709=VECTOR('',#5784,10.);
#710=VECTOR('',#5791,10.);
#711=VECTOR('',#5792,10.);
#712=VECTOR('',#5793,10.);
#713=VECTOR('',#5794,10.);
#714=VECTOR('',#5797,10.);
#715=VECTOR('',#5798,10.);
#716=VECTOR('',#5799,10.);
#717=VECTOR('',#5802,10.);
#718=VECTOR('',#5807,10.);
#719=VECTOR('',#5808,10.);
#720=VECTOR('',#5813,10.);
#721=VECTOR('',#5818,10.);
#722=VECTOR('',#5821,10.);
#723=VECTOR('',#5828,10.);
#724=VECTOR('',#5829,10.);
#725=VECTOR('',#5830,10.);
#726=VECTOR('',#5833,10.);
#727=VECTOR('',#5840,10.);
#728=VECTOR('',#5841,10.);
#729=VECTOR('',#5842,10.);
#730=VECTOR('',#5845,10.);
#731=VECTOR('',#5852,10.);
#732=VECTOR('',#5853,10.);
#733=VECTOR('',#5854,10.);
#734=VECTOR('',#5857,10.);
#735=VECTOR('',#5864,10.);
#736=VECTOR('',#5865,10.);
#737=VECTOR('',#5868,10.);
#738=VECTOR('',#5869,10.);
#739=VECTOR('',#5874,10.);
#740=VECTOR('',#5875,10.);
#741=VECTOR('',#5876,10.);
#742=VECTOR('',#5877,10.);
#743=VECTOR('',#5880,10.);
#744=VECTOR('',#5881,10.);
#745=VECTOR('',#5882,10.);
#746=VECTOR('',#5883,10.);
#747=VECTOR('',#5886,10.);
#748=VECTOR('',#5889,10.);
#749=VECTOR('',#5892,10.);
#750=VECTOR('',#5895,10.);
#751=VECTOR('',#5898,10.);
#752=VECTOR('',#5901,10.);
#753=VECTOR('',#5904,10.);
#754=VECTOR('',#5905,10.);
#755=VECTOR('',#5906,10.);
#756=VECTOR('',#5909,10.);
#757=VECTOR('',#5910,10.);
#758=VECTOR('',#5913,10.);
#759=VECTOR('',#5914,10.);
#760=VECTOR('',#5917,10.);
#761=VECTOR('',#5922,10.);
#762=VECTOR('',#5925,10.);
#763=VECTOR('',#5930,10.);
#764=VECTOR('',#5931,10.);
#765=VECTOR('',#5934,10.);
#766=VECTOR('',#5939,10.);
#767=VECTOR('',#5940,10.);
#768=VECTOR('',#5943,10.);
#769=VECTOR('',#5948,10.);
#770=VECTOR('',#5949,10.);
#771=VECTOR('',#5952,10.);
#772=VECTOR('',#5957,10.);
#773=VECTOR('',#5960,10.);
#774=VECTOR('',#5965,10.);
#775=VECTOR('',#5970,10.);
#776=VECTOR('',#5973,10.);
#777=VECTOR('',#5976,10.);
#778=VECTOR('',#5981,10.);
#779=VECTOR('',#5986,10.);
#780=VECTOR('',#5987,10.);
#781=VECTOR('',#5996,2.9);
#782=VECTOR('',#6013,2.9);
#783=VECTOR('',#6028,10.);
#784=VECTOR('',#6029,10.);
#785=VECTOR('',#6032,10.);
#786=VECTOR('',#6033,10.);
#787=VECTOR('',#6042,10.);
#788=VECTOR('',#6043,10.);
#789=VECTOR('',#6052,10.);
#790=VECTOR('',#6053,10.);
#791=VECTOR('',#6062,10.);
#792=VECTOR('',#6063,10.);
#793=VECTOR('',#6072,10.);
#794=VECTOR('',#6073,10.);
#795=VECTOR('',#6088,10.);
#796=VECTOR('',#6089,10.);
#797=VECTOR('',#6092,10.);
#798=VECTOR('',#6095,10.);
#799=VECTOR('',#6098,10.);
#800=VECTOR('',#6101,10.);
#801=VECTOR('',#6104,10.);
#802=VECTOR('',#6111,10.);
#803=VECTOR('',#6112,10.);
#804=VECTOR('',#6121,10.);
#805=VECTOR('',#6122,10.);
#806=VECTOR('',#6125,10.);
#807=VECTOR('',#6126,10.);
#808=VECTOR('',#6135,10.);
#809=VECTOR('',#6136,10.);
#810=VECTOR('',#6151,10.);
#811=VECTOR('',#6152,10.);
#812=VECTOR('',#6161,10.);
#813=VECTOR('',#6162,10.);
#814=VECTOR('',#6171,10.);
#815=VECTOR('',#6172,10.);
#816=VECTOR('',#6175,10.);
#817=VECTOR('',#6178,10.);
#818=VECTOR('',#6181,10.);
#819=VECTOR('',#6184,10.);
#820=VECTOR('',#6187,10.);
#821=VECTOR('',#6194,10.);
#822=VECTOR('',#6197,10.);
#823=VECTOR('',#6200,10.);
#824=VECTOR('',#6203,10.);
#825=VECTOR('',#6206,10.);
#826=VECTOR('',#6211,10.);
#827=VECTOR('',#6212,10.);
#828=VECTOR('',#6217,10.);
#829=VECTOR('',#6220,10.);
#830=VECTOR('',#6223,10.);
#831=VECTOR('',#6230,4.1112698372208);
#832=VECTOR('',#6237,4.1112698372208);
#833=VECTOR('',#6252,10.);
#834=VECTOR('',#6261,10.);
#835=VECTOR('',#6266,10.);
#836=VECTOR('',#6271,10.);
#837=VECTOR('',#6282,10.);
#838=VECTOR('',#6291,10.);
#839=VECTOR('',#6294,10.);
#840=VECTOR('',#6297,10.);
#841=VECTOR('',#6298,10.);
#842=VECTOR('',#6303,10.);
#843=VECTOR('',#6306,10.);
#844=VECTOR('',#6307,10.);
#845=VECTOR('',#6314,10.);
#846=VECTOR('',#6317,10.);
#847=VECTOR('',#6320,10.);
#848=VECTOR('',#6321,10.);
#849=VECTOR('',#6324,10.);
#850=VECTOR('',#6327,10.);
#851=VECTOR('',#6336,10.);
#852=VECTOR('',#6341,10.);
#853=VECTOR('',#6344,10.);
#854=VECTOR('',#6347,10.);
#855=VECTOR('',#6354,10.);
#856=VECTOR('',#6357,10.);
#857=VECTOR('',#6362,10.);
#858=VECTOR('',#6363,10.);
#859=VECTOR('',#6366,10.);
#860=VECTOR('',#6367,10.);
#861=VECTOR('',#6370,10.);
#862=VECTOR('',#6373,10.);
#863=VECTOR('',#6376,10.);
#864=VECTOR('',#6381,10.);
#865=VECTOR('',#6384,10.);
#866=VECTOR('',#6387,10.);
#867=VECTOR('',#6390,10.);
#868=VECTOR('',#6395,10.);
#869=VECTOR('',#6406,10.);
#870=VECTOR('',#6415,10.);
#871=VECTOR('',#6418,10.);
#872=VECTOR('',#6419,10.);
#873=VECTOR('',#6422,10.);
#874=PLANE('',#4625);
#875=PLANE('',#4631);
#876=PLANE('',#4633);
#877=PLANE('',#4636);
#878=PLANE('',#4637);
#879=PLANE('',#4640);
#880=PLANE('',#4644);
#881=PLANE('',#4648);
#882=PLANE('',#4649);
#883=PLANE('',#4657);
#884=PLANE('',#4661);
#885=PLANE('',#4665);
#886=PLANE('',#4669);
#887=PLANE('',#4671);
#888=PLANE('',#4675);
#889=PLANE('',#4679);
#890=PLANE('',#4681);
#891=PLANE('',#4683);
#892=PLANE('',#4684);
#893=PLANE('',#4688);
#894=PLANE('',#4692);
#895=PLANE('',#4696);
#896=PLANE('',#4700);
#897=PLANE('',#4701);
#898=PLANE('',#4705);
#899=PLANE('',#4706);
#900=PLANE('',#4725);
#901=PLANE('',#4728);
#902=PLANE('',#4731);
#903=PLANE('',#4734);
#904=PLANE('',#4737);
#905=PLANE('',#4740);
#906=PLANE('',#4745);
#907=PLANE('',#4747);
#908=PLANE('',#4750);
#909=PLANE('',#4751);
#910=PLANE('',#4752);
#911=PLANE('',#4755);
#912=PLANE('',#4757);
#913=PLANE('',#4760);
#914=PLANE('',#4768);
#915=PLANE('',#4772);
#916=PLANE('',#4774);
#917=PLANE('',#4776);
#918=PLANE('',#4778);
#919=PLANE('',#4780);
#920=PLANE('',#4782);
#921=PLANE('',#4784);
#922=PLANE('',#4786);
#923=PLANE('',#4807);
#924=PLANE('',#4814);
#925=PLANE('',#4820);
#926=PLANE('',#4834);
#927=PLANE('',#4841);
#928=PLANE('',#4844);
#929=PLANE('',#4859);
#930=PLANE('',#4860);
#931=PLANE('',#4862);
#932=PLANE('',#4869);
#933=PLANE('',#4870);
#934=PLANE('',#4873);
#935=PLANE('',#4877);
#936=PLANE('',#4881);
#937=PLANE('',#4885);
#938=PLANE('',#4889);
#939=PLANE('',#4893);
#940=PLANE('',#4896);
#941=PLANE('',#4897);
#942=PLANE('',#4904);
#943=PLANE('',#4905);
#944=PLANE('',#4906);
#945=PLANE('',#4909);
#946=PLANE('',#4912);
#947=PLANE('',#4915);
#948=PLANE('',#4918);
#949=PLANE('',#4921);
#950=PLANE('',#4924);
#951=PLANE('',#4925);
#952=PLANE('',#4926);
#953=PLANE('',#4932);
#954=PLANE('',#4933);
#955=PLANE('',#4951);
#956=PLANE('',#4952);
#957=PLANE('',#4956);
#958=PLANE('',#4960);
#959=PLANE('',#4964);
#960=PLANE('',#4968);
#961=PLANE('',#4976);
#962=PLANE('',#4978);
#963=PLANE('',#4980);
#964=PLANE('',#4981);
#965=PLANE('',#4983);
#966=PLANE('',#4987);
#967=PLANE('',#4988);
#968=PLANE('',#4992);
#969=PLANE('',#4999);
#970=PLANE('',#5003);
#971=PLANE('',#5008);
#972=PLANE('',#5010);
#973=PLANE('',#5012);
#974=PLANE('',#5013);
#975=PLANE('',#5015);
#976=PLANE('',#5017);
#977=PLANE('',#5019);
#978=PLANE('',#5021);
#979=PLANE('',#5023);
#980=PLANE('',#5025);
#981=PLANE('',#5041);
#982=PLANE('',#5042);
#983=PLANE('',#5049);
#984=PLANE('',#5052);
#985=PLANE('',#5058);
#986=PLANE('',#5060);
#987=PLANE('',#5066);
#988=PLANE('',#5067);
#989=PLANE('',#5070);
#990=PLANE('',#5075);
#991=PLANE('',#5076);
#992=PLANE('',#5082);
#993=PLANE('',#5083);
#994=PLANE('',#5088);
#995=PLANE('',#5089);
#996=PLANE('',#5090);
#997=PLANE('',#5093);
#998=PLANE('',#5103);
#999=PLANE('',#5105);
#1000=CIRCLE('',#4623,9.35265396141693);
#1001=CIRCLE('',#4624,7.67445469906237);
#1002=CIRCLE('',#4626,0.647346038583069);
#1003=CIRCLE('',#4627,10.6473460385831);
#1004=CIRCLE('',#4628,0.647346038583075);
#1005=CIRCLE('',#4630,1.);
#1006=CIRCLE('',#4634,6.);
#1007=CIRCLE('',#4635,2.15);
#1008=CIRCLE('',#4638,6.);
#1009=CIRCLE('',#4639,2.15);
#1010=CIRCLE('',#4642,6.);
#1011=CIRCLE('',#4643,5.6);
#1012=CIRCLE('',#4646,6.);
#1013=CIRCLE('',#4647,5.6);
#1014=CIRCLE('',#4650,2.7);
#1015=CIRCLE('',#4651,2.7);
#1016=CIRCLE('',#4652,11.);
#1017=CIRCLE('',#4653,0.999999999999999);
#1018=CIRCLE('',#4655,5.6);
#1019=CIRCLE('',#4656,6.);
#1020=CIRCLE('',#4659,6.);
#1021=CIRCLE('',#4660,5.6);
#1022=CIRCLE('',#4663,6.);
#1023=CIRCLE('',#4664,5.6);
#1024=CIRCLE('',#4667,6.);
#1025=CIRCLE('',#4668,5.6);
#1026=CIRCLE('',#4670,1.65);
#1027=CIRCLE('',#4673,6.);
#1028=CIRCLE('',#4674,5.6);
#1029=CIRCLE('',#4677,6.);
#1030=CIRCLE('',#4678,5.6);
#1031=CIRCLE('',#4686,6.);
#1032=CIRCLE('',#4687,5.6);
#1033=CIRCLE('',#4690,6.);
#1034=CIRCLE('',#4691,5.6);
#1035=CIRCLE('',#4694,6.);
#1036=CIRCLE('',#4695,5.6);
#1037=CIRCLE('',#4698,6.);
#1038=CIRCLE('',#4699,5.6);
#1039=CIRCLE('',#4702,3.00000004470348);
#1040=CIRCLE('',#4708,3.1);
#1041=CIRCLE('',#4709,3.1);
#1042=CIRCLE('',#4710,3.1);
#1043=CIRCLE('',#4711,3.1);
#1044=CIRCLE('',#4712,3.1);
#1045=CIRCLE('',#4713,3.1);
#1046=CIRCLE('',#4714,2.7);
#1047=CIRCLE('',#4716,3.1);
#1048=CIRCLE('',#4717,3.1);
#1049=CIRCLE('',#4718,3.1);
#1050=CIRCLE('',#4719,3.1);
#1051=CIRCLE('',#4720,3.1);
#1052=CIRCLE('',#4721,3.1);
#1053=CIRCLE('',#4722,2.7);
#1054=CIRCLE('',#4727,3.1);
#1055=CIRCLE('',#4730,3.1);
#1056=CIRCLE('',#4733,3.1);
#1057=CIRCLE('',#4736,3.1);
#1058=CIRCLE('',#4739,3.1);
#1059=CIRCLE('',#4742,3.1);
#1060=CIRCLE('',#4754,3.00000004470348);
#1061=CIRCLE('',#4756,1.65);
#1062=CIRCLE('',#4759,1.65);
#1063=CIRCLE('',#4761,1.65);
#1064=CIRCLE('',#4762,3.1);
#1065=CIRCLE('',#4763,3.1);
#1066=CIRCLE('',#4764,3.1);
#1067=CIRCLE('',#4765,3.1);
#1068=CIRCLE('',#4766,3.1);
#1069=CIRCLE('',#4767,3.1);
#1070=CIRCLE('',#4770,1.65);
#1071=CIRCLE('',#4771,1.65);
#1072=CIRCLE('',#4788,0.39999999999994);
#1073=CIRCLE('',#4789,0.880566002505301);
#1074=CIRCLE('',#4790,0.400000000000037);
#1075=CIRCLE('',#4791,1.2082268202209);
#1076=CIRCLE('',#4793,0.400000000000023);
#1077=CIRCLE('',#4794,8.79177317977921);
#1078=CIRCLE('',#4795,9.11943399749481);
#1079=CIRCLE('',#4797,0.400000000000003);
#1080=CIRCLE('',#4798,1.20822682022073);
#1081=CIRCLE('',#4799,0.880566002505133);
#1082=CIRCLE('',#4801,11.2082268202207);
#1083=CIRCLE('',#4802,10.8805660025051);
#1084=CIRCLE('',#4804,9.28008301528383);
#1085=CIRCLE('',#4806,0.719916984716283);
#1086=CIRCLE('',#4808,5.1112698372208);
#1087=CIRCLE('',#4809,5.1112698372208);
#1088=CIRCLE('',#4812,5.1112698372208);
#1089=CIRCLE('',#4813,5.1112698372208);
#1090=CIRCLE('',#4822,7.);
#1091=CIRCLE('',#4824,1.);
#1092=CIRCLE('',#4825,1.);
#1093=CIRCLE('',#4826,1.);
#1094=CIRCLE('',#4828,1.);
#1095=CIRCLE('',#4831,1.);
#1096=CIRCLE('',#4833,1.);
#1097=CIRCLE('',#4836,4.1112698372208);
#1098=CIRCLE('',#4837,1.);
#1099=CIRCLE('',#4838,4.1112698372208);
#1100=CIRCLE('',#4846,0.8);
#1101=CIRCLE('',#4848,4.1112698372208);
#1102=CIRCLE('',#4849,1.);
#1103=CIRCLE('',#4850,4.1112698372208);
#1104=CIRCLE('',#4852,1.00000000000001);
#1105=CIRCLE('',#4853,1.);
#1106=CIRCLE('',#4857,6.);
#1107=CIRCLE('',#4858,5.60000000000001);
#1108=CIRCLE('',#4863,2.7);
#1109=CIRCLE('',#4864,2.7);
#1110=CIRCLE('',#4865,1.19883179514065);
#1111=CIRCLE('',#4866,7.78629229096905);
#1112=CIRCLE('',#4867,1.19883179514064);
#1113=CIRCLE('',#4868,11.1988317951406);
#1114=CIRCLE('',#4872,0.4);
#1115=CIRCLE('',#4875,0.8);
#1116=CIRCLE('',#4876,0.4);
#1117=CIRCLE('',#4879,0.800000000000004);
#1118=CIRCLE('',#4880,0.400000000000004);
#1119=CIRCLE('',#4883,4.8);
#1120=CIRCLE('',#4884,4.4);
#1121=CIRCLE('',#4887,4.8);
#1122=CIRCLE('',#4888,4.4);
#1123=CIRCLE('',#4891,0.799999999999999);
#1124=CIRCLE('',#4892,0.4);
#1125=CIRCLE('',#4898,0.6);
#1126=CIRCLE('',#4899,1.6);
#1127=CIRCLE('',#4900,5.6);
#1128=CIRCLE('',#4901,5.59999999999999);
#1129=CIRCLE('',#4902,1.6);
#1130=CIRCLE('',#4903,0.6);
#1131=CIRCLE('',#4908,1.);
#1132=CIRCLE('',#4911,2.);
#1133=CIRCLE('',#4914,6.);
#1134=CIRCLE('',#4917,6.);
#1135=CIRCLE('',#4920,2.);
#1136=CIRCLE('',#4923,1.);
#1137=CIRCLE('',#4931,1.);
#1138=CIRCLE('',#4936,3.1);
#1139=CIRCLE('',#4937,3.1);
#1140=CIRCLE('',#4938,3.1);
#1141=CIRCLE('',#4939,3.1);
#1142=CIRCLE('',#4940,3.1);
#1143=CIRCLE('',#4941,3.1);
#1144=CIRCLE('',#4942,3.1);
#1145=CIRCLE('',#4944,3.1);
#1146=CIRCLE('',#4945,3.1);
#1147=CIRCLE('',#4946,3.1);
#1148=CIRCLE('',#4947,3.1);
#1149=CIRCLE('',#4948,3.1);
#1150=CIRCLE('',#4949,3.1);
#1151=CIRCLE('',#4950,3.1);
#1152=CIRCLE('',#4954,3.1);
#1153=CIRCLE('',#4955,3.4);
#1154=CIRCLE('',#4958,3.1);
#1155=CIRCLE('',#4959,3.4);
#1156=CIRCLE('',#4962,3.4);
#1157=CIRCLE('',#4963,3.1);
#1158=CIRCLE('',#4966,3.4);
#1159=CIRCLE('',#4967,3.1);
#1160=CIRCLE('',#4970,3.4);
#1161=CIRCLE('',#4971,3.1);
#1162=CIRCLE('',#4973,3.4);
#1163=CIRCLE('',#4974,3.1);
#1164=CIRCLE('',#4982,3.7112698372208);
#1165=CIRCLE('',#4985,3.1);
#1166=CIRCLE('',#4986,3.4);
#1167=CIRCLE('',#4990,3.4);
#1168=CIRCLE('',#4991,3.1);
#1169=CIRCLE('',#4994,3.1);
#1170=CIRCLE('',#4995,3.4);
#1171=CIRCLE('',#4997,3.4);
#1172=CIRCLE('',#4998,3.1);
#1173=CIRCLE('',#5001,3.4);
#1174=CIRCLE('',#5002,3.1);
#1175=CIRCLE('',#5005,3.4);
#1176=CIRCLE('',#5006,3.1);
#1177=CIRCLE('',#5014,3.7112698372208);
#1178=CIRCLE('',#5028,4.1112698372208);
#1179=CIRCLE('',#5029,4.1112698372208);
#1180=CIRCLE('',#5031,4.1112698372208);
#1181=CIRCLE('',#5032,4.1112698372208);
#1182=CIRCLE('',#5034,0.4);
#1183=CIRCLE('',#5036,0.4);
#1184=CIRCLE('',#5038,0.719916984716115);
#1185=CIRCLE('',#5040,10.7199169847161);
#1186=CIRCLE('',#5044,0.951974022148792);
#1187=CIRCLE('',#5046,10.9519740221488);
#1188=CIRCLE('',#5048,8.96103177461725);
#1189=CIRCLE('',#5050,0.951974022148798);
#1190=CIRCLE('',#5094,0.999999999999996);
#1191=CIRCLE('',#5097,0.999999999999988);
#1192=CIRCLE('',#5099,1.);
#1193=CIRCLE('',#5100,6.);
#1194=CONICAL_SURFACE('',#4622,9.35265396141693,0.698131700797732);
#1195=CONICAL_SURFACE('',#4629,1.,0.174532925199433);
#1196=CONICAL_SURFACE('',#4641,5.8,0.785398163397449);
#1197=CONICAL_SURFACE('',#4645,5.8,0.78539816339745);
#1198=CONICAL_SURFACE('',#4654,5.8,0.785398163397449);
#1199=CONICAL_SURFACE('',#4658,5.8,0.785398163397448);
#1200=CONICAL_SURFACE('',#4662,5.8,0.785398163397448);
#1201=CONICAL_SURFACE('',#4666,5.8,0.785398163397449);
#1202=CONICAL_SURFACE('',#4672,5.8,0.785398163397448);
#1203=CONICAL_SURFACE('',#4676,5.8,0.78539816339745);
#1204=CONICAL_SURFACE('',#4685,5.8,0.785398163397449);
#1205=CONICAL_SURFACE('',#4689,5.8,0.785398163397448);
#1206=CONICAL_SURFACE('',#4693,5.8,0.785398163397448);
#1207=CONICAL_SURFACE('',#4697,5.8,0.785398163397449);
#1208=CONICAL_SURFACE('',#4703,11.,0.174532925199433);
#1209=CONICAL_SURFACE('',#4704,0.999999999999999,0.174532925199433);
#1210=CONICAL_SURFACE('',#4707,3.1,0.785398163397449);
#1211=CONICAL_SURFACE('',#4715,3.1,0.785398163397448);
#1212=CONICAL_SURFACE('',#4758,1.65,0.785398163397448);
#1213=CONICAL_SURFACE('',#4769,1.65,0.785398163397448);
#1214=CONICAL_SURFACE('',#4803,8.99999999999994,0.610865238198015);
#1215=CONICAL_SURFACE('',#4805,1.00000000000017,0.610865238198015);
#1216=CONICAL_SURFACE('',#4856,5.80000000000001,0.785398163397256);
#1217=CONICAL_SURFACE('',#4871,0.6,0.78539816339745);
#1218=CONICAL_SURFACE('',#4874,0.6,0.78539816339745);
#1219=CONICAL_SURFACE('',#4878,0.600000000000004,0.785398163397448);
#1220=CONICAL_SURFACE('',#4882,4.6,0.78539816339745);
#1221=CONICAL_SURFACE('',#4886,4.6,0.785398163397446);
#1222=CONICAL_SURFACE('',#4890,0.599999999999999,0.785398163397448);
#1223=CONICAL_SURFACE('',#4907,0.8,0.785398163397448);
#1224=CONICAL_SURFACE('',#4910,1.8,0.78539816339746);
#1225=CONICAL_SURFACE('',#4913,5.79999999999999,0.785398163397098);
#1226=CONICAL_SURFACE('',#4916,5.8,0.785398163397094);
#1227=CONICAL_SURFACE('',#4919,1.8,0.78539816339746);
#1228=CONICAL_SURFACE('',#4922,0.8,0.785398163397449);
#1229=CONICAL_SURFACE('',#4935,2.9,0.785398163397449);
#1230=CONICAL_SURFACE('',#4943,2.9,0.785398163397449);
#1231=CONICAL_SURFACE('',#4953,3.25,0.785398163397449);
#1232=CONICAL_SURFACE('',#4957,3.25,0.78539816339745);
#1233=CONICAL_SURFACE('',#4961,3.25,0.785398163397448);
#1234=CONICAL_SURFACE('',#4965,3.25,0.785398163397452);
#1235=CONICAL_SURFACE('',#4969,3.25,0.78539816339745);
#1236=CONICAL_SURFACE('',#4972,3.25,0.785398163397448);
#1237=CONICAL_SURFACE('',#4984,3.25,0.78539816339745);
#1238=CONICAL_SURFACE('',#4989,3.25,0.785398163397447);
#1239=CONICAL_SURFACE('',#4993,3.25,0.785398163397451);
#1240=CONICAL_SURFACE('',#4996,3.25,0.785398163397451);
#1241=CONICAL_SURFACE('',#5000,3.25,0.78539816339745);
#1242=CONICAL_SURFACE('',#5004,3.25,0.785398163397448);
#1243=CONICAL_SURFACE('',#5037,0.999999999999999,0.610865238198015);
#1244=CONICAL_SURFACE('',#5039,10.9999999999999,0.610865238198015);
#1245=CONICAL_SURFACE('',#5043,1.29544232590366,0.174532925199433);
#1246=CONICAL_SURFACE('',#5045,11.2954423259037,0.174532925199433);
#1247=CONICAL_SURFACE('',#5047,9.12284062848124,0.698131700797732);
#1248=CONICAL_SURFACE('',#5051,1.29544232590367,0.174532925199433);
#1249=FACE_OUTER_BOUND('',#1517,.T.);
#1250=FACE_OUTER_BOUND('',#1518,.T.);
#1251=FACE_OUTER_BOUND('',#1519,.T.);
#1252=FACE_OUTER_BOUND('',#1520,.T.);
#1253=FACE_OUTER_BOUND('',#1521,.T.);
#1254=FACE_OUTER_BOUND('',#1522,.T.);
#1255=FACE_OUTER_BOUND('',#1523,.T.);
#1256=FACE_OUTER_BOUND('',#1524,.T.);
#1257=FACE_OUTER_BOUND('',#1525,.T.);
#1258=FACE_OUTER_BOUND('',#1526,.T.);
#1259=FACE_OUTER_BOUND('',#1527,.T.);
#1260=FACE_OUTER_BOUND('',#1528,.T.);
#1261=FACE_OUTER_BOUND('',#1529,.T.);
#1262=FACE_OUTER_BOUND('',#1530,.T.);
#1263=FACE_OUTER_BOUND('',#1531,.T.);
#1264=FACE_OUTER_BOUND('',#1535,.T.);
#1265=FACE_OUTER_BOUND('',#1536,.T.);
#1266=FACE_OUTER_BOUND('',#1537,.T.);
#1267=FACE_OUTER_BOUND('',#1538,.T.);
#1268=FACE_OUTER_BOUND('',#1539,.T.);
#1269=FACE_OUTER_BOUND('',#1540,.T.);
#1270=FACE_OUTER_BOUND('',#1541,.T.);
#1271=FACE_OUTER_BOUND('',#1542,.T.);
#1272=FACE_OUTER_BOUND('',#1543,.T.);
#1273=FACE_OUTER_BOUND('',#1544,.T.);
#1274=FACE_OUTER_BOUND('',#1545,.T.);
#1275=FACE_OUTER_BOUND('',#1546,.T.);
#1276=FACE_OUTER_BOUND('',#1547,.T.);
#1277=FACE_OUTER_BOUND('',#1548,.T.);
#1278=FACE_OUTER_BOUND('',#1549,.T.);
#1279=FACE_OUTER_BOUND('',#1550,.T.);
#1280=FACE_OUTER_BOUND('',#1551,.T.);
#1281=FACE_OUTER_BOUND('',#1552,.T.);
#1282=FACE_OUTER_BOUND('',#1553,.T.);
#1283=FACE_OUTER_BOUND('',#1554,.T.);
#1284=FACE_OUTER_BOUND('',#1555,.T.);
#1285=FACE_OUTER_BOUND('',#1556,.T.);
#1286=FACE_OUTER_BOUND('',#1557,.T.);
#1287=FACE_OUTER_BOUND('',#1558,.T.);
#1288=FACE_OUTER_BOUND('',#1559,.T.);
#1289=FACE_OUTER_BOUND('',#1560,.T.);
#1290=FACE_OUTER_BOUND('',#1561,.T.);
#1291=FACE_OUTER_BOUND('',#1563,.T.);
#1292=FACE_OUTER_BOUND('',#1564,.T.);
#1293=FACE_OUTER_BOUND('',#1565,.T.);
#1294=FACE_OUTER_BOUND('',#1566,.T.);
#1295=FACE_OUTER_BOUND('',#1567,.T.);
#1296=FACE_OUTER_BOUND('',#1568,.T.);
#1297=FACE_OUTER_BOUND('',#1569,.T.);
#1298=FACE_OUTER_BOUND('',#1570,.T.);
#1299=FACE_OUTER_BOUND('',#1571,.T.);
#1300=FACE_OUTER_BOUND('',#1572,.T.);
#1301=FACE_OUTER_BOUND('',#1573,.T.);
#1302=FACE_OUTER_BOUND('',#1574,.T.);
#1303=FACE_OUTER_BOUND('',#1575,.T.);
#1304=FACE_OUTER_BOUND('',#1576,.T.);
#1305=FACE_OUTER_BOUND('',#1577,.T.);
#1306=FACE_OUTER_BOUND('',#1578,.T.);
#1307=FACE_OUTER_BOUND('',#1579,.T.);
#1308=FACE_OUTER_BOUND('',#1580,.T.);
#1309=FACE_OUTER_BOUND('',#1581,.T.);
#1310=FACE_OUTER_BOUND('',#1582,.T.);
#1311=FACE_OUTER_BOUND('',#1583,.T.);
#1312=FACE_OUTER_BOUND('',#1584,.T.);
#1313=FACE_OUTER_BOUND('',#1585,.T.);
#1314=FACE_OUTER_BOUND('',#1586,.T.);
#1315=FACE_OUTER_BOUND('',#1587,.T.);
#1316=FACE_OUTER_BOUND('',#1588,.T.);
#1317=FACE_OUTER_BOUND('',#1589,.T.);
#1318=FACE_OUTER_BOUND('',#1590,.T.);
#1319=FACE_OUTER_BOUND('',#1591,.T.);
#1320=FACE_OUTER_BOUND('',#1592,.T.);
#1321=FACE_OUTER_BOUND('',#1593,.T.);
#1322=FACE_OUTER_BOUND('',#1595,.T.);
#1323=FACE_OUTER_BOUND('',#1596,.T.);
#1324=FACE_OUTER_BOUND('',#1597,.T.);
#1325=FACE_OUTER_BOUND('',#1600,.T.);
#1326=FACE_OUTER_BOUND('',#1601,.T.);
#1327=FACE_OUTER_BOUND('',#1602,.T.);
#1328=FACE_OUTER_BOUND('',#1603,.T.);
#1329=FACE_OUTER_BOUND('',#1604,.T.);
#1330=FACE_OUTER_BOUND('',#1605,.T.);
#1331=FACE_OUTER_BOUND('',#1606,.T.);
#1332=FACE_OUTER_BOUND('',#1607,.T.);
#1333=FACE_OUTER_BOUND('',#1608,.T.);
#1334=FACE_OUTER_BOUND('',#1609,.T.);
#1335=FACE_OUTER_BOUND('',#1610,.T.);
#1336=FACE_OUTER_BOUND('',#1611,.T.);
#1337=FACE_OUTER_BOUND('',#1612,.T.);
#1338=FACE_OUTER_BOUND('',#1613,.T.);
#1339=FACE_OUTER_BOUND('',#1614,.T.);
#1340=FACE_OUTER_BOUND('',#1615,.T.);
#1341=FACE_OUTER_BOUND('',#1616,.T.);
#1342=FACE_OUTER_BOUND('',#1617,.T.);
#1343=FACE_OUTER_BOUND('',#1618,.T.);
#1344=FACE_OUTER_BOUND('',#1619,.T.);
#1345=FACE_OUTER_BOUND('',#1620,.T.);
#1346=FACE_OUTER_BOUND('',#1621,.T.);
#1347=FACE_OUTER_BOUND('',#1622,.T.);
#1348=FACE_OUTER_BOUND('',#1623,.T.);
#1349=FACE_OUTER_BOUND('',#1625,.T.);
#1350=FACE_OUTER_BOUND('',#1626,.T.);
#1351=FACE_OUTER_BOUND('',#1627,.T.);
#1352=FACE_OUTER_BOUND('',#1628,.T.);
#1353=FACE_OUTER_BOUND('',#1629,.T.);
#1354=FACE_OUTER_BOUND('',#1630,.T.);
#1355=FACE_OUTER_BOUND('',#1631,.T.);
#1356=FACE_OUTER_BOUND('',#1632,.T.);
#1357=FACE_OUTER_BOUND('',#1633,.T.);
#1358=FACE_OUTER_BOUND('',#1634,.T.);
#1359=FACE_OUTER_BOUND('',#1635,.T.);
#1360=FACE_OUTER_BOUND('',#1636,.T.);
#1361=FACE_OUTER_BOUND('',#1637,.T.);
#1362=FACE_OUTER_BOUND('',#1638,.T.);
#1363=FACE_OUTER_BOUND('',#1639,.T.);
#1364=FACE_OUTER_BOUND('',#1640,.T.);
#1365=FACE_OUTER_BOUND('',#1641,.T.);
#1366=FACE_OUTER_BOUND('',#1642,.T.);
#1367=FACE_OUTER_BOUND('',#1643,.T.);
#1368=FACE_OUTER_BOUND('',#1644,.T.);
#1369=FACE_OUTER_BOUND('',#1645,.T.);
#1370=FACE_OUTER_BOUND('',#1646,.T.);
#1371=FACE_OUTER_BOUND('',#1647,.T.);
#1372=FACE_OUTER_BOUND('',#1648,.T.);
#1373=FACE_OUTER_BOUND('',#1649,.T.);
#1374=FACE_OUTER_BOUND('',#1650,.T.);
#1375=FACE_OUTER_BOUND('',#1651,.T.);
#1376=FACE_OUTER_BOUND('',#1655,.T.);
#1377=FACE_OUTER_BOUND('',#1656,.T.);
#1378=FACE_OUTER_BOUND('',#1657,.T.);
#1379=FACE_OUTER_BOUND('',#1658,.T.);
#1380=FACE_OUTER_BOUND('',#1659,.T.);
#1381=FACE_OUTER_BOUND('',#1660,.T.);
#1382=FACE_OUTER_BOUND('',#1661,.T.);
#1383=FACE_OUTER_BOUND('',#1662,.T.);
#1384=FACE_OUTER_BOUND('',#1663,.T.);
#1385=FACE_OUTER_BOUND('',#1664,.T.);
#1386=FACE_OUTER_BOUND('',#1665,.T.);
#1387=FACE_OUTER_BOUND('',#1666,.T.);
#1388=FACE_OUTER_BOUND('',#1667,.T.);
#1389=FACE_OUTER_BOUND('',#1668,.T.);
#1390=FACE_OUTER_BOUND('',#1669,.T.);
#1391=FACE_OUTER_BOUND('',#1670,.T.);
#1392=FACE_OUTER_BOUND('',#1671,.T.);
#1393=FACE_OUTER_BOUND('',#1672,.T.);
#1394=FACE_OUTER_BOUND('',#1674,.T.);
#1395=FACE_OUTER_BOUND('',#1675,.T.);
#1396=FACE_OUTER_BOUND('',#1676,.T.);
#1397=FACE_OUTER_BOUND('',#1677,.T.);
#1398=FACE_OUTER_BOUND('',#1678,.T.);
#1399=FACE_OUTER_BOUND('',#1679,.T.);
#1400=FACE_OUTER_BOUND('',#1680,.T.);
#1401=FACE_OUTER_BOUND('',#1681,.T.);
#1402=FACE_OUTER_BOUND('',#1682,.T.);
#1403=FACE_OUTER_BOUND('',#1683,.T.);
#1404=FACE_OUTER_BOUND('',#1684,.T.);
#1405=FACE_OUTER_BOUND('',#1685,.T.);
#1406=FACE_OUTER_BOUND('',#1686,.T.);
#1407=FACE_OUTER_BOUND('',#1687,.T.);
#1408=FACE_OUTER_BOUND('',#1688,.T.);
#1409=FACE_OUTER_BOUND('',#1689,.T.);
#1410=FACE_OUTER_BOUND('',#1690,.T.);
#1411=FACE_OUTER_BOUND('',#1691,.T.);
#1412=FACE_OUTER_BOUND('',#1692,.T.);
#1413=FACE_OUTER_BOUND('',#1693,.T.);
#1414=FACE_OUTER_BOUND('',#1694,.T.);
#1415=FACE_OUTER_BOUND('',#1695,.T.);
#1416=FACE_OUTER_BOUND('',#1696,.T.);
#1417=FACE_OUTER_BOUND('',#1697,.T.);
#1418=FACE_OUTER_BOUND('',#1698,.T.);
#1419=FACE_OUTER_BOUND('',#1699,.T.);
#1420=FACE_OUTER_BOUND('',#1700,.T.);
#1421=FACE_OUTER_BOUND('',#1701,.T.);
#1422=FACE_OUTER_BOUND('',#1702,.T.);
#1423=FACE_OUTER_BOUND('',#1703,.T.);
#1424=FACE_OUTER_BOUND('',#1704,.T.);
#1425=FACE_OUTER_BOUND('',#1705,.T.);
#1426=FACE_OUTER_BOUND('',#1706,.T.);
#1427=FACE_OUTER_BOUND('',#1707,.T.);
#1428=FACE_OUTER_BOUND('',#1708,.T.);
#1429=FACE_OUTER_BOUND('',#1709,.T.);
#1430=FACE_OUTER_BOUND('',#1710,.T.);
#1431=FACE_OUTER_BOUND('',#1711,.T.);
#1432=FACE_OUTER_BOUND('',#1712,.T.);
#1433=FACE_OUTER_BOUND('',#1713,.T.);
#1434=FACE_OUTER_BOUND('',#1714,.T.);
#1435=FACE_OUTER_BOUND('',#1715,.T.);
#1436=FACE_OUTER_BOUND('',#1717,.T.);
#1437=FACE_OUTER_BOUND('',#1718,.T.);
#1438=FACE_OUTER_BOUND('',#1719,.T.);
#1439=FACE_OUTER_BOUND('',#1720,.T.);
#1440=FACE_OUTER_BOUND('',#1721,.T.);
#1441=FACE_OUTER_BOUND('',#1722,.T.);
#1442=FACE_OUTER_BOUND('',#1723,.T.);
#1443=FACE_OUTER_BOUND('',#1724,.T.);
#1444=FACE_OUTER_BOUND('',#1725,.T.);
#1445=FACE_OUTER_BOUND('',#1726,.T.);
#1446=FACE_OUTER_BOUND('',#1727,.T.);
#1447=FACE_OUTER_BOUND('',#1728,.T.);
#1448=FACE_OUTER_BOUND('',#1729,.T.);
#1449=FACE_OUTER_BOUND('',#1730,.T.);
#1450=FACE_OUTER_BOUND('',#1731,.T.);
#1451=FACE_OUTER_BOUND('',#1732,.T.);
#1452=FACE_OUTER_BOUND('',#1733,.T.);
#1453=FACE_OUTER_BOUND('',#1734,.T.);
#1454=FACE_OUTER_BOUND('',#1735,.T.);
#1455=FACE_OUTER_BOUND('',#1737,.T.);
#1456=FACE_OUTER_BOUND('',#1738,.T.);
#1457=FACE_OUTER_BOUND('',#1739,.T.);
#1458=FACE_OUTER_BOUND('',#1740,.T.);
#1459=FACE_OUTER_BOUND('',#1741,.T.);
#1460=FACE_OUTER_BOUND('',#1742,.T.);
#1461=FACE_OUTER_BOUND('',#1743,.T.);
#1462=FACE_OUTER_BOUND('',#1744,.T.);
#1463=FACE_OUTER_BOUND('',#1745,.T.);
#1464=FACE_OUTER_BOUND('',#1746,.T.);
#1465=FACE_OUTER_BOUND('',#1747,.T.);
#1466=FACE_OUTER_BOUND('',#1748,.T.);
#1467=FACE_OUTER_BOUND('',#1749,.T.);
#1468=FACE_OUTER_BOUND('',#1750,.T.);
#1469=FACE_OUTER_BOUND('',#1751,.T.);
#1470=FACE_OUTER_BOUND('',#1752,.T.);
#1471=FACE_OUTER_BOUND('',#1753,.T.);
#1472=FACE_OUTER_BOUND('',#1754,.T.);
#1473=FACE_OUTER_BOUND('',#1755,.T.);
#1474=FACE_OUTER_BOUND('',#1756,.T.);
#1475=FACE_OUTER_BOUND('',#1757,.T.);
#1476=FACE_OUTER_BOUND('',#1758,.T.);
#1477=FACE_OUTER_BOUND('',#1759,.T.);
#1478=FACE_OUTER_BOUND('',#1760,.T.);
#1479=FACE_OUTER_BOUND('',#1761,.T.);
#1480=FACE_OUTER_BOUND('',#1762,.T.);
#1481=FACE_OUTER_BOUND('',#1763,.T.);
#1482=FACE_OUTER_BOUND('',#1764,.T.);
#1483=FACE_OUTER_BOUND('',#1765,.T.);
#1484=FACE_OUTER_BOUND('',#1766,.T.);
#1485=FACE_OUTER_BOUND('',#1767,.T.);
#1486=FACE_OUTER_BOUND('',#1768,.T.);
#1487=FACE_OUTER_BOUND('',#1769,.T.);
#1488=FACE_OUTER_BOUND('',#1770,.T.);
#1489=FACE_OUTER_BOUND('',#1771,.T.);
#1490=FACE_OUTER_BOUND('',#1772,.T.);
#1491=FACE_OUTER_BOUND('',#1773,.T.);
#1492=FACE_OUTER_BOUND('',#1774,.T.);
#1493=FACE_OUTER_BOUND('',#1775,.T.);
#1494=FACE_OUTER_BOUND('',#1776,.T.);
#1495=FACE_OUTER_BOUND('',#1777,.T.);
#1496=FACE_OUTER_BOUND('',#1778,.T.);
#1497=FACE_OUTER_BOUND('',#1779,.T.);
#1498=FACE_OUTER_BOUND('',#1780,.T.);
#1499=FACE_OUTER_BOUND('',#1781,.T.);
#1500=FACE_OUTER_BOUND('',#1782,.T.);
#1501=FACE_OUTER_BOUND('',#1783,.T.);
#1502=FACE_OUTER_BOUND('',#1784,.T.);
#1503=FACE_OUTER_BOUND('',#1785,.T.);
#1504=FACE_OUTER_BOUND('',#1786,.T.);
#1505=FACE_OUTER_BOUND('',#1787,.T.);
#1506=FACE_OUTER_BOUND('',#1788,.T.);
#1507=FACE_OUTER_BOUND('',#1789,.T.);
#1508=FACE_OUTER_BOUND('',#1790,.T.);
#1509=FACE_OUTER_BOUND('',#1791,.T.);
#1510=FACE_OUTER_BOUND('',#1792,.T.);
#1511=FACE_OUTER_BOUND('',#1793,.T.);
#1512=FACE_OUTER_BOUND('',#1794,.T.);
#1513=FACE_OUTER_BOUND('',#1795,.T.);
#1514=FACE_OUTER_BOUND('',#1796,.T.);
#1515=FACE_OUTER_BOUND('',#1797,.T.);
#1516=FACE_OUTER_BOUND('',#1798,.T.);
#1517=EDGE_LOOP('',(#2966,#2967,#2968,#2969,#2970));
#1518=EDGE_LOOP('',(#2971,#2972,#2973,#2974));
#1519=EDGE_LOOP('',(#2975,#2976,#2977,#2978,#2979,#2980));
#1520=EDGE_LOOP('',(#2981,#2982,#2983,#2984,#2985));
#1521=EDGE_LOOP('',(#2986,#2987,#2988,#2989,#2990));
#1522=EDGE_LOOP('',(#2991,#2992,#2993,#2994,#2995));
#1523=EDGE_LOOP('',(#2996,#2997,#2998,#2999,#3000));
#1524=EDGE_LOOP('',(#3001,#3002,#3003,#3004,#3005,#3006,#3007,#3008,#3009,
#3010));
#1525=EDGE_LOOP('',(#3011,#3012,#3013,#3014,#3015));
#1526=EDGE_LOOP('',(#3016,#3017,#3018,#3019));
#1527=EDGE_LOOP('',(#3020,#3021,#3022,#3023));
#1528=EDGE_LOOP('',(#3024,#3025,#3026,#3027));
#1529=EDGE_LOOP('',(#3028,#3029,#3030,#3031));
#1530=EDGE_LOOP('',(#3032,#3033,#3034,#3035));
#1531=EDGE_LOOP('',(#3036,#3037,#3038,#3039,#3040,#3041));
#1532=EDGE_LOOP('',(#3042));
#1533=EDGE_LOOP('',(#3043));
#1534=EDGE_LOOP('',(#3044,#3045,#3046,#3047,#3048,#3049,#3050,#3051));
#1535=EDGE_LOOP('',(#3052,#3053,#3054,#3055));
#1536=EDGE_LOOP('',(#3056,#3057,#3058,#3059));
#1537=EDGE_LOOP('',(#3060,#3061,#3062,#3063));
#1538=EDGE_LOOP('',(#3064,#3065,#3066,#3067));
#1539=EDGE_LOOP('',(#3068,#3069,#3070,#3071));
#1540=EDGE_LOOP('',(#3072,#3073,#3074,#3075));
#1541=EDGE_LOOP('',(#3076,#3077,#3078,#3079));
#1542=EDGE_LOOP('',(#3080,#3081,#3082,#3083,#3084,#3085,#3086,#3087,#3088,
#3089));
#1543=EDGE_LOOP('',(#3090,#3091,#3092,#3093));
#1544=EDGE_LOOP('',(#3094,#3095,#3096,#3097));
#1545=EDGE_LOOP('',(#3098,#3099,#3100,#3101));
#1546=EDGE_LOOP('',(#3102,#3103,#3104,#3105));
#1547=EDGE_LOOP('',(#3106,#3107,#3108,#3109));
#1548=EDGE_LOOP('',(#3110,#3111,#3112,#3113));
#1549=EDGE_LOOP('',(#3114,#3115,#3116,#3117));
#1550=EDGE_LOOP('',(#3118,#3119,#3120,#3121));
#1551=EDGE_LOOP('',(#3122,#3123,#3124,#3125,#3126,#3127,#3128,#3129,#3130,
#3131));
#1552=EDGE_LOOP('',(#3132,#3133,#3134,#3135));
#1553=EDGE_LOOP('',(#3136,#3137,#3138,#3139));
#1554=EDGE_LOOP('',(#3140,#3141,#3142,#3143));
#1555=EDGE_LOOP('',(#3144,#3145,#3146,#3147));
#1556=EDGE_LOOP('',(#3148,#3149,#3150,#3151));
#1557=EDGE_LOOP('',(#3152,#3153,#3154,#3155));
#1558=EDGE_LOOP('',(#3156,#3157,#3158,#3159));
#1559=EDGE_LOOP('',(#3160,#3161,#3162,#3163));
#1560=EDGE_LOOP('',(#3164,#3165,#3166,#3167));
#1561=EDGE_LOOP('',(#3168,#3169,#3170,#3171,#3172,#3173,#3174,#3175,#3176,
#3177));
#1562=EDGE_LOOP('',(#3178));
#1563=EDGE_LOOP('',(#3179,#3180,#3181,#3182));
#1564=EDGE_LOOP('',(#3183,#3184,#3185,#3186,#3187));
#1565=EDGE_LOOP('',(#3188,#3189,#3190));
#1566=EDGE_LOOP('',(#3191,#3192,#3193));
#1567=EDGE_LOOP('',(#3194,#3195,#3196,#3197,#3198,#3199,#3200,#3201,#3202,
#3203,#3204,#3205,#3206,#3207,#3208,#3209));
#1568=EDGE_LOOP('',(#3210,#3211,#3212,#3213,#3214,#3215,#3216,#3217,#3218,
#3219,#3220,#3221,#3222,#3223,#3224,#3225));
#1569=EDGE_LOOP('',(#3226,#3227,#3228,#3229));
#1570=EDGE_LOOP('',(#3230,#3231,#3232,#3233));
#1571=EDGE_LOOP('',(#3234,#3235,#3236,#3237));
#1572=EDGE_LOOP('',(#3238,#3239,#3240,#3241));
#1573=EDGE_LOOP('',(#3242,#3243,#3244,#3245));
#1574=EDGE_LOOP('',(#3246,#3247,#3248,#3249));
#1575=EDGE_LOOP('',(#3250,#3251,#3252,#3253));
#1576=EDGE_LOOP('',(#3254,#3255,#3256,#3257));
#1577=EDGE_LOOP('',(#3258,#3259,#3260,#3261));
#1578=EDGE_LOOP('',(#3262,#3263,#3264,#3265));
#1579=EDGE_LOOP('',(#3266,#3267,#3268,#3269));
#1580=EDGE_LOOP('',(#3270,#3271,#3272,#3273));
#1581=EDGE_LOOP('',(#3274,#3275,#3276,#3277));
#1582=EDGE_LOOP('',(#3278,#3279,#3280,#3281));
#1583=EDGE_LOOP('',(#3282,#3283,#3284,#3285,#3286,#3287));
#1584=EDGE_LOOP('',(#3288,#3289,#3290,#3291));
#1585=EDGE_LOOP('',(#3292,#3293,#3294,#3295));
#1586=EDGE_LOOP('',(#3296,#3297,#3298,#3299));
#1587=EDGE_LOOP('',(#3300,#3301,#3302,#3303));
#1588=EDGE_LOOP('',(#3304,#3305,#3306,#3307,#3308,#3309));
#1589=EDGE_LOOP('',(#3310,#3311,#3312,#3313,#3314,#3315));
#1590=EDGE_LOOP('',(#3316,#3317,#3318,#3319,#3320,#3321));
#1591=EDGE_LOOP('',(#3322,#3323,#3324,#3325));
#1592=EDGE_LOOP('',(#3326,#3327,#3328,#3329));
#1593=EDGE_LOOP('',(#3330));
#1594=EDGE_LOOP('',(#3331));
#1595=EDGE_LOOP('',(#3332,#3333,#3334,#3335,#3336));
#1596=EDGE_LOOP('',(#3337,#3338,#3339,#3340));
#1597=EDGE_LOOP('',(#3341,#3342,#3343,#3344,#3345,#3346,#3347,#3348));
#1598=EDGE_LOOP('',(#3349,#3350,#3351,#3352,#3353,#3354,#3355,#3356,#3357,
#3358,#3359,#3360));
#1599=EDGE_LOOP('',(#3361,#3362,#3363,#3364,#3365,#3366,#3367,#3368,#3369,
#3370,#3371,#3372));
#1600=EDGE_LOOP('',(#3373,#3374,#3375,#3376,#3377));
#1601=EDGE_LOOP('',(#3378,#3379,#3380,#3381,#3382));
#1602=EDGE_LOOP('',(#3383,#3384,#3385,#3386,#3387));
#1603=EDGE_LOOP('',(#3388,#3389,#3390,#3391,#3392,#3393,#3394,#3395));
#1604=EDGE_LOOP('',(#3396,#3397,#3398,#3399,#3400));
#1605=EDGE_LOOP('',(#3401,#3402,#3403,#3404));
#1606=EDGE_LOOP('',(#3405,#3406,#3407,#3408));
#1607=EDGE_LOOP('',(#3409,#3410,#3411,#3412));
#1608=EDGE_LOOP('',(#3413,#3414,#3415,#3416));
#1609=EDGE_LOOP('',(#3417,#3418,#3419,#3420));
#1610=EDGE_LOOP('',(#3421,#3422,#3423,#3424,#3425));
#1611=EDGE_LOOP('',(#3426,#3427,#3428,#3429));
#1612=EDGE_LOOP('',(#3430,#3431,#3432,#3433));
#1613=EDGE_LOOP('',(#3434,#3435,#3436,#3437));
#1614=EDGE_LOOP('',(#3438,#3439,#3440,#3441));
#1615=EDGE_LOOP('',(#3442,#3443,#3444,#3445));
#1616=EDGE_LOOP('',(#3446,#3447,#3448,#3449));
#1617=EDGE_LOOP('',(#3450,#3451,#3452,#3453));
#1618=EDGE_LOOP('',(#3454,#3455,#3456,#3457));
#1619=EDGE_LOOP('',(#3458,#3459,#3460,#3461));
#1620=EDGE_LOOP('',(#3462,#3463,#3464,#3465));
#1621=EDGE_LOOP('',(#3466,#3467,#3468,#3469));
#1622=EDGE_LOOP('',(#3470,#3471,#3472,#3473));
#1623=EDGE_LOOP('',(#3474,#3475,#3476,#3477,#3478,#3479,#3480,#3481,#3482,
#3483,#3484,#3485,#3486,#3487));
#1624=EDGE_LOOP('',(#3488,#3489,#3490,#3491));
#1625=EDGE_LOOP('',(#3492,#3493,#3494,#3495));
#1626=EDGE_LOOP('',(#3496,#3497,#3498,#3499,#3500,#3501));
#1627=EDGE_LOOP('',(#3502,#3503,#3504,#3505,#3506,#3507,#3508,#3509,#3510,
#3511,#3512,#3513));
#1628=EDGE_LOOP('',(#3514,#3515,#3516,#3517));
#1629=EDGE_LOOP('',(#3518,#3519,#3520,#3521));
#1630=EDGE_LOOP('',(#3522,#3523,#3524,#3525));
#1631=EDGE_LOOP('',(#3526,#3527,#3528,#3529));
#1632=EDGE_LOOP('',(#3530,#3531,#3532,#3533));
#1633=EDGE_LOOP('',(#3534,#3535,#3536,#3537,#3538));
#1634=EDGE_LOOP('',(#3539,#3540,#3541,#3542,#3543));
#1635=EDGE_LOOP('',(#3544,#3545,#3546,#3547,#3548,#3549,#3550));
#1636=EDGE_LOOP('',(#3551,#3552,#3553,#3554,#3555,#3556,#3557));
#1637=EDGE_LOOP('',(#3558,#3559,#3560,#3561));
#1638=EDGE_LOOP('',(#3562,#3563,#3564,#3565));
#1639=EDGE_LOOP('',(#3566,#3567,#3568,#3569));
#1640=EDGE_LOOP('',(#3570,#3571,#3572,#3573,#3574,#3575,#3576));
#1641=EDGE_LOOP('',(#3577,#3578,#3579,#3580));
#1642=EDGE_LOOP('',(#3581,#3582,#3583,#3584,#3585,#3586,#3587));
#1643=EDGE_LOOP('',(#3588,#3589,#3590,#3591));
#1644=EDGE_LOOP('',(#3592,#3593,#3594,#3595));
#1645=EDGE_LOOP('',(#3596,#3597,#3598,#3599));
#1646=EDGE_LOOP('',(#3600,#3601,#3602,#3603));
#1647=EDGE_LOOP('',(#3604,#3605,#3606,#3607));
#1648=EDGE_LOOP('',(#3608,#3609,#3610,#3611));
#1649=EDGE_LOOP('',(#3612,#3613,#3614,#3615));
#1650=EDGE_LOOP('',(#3616,#3617,#3618,#3619,#3620));
#1651=EDGE_LOOP('',(#3621,#3622,#3623,#3624,#3625,#3626,#3627));
#1652=EDGE_LOOP('',(#3628));
#1653=EDGE_LOOP('',(#3629));
#1654=EDGE_LOOP('',(#3630,#3631,#3632,#3633,#3634,#3635,#3636,#3637));
#1655=EDGE_LOOP('',(#3638,#3639,#3640,#3641));
#1656=EDGE_LOOP('',(#3642,#3643,#3644,#3645));
#1657=EDGE_LOOP('',(#3646,#3647,#3648,#3649));
#1658=EDGE_LOOP('',(#3650,#3651,#3652,#3653));
#1659=EDGE_LOOP('',(#3654,#3655,#3656,#3657));
#1660=EDGE_LOOP('',(#3658,#3659,#3660,#3661));
#1661=EDGE_LOOP('',(#3662,#3663,#3664,#3665));
#1662=EDGE_LOOP('',(#3666,#3667,#3668,#3669));
#1663=EDGE_LOOP('',(#3670,#3671,#3672,#3673));
#1664=EDGE_LOOP('',(#3674,#3675,#3676,#3677));
#1665=EDGE_LOOP('',(#3678,#3679,#3680,#3681));
#1666=EDGE_LOOP('',(#3682,#3683,#3684,#3685));
#1667=EDGE_LOOP('',(#3686,#3687,#3688,#3689));
#1668=EDGE_LOOP('',(#3690,#3691,#3692,#3693));
#1669=EDGE_LOOP('',(#3694,#3695,#3696,#3697));
#1670=EDGE_LOOP('',(#3698,#3699,#3700,#3701));
#1671=EDGE_LOOP('',(#3702,#3703,#3704,#3705,#3706,#3707,#3708,#3709,#3710,
#3711,#3712,#3713));
#1672=EDGE_LOOP('',(#3714,#3715,#3716,#3717,#3718,#3719,#3720,#3721,#3722,
#3723,#3724,#3725,#3726,#3727,#3728,#3729));
#1673=EDGE_LOOP('',(#3730,#3731,#3732,#3733,#3734,#3735,#3736,#3737,#3738,
#3739,#3740,#3741,#3742,#3743));
#1674=EDGE_LOOP('',(#3744,#3745,#3746,#3747));
#1675=EDGE_LOOP('',(#3748,#3749,#3750,#3751));
#1676=EDGE_LOOP('',(#3752,#3753,#3754,#3755));
#1677=EDGE_LOOP('',(#3756,#3757,#3758,#3759));
#1678=EDGE_LOOP('',(#3760,#3761,#3762,#3763));
#1679=EDGE_LOOP('',(#3764,#3765,#3766,#3767));
#1680=EDGE_LOOP('',(#3768,#3769,#3770,#3771));
#1681=EDGE_LOOP('',(#3772,#3773,#3774,#3775));
#1682=EDGE_LOOP('',(#3776,#3777,#3778,#3779));
#1683=EDGE_LOOP('',(#3780,#3781,#3782,#3783));
#1684=EDGE_LOOP('',(#3784,#3785,#3786,#3787));
#1685=EDGE_LOOP('',(#3788,#3789,#3790,#3791));
#1686=EDGE_LOOP('',(#3792,#3793,#3794,#3795));
#1687=EDGE_LOOP('',(#3796,#3797,#3798,#3799));
#1688=EDGE_LOOP('',(#3800,#3801,#3802,#3803));
#1689=EDGE_LOOP('',(#3804,#3805,#3806,#3807));
#1690=EDGE_LOOP('',(#3808,#3809,#3810,#3811,#3812,#3813));
#1691=EDGE_LOOP('',(#3814,#3815,#3816,#3817));
#1692=EDGE_LOOP('',(#3818,#3819,#3820,#3821));
#1693=EDGE_LOOP('',(#3822,#3823,#3824,#3825));
#1694=EDGE_LOOP('',(#3826,#3827,#3828,#3829,#3830));
#1695=EDGE_LOOP('',(#3831,#3832,#3833,#3834,#3835,#3836,#3837,#3838,#3839,
#3840,#3841,#3842,#3843,#3844,#3845,#3846));
#1696=EDGE_LOOP('',(#3847,#3848,#3849,#3850,#3851,#3852,#3853,#3854,#3855,
#3856,#3857,#3858,#3859,#3860,#3861,#3862));
#1697=EDGE_LOOP('',(#3863,#3864,#3865,#3866));
#1698=EDGE_LOOP('',(#3867,#3868,#3869,#3870));
#1699=EDGE_LOOP('',(#3871,#3872,#3873,#3874));
#1700=EDGE_LOOP('',(#3875,#3876,#3877,#3878));
#1701=EDGE_LOOP('',(#3879,#3880,#3881,#3882));
#1702=EDGE_LOOP('',(#3883,#3884,#3885,#3886));
#1703=EDGE_LOOP('',(#3887,#3888,#3889,#3890));
#1704=EDGE_LOOP('',(#3891,#3892,#3893,#3894));
#1705=EDGE_LOOP('',(#3895,#3896,#3897,#3898));
#1706=EDGE_LOOP('',(#3899,#3900,#3901,#3902));
#1707=EDGE_LOOP('',(#3903,#3904,#3905,#3906));
#1708=EDGE_LOOP('',(#3907,#3908,#3909,#3910));
#1709=EDGE_LOOP('',(#3911,#3912,#3913,#3914,#3915));
#1710=EDGE_LOOP('',(#3916,#3917,#3918,#3919));
#1711=EDGE_LOOP('',(#3920,#3921,#3922,#3923));
#1712=EDGE_LOOP('',(#3924,#3925,#3926,#3927));
#1713=EDGE_LOOP('',(#3928,#3929,#3930,#3931));
#1714=EDGE_LOOP('',(#3932,#3933,#3934,#3935));
#1715=EDGE_LOOP('',(#3936));
#1716=EDGE_LOOP('',(#3937,#3938,#3939,#3940,#3941,#3942,#3943,#3944,#3945,
#3946,#3947,#3948));
#1717=EDGE_LOOP('',(#3949,#3950,#3951,#3952));
#1718=EDGE_LOOP('',(#3953,#3954,#3955,#3956));
#1719=EDGE_LOOP('',(#3957,#3958,#3959,#3960));
#1720=EDGE_LOOP('',(#3961,#3962,#3963,#3964));
#1721=EDGE_LOOP('',(#3965,#3966,#3967,#3968));
#1722=EDGE_LOOP('',(#3969,#3970,#3971,#3972));
#1723=EDGE_LOOP('',(#3973,#3974,#3975,#3976));
#1724=EDGE_LOOP('',(#3977,#3978,#3979,#3980));
#1725=EDGE_LOOP('',(#3981,#3982,#3983,#3984));
#1726=EDGE_LOOP('',(#3985,#3986,#3987,#3988));
#1727=EDGE_LOOP('',(#3989,#3990,#3991,#3992));
#1728=EDGE_LOOP('',(#3993,#3994,#3995,#3996));
#1729=EDGE_LOOP('',(#3997,#3998,#3999,#4000));
#1730=EDGE_LOOP('',(#4001,#4002,#4003,#4004));
#1731=EDGE_LOOP('',(#4005,#4006,#4007,#4008));
#1732=EDGE_LOOP('',(#4009,#4010,#4011,#4012));
#1733=EDGE_LOOP('',(#4013,#4014,#4015,#4016));
#1734=EDGE_LOOP('',(#4017,#4018,#4019,#4020));
#1735=EDGE_LOOP('',(#4021));
#1736=EDGE_LOOP('',(#4022,#4023,#4024,#4025,#4026,#4027,#4028,#4029,#4030,
#4031,#4032,#4033));
#1737=EDGE_LOOP('',(#4034,#4035,#4036,#4037));
#1738=EDGE_LOOP('',(#4038,#4039,#4040,#4041,#4042));
#1739=EDGE_LOOP('',(#4043,#4044,#4045,#4046));
#1740=EDGE_LOOP('',(#4047,#4048,#4049,#4050));
#1741=EDGE_LOOP('',(#4051,#4052,#4053,#4054));
#1742=EDGE_LOOP('',(#4055,#4056,#4057,#4058));
#1743=EDGE_LOOP('',(#4059,#4060,#4061,#4062));
#1744=EDGE_LOOP('',(#4063,#4064,#4065,#4066));
#1745=EDGE_LOOP('',(#4067,#4068,#4069,#4070));
#1746=EDGE_LOOP('',(#4071,#4072,#4073,#4074));
#1747=EDGE_LOOP('',(#4075,#4076,#4077,#4078));
#1748=EDGE_LOOP('',(#4079,#4080,#4081,#4082));
#1749=EDGE_LOOP('',(#4083,#4084,#4085,#4086,#4087,#4088));
#1750=EDGE_LOOP('',(#4089,#4090,#4091,#4092,#4093,#4094));
#1751=EDGE_LOOP('',(#4095,#4096,#4097,#4098,#4099));
#1752=EDGE_LOOP('',(#4100,#4101,#4102,#4103,#4104));
#1753=EDGE_LOOP('',(#4105,#4106,#4107,#4108));
#1754=EDGE_LOOP('',(#4109,#4110,#4111,#4112));
#1755=EDGE_LOOP('',(#4113,#4114,#4115,#4116));
#1756=EDGE_LOOP('',(#4117,#4118,#4119,#4120,#4121));
#1757=EDGE_LOOP('',(#4122,#4123,#4124));
#1758=EDGE_LOOP('',(#4125,#4126,#4127,#4128,#4129));
#1759=EDGE_LOOP('',(#4130,#4131,#4132,#4133));
#1760=EDGE_LOOP('',(#4134,#4135,#4136,#4137));
#1761=EDGE_LOOP('',(#4138,#4139,#4140,#4141,#4142,#4143));
#1762=EDGE_LOOP('',(#4144,#4145,#4146,#4147,#4148));
#1763=EDGE_LOOP('',(#4149,#4150,#4151,#4152,#4153));
#1764=EDGE_LOOP('',(#4154,#4155,#4156));
#1765=EDGE_LOOP('',(#4157,#4158,#4159,#4160,#4161,#4162));
#1766=EDGE_LOOP('',(#4163,#4164,#4165,#4166));
#1767=EDGE_LOOP('',(#4167,#4168,#4169,#4170,#4171,#4172));
#1768=EDGE_LOOP('',(#4173,#4174,#4175,#4176));
#1769=EDGE_LOOP('',(#4177,#4178,#4179,#4180,#4181,#4182));
#1770=EDGE_LOOP('',(#4183,#4184,#4185,#4186));
#1771=EDGE_LOOP('',(#4187,#4188,#4189,#4190,#4191,#4192));
#1772=EDGE_LOOP('',(#4193,#4194,#4195,#4196));
#1773=EDGE_LOOP('',(#4197,#4198,#4199,#4200,#4201));
#1774=EDGE_LOOP('',(#4202,#4203,#4204,#4205,#4206,#4207,#4208,#4209));
#1775=EDGE_LOOP('',(#4210,#4211,#4212,#4213,#4214));
#1776=EDGE_LOOP('',(#4215,#4216,#4217,#4218));
#1777=EDGE_LOOP('',(#4219,#4220,#4221,#4222,#4223,#4224));
#1778=EDGE_LOOP('',(#4225,#4226,#4227,#4228));
#1779=EDGE_LOOP('',(#4229,#4230,#4231,#4232,#4233,#4234));
#1780=EDGE_LOOP('',(#4235,#4236,#4237,#4238));
#1781=EDGE_LOOP('',(#4239,#4240,#4241,#4242,#4243,#4244));
#1782=EDGE_LOOP('',(#4245,#4246,#4247,#4248));
#1783=EDGE_LOOP('',(#4249,#4250,#4251,#4252,#4253,#4254));
#1784=EDGE_LOOP('',(#4255,#4256,#4257,#4258));
#1785=EDGE_LOOP('',(#4259,#4260,#4261,#4262,#4263,#4264));
#1786=EDGE_LOOP('',(#4265,#4266,#4267,#4268));
#1787=EDGE_LOOP('',(#4269,#4270,#4271,#4272,#4273,#4274,#4275,#4276));
#1788=EDGE_LOOP('',(#4277,#4278,#4279,#4280,#4281,#4282));
#1789=EDGE_LOOP('',(#4283,#4284,#4285,#4286));
#1790=EDGE_LOOP('',(#4287,#4288,#4289,#4290));
#1791=EDGE_LOOP('',(#4291,#4292,#4293,#4294));
#1792=EDGE_LOOP('',(#4295,#4296,#4297,#4298));
#1793=EDGE_LOOP('',(#4299,#4300,#4301,#4302));
#1794=EDGE_LOOP('',(#4303,#4304,#4305,#4306,#4307));
#1795=EDGE_LOOP('',(#4308,#4309,#4310,#4311,#4312));
#1796=EDGE_LOOP('',(#4313,#4314,#4315,#4316,#4317));
#1797=EDGE_LOOP('',(#4318,#4319,#4320,#4321));
#1798=EDGE_LOOP('',(#4322,#4323,#4324,#4325));
#1799=B_SPLINE_CURVE_WITH_KNOTS('',3,(#6452,#6453,#6454,#6455,#6456,#6457,
#6458,#6459,#6460,#6461,#6462,#6463),.UNSPECIFIED.,.F.,.F.,(4,2,2,2,2,4),
(0.0026807400309031,0.0362766773166883,0.0642396067831665,0.085764039201313,
0.0961609272256318,0.106560600277308),.UNSPECIFIED.);
#1800=B_SPLINE_CURVE_WITH_KNOTS('',3,(#6465,#6466,#6467,#6468),
 .UNSPECIFIED.,.F.,.F.,(4,4),(-0.343880672060416,-0.0796379508292733),
 .UNSPECIFIED.);
#1801=B_SPLINE_CURVE_WITH_KNOTS('',3,(#6470,#6471,#6472,#6473,#6474,#6475,
#6476,#6477,#6478,#6479,#6480,#6481,#6482,#6483,#6484,#6485,#6486,#6487,
#6488,#6489,#6490,#6491,#6492,#6493,#6494,#6495,#6496,#6497,#6498,#6499,
#6500,#6501,#6502,#6503,#6504,#6505,#6506,#6507,#6508,#6509,#6510,#6511,
#6512),.UNSPECIFIED.,.F.,.F.,(4,3,3,3,3,3,3,3,3,3,3,3,3,3,4),(0.,0.0113962413672657,
0.0230481159021464,0.0346628710065324,0.0365366923680419,0.047881027136769,
0.0589768106175476,0.0661230108517996,0.0768389111068874,0.0869347315256966,
0.0904386578185981,0.101379694057623,0.103004583437646,0.114053679451288,
0.115597780994303),.UNSPECIFIED.);
#1802=B_SPLINE_CURVE_WITH_KNOTS('',3,(#6514,#6515,#6516,#6517),
 .UNSPECIFIED.,.F.,.F.,(4,4),(0.116904863291989,0.37340698542669),
 .UNSPECIFIED.);
#1803=B_SPLINE_CURVE_WITH_KNOTS('',3,(#6518,#6519,#6520,#6521,#6522,#6523,
#6524),.UNSPECIFIED.,.F.,.F.,(4,3,4),(-0.00101712276007794,2.16840434497101E-19,
0.00521415137761881),.UNSPECIFIED.);
#1804=B_SPLINE_CURVE_WITH_KNOTS('',3,(#6529,#6530,#6531,#6532),
 .UNSPECIFIED.,.F.,.F.,(4,4),(0.0795455296904304,0.343788242454652),
 .UNSPECIFIED.);
#1805=B_SPLINE_CURVE_WITH_KNOTS('',3,(#6541,#6542,#6543,#6544,#6545,#6546,
#6547,#6548,#6549,#6550,#6551,#6552),.UNSPECIFIED.,.F.,.F.,(4,2,2,2,2,4),
(1.18256098395868E-9,0.0182831191089794,0.0368869444728899,0.0591532473929427,
0.0783236222951552,0.0958431501671534),.UNSPECIFIED.);
#1806=B_SPLINE_CURVE_WITH_KNOTS('',3,(#6574,#6575,#6576,#6577,#6578,#6579,
#6580),.UNSPECIFIED.,.F.,.F.,(4,3,4),(0.,0.00521414313826317,0.00623126472275727),
 .UNSPECIFIED.);
#1807=B_SPLINE_CURVE_WITH_KNOTS('',3,(#6582,#6583,#6584,#6585),
 .UNSPECIFIED.,.F.,.F.,(4,4),(-0.373314561958688,-0.116812443728724),
 .UNSPECIFIED.);
#1808=B_SPLINE_CURVE_WITH_KNOTS('',3,(#6586,#6587,#6588,#6589,#6590,#6591,
#6592,#6593,#6594,#6595,#6596,#6597),.UNSPECIFIED.,.F.,.F.,(4,2,2,2,2,4),
(0.,0.0183953457151386,0.0367362462488146,0.0584184027419035,0.0790289692845568,
0.100833820177055),.UNSPECIFIED.);
#1809=B_SPLINE_CURVE_WITH_KNOTS('',3,(#7131,#7132,#7133,#7134,#7135,#7136),
 .UNSPECIFIED.,.F.,.F.,(4,2,4),(0.138155501211669,0.21688042515317,0.218456612350972),
 .UNSPECIFIED.);
#1810=B_SPLINE_CURVE_WITH_KNOTS('',3,(#7144,#7145,#7146,#7147,#7148,#7149),
 .UNSPECIFIED.,.F.,.F.,(4,2,4),(-0.00117610624528273,0.,0.0902997163802053),
 .UNSPECIFIED.);
#1811=B_SPLINE_CURVE_WITH_KNOTS('',3,(#7180,#7181,#7182,#7183,#7184,#7185,
#7186,#7187,#7188,#7189),.UNSPECIFIED.,.F.,.F.,(4,2,2,2,4),(0.,0.103311003961448,
0.206622007922896,0.267800413719012,0.328978819515128),.UNSPECIFIED.);
#1812=B_SPLINE_CURVE_WITH_KNOTS('',3,(#7326,#7327,#7328,#7329,#7330,#7331,
#7332,#7333,#7334,#7335,#7336,#7337),.UNSPECIFIED.,.F.,.F.,(4,2,2,2,2,4),
(0.36971262889903,0.40034196137672,0.443173088121703,0.48231212257415,0.519180487894654,
0.519602683657871),.UNSPECIFIED.);
#1813=B_SPLINE_CURVE_WITH_KNOTS('',3,(#7338,#7339,#7340,#7341,#7342),
 .UNSPECIFIED.,.F.,.F.,(4,1,4),(0.388375930433871,0.58410854821245,0.845085371917221),
 .UNSPECIFIED.);
#1814=B_SPLINE_CURVE_WITH_KNOTS('',3,(#7343,#7344,#7345,#7346),
 .UNSPECIFIED.,.F.,.F.,(4,4),(-0.845085371917221,-0.599596350867581),
 .UNSPECIFIED.);
#1815=B_SPLINE_CURVE_WITH_KNOTS('',3,(#7377,#7378,#7379,#7380),
 .UNSPECIFIED.,.F.,.F.,(4,4),(-3.12856150131174,-3.00779770183425),
 .UNSPECIFIED.);
#1816=B_SPLINE_CURVE_WITH_KNOTS('',3,(#7382,#7383,#7384,#7385,#7386),
 .UNSPECIFIED.,.F.,.F.,(4,1,4),(3.00779770183425,3.22368622036558,3.38560260926408),
 .UNSPECIFIED.);
#1817=B_SPLINE_CURVE_WITH_KNOTS('',3,(#7387,#7388,#7389,#7390,#7391,#7392,
#7393,#7394,#7395,#7396,#7397,#7398,#7399,#7400),.UNSPECIFIED.,.F.,.F.,
(4,2,2,2,2,2,4),(-0.000488031128644207,0.,0.0246212844929356,0.0492855101087733,
0.0953096556786916,0.139166515262364,0.174433258695707),.UNSPECIFIED.);
#1818=B_SPLINE_CURVE_WITH_KNOTS('',3,(#7405,#7406,#7407,#7408,#7409,#7410,
#7411,#7412,#7413,#7414,#7415,#7416),.UNSPECIFIED.,.F.,.F.,(4,2,2,2,2,4),
(-0.00143657922610159,0.,0.0860040389745068,0.176798335582631,0.363232892330605,
0.542865477938995),.UNSPECIFIED.);
#1819=B_SPLINE_CURVE_WITH_KNOTS('',3,(#7447,#7448,#7449,#7450,#7451,#7452,
#7453,#7454,#7455,#7456,#7457,#7458),.UNSPECIFIED.,.F.,.F.,(4,2,2,2,2,4),
(0.,0.190127717115951,0.46224325413222,0.481250496278939,0.565424079602177,
0.566883278547545),.UNSPECIFIED.);
#1820=B_SPLINE_CURVE_WITH_KNOTS('',3,(#7598,#7599,#7600,#7601,#7602,#7603,
#7604),.UNSPECIFIED.,.F.,.F.,(4,3,4),(0.,0.00982946440093139,0.0575101746259035),
 .UNSPECIFIED.);
#1821=B_SPLINE_CURVE_WITH_KNOTS('',3,(#7606,#7607,#7608,#7609,#7610),
 .UNSPECIFIED.,.F.,.F.,(4,1,4),(-6.06101590123947,-5.48405044387223,-4.71476316738256),
 .UNSPECIFIED.);
#1822=B_SPLINE_CURVE_WITH_KNOTS('',3,(#7613,#7614,#7615,#7616,#7617),
 .UNSPECIFIED.,.F.,.F.,(4,1,4),(4.71476316738256,5.48405044387223,6.05806314931318),
 .UNSPECIFIED.);
#1823=B_SPLINE_CURVE_WITH_KNOTS('',3,(#7634,#7635,#7636,#7637),
 .UNSPECIFIED.,.F.,.F.,(4,4),(-4.71476316738256,-4.71238898038463),
 .UNSPECIFIED.);
#1824=B_SPLINE_CURVE_WITH_KNOTS('',3,(#7638,#7639,#7640,#7641),
 .UNSPECIFIED.,.F.,.F.,(4,4),(4.71238898038463,4.71476316738256),
 .UNSPECIFIED.);
#1825=B_SPLINE_CURVE_WITH_KNOTS('',3,(#7664,#7665,#7666,#7667,#7668,#7669,
#7670,#7671,#7672,#7673,#7674,#7675),.UNSPECIFIED.,.F.,.F.,(4,2,2,2,2,4),
(0.,0.0493378500132157,0.0906976803362168,0.124561307884748,0.142541408050446,
0.160536589466644),.UNSPECIFIED.);
#1826=B_SPLINE_CURVE_WITH_KNOTS('',3,(#7679,#7680,#7681,#7682,#7683,#7684,
#7685,#7686,#7687,#7688,#7689,#7690),.UNSPECIFIED.,.F.,.F.,(4,2,2,2,2,4),
(0.,0.0276390604694662,0.0551396189166583,0.0875299312600714,0.118370738171134,
0.150407371400603),.UNSPECIFIED.);
#1827=B_SPLINE_CURVE_WITH_KNOTS('',3,(#7774,#7775,#7776,#7777,#7778,#7779,
#7780,#7781,#7782,#7783),.UNSPECIFIED.,.F.,.F.,(4,2,2,2,4),(0.,0.0211448509239802,
0.0422897018479603,0.0617452489328537,0.081200796017747),.UNSPECIFIED.);
#1828=B_SPLINE_CURVE_WITH_KNOTS('',3,(#7891,#7892,#7893,#7894,#7895,#7896,
#7897,#7898,#7899,#7900),.UNSPECIFIED.,.F.,.F.,(4,2,2,2,4),(1.35872717790747,
1.41990558370359,1.48108398949971,1.58439499346115,1.6877059974226),
 .UNSPECIFIED.);
#1829=B_SPLINE_CURVE_WITH_KNOTS('',3,(#7996,#7997,#7998,#7999),
 .UNSPECIFIED.,.F.,.F.,(4,4),(-0.0425632951295609,0.),.UNSPECIFIED.);
#1830=B_SPLINE_CURVE_WITH_KNOTS('',3,(#8002,#8003,#8004,#8005),
 .UNSPECIFIED.,.F.,.F.,(4,4),(-0.0425629013039894,0.),.UNSPECIFIED.);
#1831=B_SPLINE_CURVE_WITH_KNOTS('',3,(#8011,#8012,#8013,#8014),
 .UNSPECIFIED.,.F.,.F.,(4,4),(-0.0425629013039506,0.),.UNSPECIFIED.);
#1832=B_SPLINE_CURVE_WITH_KNOTS('',3,(#8017,#8018,#8019,#8020),
 .UNSPECIFIED.,.F.,.F.,(4,4),(-0.0425629013056804,0.),.UNSPECIFIED.);
#1833=B_SPLINE_CURVE_WITH_KNOTS('',3,(#8025,#8026,#8027,#8028),
 .UNSPECIFIED.,.F.,.F.,(4,4),(-0.0425629013049248,0.),.UNSPECIFIED.);
#1834=B_SPLINE_CURVE_WITH_KNOTS('',3,(#8034,#8035,#8036,#8037),
 .UNSPECIFIED.,.F.,.F.,(4,4),(-0.042562901304691,0.),.UNSPECIFIED.);
#1835=B_SPLINE_CURVE_WITH_KNOTS('',3,(#8043,#8044,#8045,#8046),
 .UNSPECIFIED.,.F.,.F.,(4,4),(-0.0425629013023296,0.),.UNSPECIFIED.);
#1836=B_SPLINE_CURVE_WITH_KNOTS('',3,(#8052,#8053,#8054,#8055),
 .UNSPECIFIED.,.F.,.F.,(4,4),(-0.0425629013004007,0.),.UNSPECIFIED.);
#1837=B_SPLINE_CURVE_WITH_KNOTS('',3,(#8062,#8063,#8064,#8065),
 .UNSPECIFIED.,.F.,.F.,(4,4),(-0.0425629013043712,0.),.UNSPECIFIED.);
#1838=B_SPLINE_CURVE_WITH_KNOTS('',3,(#8071,#8072,#8073,#8074),
 .UNSPECIFIED.,.F.,.F.,(4,4),(-0.0425629013048146,0.),.UNSPECIFIED.);
#1839=B_SPLINE_CURVE_WITH_KNOTS('',3,(#8080,#8081,#8082,#8083),
 .UNSPECIFIED.,.F.,.F.,(4,4),(-0.0425629013040664,0.),.UNSPECIFIED.);
#1840=B_SPLINE_CURVE_WITH_KNOTS('',3,(#8089,#8090,#8091,#8092),
 .UNSPECIFIED.,.F.,.F.,(4,4),(-0.0425629013058521,0.),.UNSPECIFIED.);
#1841=B_SPLINE_CURVE_WITH_KNOTS('',3,(#8120,#8121,#8122,#8123),
 .UNSPECIFIED.,.F.,.F.,(4,4),(-0.0425629013010007,0.),.UNSPECIFIED.);
#1842=B_SPLINE_CURVE_WITH_KNOTS('',3,(#8126,#8127,#8128,#8129),
 .UNSPECIFIED.,.F.,.F.,(4,4),(-0.0425629012998323,0.),.UNSPECIFIED.);
#1843=B_SPLINE_CURVE_WITH_KNOTS('',3,(#8134,#8135,#8136,#8137),
 .UNSPECIFIED.,.F.,.F.,(4,4),(-0.0425629013045575,0.),.UNSPECIFIED.);
#1844=B_SPLINE_CURVE_WITH_KNOTS('',3,(#8143,#8144,#8145,#8146),
 .UNSPECIFIED.,.F.,.F.,(4,4),(-0.0425629013042375,0.),.UNSPECIFIED.);
#1845=B_SPLINE_CURVE_WITH_KNOTS('',3,(#8153,#8154,#8155,#8156),
 .UNSPECIFIED.,.F.,.F.,(4,4),(-0.0425629013049427,0.),.UNSPECIFIED.);
#1846=B_SPLINE_CURVE_WITH_KNOTS('',3,(#8159,#8160,#8161,#8162),
 .UNSPECIFIED.,.F.,.F.,(4,4),(-0.0425632951305209,0.),.UNSPECIFIED.);
#1847=B_SPLINE_CURVE_WITH_KNOTS('',3,(#8168,#8169,#8170,#8171),
 .UNSPECIFIED.,.F.,.F.,(4,4),(-0.0425629013077604,0.),.UNSPECIFIED.);
#1848=B_SPLINE_CURVE_WITH_KNOTS('',3,(#8177,#8178,#8179,#8180),
 .UNSPECIFIED.,.F.,.F.,(4,4),(-0.0425629013051111,0.),.UNSPECIFIED.);
#1849=B_SPLINE_CURVE_WITH_KNOTS('',3,(#8189,#8190,#8191,#8192),
 .UNSPECIFIED.,.F.,.F.,(4,4),(-0.0425629013042469,0.),.UNSPECIFIED.);
#1850=B_SPLINE_CURVE_WITH_KNOTS('',3,(#8198,#8199,#8200,#8201),
 .UNSPECIFIED.,.F.,.F.,(4,4),(-0.0425629013045416,0.),.UNSPECIFIED.);
#1851=B_SPLINE_CURVE_WITH_KNOTS('',3,(#8207,#8208,#8209,#8210),
 .UNSPECIFIED.,.F.,.F.,(4,4),(-0.0425629012977441,0.),.UNSPECIFIED.);
#1852=B_SPLINE_CURVE_WITH_KNOTS('',3,(#8216,#8217,#8218,#8219),
 .UNSPECIFIED.,.F.,.F.,(4,4),(-0.0425629013047164,0.),.UNSPECIFIED.);
#1853=B_SPLINE_CURVE_WITH_KNOTS('',3,(#8305,#8306,#8307,#8308),
 .UNSPECIFIED.,.F.,.F.,(4,4),(-0.318450725703569,-0.13353476219537),
 .UNSPECIFIED.);
#1854=B_SPLINE_CURVE_WITH_KNOTS('',3,(#8310,#8311,#8312,#8313,#8314,#8315,
#8316,#8317,#8318,#8319,#8320,#8321),.UNSPECIFIED.,.F.,.F.,(4,2,2,2,2,4),
(0.000252789055507722,0.0542825465644123,0.0961380232203973,0.128513508353706,
0.144302938842189,0.160102131668689),.UNSPECIFIED.);
#1855=B_SPLINE_CURVE_WITH_KNOTS('',3,(#8323,#8324,#8325,#8326),
 .UNSPECIFIED.,.F.,.F.,(4,4),(-0.000856982350507016,-0.000271733569579436),
 .UNSPECIFIED.);
#1856=B_SPLINE_CURVE_WITH_KNOTS('',3,(#8327,#8328,#8329,#8330),
 .UNSPECIFIED.,.F.,.F.,(4,4),(0.18936410856905,0.37340698511906),
 .UNSPECIFIED.);
#1857=B_SPLINE_CURVE_WITH_KNOTS('',3,(#8343,#8344,#8345,#8346),
 .UNSPECIFIED.,.F.,.F.,(4,4),(0.133442339418695,0.318358303673712),
 .UNSPECIFIED.);
#1858=B_SPLINE_CURVE_WITH_KNOTS('',3,(#8350,#8351,#8352,#8353,#8354,#8355,
#8356,#8357,#8358,#8359,#8360,#8361),.UNSPECIFIED.,.F.,.F.,(4,2,2,2,2,4),
(1.18256098395868E-9,0.0275053764391187,0.0552654847467451,0.0882436729721021,
0.117590467269659,0.14777199964264),.UNSPECIFIED.);
#1859=B_SPLINE_CURVE_WITH_KNOTS('',3,(#8384,#8385,#8386,#8387),
 .UNSPECIFIED.,.F.,.F.,(4,4),(-0.373314561659045,-0.189271684443951),
 .UNSPECIFIED.);
#1860=B_SPLINE_CURVE_WITH_KNOTS('',3,(#8388,#8389,#8390,#8391),
 .UNSPECIFIED.,.F.,.F.,(4,4),(0.00799926980599003,0.00858451770153867),
 .UNSPECIFIED.);
#1861=B_SPLINE_CURVE_WITH_KNOTS('',3,(#8400,#8401,#8402,#8403,#8404,#8405,
#8406,#8407,#8408,#8409,#8410,#8411),.UNSPECIFIED.,.F.,.F.,(4,2,2,2,2,4),
(0.359386328187125,0.391516052524714,0.541230519996836,0.690944987468958,
0.856886981665753,1.02282897586255),.UNSPECIFIED.);
#1862=B_SPLINE_CURVE_WITH_KNOTS('',3,(#8435,#8436,#8437,#8438,#8439,#8440,
#8441,#8442,#8443,#8444,#8445,#8446),.UNSPECIFIED.,.F.,.F.,(4,2,2,2,2,4),
(0.359386328187125,0.391516052524714,0.541230519996836,0.690944987468958,
0.856886981665753,1.02282897586255),.UNSPECIFIED.);
#1863=B_SPLINE_CURVE_WITH_KNOTS('',3,(#8469,#8470,#8471,#8472,#8473,#8474,
#8475,#8476,#8477,#8478),.UNSPECIFIED.,.F.,.F.,(4,2,2,2,4),(0.296441959364704,
0.315897506449603,0.335353053534502,0.356497904458472,0.377642755382442),
 .UNSPECIFIED.);
#1864=B_SPLINE_CURVE_WITH_KNOTS('',3,(#8499,#8500,#8501,#8502,#8503,#8504,
#8505,#8506,#8507,#8508,#8509,#8510,#8511,#8512),.UNSPECIFIED.,.F.,.F.,
(4,2,2,2,2,2,4),(0.486501838443077,0.532676985639677,0.735635328062099,
0.93859367048452,1.14155201290694,1.34451035532936,1.39068550252596),
 .UNSPECIFIED.);
#1865=B_SPLINE_CURVE_WITH_KNOTS('',3,(#8530,#8531,#8532,#8533,#8534,#8535,
#8536,#8537,#8538,#8539),.UNSPECIFIED.,.F.,.F.,(4,2,2,2,4),(0.484513752418384,
0.710788008782572,0.93706226514676,1.16333652151095,1.38961077787514),
 .UNSPECIFIED.);
#1866=VERTEX_POINT('',#6450);
#1867=VERTEX_POINT('',#6451);
#1868=VERTEX_POINT('',#6464);
#1869=VERTEX_POINT('',#6469);
#1870=VERTEX_POINT('',#6513);
#1871=VERTEX_POINT('',#6526);
#1872=VERTEX_POINT('',#6528);
#1873=VERTEX_POINT('',#6535);
#1874=VERTEX_POINT('',#6537);
#1875=VERTEX_POINT('',#6539);
#1876=VERTEX_POINT('',#6573);
#1877=VERTEX_POINT('',#6581);
#1878=VERTEX_POINT('',#6599);
#1879=VERTEX_POINT('',#6601);
#1880=VERTEX_POINT('',#6605);
#1881=VERTEX_POINT('',#6606);
#1882=VERTEX_POINT('',#6608);
#1883=VERTEX_POINT('',#6612);
#1884=VERTEX_POINT('',#6614);
#1885=VERTEX_POINT('',#6620);
#1886=VERTEX_POINT('',#6622);
#1887=VERTEX_POINT('',#6624);
#1888=VERTEX_POINT('',#6628);
#1889=VERTEX_POINT('',#6629);
#1890=VERTEX_POINT('',#6631);
#1891=VERTEX_POINT('',#6633);
#1892=VERTEX_POINT('',#6635);
#1893=VERTEX_POINT('',#6637);
#1894=VERTEX_POINT('',#6639);
#1895=VERTEX_POINT('',#6641);
#1896=VERTEX_POINT('',#6643);
#1897=VERTEX_POINT('',#6645);
#1898=VERTEX_POINT('',#6649);
#1899=VERTEX_POINT('',#6651);
#1900=VERTEX_POINT('',#6653);
#1901=VERTEX_POINT('',#6657);
#1902=VERTEX_POINT('',#6658);
#1903=VERTEX_POINT('',#6660);
#1904=VERTEX_POINT('',#6662);
#1905=VERTEX_POINT('',#6666);
#1906=VERTEX_POINT('',#6667);
#1907=VERTEX_POINT('',#6672);
#1908=VERTEX_POINT('',#6673);
#1909=VERTEX_POINT('',#6678);
#1910=VERTEX_POINT('',#6683);
#1911=VERTEX_POINT('',#6688);
#1912=VERTEX_POINT('',#6690);
#1913=VERTEX_POINT('',#6692);
#1914=VERTEX_POINT('',#6694);
#1915=VERTEX_POINT('',#6699);
#1916=VERTEX_POINT('',#6701);
#1917=VERTEX_POINT('',#6705);
#1918=VERTEX_POINT('',#6707);
#1919=VERTEX_POINT('',#6711);
#1920=VERTEX_POINT('',#6712);
#1921=VERTEX_POINT('',#6717);
#1922=VERTEX_POINT('',#6719);
#1923=VERTEX_POINT('',#6723);
#1924=VERTEX_POINT('',#6724);
#1925=VERTEX_POINT('',#6729);
#1926=VERTEX_POINT('',#6731);
#1927=VERTEX_POINT('',#6735);
#1928=VERTEX_POINT('',#6736);
#1929=VERTEX_POINT('',#6743);
#1930=VERTEX_POINT('',#6747);
#1931=VERTEX_POINT('',#6748);
#1932=VERTEX_POINT('',#6750);
#1933=VERTEX_POINT('',#6752);
#1934=VERTEX_POINT('',#6756);
#1935=VERTEX_POINT('',#6758);
#1936=VERTEX_POINT('',#6762);
#1937=VERTEX_POINT('',#6763);
#1938=VERTEX_POINT('',#6769);
#1939=VERTEX_POINT('',#6773);
#1940=VERTEX_POINT('',#6783);
#1941=VERTEX_POINT('',#6785);
#1942=VERTEX_POINT('',#6787);
#1943=VERTEX_POINT('',#6789);
#1944=VERTEX_POINT('',#6794);
#1945=VERTEX_POINT('',#6796);
#1946=VERTEX_POINT('',#6800);
#1947=VERTEX_POINT('',#6801);
#1948=VERTEX_POINT('',#6806);
#1949=VERTEX_POINT('',#6807);
#1950=VERTEX_POINT('',#6812);
#1951=VERTEX_POINT('',#6813);
#1952=VERTEX_POINT('',#6818);
#1953=VERTEX_POINT('',#6819);
#1954=VERTEX_POINT('',#6824);
#1955=VERTEX_POINT('',#6825);
#1956=VERTEX_POINT('',#6830);
#1957=VERTEX_POINT('',#6831);
#1958=VERTEX_POINT('',#6836);
#1959=VERTEX_POINT('',#6841);
#1960=VERTEX_POINT('',#6846);
#1961=VERTEX_POINT('',#6855);
#1962=VERTEX_POINT('',#6856);
#1963=VERTEX_POINT('',#6860);
#1964=VERTEX_POINT('',#6862);
#1965=VERTEX_POINT('',#6866);
#1966=VERTEX_POINT('',#6868);
#1967=VERTEX_POINT('',#6872);
#1968=VERTEX_POINT('',#6874);
#1969=VERTEX_POINT('',#6878);
#1970=VERTEX_POINT('',#6880);
#1971=VERTEX_POINT('',#6884);
#1972=VERTEX_POINT('',#6886);
#1973=VERTEX_POINT('',#6890);
#1974=VERTEX_POINT('',#6895);
#1975=VERTEX_POINT('',#6899);
#1976=VERTEX_POINT('',#6900);
#1977=VERTEX_POINT('',#6904);
#1978=VERTEX_POINT('',#6906);
#1979=VERTEX_POINT('',#6910);
#1980=VERTEX_POINT('',#6912);
#1981=VERTEX_POINT('',#6916);
#1982=VERTEX_POINT('',#6918);
#1983=VERTEX_POINT('',#6922);
#1984=VERTEX_POINT('',#6924);
#1985=VERTEX_POINT('',#6928);
#1986=VERTEX_POINT('',#6930);
#1987=VERTEX_POINT('',#6934);
#1988=VERTEX_POINT('',#6939);
#1989=VERTEX_POINT('',#6947);
#1990=VERTEX_POINT('',#6949);
#1991=VERTEX_POINT('',#6953);
#1992=VERTEX_POINT('',#6957);
#1993=VERTEX_POINT('',#6961);
#1994=VERTEX_POINT('',#6965);
#1995=VERTEX_POINT('',#6969);
#1996=VERTEX_POINT('',#6973);
#1997=VERTEX_POINT('',#6975);
#1998=VERTEX_POINT('',#6979);
#1999=VERTEX_POINT('',#6983);
#2000=VERTEX_POINT('',#6987);
#2001=VERTEX_POINT('',#6991);
#2002=VERTEX_POINT('',#6995);
#2003=VERTEX_POINT('',#7017);
#2004=VERTEX_POINT('',#7021);
#2005=VERTEX_POINT('',#7024);
#2006=VERTEX_POINT('',#7032);
#2007=VERTEX_POINT('',#7035);
#2008=VERTEX_POINT('',#7036);
#2009=VERTEX_POINT('',#7038);
#2010=VERTEX_POINT('',#7040);
#2011=VERTEX_POINT('',#7042);
#2012=VERTEX_POINT('',#7046);
#2013=VERTEX_POINT('',#7047);
#2014=VERTEX_POINT('',#7049);
#2015=VERTEX_POINT('',#7051);
#2016=VERTEX_POINT('',#7053);
#2017=VERTEX_POINT('',#7065);
#2018=VERTEX_POINT('',#7095);
#2019=VERTEX_POINT('',#7096);
#2020=VERTEX_POINT('',#7098);
#2021=VERTEX_POINT('',#7100);
#2022=VERTEX_POINT('',#7104);
#2023=VERTEX_POINT('',#7105);
#2024=VERTEX_POINT('',#7110);
#2025=VERTEX_POINT('',#7111);
#2026=VERTEX_POINT('',#7119);
#2027=VERTEX_POINT('',#7121);
#2028=VERTEX_POINT('',#7125);
#2029=VERTEX_POINT('',#7129);
#2030=VERTEX_POINT('',#7130);
#2031=VERTEX_POINT('',#7137);
#2032=VERTEX_POINT('',#7139);
#2033=VERTEX_POINT('',#7141);
#2034=VERTEX_POINT('',#7143);
#2035=VERTEX_POINT('',#7150);
#2036=VERTEX_POINT('',#7152);
#2037=VERTEX_POINT('',#7154);
#2038=VERTEX_POINT('',#7156);
#2039=VERTEX_POINT('',#7158);
#2040=VERTEX_POINT('',#7160);
#2041=VERTEX_POINT('',#7162);
#2042=VERTEX_POINT('',#7164);
#2043=VERTEX_POINT('',#7168);
#2044=VERTEX_POINT('',#7169);
#2045=VERTEX_POINT('',#7171);
#2046=VERTEX_POINT('',#7173);
#2047=VERTEX_POINT('',#7177);
#2048=VERTEX_POINT('',#7179);
#2049=VERTEX_POINT('',#7190);
#2050=VERTEX_POINT('',#7192);
#2051=VERTEX_POINT('',#7196);
#2052=VERTEX_POINT('',#7198);
#2053=VERTEX_POINT('',#7200);
#2054=VERTEX_POINT('',#7202);
#2055=VERTEX_POINT('',#7204);
#2056=VERTEX_POINT('',#7206);
#2057=VERTEX_POINT('',#7208);
#2058=VERTEX_POINT('',#7210);
#2059=VERTEX_POINT('',#7212);
#2060=VERTEX_POINT('',#7216);
#2061=VERTEX_POINT('',#7218);
#2062=VERTEX_POINT('',#7251);
#2063=VERTEX_POINT('',#7284);
#2064=VERTEX_POINT('',#7288);
#2065=VERTEX_POINT('',#7292);
#2066=VERTEX_POINT('',#7325);
#2067=VERTEX_POINT('',#7381);
#2068=VERTEX_POINT('',#7402);
#2069=VERTEX_POINT('',#7404);
#2070=VERTEX_POINT('',#7417);
#2071=VERTEX_POINT('',#7419);
#2072=VERTEX_POINT('',#7423);
#2073=VERTEX_POINT('',#7424);
#2074=VERTEX_POINT('',#7429);
#2075=VERTEX_POINT('',#7433);
#2076=VERTEX_POINT('',#7437);
#2077=VERTEX_POINT('',#7441);
#2078=VERTEX_POINT('',#7443);
#2079=VERTEX_POINT('',#7445);
#2080=VERTEX_POINT('',#7462);
#2081=VERTEX_POINT('',#7463);
#2082=VERTEX_POINT('',#7468);
#2083=VERTEX_POINT('',#7470);
#2084=VERTEX_POINT('',#7560);
#2085=VERTEX_POINT('',#7561);
#2086=VERTEX_POINT('',#7565);
#2087=VERTEX_POINT('',#7567);
#2088=VERTEX_POINT('',#7571);
#2089=VERTEX_POINT('',#7573);
#2090=VERTEX_POINT('',#7596);
#2091=VERTEX_POINT('',#7597);
#2092=VERTEX_POINT('',#7605);
#2093=VERTEX_POINT('',#7611);
#2094=VERTEX_POINT('',#7643);
#2095=VERTEX_POINT('',#7645);
#2096=VERTEX_POINT('',#7647);
#2097=VERTEX_POINT('',#7651);
#2098=VERTEX_POINT('',#7654);
#2099=VERTEX_POINT('',#7656);
#2100=VERTEX_POINT('',#7658);
#2101=VERTEX_POINT('',#7659);
#2102=VERTEX_POINT('',#7661);
#2103=VERTEX_POINT('',#7663);
#2104=VERTEX_POINT('',#7676);
#2105=VERTEX_POINT('',#7678);
#2106=VERTEX_POINT('',#7691);
#2107=VERTEX_POINT('',#7693);
#2108=VERTEX_POINT('',#7697);
#2109=VERTEX_POINT('',#7699);
#2110=VERTEX_POINT('',#7701);
#2111=VERTEX_POINT('',#7705);
#2112=VERTEX_POINT('',#7707);
#2113=VERTEX_POINT('',#7711);
#2114=VERTEX_POINT('',#7715);
#2115=VERTEX_POINT('',#7720);
#2116=VERTEX_POINT('',#7726);
#2117=VERTEX_POINT('',#7727);
#2118=VERTEX_POINT('',#7732);
#2119=VERTEX_POINT('',#7733);
#2120=VERTEX_POINT('',#7738);
#2121=VERTEX_POINT('',#7739);
#2122=VERTEX_POINT('',#7744);
#2123=VERTEX_POINT('',#7745);
#2124=VERTEX_POINT('',#7750);
#2125=VERTEX_POINT('',#7751);
#2126=VERTEX_POINT('',#7756);
#2127=VERTEX_POINT('',#7757);
#2128=VERTEX_POINT('',#7762);
#2129=VERTEX_POINT('',#7763);
#2130=VERTEX_POINT('',#7771);
#2131=VERTEX_POINT('',#7773);
#2132=VERTEX_POINT('',#7787);
#2133=VERTEX_POINT('',#7789);
#2134=VERTEX_POINT('',#7791);
#2135=VERTEX_POINT('',#7795);
#2136=VERTEX_POINT('',#7796);
#2137=VERTEX_POINT('',#7798);
#2138=VERTEX_POINT('',#7800);
#2139=VERTEX_POINT('',#7802);
#2140=VERTEX_POINT('',#7804);
#2141=VERTEX_POINT('',#7806);
#2142=VERTEX_POINT('',#7808);
#2143=VERTEX_POINT('',#7810);
#2144=VERTEX_POINT('',#7812);
#2145=VERTEX_POINT('',#7814);
#2146=VERTEX_POINT('',#7816);
#2147=VERTEX_POINT('',#7818);
#2148=VERTEX_POINT('',#7820);
#2149=VERTEX_POINT('',#7822);
#2150=VERTEX_POINT('',#7824);
#2151=VERTEX_POINT('',#7828);
#2152=VERTEX_POINT('',#7836);
#2153=VERTEX_POINT('',#7845);
#2154=VERTEX_POINT('',#7849);
#2155=VERTEX_POINT('',#7853);
#2156=VERTEX_POINT('',#7857);
#2157=VERTEX_POINT('',#7861);
#2158=VERTEX_POINT('',#7865);
#2159=VERTEX_POINT('',#7874);
#2160=VERTEX_POINT('',#7881);
#2161=VERTEX_POINT('',#7883);
#2162=VERTEX_POINT('',#7885);
#2163=VERTEX_POINT('',#7887);
#2164=VERTEX_POINT('',#7902);
#2165=VERTEX_POINT('',#7906);
#2166=VERTEX_POINT('',#7912);
#2167=VERTEX_POINT('',#7913);
#2168=VERTEX_POINT('',#7917);
#2169=VERTEX_POINT('',#7920);
#2170=VERTEX_POINT('',#7922);
#2171=VERTEX_POINT('',#7926);
#2172=VERTEX_POINT('',#7928);
#2173=VERTEX_POINT('',#7932);
#2174=VERTEX_POINT('',#7934);
#2175=VERTEX_POINT('',#7938);
#2176=VERTEX_POINT('',#7940);
#2177=VERTEX_POINT('',#7944);
#2178=VERTEX_POINT('',#7946);
#2179=VERTEX_POINT('',#7952);
#2180=VERTEX_POINT('',#7953);
#2181=VERTEX_POINT('',#7957);
#2182=VERTEX_POINT('',#7960);
#2183=VERTEX_POINT('',#7962);
#2184=VERTEX_POINT('',#7966);
#2185=VERTEX_POINT('',#7968);
#2186=VERTEX_POINT('',#7972);
#2187=VERTEX_POINT('',#7974);
#2188=VERTEX_POINT('',#7978);
#2189=VERTEX_POINT('',#7980);
#2190=VERTEX_POINT('',#7984);
#2191=VERTEX_POINT('',#7986);
#2192=VERTEX_POINT('',#7992);
#2193=VERTEX_POINT('',#7993);
#2194=VERTEX_POINT('',#7995);
#2195=VERTEX_POINT('',#8000);
#2196=VERTEX_POINT('',#8007);
#2197=VERTEX_POINT('',#8008);
#2198=VERTEX_POINT('',#8010);
#2199=VERTEX_POINT('',#8015);
#2200=VERTEX_POINT('',#8022);
#2201=VERTEX_POINT('',#8024);
#2202=VERTEX_POINT('',#8031);
#2203=VERTEX_POINT('',#8033);
#2204=VERTEX_POINT('',#8040);
#2205=VERTEX_POINT('',#8042);
#2206=VERTEX_POINT('',#8049);
#2207=VERTEX_POINT('',#8051);
#2208=VERTEX_POINT('',#8058);
#2209=VERTEX_POINT('',#8060);
#2210=VERTEX_POINT('',#8067);
#2211=VERTEX_POINT('',#8069);
#2212=VERTEX_POINT('',#8076);
#2213=VERTEX_POINT('',#8078);
#2214=VERTEX_POINT('',#8085);
#2215=VERTEX_POINT('',#8087);
#2216=VERTEX_POINT('',#8113);
#2217=VERTEX_POINT('',#8116);
#2218=VERTEX_POINT('',#8117);
#2219=VERTEX_POINT('',#8119);
#2220=VERTEX_POINT('',#8124);
#2221=VERTEX_POINT('',#8131);
#2222=VERTEX_POINT('',#8133);
#2223=VERTEX_POINT('',#8140);
#2224=VERTEX_POINT('',#8142);
#2225=VERTEX_POINT('',#8149);
#2226=VERTEX_POINT('',#8150);
#2227=VERTEX_POINT('',#8152);
#2228=VERTEX_POINT('',#8157);
#2229=VERTEX_POINT('',#8164);
#2230=VERTEX_POINT('',#8166);
#2231=VERTEX_POINT('',#8173);
#2232=VERTEX_POINT('',#8175);
#2233=VERTEX_POINT('',#8185);
#2234=VERTEX_POINT('',#8187);
#2235=VERTEX_POINT('',#8194);
#2236=VERTEX_POINT('',#8196);
#2237=VERTEX_POINT('',#8203);
#2238=VERTEX_POINT('',#8205);
#2239=VERTEX_POINT('',#8212);
#2240=VERTEX_POINT('',#8214);
#2241=VERTEX_POINT('',#8237);
#2242=VERTEX_POINT('',#8262);
#2243=VERTEX_POINT('',#8263);
#2244=VERTEX_POINT('',#8268);
#2245=VERTEX_POINT('',#8269);
#2246=VERTEX_POINT('',#8278);
#2247=VERTEX_POINT('',#8304);
#2248=VERTEX_POINT('',#8309);
#2249=VERTEX_POINT('',#8322);
#2250=VERTEX_POINT('',#8334);
#2251=VERTEX_POINT('',#8338);
#2252=VERTEX_POINT('',#8342);
#2253=VERTEX_POINT('',#8349);
#2254=VERTEX_POINT('',#8383);
#2255=VERTEX_POINT('',#8396);
#2256=VERTEX_POINT('',#8397);
#2257=VERTEX_POINT('',#8399);
#2258=VERTEX_POINT('',#8412);
#2259=VERTEX_POINT('',#8414);
#2260=VERTEX_POINT('',#8416);
#2261=VERTEX_POINT('',#8423);
#2262=VERTEX_POINT('',#8427);
#2263=VERTEX_POINT('',#8431);
#2264=VERTEX_POINT('',#8432);
#2265=VERTEX_POINT('',#8434);
#2266=VERTEX_POINT('',#8447);
#2267=VERTEX_POINT('',#8449);
#2268=VERTEX_POINT('',#8451);
#2269=VERTEX_POINT('',#8464);
#2270=VERTEX_POINT('',#8468);
#2271=VERTEX_POINT('',#8479);
#2272=VERTEX_POINT('',#8488);
#2273=VERTEX_POINT('',#8489);
#2274=VERTEX_POINT('',#8491);
#2275=VERTEX_POINT('',#8493);
#2276=VERTEX_POINT('',#8495);
#2277=VERTEX_POINT('',#8497);
#2278=VERTEX_POINT('',#8522);
#2279=VERTEX_POINT('',#8524);
#2280=VERTEX_POINT('',#8526);
#2281=VERTEX_POINT('',#8528);
#2282=VERTEX_POINT('',#8547);
#2283=VERTEX_POINT('',#8583);
#2284=VERTEX_POINT('',#8587);
#2285=VERTEX_POINT('',#8591);
#2286=EDGE_CURVE('',#1866,#1867,#1799,.T.);
#2287=EDGE_CURVE('',#1867,#1868,#1800,.T.);
#2288=EDGE_CURVE('',#1868,#1869,#1801,.F.);
#2289=EDGE_CURVE('',#1869,#1870,#1802,.T.);
#2290=EDGE_CURVE('',#1870,#1866,#1803,.T.);
#2291=EDGE_CURVE('',#1867,#1871,#1000,.T.);
#2292=EDGE_CURVE('',#1872,#1871,#1804,.T.);
#2293=EDGE_CURVE('',#1868,#1872,#1001,.F.);
#2294=EDGE_CURVE('',#1873,#1866,#1002,.T.);
#2295=EDGE_CURVE('',#1874,#1873,#1003,.T.);
#2296=EDGE_CURVE('',#1875,#1874,#1004,.T.);
#2297=EDGE_CURVE('',#1871,#1875,#1805,.T.);
#2298=EDGE_CURVE('',#1875,#1876,#1806,.T.);
#2299=EDGE_CURVE('',#1876,#1877,#1807,.T.);
#2300=EDGE_CURVE('',#1877,#1872,#1808,.F.);
#2301=EDGE_CURVE('',#1878,#1874,#174,.T.);
#2302=EDGE_CURVE('',#1879,#1878,#1005,.T.);
#2303=EDGE_CURVE('',#1879,#1876,#175,.T.);
#2304=EDGE_CURVE('',#1880,#1881,#176,.T.);
#2305=EDGE_CURVE('',#1882,#1881,#141,.T.);
#2306=EDGE_CURVE('',#1883,#1882,#177,.T.);
#2307=EDGE_CURVE('',#1884,#1883,#142,.F.);
#2308=EDGE_CURVE('',#1880,#1884,#105,.T.);
#2309=EDGE_CURVE('',#1885,#1880,#1006,.T.);
#2310=EDGE_CURVE('',#1886,#1885,#178,.T.);
#2311=EDGE_CURVE('',#1887,#1886,#179,.T.);
#2312=EDGE_CURVE('',#1881,#1887,#1007,.T.);
#2313=EDGE_CURVE('',#1888,#1889,#180,.T.);
#2314=EDGE_CURVE('',#1890,#1888,#181,.T.);
#2315=EDGE_CURVE('',#1891,#1890,#182,.T.);
#2316=EDGE_CURVE('',#1892,#1891,#183,.T.);
#2317=EDGE_CURVE('',#1892,#1893,#184,.T.);
#2318=EDGE_CURVE('',#1894,#1893,#185,.T.);
#2319=EDGE_CURVE('',#1895,#1894,#186,.T.);
#2320=EDGE_CURVE('',#1896,#1895,#187,.T.);
#2321=EDGE_CURVE('',#1897,#1896,#188,.T.);
#2322=EDGE_CURVE('',#1889,#1897,#189,.T.);
#2323=EDGE_CURVE('',#1898,#1897,#1008,.T.);
#2324=EDGE_CURVE('',#1899,#1898,#190,.T.);
#2325=EDGE_CURVE('',#1900,#1899,#1009,.T.);
#2326=EDGE_CURVE('',#1889,#1900,#191,.T.);
#2327=EDGE_CURVE('',#1901,#1902,#192,.F.);
#2328=EDGE_CURVE('',#1902,#1903,#193,.T.);
#2329=EDGE_CURVE('',#1903,#1904,#194,.T.);
#2330=EDGE_CURVE('',#1904,#1901,#195,.T.);
#2331=EDGE_CURVE('',#1905,#1906,#196,.T.);
#2332=EDGE_CURVE('',#1906,#1904,#1010,.T.);
#2333=EDGE_CURVE('',#1903,#1905,#1011,.T.);
#2334=EDGE_CURVE('',#1907,#1908,#197,.T.);
#2335=EDGE_CURVE('',#1908,#1906,#198,.T.);
#2336=EDGE_CURVE('',#1905,#1907,#199,.T.);
#2337=EDGE_CURVE('',#1909,#1891,#200,.T.);
#2338=EDGE_CURVE('',#1891,#1908,#1012,.T.);
#2339=EDGE_CURVE('',#1907,#1909,#1013,.T.);
#2340=EDGE_CURVE('',#1910,#1892,#201,.F.);
#2341=EDGE_CURVE('',#1909,#1910,#202,.T.);
#2342=EDGE_CURVE('',#1902,#1910,#203,.T.);
#2343=EDGE_CURVE('',#1911,#1911,#1014,.T.);
#2344=EDGE_CURVE('',#1912,#1912,#1015,.T.);
#2345=EDGE_CURVE('',#1878,#1913,#1016,.T.);
#2346=EDGE_CURVE('',#1913,#1914,#1017,.T.);
#2347=EDGE_CURVE('',#1914,#1869,#204,.T.);
#2348=EDGE_CURVE('',#1877,#1879,#205,.T.);
#2349=EDGE_CURVE('',#1883,#1915,#1018,.T.);
#2350=EDGE_CURVE('',#1915,#1916,#206,.T.);
#2351=EDGE_CURVE('',#1916,#1884,#1019,.T.);
#2352=EDGE_CURVE('',#1915,#1917,#207,.T.);
#2353=EDGE_CURVE('',#1917,#1918,#208,.T.);
#2354=EDGE_CURVE('',#1918,#1916,#209,.T.);
#2355=EDGE_CURVE('',#1919,#1920,#210,.T.);
#2356=EDGE_CURVE('',#1920,#1918,#1020,.T.);
#2357=EDGE_CURVE('',#1917,#1919,#1021,.T.);
#2358=EDGE_CURVE('',#1919,#1921,#211,.T.);
#2359=EDGE_CURVE('',#1921,#1922,#212,.T.);
#2360=EDGE_CURVE('',#1922,#1920,#213,.T.);
#2361=EDGE_CURVE('',#1923,#1924,#214,.T.);
#2362=EDGE_CURVE('',#1924,#1922,#1022,.T.);
#2363=EDGE_CURVE('',#1921,#1923,#1023,.T.);
#2364=EDGE_CURVE('',#1923,#1925,#215,.T.);
#2365=EDGE_CURVE('',#1925,#1926,#216,.T.);
#2366=EDGE_CURVE('',#1926,#1924,#217,.T.);
#2367=EDGE_CURVE('',#1927,#1928,#143,.F.);
#2368=EDGE_CURVE('',#1928,#1926,#1024,.T.);
#2369=EDGE_CURVE('',#1925,#1927,#1025,.T.);
#2370=EDGE_CURVE('',#1882,#1929,#1026,.T.);
#2371=EDGE_CURVE('',#1929,#1927,#218,.T.);
#2372=EDGE_CURVE('',#1930,#1931,#219,.T.);
#2373=EDGE_CURVE('',#1930,#1932,#220,.T.);
#2374=EDGE_CURVE('',#1932,#1933,#221,.T.);
#2375=EDGE_CURVE('',#1933,#1931,#222,.T.);
#2376=EDGE_CURVE('',#1932,#1934,#1027,.T.);
#2377=EDGE_CURVE('',#1934,#1935,#223,.T.);
#2378=EDGE_CURVE('',#1935,#1933,#1028,.T.);
#2379=EDGE_CURVE('',#1936,#1937,#224,.T.);
#2380=EDGE_CURVE('',#1937,#1935,#225,.T.);
#2381=EDGE_CURVE('',#1934,#1936,#226,.T.);
#2382=EDGE_CURVE('',#1936,#1890,#1029,.T.);
#2383=EDGE_CURVE('',#1890,#1938,#227,.T.);
#2384=EDGE_CURVE('',#1938,#1937,#1030,.T.);
#2385=EDGE_CURVE('',#1888,#1939,#228,.F.);
#2386=EDGE_CURVE('',#1939,#1938,#229,.T.);
#2387=EDGE_CURVE('',#1936,#1908,#230,.T.);
#2388=EDGE_CURVE('',#1906,#1934,#231,.T.);
#2389=EDGE_CURVE('',#1932,#1904,#232,.T.);
#2390=EDGE_CURVE('',#1940,#1885,#233,.T.);
#2391=EDGE_CURVE('',#1941,#1940,#234,.T.);
#2392=EDGE_CURVE('',#1941,#1942,#235,.T.);
#2393=EDGE_CURVE('',#1943,#1942,#236,.T.);
#2394=EDGE_CURVE('',#1901,#1943,#237,.T.);
#2395=EDGE_CURVE('',#1886,#1930,#238,.T.);
#2396=EDGE_CURVE('',#1895,#1944,#239,.F.);
#2397=EDGE_CURVE('',#1944,#1945,#240,.T.);
#2398=EDGE_CURVE('',#1945,#1896,#241,.T.);
#2399=EDGE_CURVE('',#1946,#1947,#242,.T.);
#2400=EDGE_CURVE('',#1947,#1896,#1031,.T.);
#2401=EDGE_CURVE('',#1945,#1946,#1032,.T.);
#2402=EDGE_CURVE('',#1948,#1949,#243,.T.);
#2403=EDGE_CURVE('',#1949,#1947,#244,.T.);
#2404=EDGE_CURVE('',#1946,#1948,#245,.T.);
#2405=EDGE_CURVE('',#1950,#1951,#246,.T.);
#2406=EDGE_CURVE('',#1951,#1949,#1033,.T.);
#2407=EDGE_CURVE('',#1948,#1950,#1034,.T.);
#2408=EDGE_CURVE('',#1952,#1953,#247,.T.);
#2409=EDGE_CURVE('',#1953,#1951,#248,.T.);
#2410=EDGE_CURVE('',#1950,#1952,#249,.T.);
#2411=EDGE_CURVE('',#1954,#1955,#250,.T.);
#2412=EDGE_CURVE('',#1955,#1953,#1035,.T.);
#2413=EDGE_CURVE('',#1952,#1954,#1036,.T.);
#2414=EDGE_CURVE('',#1956,#1957,#251,.T.);
#2415=EDGE_CURVE('',#1957,#1955,#252,.T.);
#2416=EDGE_CURVE('',#1954,#1956,#253,.T.);
#2417=EDGE_CURVE('',#1958,#1940,#254,.T.);
#2418=EDGE_CURVE('',#1940,#1957,#1037,.T.);
#2419=EDGE_CURVE('',#1956,#1958,#1038,.T.);
#2420=EDGE_CURVE('',#1959,#1941,#255,.F.);
#2421=EDGE_CURVE('',#1958,#1959,#256,.T.);
#2422=EDGE_CURVE('',#1944,#1959,#257,.T.);
#2423=EDGE_CURVE('',#1960,#1960,#1039,.T.);
#2424=EDGE_CURVE('',#1913,#1873,#258,.T.);
#2425=EDGE_CURVE('',#1914,#1870,#259,.T.);
#2426=EDGE_CURVE('',#1961,#1962,#144,.T.);
#2427=EDGE_CURVE('',#1963,#1961,#1040,.T.);
#2428=EDGE_CURVE('',#1964,#1963,#145,.T.);
#2429=EDGE_CURVE('',#1965,#1964,#1041,.T.);
#2430=EDGE_CURVE('',#1966,#1965,#146,.T.);
#2431=EDGE_CURVE('',#1967,#1966,#1042,.T.);
#2432=EDGE_CURVE('',#1968,#1967,#147,.T.);
#2433=EDGE_CURVE('',#1969,#1968,#1043,.T.);
#2434=EDGE_CURVE('',#1970,#1969,#148,.T.);
#2435=EDGE_CURVE('',#1971,#1970,#1044,.T.);
#2436=EDGE_CURVE('',#1972,#1971,#149,.T.);
#2437=EDGE_CURVE('',#1973,#1972,#1045,.T.);
#2438=EDGE_CURVE('',#1962,#1973,#150,.T.);
#2439=EDGE_CURVE('',#1962,#1974,#260,.T.);
#2440=EDGE_CURVE('',#1974,#1974,#1046,.T.);
#2441=EDGE_CURVE('',#1975,#1976,#151,.T.);
#2442=EDGE_CURVE('',#1977,#1975,#1047,.T.);
#2443=EDGE_CURVE('',#1978,#1977,#152,.T.);
#2444=EDGE_CURVE('',#1979,#1978,#1048,.T.);
#2445=EDGE_CURVE('',#1980,#1979,#153,.T.);
#2446=EDGE_CURVE('',#1981,#1980,#1049,.T.);
#2447=EDGE_CURVE('',#1982,#1981,#154,.T.);
#2448=EDGE_CURVE('',#1983,#1982,#1050,.T.);
#2449=EDGE_CURVE('',#1984,#1983,#155,.T.);
#2450=EDGE_CURVE('',#1985,#1984,#1051,.T.);
#2451=EDGE_CURVE('',#1986,#1985,#156,.T.);
#2452=EDGE_CURVE('',#1987,#1986,#1052,.T.);
#2453=EDGE_CURVE('',#1976,#1987,#157,.T.);
#2454=EDGE_CURVE('',#1976,#1988,#261,.T.);
#2455=EDGE_CURVE('',#1988,#1988,#1053,.T.);
#2456=EDGE_CURVE('',#1974,#1911,#262,.T.);
#2457=EDGE_CURVE('',#1988,#1912,#263,.T.);
#2458=EDGE_CURVE('',#1967,#1989,#264,.T.);
#2459=EDGE_CURVE('',#1990,#1989,#265,.T.);
#2460=EDGE_CURVE('',#1968,#1990,#266,.T.);
#2461=EDGE_CURVE('',#1966,#1991,#267,.T.);
#2462=EDGE_CURVE('',#1989,#1991,#1054,.T.);
#2463=EDGE_CURVE('',#1965,#1992,#268,.T.);
#2464=EDGE_CURVE('',#1991,#1992,#269,.T.);
#2465=EDGE_CURVE('',#1964,#1993,#270,.T.);
#2466=EDGE_CURVE('',#1992,#1993,#1055,.T.);
#2467=EDGE_CURVE('',#1963,#1994,#271,.T.);
#2468=EDGE_CURVE('',#1993,#1994,#272,.T.);
#2469=EDGE_CURVE('',#1961,#1995,#273,.T.);
#2470=EDGE_CURVE('',#1994,#1995,#1056,.T.);
#2471=EDGE_CURVE('',#1981,#1996,#274,.T.);
#2472=EDGE_CURVE('',#1997,#1996,#275,.T.);
#2473=EDGE_CURVE('',#1982,#1997,#276,.T.);
#2474=EDGE_CURVE('',#1980,#1998,#277,.T.);
#2475=EDGE_CURVE('',#1996,#1998,#1057,.T.);
#2476=EDGE_CURVE('',#1979,#1999,#278,.T.);
#2477=EDGE_CURVE('',#1998,#1999,#279,.T.);
#2478=EDGE_CURVE('',#1978,#2000,#280,.T.);
#2479=EDGE_CURVE('',#1999,#2000,#1058,.T.);
#2480=EDGE_CURVE('',#1977,#2001,#281,.T.);
#2481=EDGE_CURVE('',#2000,#2001,#282,.T.);
#2482=EDGE_CURVE('',#1975,#2002,#283,.T.);
#2483=EDGE_CURVE('',#2001,#2002,#1059,.T.);
#2484=EDGE_CURVE('',#1947,#1926,#284,.T.);
#2485=EDGE_CURVE('',#1928,#1898,#106,.T.);
#2486=EDGE_CURVE('',#1924,#1949,#285,.T.);
#2487=EDGE_CURVE('',#1951,#1922,#286,.T.);
#2488=EDGE_CURVE('',#1920,#1953,#287,.T.);
#2489=EDGE_CURVE('',#1955,#1918,#288,.T.);
#2490=EDGE_CURVE('',#1916,#1957,#289,.T.);
#2491=EDGE_CURVE('',#1943,#1893,#290,.T.);
#2492=EDGE_CURVE('',#1894,#1942,#291,.T.);
#2493=EDGE_CURVE('',#1960,#2003,#292,.T.);
#2494=EDGE_CURVE('',#2003,#2003,#1060,.T.);
#2495=EDGE_CURVE('',#2004,#2004,#1061,.T.);
#2496=EDGE_CURVE('',#2005,#1931,#293,.T.);
#2497=EDGE_CURVE('',#2005,#1887,#158,.F.);
#2498=EDGE_CURVE('',#2005,#1882,#1062,.T.);
#2499=EDGE_CURVE('',#1939,#2006,#294,.T.);
#2500=EDGE_CURVE('',#2006,#2005,#1063,.T.);
#2501=EDGE_CURVE('',#2007,#2008,#1064,.T.);
#2502=EDGE_CURVE('',#2008,#2009,#295,.T.);
#2503=EDGE_CURVE('',#2009,#2010,#1065,.T.);
#2504=EDGE_CURVE('',#2010,#2011,#296,.T.);
#2505=EDGE_CURVE('',#2011,#1997,#1066,.T.);
#2506=EDGE_CURVE('',#2002,#2007,#297,.T.);
#2507=EDGE_CURVE('',#2012,#2013,#1067,.T.);
#2508=EDGE_CURVE('',#2013,#2014,#298,.T.);
#2509=EDGE_CURVE('',#2014,#2015,#1068,.T.);
#2510=EDGE_CURVE('',#2015,#2016,#299,.T.);
#2511=EDGE_CURVE('',#2016,#1990,#1069,.T.);
#2512=EDGE_CURVE('',#1995,#2012,#300,.T.);
#2513=EDGE_CURVE('',#2006,#1900,#159,.T.);
#2514=EDGE_CURVE('',#1929,#1899,#160,.F.);
#2515=EDGE_CURVE('',#1929,#2017,#1070,.T.);
#2516=EDGE_CURVE('',#2017,#2006,#1071,.T.);
#2517=EDGE_CURVE('',#2017,#2004,#301,.T.);
#2518=EDGE_CURVE('',#1987,#2007,#302,.T.);
#2519=EDGE_CURVE('',#1983,#2011,#303,.T.);
#2520=EDGE_CURVE('',#1984,#2010,#304,.T.);
#2521=EDGE_CURVE('',#1985,#2009,#305,.T.);
#2522=EDGE_CURVE('',#1986,#2008,#306,.T.);
#2523=EDGE_CURVE('',#1973,#2012,#307,.T.);
#2524=EDGE_CURVE('',#1969,#2016,#308,.T.);
#2525=EDGE_CURVE('',#1970,#2015,#309,.T.);
#2526=EDGE_CURVE('',#1971,#2014,#310,.T.);
#2527=EDGE_CURVE('',#1972,#2013,#311,.T.);
#2528=EDGE_CURVE('',#2018,#2019,#1072,.T.);
#2529=EDGE_CURVE('',#2019,#2020,#1073,.T.);
#2530=EDGE_CURVE('',#2020,#2021,#1074,.T.);
#2531=EDGE_CURVE('',#2021,#2018,#1075,.T.);
#2532=EDGE_CURVE('',#2022,#2023,#1076,.T.);
#2533=EDGE_CURVE('',#2023,#2021,#1077,.T.);
#2534=EDGE_CURVE('',#2020,#2022,#1078,.T.);
#2535=EDGE_CURVE('',#2024,#2025,#1079,.T.);
#2536=EDGE_CURVE('',#2025,#2023,#1080,.T.);
#2537=EDGE_CURVE('',#2022,#2024,#1081,.T.);
#2538=EDGE_CURVE('',#2018,#2025,#1082,.T.);
#2539=EDGE_CURVE('',#2024,#2019,#1083,.T.);
#2540=EDGE_CURVE('',#2020,#2026,#312,.T.);
#2541=EDGE_CURVE('',#2026,#2027,#1084,.T.);
#2542=EDGE_CURVE('',#2022,#2027,#313,.T.);
#2543=EDGE_CURVE('',#2019,#2028,#314,.T.);
#2544=EDGE_CURVE('',#2028,#2026,#1085,.T.);
#2545=EDGE_CURVE('',#2029,#2030,#1809,.T.);
#2546=EDGE_CURVE('',#2031,#2029,#315,.T.);
#2547=EDGE_CURVE('',#2032,#2031,#316,.T.);
#2548=EDGE_CURVE('',#2033,#2032,#317,.T.);
#2549=EDGE_CURVE('',#2034,#2033,#1810,.T.);
#2550=EDGE_CURVE('',#2035,#2034,#1086,.T.);
#2551=EDGE_CURVE('',#2036,#2035,#1087,.T.);
#2552=EDGE_CURVE('',#2037,#2036,#318,.T.);
#2553=EDGE_CURVE('',#2038,#2037,#107,.T.);
#2554=EDGE_CURVE('',#2039,#2038,#319,.T.);
#2555=EDGE_CURVE('',#2040,#2039,#108,.T.);
#2556=EDGE_CURVE('',#2041,#2040,#320,.T.);
#2557=EDGE_CURVE('',#2042,#2041,#1088,.T.);
#2558=EDGE_CURVE('',#2030,#2042,#1089,.T.);
#2559=EDGE_CURVE('',#2043,#2044,#109,.T.);
#2560=EDGE_CURVE('',#2044,#2045,#321,.T.);
#2561=EDGE_CURVE('',#2045,#2046,#110,.T.);
#2562=EDGE_CURVE('',#2046,#2043,#322,.T.);
#2563=EDGE_CURVE('',#2043,#2047,#323,.T.);
#2564=EDGE_CURVE('',#2047,#2048,#1811,.T.);
#2565=EDGE_CURVE('',#2048,#2049,#111,.T.);
#2566=EDGE_CURVE('',#2049,#2050,#324,.T.);
#2567=EDGE_CURVE('',#2050,#2044,#112,.T.);
#2568=EDGE_CURVE('',#2051,#2046,#325,.T.);
#2569=EDGE_CURVE('',#2052,#2051,#326,.T.);
#2570=EDGE_CURVE('',#2053,#2052,#327,.T.);
#2571=EDGE_CURVE('',#2054,#2053,#328,.T.);
#2572=EDGE_CURVE('',#2055,#2054,#113,.T.);
#2573=EDGE_CURVE('',#2056,#2055,#329,.T.);
#2574=EDGE_CURVE('',#2057,#2056,#1090,.T.);
#2575=EDGE_CURVE('',#2058,#2057,#330,.T.);
#2576=EDGE_CURVE('',#2059,#2058,#331,.T.);
#2577=EDGE_CURVE('',#2059,#2047,#332,.T.);
#2578=EDGE_CURVE('',#2038,#2060,#1091,.T.);
#2579=EDGE_CURVE('',#2060,#2061,#333,.T.);
#2580=EDGE_CURVE('',#2061,#2039,#1092,.T.);
#2581=EDGE_CURVE('',#2037,#2062,#1093,.T.);
#2582=EDGE_CURVE('',#2062,#2060,#114,.T.);
#2583=EDGE_CURVE('',#2063,#2040,#1094,.T.);
#2584=EDGE_CURVE('',#2061,#2063,#115,.T.);
#2585=EDGE_CURVE('',#2036,#2064,#1095,.T.);
#2586=EDGE_CURVE('',#2064,#2062,#334,.T.);
#2587=EDGE_CURVE('',#2065,#2041,#1096,.T.);
#2588=EDGE_CURVE('',#2063,#2065,#335,.T.);
#2589=EDGE_CURVE('',#2033,#2066,#1812,.T.);
#2590=EDGE_CURVE('',#2066,#2064,#1813,.T.);
#2591=EDGE_CURVE('',#2036,#2034,#1814,.T.);
#2592=EDGE_CURVE('',#2030,#2041,#1815,.T.);
#2593=EDGE_CURVE('',#2065,#2067,#1816,.T.);
#2594=EDGE_CURVE('',#2067,#2029,#1817,.T.);
#2595=EDGE_CURVE('',#2063,#2068,#336,.T.);
#2596=EDGE_CURVE('',#2068,#2069,#1818,.T.);
#2597=EDGE_CURVE('',#2069,#2070,#337,.T.);
#2598=EDGE_CURVE('',#2071,#2070,#338,.T.);
#2599=EDGE_CURVE('',#2067,#2071,#339,.T.);
#2600=EDGE_CURVE('',#2072,#2073,#1097,.T.);
#2601=EDGE_CURVE('',#2073,#2042,#1098,.T.);
#2602=EDGE_CURVE('',#2073,#2072,#1099,.T.);
#2603=EDGE_CURVE('',#2061,#2074,#340,.T.);
#2604=EDGE_CURVE('',#2068,#2074,#116,.T.);
#2605=EDGE_CURVE('',#2075,#2060,#341,.T.);
#2606=EDGE_CURVE('',#2074,#2075,#342,.T.);
#2607=EDGE_CURVE('',#2062,#2076,#343,.T.);
#2608=EDGE_CURVE('',#2075,#2076,#117,.T.);
#2609=EDGE_CURVE('',#2077,#2066,#344,.T.);
#2610=EDGE_CURVE('',#2078,#2077,#345,.T.);
#2611=EDGE_CURVE('',#2079,#2078,#346,.F.);
#2612=EDGE_CURVE('',#2079,#2076,#1819,.T.);
#2613=EDGE_CURVE('',#2077,#2032,#1100,.T.);
#2614=EDGE_CURVE('',#2080,#2081,#1101,.T.);
#2615=EDGE_CURVE('',#2081,#2035,#1102,.T.);
#2616=EDGE_CURVE('',#2081,#2080,#1103,.T.);
#2617=EDGE_CURVE('',#2075,#2082,#1104,.T.);
#2618=EDGE_CURVE('',#2082,#2083,#347,.T.);
#2619=EDGE_CURVE('',#2083,#2074,#1105,.T.);
#2620=EDGE_CURVE('',#2079,#2082,#118,.T.);
#2621=EDGE_CURVE('',#2083,#2069,#119,.T.);
#2622=EDGE_CURVE('',#2084,#2085,#161,.T.);
#2623=EDGE_CURVE('',#2084,#2086,#1106,.T.);
#2624=EDGE_CURVE('',#2086,#2087,#348,.T.);
#2625=EDGE_CURVE('',#2087,#2085,#1107,.T.);
#2626=EDGE_CURVE('',#2086,#2088,#349,.T.);
#2627=EDGE_CURVE('',#2088,#2089,#350,.T.);
#2628=EDGE_CURVE('',#2089,#2087,#351,.T.);
#2629=EDGE_CURVE('',#2090,#2091,#1820,.T.);
#2630=EDGE_CURVE('',#2090,#2092,#1821,.T.);
#2631=EDGE_CURVE('',#2092,#2093,#352,.T.);
#2632=EDGE_CURVE('',#2093,#2091,#1822,.T.);
#2633=EDGE_CURVE('',#2092,#2089,#1823,.T.);
#2634=EDGE_CURVE('',#2088,#2093,#1824,.T.);
#2635=EDGE_CURVE('',#2094,#2085,#353,.T.);
#2636=EDGE_CURVE('',#2095,#2094,#354,.T.);
#2637=EDGE_CURVE('',#2095,#2096,#355,.T.);
#2638=EDGE_CURVE('',#2096,#2084,#120,.T.);
#2639=EDGE_CURVE('',#2097,#2090,#356,.T.);
#2640=EDGE_CURVE('',#2094,#2097,#357,.T.);
#2641=EDGE_CURVE('',#2098,#2098,#1108,.T.);
#2642=EDGE_CURVE('',#2099,#2099,#1109,.T.);
#2643=EDGE_CURVE('',#2100,#2101,#1110,.T.);
#2644=EDGE_CURVE('',#2101,#2102,#358,.T.);
#2645=EDGE_CURVE('',#2102,#2103,#1825,.T.);
#2646=EDGE_CURVE('',#2103,#2104,#1111,.T.);
#2647=EDGE_CURVE('',#2104,#2105,#1826,.T.);
#2648=EDGE_CURVE('',#2105,#2106,#359,.T.);
#2649=EDGE_CURVE('',#2106,#2107,#1112,.T.);
#2650=EDGE_CURVE('',#2107,#2100,#1113,.T.);
#2651=EDGE_CURVE('',#2070,#2108,#360,.T.);
#2652=EDGE_CURVE('',#2108,#2109,#361,.T.);
#2653=EDGE_CURVE('',#2109,#2110,#362,.T.);
#2654=EDGE_CURVE('',#2110,#2070,#363,.T.);
#2655=EDGE_CURVE('',#2077,#2111,#364,.T.);
#2656=EDGE_CURVE('',#2111,#2112,#365,.T.);
#2657=EDGE_CURVE('',#2078,#2112,#366,.T.);
#2658=EDGE_CURVE('',#2032,#2113,#367,.T.);
#2659=EDGE_CURVE('',#2113,#2111,#1114,.T.);
#2660=EDGE_CURVE('',#2031,#2114,#368,.T.);
#2661=EDGE_CURVE('',#2114,#2113,#369,.T.);
#2662=EDGE_CURVE('',#2031,#2071,#1115,.T.);
#2663=EDGE_CURVE('',#2071,#2115,#370,.T.);
#2664=EDGE_CURVE('',#2115,#2114,#1116,.T.);
#2665=EDGE_CURVE('',#2110,#2115,#371,.T.);
#2666=EDGE_CURVE('',#2116,#2117,#372,.T.);
#2667=EDGE_CURVE('',#2117,#2109,#1117,.T.);
#2668=EDGE_CURVE('',#2108,#2116,#1118,.T.);
#2669=EDGE_CURVE('',#2118,#2119,#373,.T.);
#2670=EDGE_CURVE('',#2119,#2117,#374,.T.);
#2671=EDGE_CURVE('',#2116,#2118,#375,.T.);
#2672=EDGE_CURVE('',#2120,#2121,#376,.T.);
#2673=EDGE_CURVE('',#2121,#2119,#1119,.T.);
#2674=EDGE_CURVE('',#2118,#2120,#1120,.T.);
#2675=EDGE_CURVE('',#2122,#2123,#377,.T.);
#2676=EDGE_CURVE('',#2123,#2121,#378,.T.);
#2677=EDGE_CURVE('',#2120,#2122,#379,.T.);
#2678=EDGE_CURVE('',#2124,#2125,#380,.T.);
#2679=EDGE_CURVE('',#2125,#2123,#1121,.T.);
#2680=EDGE_CURVE('',#2122,#2124,#1122,.T.);
#2681=EDGE_CURVE('',#2126,#2127,#381,.T.);
#2682=EDGE_CURVE('',#2127,#2125,#382,.T.);
#2683=EDGE_CURVE('',#2124,#2126,#383,.T.);
#2684=EDGE_CURVE('',#2128,#2129,#384,.T.);
#2685=EDGE_CURVE('',#2129,#2127,#1123,.T.);
#2686=EDGE_CURVE('',#2126,#2128,#1124,.T.);
#2687=EDGE_CURVE('',#2112,#2129,#385,.T.);
#2688=EDGE_CURVE('',#2128,#2078,#386,.T.);
#2689=EDGE_CURVE('',#2108,#2130,#387,.T.);
#2690=EDGE_CURVE('',#2130,#2131,#1827,.T.);
#2691=EDGE_CURVE('',#2116,#2131,#388,.T.);
#2692=EDGE_CURVE('',#2128,#2132,#389,.T.);
#2693=EDGE_CURVE('',#2132,#2133,#390,.T.);
#2694=EDGE_CURVE('',#2133,#2134,#391,.F.);
#2695=EDGE_CURVE('',#2134,#2130,#392,.T.);
#2696=EDGE_CURVE('',#2135,#2136,#393,.T.);
#2697=EDGE_CURVE('',#2137,#2135,#394,.T.);
#2698=EDGE_CURVE('',#2138,#2137,#395,.T.);
#2699=EDGE_CURVE('',#2139,#2138,#396,.T.);
#2700=EDGE_CURVE('',#2140,#2139,#1125,.T.);
#2701=EDGE_CURVE('',#2141,#2140,#397,.T.);
#2702=EDGE_CURVE('',#2142,#2141,#1126,.T.);
#2703=EDGE_CURVE('',#2143,#2142,#398,.T.);
#2704=EDGE_CURVE('',#2144,#2143,#1127,.T.);
#2705=EDGE_CURVE('',#2145,#2144,#399,.T.);
#2706=EDGE_CURVE('',#2146,#2145,#1128,.T.);
#2707=EDGE_CURVE('',#2147,#2146,#400,.T.);
#2708=EDGE_CURVE('',#2148,#2147,#1129,.T.);
#2709=EDGE_CURVE('',#2149,#2148,#401,.T.);
#2710=EDGE_CURVE('',#2150,#2149,#1130,.T.);
#2711=EDGE_CURVE('',#2136,#2150,#402,.T.);
#2712=EDGE_CURVE('',#2097,#2151,#403,.T.);
#2713=EDGE_CURVE('',#2151,#2138,#404,.T.);
#2714=EDGE_CURVE('',#2097,#2137,#405,.T.);
#2715=EDGE_CURVE('',#2136,#2095,#406,.T.);
#2716=EDGE_CURVE('',#2094,#2135,#407,.T.);
#2717=EDGE_CURVE('',#2150,#2152,#408,.T.);
#2718=EDGE_CURVE('',#2152,#2095,#409,.T.);
#2719=EDGE_CURVE('',#2149,#2058,#410,.T.);
#2720=EDGE_CURVE('',#2058,#2152,#1131,.T.);
#2721=EDGE_CURVE('',#2148,#2059,#411,.T.);
#2722=EDGE_CURVE('',#2147,#2153,#412,.T.);
#2723=EDGE_CURVE('',#2153,#2059,#1132,.T.);
#2724=EDGE_CURVE('',#2146,#2154,#413,.T.);
#2725=EDGE_CURVE('',#2154,#2153,#414,.T.);
#2726=EDGE_CURVE('',#2145,#2155,#415,.T.);
#2727=EDGE_CURVE('',#2155,#2154,#1133,.T.);
#2728=EDGE_CURVE('',#2144,#2156,#416,.T.);
#2729=EDGE_CURVE('',#2156,#2155,#417,.T.);
#2730=EDGE_CURVE('',#2143,#2157,#418,.T.);
#2731=EDGE_CURVE('',#2157,#2156,#1134,.T.);
#2732=EDGE_CURVE('',#2142,#2158,#419,.T.);
#2733=EDGE_CURVE('',#2158,#2157,#420,.T.);
#2734=EDGE_CURVE('',#2141,#2052,#421,.T.);
#2735=EDGE_CURVE('',#2052,#2158,#1135,.T.);
#2736=EDGE_CURVE('',#2140,#2053,#422,.T.);
#2737=EDGE_CURVE('',#2139,#2159,#423,.T.);
#2738=EDGE_CURVE('',#2159,#2053,#1136,.T.);
#2739=EDGE_CURVE('',#2151,#2159,#424,.T.);
#2740=EDGE_CURVE('',#2158,#2160,#425,.T.);
#2741=EDGE_CURVE('',#2161,#2160,#121,.T.);
#2742=EDGE_CURVE('',#2162,#2161,#426,.T.);
#2743=EDGE_CURVE('',#2163,#2162,#122,.T.);
#2744=EDGE_CURVE('',#2157,#2163,#427,.T.);
#2745=EDGE_CURVE('',#2160,#2051,#1828,.T.);
#2746=EDGE_CURVE('',#2159,#2164,#428,.T.);
#2747=EDGE_CURVE('',#2164,#2054,#1137,.T.);
#2748=EDGE_CURVE('',#2151,#2165,#429,.T.);
#2749=EDGE_CURVE('',#2164,#2165,#430,.T.);
#2750=EDGE_CURVE('',#2091,#2165,#123,.T.);
#2751=EDGE_CURVE('',#2166,#2167,#162,.T.);
#2752=EDGE_CURVE('',#2168,#2166,#1138,.T.);
#2753=EDGE_CURVE('',#2168,#2098,#431,.T.);
#2754=EDGE_CURVE('',#2169,#2168,#1139,.T.);
#2755=EDGE_CURVE('',#2170,#2169,#163,.T.);
#2756=EDGE_CURVE('',#2171,#2170,#1140,.T.);
#2757=EDGE_CURVE('',#2172,#2171,#164,.T.);
#2758=EDGE_CURVE('',#2173,#2172,#1141,.T.);
#2759=EDGE_CURVE('',#2174,#2173,#165,.T.);
#2760=EDGE_CURVE('',#2175,#2174,#1142,.T.);
#2761=EDGE_CURVE('',#2176,#2175,#166,.T.);
#2762=EDGE_CURVE('',#2177,#2176,#1143,.T.);
#2763=EDGE_CURVE('',#2178,#2177,#167,.T.);
#2764=EDGE_CURVE('',#2167,#2178,#1144,.T.);
#2765=EDGE_CURVE('',#2179,#2180,#168,.T.);
#2766=EDGE_CURVE('',#2181,#2179,#1145,.T.);
#2767=EDGE_CURVE('',#2181,#2099,#432,.T.);
#2768=EDGE_CURVE('',#2182,#2181,#1146,.T.);
#2769=EDGE_CURVE('',#2183,#2182,#169,.T.);
#2770=EDGE_CURVE('',#2184,#2183,#1147,.T.);
#2771=EDGE_CURVE('',#2185,#2184,#170,.T.);
#2772=EDGE_CURVE('',#2186,#2185,#1148,.T.);
#2773=EDGE_CURVE('',#2187,#2186,#171,.T.);
#2774=EDGE_CURVE('',#2188,#2187,#1149,.T.);
#2775=EDGE_CURVE('',#2189,#2188,#172,.T.);
#2776=EDGE_CURVE('',#2190,#2189,#1150,.T.);
#2777=EDGE_CURVE('',#2191,#2190,#173,.T.);
#2778=EDGE_CURVE('',#2180,#2191,#1151,.T.);
#2779=EDGE_CURVE('',#2192,#2193,#433,.T.);
#2780=EDGE_CURVE('',#2193,#2194,#1829,.T.);
#2781=EDGE_CURVE('',#2194,#2195,#434,.T.);
#2782=EDGE_CURVE('',#2195,#2192,#1830,.T.);
#2783=EDGE_CURVE('',#2196,#2197,#435,.T.);
#2784=EDGE_CURVE('',#2197,#2198,#1831,.T.);
#2785=EDGE_CURVE('',#2198,#2199,#436,.T.);
#2786=EDGE_CURVE('',#2196,#2199,#1832,.T.);
#2787=EDGE_CURVE('',#2197,#2200,#1152,.T.);
#2788=EDGE_CURVE('',#2200,#2201,#1833,.T.);
#2789=EDGE_CURVE('',#2201,#2198,#1153,.T.);
#2790=EDGE_CURVE('',#2200,#2202,#437,.T.);
#2791=EDGE_CURVE('',#2202,#2203,#1834,.T.);
#2792=EDGE_CURVE('',#2203,#2201,#438,.T.);
#2793=EDGE_CURVE('',#2202,#2204,#1154,.T.);
#2794=EDGE_CURVE('',#2204,#2205,#1835,.T.);
#2795=EDGE_CURVE('',#2205,#2203,#1155,.T.);
#2796=EDGE_CURVE('',#2204,#2206,#439,.T.);
#2797=EDGE_CURVE('',#2206,#2207,#1836,.T.);
#2798=EDGE_CURVE('',#2207,#2205,#440,.T.);
#2799=EDGE_CURVE('',#2208,#2207,#1156,.T.);
#2800=EDGE_CURVE('',#2206,#2209,#1157,.T.);
#2801=EDGE_CURVE('',#2209,#2208,#1837,.T.);
#2802=EDGE_CURVE('',#2210,#2208,#441,.T.);
#2803=EDGE_CURVE('',#2209,#2211,#442,.T.);
#2804=EDGE_CURVE('',#2211,#2210,#1838,.T.);
#2805=EDGE_CURVE('',#2212,#2210,#1158,.T.);
#2806=EDGE_CURVE('',#2211,#2213,#1159,.T.);
#2807=EDGE_CURVE('',#2213,#2212,#1839,.T.);
#2808=EDGE_CURVE('',#2214,#2212,#443,.T.);
#2809=EDGE_CURVE('',#2213,#2215,#444,.T.);
#2810=EDGE_CURVE('',#2215,#2214,#1840,.T.);
#2811=EDGE_CURVE('',#2193,#2214,#1160,.T.);
#2812=EDGE_CURVE('',#2215,#2194,#1161,.T.);
#2813=EDGE_CURVE('',#2199,#2192,#1162,.T.);
#2814=EDGE_CURVE('',#2195,#2196,#1163,.T.);
#2815=EDGE_CURVE('',#2169,#2206,#445,.T.);
#2816=EDGE_CURVE('',#2166,#2209,#446,.T.);
#2817=EDGE_CURVE('',#2170,#2204,#447,.T.);
#2818=EDGE_CURVE('',#2171,#2202,#448,.T.);
#2819=EDGE_CURVE('',#2172,#2200,#449,.T.);
#2820=EDGE_CURVE('',#2173,#2197,#450,.T.);
#2821=EDGE_CURVE('',#2174,#2196,#451,.T.);
#2822=EDGE_CURVE('',#2216,#2216,#1164,.T.);
#2823=EDGE_CURVE('',#2217,#2218,#452,.T.);
#2824=EDGE_CURVE('',#2218,#2219,#1841,.T.);
#2825=EDGE_CURVE('',#2219,#2220,#453,.T.);
#2826=EDGE_CURVE('',#2217,#2220,#1842,.T.);
#2827=EDGE_CURVE('',#2218,#2221,#1165,.T.);
#2828=EDGE_CURVE('',#2221,#2222,#1843,.T.);
#2829=EDGE_CURVE('',#2222,#2219,#1166,.T.);
#2830=EDGE_CURVE('',#2221,#2223,#454,.T.);
#2831=EDGE_CURVE('',#2223,#2224,#1844,.T.);
#2832=EDGE_CURVE('',#2224,#2222,#455,.T.);
#2833=EDGE_CURVE('',#2225,#2226,#456,.T.);
#2834=EDGE_CURVE('',#2226,#2227,#1845,.T.);
#2835=EDGE_CURVE('',#2227,#2228,#457,.T.);
#2836=EDGE_CURVE('',#2228,#2225,#1846,.T.);
#2837=EDGE_CURVE('',#2229,#2227,#1167,.T.);
#2838=EDGE_CURVE('',#2226,#2230,#1168,.T.);
#2839=EDGE_CURVE('',#2230,#2229,#1847,.T.);
#2840=EDGE_CURVE('',#2231,#2229,#458,.T.);
#2841=EDGE_CURVE('',#2230,#2232,#459,.T.);
#2842=EDGE_CURVE('',#2232,#2231,#1848,.T.);
#2843=EDGE_CURVE('',#2223,#2225,#1169,.T.);
#2844=EDGE_CURVE('',#2228,#2224,#1170,.T.);
#2845=EDGE_CURVE('',#2233,#2231,#1171,.T.);
#2846=EDGE_CURVE('',#2232,#2234,#1172,.T.);
#2847=EDGE_CURVE('',#2234,#2233,#1849,.T.);
#2848=EDGE_CURVE('',#2235,#2233,#460,.T.);
#2849=EDGE_CURVE('',#2234,#2236,#461,.T.);
#2850=EDGE_CURVE('',#2236,#2235,#1850,.T.);
#2851=EDGE_CURVE('',#2237,#2235,#1173,.T.);
#2852=EDGE_CURVE('',#2236,#2238,#1174,.T.);
#2853=EDGE_CURVE('',#2238,#2237,#1851,.T.);
#2854=EDGE_CURVE('',#2239,#2237,#462,.T.);
#2855=EDGE_CURVE('',#2238,#2240,#463,.T.);
#2856=EDGE_CURVE('',#2240,#2239,#1852,.T.);
#2857=EDGE_CURVE('',#2220,#2239,#1175,.T.);
#2858=EDGE_CURVE('',#2240,#2217,#1176,.T.);
#2859=EDGE_CURVE('',#2184,#2236,#464,.T.);
#2860=EDGE_CURVE('',#2183,#2238,#465,.T.);
#2861=EDGE_CURVE('',#2185,#2234,#466,.T.);
#2862=EDGE_CURVE('',#2186,#2232,#467,.T.);
#2863=EDGE_CURVE('',#2187,#2230,#468,.T.);
#2864=EDGE_CURVE('',#2188,#2226,#469,.T.);
#2865=EDGE_CURVE('',#2225,#2189,#470,.T.);
#2866=EDGE_CURVE('',#2241,#2241,#1177,.T.);
#2867=EDGE_CURVE('',#2182,#2240,#471,.T.);
#2868=EDGE_CURVE('',#2179,#2217,#472,.T.);
#2869=EDGE_CURVE('',#2180,#2218,#473,.T.);
#2870=EDGE_CURVE('',#2191,#2221,#474,.T.);
#2871=EDGE_CURVE('',#2190,#2223,#475,.T.);
#2872=EDGE_CURVE('',#2194,#2176,#476,.T.);
#2873=EDGE_CURVE('',#2175,#2195,#477,.T.);
#2874=EDGE_CURVE('',#2167,#2211,#478,.T.);
#2875=EDGE_CURVE('',#2178,#2213,#479,.T.);
#2876=EDGE_CURVE('',#2177,#2215,#480,.T.);
#2877=EDGE_CURVE('',#2242,#2243,#1178,.T.);
#2878=EDGE_CURVE('',#2242,#2072,#481,.T.);
#2879=EDGE_CURVE('',#2243,#2242,#1179,.T.);
#2880=EDGE_CURVE('',#2244,#2245,#1180,.T.);
#2881=EDGE_CURVE('',#2244,#2080,#482,.T.);
#2882=EDGE_CURVE('',#2245,#2244,#1181,.T.);
#2883=EDGE_CURVE('',#2241,#2245,#1182,.T.);
#2884=EDGE_CURVE('',#2216,#2243,#1183,.T.);
#2885=EDGE_CURVE('',#2027,#2246,#1184,.T.);
#2886=EDGE_CURVE('',#2024,#2246,#483,.T.);
#2887=EDGE_CURVE('',#2246,#2028,#1185,.T.);
#2888=EDGE_CURVE('',#2247,#2104,#1853,.T.);
#2889=EDGE_CURVE('',#2248,#2247,#1854,.T.);
#2890=EDGE_CURVE('',#2249,#2248,#1855,.T.);
#2891=EDGE_CURVE('',#2105,#2249,#1856,.T.);
#2892=EDGE_CURVE('',#2106,#2249,#484,.T.);
#2893=EDGE_CURVE('',#2250,#2248,#1186,.T.);
#2894=EDGE_CURVE('',#2107,#2250,#485,.T.);
#2895=EDGE_CURVE('',#2251,#2250,#1187,.T.);
#2896=EDGE_CURVE('',#2100,#2251,#486,.T.);
#2897=EDGE_CURVE('',#2103,#2252,#1857,.T.);
#2898=EDGE_CURVE('',#2247,#2252,#1188,.T.);
#2899=EDGE_CURVE('',#2252,#2253,#1858,.T.);
#2900=EDGE_CURVE('',#2253,#2251,#1189,.T.);
#2901=EDGE_CURVE('',#2254,#2102,#1859,.T.);
#2902=EDGE_CURVE('',#2253,#2254,#1860,.T.);
#2903=EDGE_CURVE('',#2101,#2254,#487,.T.);
#2904=EDGE_CURVE('',#2255,#2256,#124,.T.);
#2905=EDGE_CURVE('',#2257,#2255,#1861,.T.);
#2906=EDGE_CURVE('',#2258,#2257,#125,.T.);
#2907=EDGE_CURVE('',#2259,#2258,#488,.T.);
#2908=EDGE_CURVE('',#2260,#2259,#126,.T.);
#2909=EDGE_CURVE('',#2256,#2260,#489,.T.);
#2910=EDGE_CURVE('',#2118,#2257,#490,.T.);
#2911=EDGE_CURVE('',#2120,#2255,#491,.T.);
#2912=EDGE_CURVE('',#2131,#2261,#127,.F.);
#2913=EDGE_CURVE('',#2261,#2258,#492,.F.);
#2914=EDGE_CURVE('',#2261,#2262,#493,.T.);
#2915=EDGE_CURVE('',#2259,#2262,#494,.T.);
#2916=EDGE_CURVE('',#2263,#2264,#128,.T.);
#2917=EDGE_CURVE('',#2265,#2263,#1862,.T.);
#2918=EDGE_CURVE('',#2266,#2265,#129,.T.);
#2919=EDGE_CURVE('',#2267,#2266,#495,.T.);
#2920=EDGE_CURVE('',#2268,#2267,#130,.T.);
#2921=EDGE_CURVE('',#2264,#2268,#496,.T.);
#2922=EDGE_CURVE('',#2122,#2265,#497,.T.);
#2923=EDGE_CURVE('',#2124,#2263,#498,.T.);
#2924=EDGE_CURVE('',#2256,#2266,#499,.F.);
#2925=EDGE_CURVE('',#2267,#2260,#500,.T.);
#2926=EDGE_CURVE('',#2262,#2134,#131,.T.);
#2927=EDGE_CURVE('',#2133,#2269,#132,.F.);
#2928=EDGE_CURVE('',#2269,#2268,#501,.F.);
#2929=EDGE_CURVE('',#2270,#2132,#1863,.T.);
#2930=EDGE_CURVE('',#2271,#2270,#133,.T.);
#2931=EDGE_CURVE('',#2269,#2271,#502,.T.);
#2932=EDGE_CURVE('',#2126,#2270,#503,.T.);
#2933=EDGE_CURVE('',#2264,#2271,#504,.F.);
#2934=EDGE_CURVE('',#2272,#2273,#134,.T.);
#2935=EDGE_CURVE('',#2273,#2274,#505,.T.);
#2936=EDGE_CURVE('',#2274,#2275,#135,.T.);
#2937=EDGE_CURVE('',#2275,#2276,#506,.T.);
#2938=EDGE_CURVE('',#2276,#2277,#136,.T.);
#2939=EDGE_CURVE('',#2277,#2272,#1864,.T.);
#2940=EDGE_CURVE('',#2155,#2272,#507,.T.);
#2941=EDGE_CURVE('',#2154,#2277,#508,.T.);
#2942=EDGE_CURVE('',#2049,#2276,#509,.T.);
#2943=EDGE_CURVE('',#2153,#2048,#510,.T.);
#2944=EDGE_CURVE('',#2275,#2050,#511,.T.);
#2945=EDGE_CURVE('',#2162,#2278,#512,.T.);
#2946=EDGE_CURVE('',#2278,#2279,#137,.T.);
#2947=EDGE_CURVE('',#2279,#2280,#513,.T.);
#2948=EDGE_CURVE('',#2280,#2281,#138,.T.);
#2949=EDGE_CURVE('',#2281,#2163,#1865,.T.);
#2950=EDGE_CURVE('',#2156,#2281,#514,.T.);
#2951=EDGE_CURVE('',#2273,#2280,#515,.T.);
#2952=EDGE_CURVE('',#2279,#2274,#516,.T.);
#2953=EDGE_CURVE('',#2282,#2278,#517,.T.);
#2954=EDGE_CURVE('',#2045,#2282,#139,.T.);
#2955=EDGE_CURVE('',#2282,#2161,#518,.T.);
#2956=EDGE_CURVE('',#2283,#2055,#1190,.T.);
#2957=EDGE_CURVE('',#2164,#2283,#140,.T.);
#2958=EDGE_CURVE('',#2284,#2056,#1191,.T.);
#2959=EDGE_CURVE('',#2283,#2284,#519,.T.);
#2960=EDGE_CURVE('',#2285,#2057,#1192,.T.);
#2961=EDGE_CURVE('',#2284,#2285,#1193,.T.);
#2962=EDGE_CURVE('',#2285,#2152,#520,.T.);
#2963=EDGE_CURVE('',#2096,#2285,#521,.T.);
#2964=EDGE_CURVE('',#2284,#2086,#522,.T.);
#2965=EDGE_CURVE('',#2093,#2283,#523,.T.);
#2966=ORIENTED_EDGE('',*,*,#2286,.T.);
#2967=ORIENTED_EDGE('',*,*,#2287,.T.);
#2968=ORIENTED_EDGE('',*,*,#2288,.T.);
#2969=ORIENTED_EDGE('',*,*,#2289,.T.);
#2970=ORIENTED_EDGE('',*,*,#2290,.T.);
#2971=ORIENTED_EDGE('',*,*,#2287,.F.);
#2972=ORIENTED_EDGE('',*,*,#2291,.T.);
#2973=ORIENTED_EDGE('',*,*,#2292,.F.);
#2974=ORIENTED_EDGE('',*,*,#2293,.F.);
#2975=ORIENTED_EDGE('',*,*,#2286,.F.);
#2976=ORIENTED_EDGE('',*,*,#2294,.F.);
#2977=ORIENTED_EDGE('',*,*,#2295,.F.);
#2978=ORIENTED_EDGE('',*,*,#2296,.F.);
#2979=ORIENTED_EDGE('',*,*,#2297,.F.);
#2980=ORIENTED_EDGE('',*,*,#2291,.F.);
#2981=ORIENTED_EDGE('',*,*,#2298,.T.);
#2982=ORIENTED_EDGE('',*,*,#2299,.T.);
#2983=ORIENTED_EDGE('',*,*,#2300,.T.);
#2984=ORIENTED_EDGE('',*,*,#2292,.T.);
#2985=ORIENTED_EDGE('',*,*,#2297,.T.);
#2986=ORIENTED_EDGE('',*,*,#2298,.F.);
#2987=ORIENTED_EDGE('',*,*,#2296,.T.);
#2988=ORIENTED_EDGE('',*,*,#2301,.F.);
#2989=ORIENTED_EDGE('',*,*,#2302,.F.);
#2990=ORIENTED_EDGE('',*,*,#2303,.T.);
#2991=ORIENTED_EDGE('',*,*,#2304,.T.);
#2992=ORIENTED_EDGE('',*,*,#2305,.F.);
#2993=ORIENTED_EDGE('',*,*,#2306,.F.);
#2994=ORIENTED_EDGE('',*,*,#2307,.F.);
#2995=ORIENTED_EDGE('',*,*,#2308,.F.);
#2996=ORIENTED_EDGE('',*,*,#2304,.F.);
#2997=ORIENTED_EDGE('',*,*,#2309,.F.);
#2998=ORIENTED_EDGE('',*,*,#2310,.F.);
#2999=ORIENTED_EDGE('',*,*,#2311,.F.);
#3000=ORIENTED_EDGE('',*,*,#2312,.F.);
#3001=ORIENTED_EDGE('',*,*,#2313,.F.);
#3002=ORIENTED_EDGE('',*,*,#2314,.F.);
#3003=ORIENTED_EDGE('',*,*,#2315,.F.);
#3004=ORIENTED_EDGE('',*,*,#2316,.F.);
#3005=ORIENTED_EDGE('',*,*,#2317,.T.);
#3006=ORIENTED_EDGE('',*,*,#2318,.F.);
#3007=ORIENTED_EDGE('',*,*,#2319,.F.);
#3008=ORIENTED_EDGE('',*,*,#2320,.F.);
#3009=ORIENTED_EDGE('',*,*,#2321,.F.);
#3010=ORIENTED_EDGE('',*,*,#2322,.F.);
#3011=ORIENTED_EDGE('',*,*,#2322,.T.);
#3012=ORIENTED_EDGE('',*,*,#2323,.F.);
#3013=ORIENTED_EDGE('',*,*,#2324,.F.);
#3014=ORIENTED_EDGE('',*,*,#2325,.F.);
#3015=ORIENTED_EDGE('',*,*,#2326,.F.);
#3016=ORIENTED_EDGE('',*,*,#2327,.T.);
#3017=ORIENTED_EDGE('',*,*,#2328,.T.);
#3018=ORIENTED_EDGE('',*,*,#2329,.T.);
#3019=ORIENTED_EDGE('',*,*,#2330,.T.);
#3020=ORIENTED_EDGE('',*,*,#2331,.T.);
#3021=ORIENTED_EDGE('',*,*,#2332,.T.);
#3022=ORIENTED_EDGE('',*,*,#2329,.F.);
#3023=ORIENTED_EDGE('',*,*,#2333,.T.);
#3024=ORIENTED_EDGE('',*,*,#2334,.T.);
#3025=ORIENTED_EDGE('',*,*,#2335,.T.);
#3026=ORIENTED_EDGE('',*,*,#2331,.F.);
#3027=ORIENTED_EDGE('',*,*,#2336,.T.);
#3028=ORIENTED_EDGE('',*,*,#2337,.T.);
#3029=ORIENTED_EDGE('',*,*,#2338,.T.);
#3030=ORIENTED_EDGE('',*,*,#2334,.F.);
#3031=ORIENTED_EDGE('',*,*,#2339,.T.);
#3032=ORIENTED_EDGE('',*,*,#2340,.T.);
#3033=ORIENTED_EDGE('',*,*,#2316,.T.);
#3034=ORIENTED_EDGE('',*,*,#2337,.F.);
#3035=ORIENTED_EDGE('',*,*,#2341,.T.);
#3036=ORIENTED_EDGE('',*,*,#2341,.F.);
#3037=ORIENTED_EDGE('',*,*,#2339,.F.);
#3038=ORIENTED_EDGE('',*,*,#2336,.F.);
#3039=ORIENTED_EDGE('',*,*,#2333,.F.);
#3040=ORIENTED_EDGE('',*,*,#2328,.F.);
#3041=ORIENTED_EDGE('',*,*,#2342,.T.);
#3042=ORIENTED_EDGE('',*,*,#2343,.T.);
#3043=ORIENTED_EDGE('',*,*,#2344,.T.);
#3044=ORIENTED_EDGE('',*,*,#2345,.T.);
#3045=ORIENTED_EDGE('',*,*,#2346,.T.);
#3046=ORIENTED_EDGE('',*,*,#2347,.T.);
#3047=ORIENTED_EDGE('',*,*,#2288,.F.);
#3048=ORIENTED_EDGE('',*,*,#2293,.T.);
#3049=ORIENTED_EDGE('',*,*,#2300,.F.);
#3050=ORIENTED_EDGE('',*,*,#2348,.T.);
#3051=ORIENTED_EDGE('',*,*,#2302,.T.);
#3052=ORIENTED_EDGE('',*,*,#2307,.T.);
#3053=ORIENTED_EDGE('',*,*,#2349,.T.);
#3054=ORIENTED_EDGE('',*,*,#2350,.T.);
#3055=ORIENTED_EDGE('',*,*,#2351,.T.);
#3056=ORIENTED_EDGE('',*,*,#2350,.F.);
#3057=ORIENTED_EDGE('',*,*,#2352,.T.);
#3058=ORIENTED_EDGE('',*,*,#2353,.T.);
#3059=ORIENTED_EDGE('',*,*,#2354,.T.);
#3060=ORIENTED_EDGE('',*,*,#2355,.T.);
#3061=ORIENTED_EDGE('',*,*,#2356,.T.);
#3062=ORIENTED_EDGE('',*,*,#2353,.F.);
#3063=ORIENTED_EDGE('',*,*,#2357,.T.);
#3064=ORIENTED_EDGE('',*,*,#2355,.F.);
#3065=ORIENTED_EDGE('',*,*,#2358,.T.);
#3066=ORIENTED_EDGE('',*,*,#2359,.T.);
#3067=ORIENTED_EDGE('',*,*,#2360,.T.);
#3068=ORIENTED_EDGE('',*,*,#2361,.T.);
#3069=ORIENTED_EDGE('',*,*,#2362,.T.);
#3070=ORIENTED_EDGE('',*,*,#2359,.F.);
#3071=ORIENTED_EDGE('',*,*,#2363,.T.);
#3072=ORIENTED_EDGE('',*,*,#2361,.F.);
#3073=ORIENTED_EDGE('',*,*,#2364,.T.);
#3074=ORIENTED_EDGE('',*,*,#2365,.T.);
#3075=ORIENTED_EDGE('',*,*,#2366,.T.);
#3076=ORIENTED_EDGE('',*,*,#2367,.T.);
#3077=ORIENTED_EDGE('',*,*,#2368,.T.);
#3078=ORIENTED_EDGE('',*,*,#2365,.F.);
#3079=ORIENTED_EDGE('',*,*,#2369,.T.);
#3080=ORIENTED_EDGE('',*,*,#2369,.F.);
#3081=ORIENTED_EDGE('',*,*,#2364,.F.);
#3082=ORIENTED_EDGE('',*,*,#2363,.F.);
#3083=ORIENTED_EDGE('',*,*,#2358,.F.);
#3084=ORIENTED_EDGE('',*,*,#2357,.F.);
#3085=ORIENTED_EDGE('',*,*,#2352,.F.);
#3086=ORIENTED_EDGE('',*,*,#2349,.F.);
#3087=ORIENTED_EDGE('',*,*,#2306,.T.);
#3088=ORIENTED_EDGE('',*,*,#2370,.T.);
#3089=ORIENTED_EDGE('',*,*,#2371,.T.);
#3090=ORIENTED_EDGE('',*,*,#2372,.F.);
#3091=ORIENTED_EDGE('',*,*,#2373,.T.);
#3092=ORIENTED_EDGE('',*,*,#2374,.T.);
#3093=ORIENTED_EDGE('',*,*,#2375,.T.);
#3094=ORIENTED_EDGE('',*,*,#2374,.F.);
#3095=ORIENTED_EDGE('',*,*,#2376,.T.);
#3096=ORIENTED_EDGE('',*,*,#2377,.T.);
#3097=ORIENTED_EDGE('',*,*,#2378,.T.);
#3098=ORIENTED_EDGE('',*,*,#2379,.T.);
#3099=ORIENTED_EDGE('',*,*,#2380,.T.);
#3100=ORIENTED_EDGE('',*,*,#2377,.F.);
#3101=ORIENTED_EDGE('',*,*,#2381,.T.);
#3102=ORIENTED_EDGE('',*,*,#2379,.F.);
#3103=ORIENTED_EDGE('',*,*,#2382,.T.);
#3104=ORIENTED_EDGE('',*,*,#2383,.T.);
#3105=ORIENTED_EDGE('',*,*,#2384,.T.);
#3106=ORIENTED_EDGE('',*,*,#2385,.T.);
#3107=ORIENTED_EDGE('',*,*,#2386,.T.);
#3108=ORIENTED_EDGE('',*,*,#2383,.F.);
#3109=ORIENTED_EDGE('',*,*,#2314,.T.);
#3110=ORIENTED_EDGE('',*,*,#2338,.F.);
#3111=ORIENTED_EDGE('',*,*,#2315,.T.);
#3112=ORIENTED_EDGE('',*,*,#2382,.F.);
#3113=ORIENTED_EDGE('',*,*,#2387,.T.);
#3114=ORIENTED_EDGE('',*,*,#2335,.F.);
#3115=ORIENTED_EDGE('',*,*,#2387,.F.);
#3116=ORIENTED_EDGE('',*,*,#2381,.F.);
#3117=ORIENTED_EDGE('',*,*,#2388,.F.);
#3118=ORIENTED_EDGE('',*,*,#2332,.F.);
#3119=ORIENTED_EDGE('',*,*,#2388,.T.);
#3120=ORIENTED_EDGE('',*,*,#2376,.F.);
#3121=ORIENTED_EDGE('',*,*,#2389,.T.);
#3122=ORIENTED_EDGE('',*,*,#2310,.T.);
#3123=ORIENTED_EDGE('',*,*,#2390,.F.);
#3124=ORIENTED_EDGE('',*,*,#2391,.F.);
#3125=ORIENTED_EDGE('',*,*,#2392,.T.);
#3126=ORIENTED_EDGE('',*,*,#2393,.F.);
#3127=ORIENTED_EDGE('',*,*,#2394,.F.);
#3128=ORIENTED_EDGE('',*,*,#2330,.F.);
#3129=ORIENTED_EDGE('',*,*,#2389,.F.);
#3130=ORIENTED_EDGE('',*,*,#2373,.F.);
#3131=ORIENTED_EDGE('',*,*,#2395,.F.);
#3132=ORIENTED_EDGE('',*,*,#2396,.T.);
#3133=ORIENTED_EDGE('',*,*,#2397,.T.);
#3134=ORIENTED_EDGE('',*,*,#2398,.T.);
#3135=ORIENTED_EDGE('',*,*,#2320,.T.);
#3136=ORIENTED_EDGE('',*,*,#2399,.T.);
#3137=ORIENTED_EDGE('',*,*,#2400,.T.);
#3138=ORIENTED_EDGE('',*,*,#2398,.F.);
#3139=ORIENTED_EDGE('',*,*,#2401,.T.);
#3140=ORIENTED_EDGE('',*,*,#2402,.T.);
#3141=ORIENTED_EDGE('',*,*,#2403,.T.);
#3142=ORIENTED_EDGE('',*,*,#2399,.F.);
#3143=ORIENTED_EDGE('',*,*,#2404,.T.);
#3144=ORIENTED_EDGE('',*,*,#2405,.T.);
#3145=ORIENTED_EDGE('',*,*,#2406,.T.);
#3146=ORIENTED_EDGE('',*,*,#2402,.F.);
#3147=ORIENTED_EDGE('',*,*,#2407,.T.);
#3148=ORIENTED_EDGE('',*,*,#2408,.T.);
#3149=ORIENTED_EDGE('',*,*,#2409,.T.);
#3150=ORIENTED_EDGE('',*,*,#2405,.F.);
#3151=ORIENTED_EDGE('',*,*,#2410,.T.);
#3152=ORIENTED_EDGE('',*,*,#2411,.T.);
#3153=ORIENTED_EDGE('',*,*,#2412,.T.);
#3154=ORIENTED_EDGE('',*,*,#2408,.F.);
#3155=ORIENTED_EDGE('',*,*,#2413,.T.);
#3156=ORIENTED_EDGE('',*,*,#2414,.T.);
#3157=ORIENTED_EDGE('',*,*,#2415,.T.);
#3158=ORIENTED_EDGE('',*,*,#2411,.F.);
#3159=ORIENTED_EDGE('',*,*,#2416,.T.);
#3160=ORIENTED_EDGE('',*,*,#2417,.T.);
#3161=ORIENTED_EDGE('',*,*,#2418,.T.);
#3162=ORIENTED_EDGE('',*,*,#2414,.F.);
#3163=ORIENTED_EDGE('',*,*,#2419,.T.);
#3164=ORIENTED_EDGE('',*,*,#2420,.T.);
#3165=ORIENTED_EDGE('',*,*,#2391,.T.);
#3166=ORIENTED_EDGE('',*,*,#2417,.F.);
#3167=ORIENTED_EDGE('',*,*,#2421,.T.);
#3168=ORIENTED_EDGE('',*,*,#2421,.F.);
#3169=ORIENTED_EDGE('',*,*,#2419,.F.);
#3170=ORIENTED_EDGE('',*,*,#2416,.F.);
#3171=ORIENTED_EDGE('',*,*,#2413,.F.);
#3172=ORIENTED_EDGE('',*,*,#2410,.F.);
#3173=ORIENTED_EDGE('',*,*,#2407,.F.);
#3174=ORIENTED_EDGE('',*,*,#2404,.F.);
#3175=ORIENTED_EDGE('',*,*,#2401,.F.);
#3176=ORIENTED_EDGE('',*,*,#2397,.F.);
#3177=ORIENTED_EDGE('',*,*,#2422,.T.);
#3178=ORIENTED_EDGE('',*,*,#2423,.T.);
#3179=ORIENTED_EDGE('',*,*,#2295,.T.);
#3180=ORIENTED_EDGE('',*,*,#2424,.F.);
#3181=ORIENTED_EDGE('',*,*,#2345,.F.);
#3182=ORIENTED_EDGE('',*,*,#2301,.T.);
#3183=ORIENTED_EDGE('',*,*,#2290,.F.);
#3184=ORIENTED_EDGE('',*,*,#2425,.F.);
#3185=ORIENTED_EDGE('',*,*,#2346,.F.);
#3186=ORIENTED_EDGE('',*,*,#2424,.T.);
#3187=ORIENTED_EDGE('',*,*,#2294,.T.);
#3188=ORIENTED_EDGE('',*,*,#2289,.F.);
#3189=ORIENTED_EDGE('',*,*,#2347,.F.);
#3190=ORIENTED_EDGE('',*,*,#2425,.T.);
#3191=ORIENTED_EDGE('',*,*,#2299,.F.);
#3192=ORIENTED_EDGE('',*,*,#2303,.F.);
#3193=ORIENTED_EDGE('',*,*,#2348,.F.);
#3194=ORIENTED_EDGE('',*,*,#2426,.F.);
#3195=ORIENTED_EDGE('',*,*,#2427,.F.);
#3196=ORIENTED_EDGE('',*,*,#2428,.F.);
#3197=ORIENTED_EDGE('',*,*,#2429,.F.);
#3198=ORIENTED_EDGE('',*,*,#2430,.F.);
#3199=ORIENTED_EDGE('',*,*,#2431,.F.);
#3200=ORIENTED_EDGE('',*,*,#2432,.F.);
#3201=ORIENTED_EDGE('',*,*,#2433,.F.);
#3202=ORIENTED_EDGE('',*,*,#2434,.F.);
#3203=ORIENTED_EDGE('',*,*,#2435,.F.);
#3204=ORIENTED_EDGE('',*,*,#2436,.F.);
#3205=ORIENTED_EDGE('',*,*,#2437,.F.);
#3206=ORIENTED_EDGE('',*,*,#2438,.F.);
#3207=ORIENTED_EDGE('',*,*,#2439,.T.);
#3208=ORIENTED_EDGE('',*,*,#2440,.T.);
#3209=ORIENTED_EDGE('',*,*,#2439,.F.);
#3210=ORIENTED_EDGE('',*,*,#2441,.F.);
#3211=ORIENTED_EDGE('',*,*,#2442,.F.);
#3212=ORIENTED_EDGE('',*,*,#2443,.F.);
#3213=ORIENTED_EDGE('',*,*,#2444,.F.);
#3214=ORIENTED_EDGE('',*,*,#2445,.F.);
#3215=ORIENTED_EDGE('',*,*,#2446,.F.);
#3216=ORIENTED_EDGE('',*,*,#2447,.F.);
#3217=ORIENTED_EDGE('',*,*,#2448,.F.);
#3218=ORIENTED_EDGE('',*,*,#2449,.F.);
#3219=ORIENTED_EDGE('',*,*,#2450,.F.);
#3220=ORIENTED_EDGE('',*,*,#2451,.F.);
#3221=ORIENTED_EDGE('',*,*,#2452,.F.);
#3222=ORIENTED_EDGE('',*,*,#2453,.F.);
#3223=ORIENTED_EDGE('',*,*,#2454,.T.);
#3224=ORIENTED_EDGE('',*,*,#2455,.T.);
#3225=ORIENTED_EDGE('',*,*,#2454,.F.);
#3226=ORIENTED_EDGE('',*,*,#2440,.F.);
#3227=ORIENTED_EDGE('',*,*,#2456,.T.);
#3228=ORIENTED_EDGE('',*,*,#2343,.F.);
#3229=ORIENTED_EDGE('',*,*,#2456,.F.);
#3230=ORIENTED_EDGE('',*,*,#2455,.F.);
#3231=ORIENTED_EDGE('',*,*,#2457,.T.);
#3232=ORIENTED_EDGE('',*,*,#2344,.F.);
#3233=ORIENTED_EDGE('',*,*,#2457,.F.);
#3234=ORIENTED_EDGE('',*,*,#2432,.T.);
#3235=ORIENTED_EDGE('',*,*,#2458,.T.);
#3236=ORIENTED_EDGE('',*,*,#2459,.F.);
#3237=ORIENTED_EDGE('',*,*,#2460,.F.);
#3238=ORIENTED_EDGE('',*,*,#2431,.T.);
#3239=ORIENTED_EDGE('',*,*,#2461,.T.);
#3240=ORIENTED_EDGE('',*,*,#2462,.F.);
#3241=ORIENTED_EDGE('',*,*,#2458,.F.);
#3242=ORIENTED_EDGE('',*,*,#2430,.T.);
#3243=ORIENTED_EDGE('',*,*,#2463,.T.);
#3244=ORIENTED_EDGE('',*,*,#2464,.F.);
#3245=ORIENTED_EDGE('',*,*,#2461,.F.);
#3246=ORIENTED_EDGE('',*,*,#2429,.T.);
#3247=ORIENTED_EDGE('',*,*,#2465,.T.);
#3248=ORIENTED_EDGE('',*,*,#2466,.F.);
#3249=ORIENTED_EDGE('',*,*,#2463,.F.);
#3250=ORIENTED_EDGE('',*,*,#2428,.T.);
#3251=ORIENTED_EDGE('',*,*,#2467,.T.);
#3252=ORIENTED_EDGE('',*,*,#2468,.F.);
#3253=ORIENTED_EDGE('',*,*,#2465,.F.);
#3254=ORIENTED_EDGE('',*,*,#2427,.T.);
#3255=ORIENTED_EDGE('',*,*,#2469,.T.);
#3256=ORIENTED_EDGE('',*,*,#2470,.F.);
#3257=ORIENTED_EDGE('',*,*,#2467,.F.);
#3258=ORIENTED_EDGE('',*,*,#2447,.T.);
#3259=ORIENTED_EDGE('',*,*,#2471,.T.);
#3260=ORIENTED_EDGE('',*,*,#2472,.F.);
#3261=ORIENTED_EDGE('',*,*,#2473,.F.);
#3262=ORIENTED_EDGE('',*,*,#2446,.T.);
#3263=ORIENTED_EDGE('',*,*,#2474,.T.);
#3264=ORIENTED_EDGE('',*,*,#2475,.F.);
#3265=ORIENTED_EDGE('',*,*,#2471,.F.);
#3266=ORIENTED_EDGE('',*,*,#2445,.T.);
#3267=ORIENTED_EDGE('',*,*,#2476,.T.);
#3268=ORIENTED_EDGE('',*,*,#2477,.F.);
#3269=ORIENTED_EDGE('',*,*,#2474,.F.);
#3270=ORIENTED_EDGE('',*,*,#2444,.T.);
#3271=ORIENTED_EDGE('',*,*,#2478,.T.);
#3272=ORIENTED_EDGE('',*,*,#2479,.F.);
#3273=ORIENTED_EDGE('',*,*,#2476,.F.);
#3274=ORIENTED_EDGE('',*,*,#2443,.T.);
#3275=ORIENTED_EDGE('',*,*,#2480,.T.);
#3276=ORIENTED_EDGE('',*,*,#2481,.F.);
#3277=ORIENTED_EDGE('',*,*,#2478,.F.);
#3278=ORIENTED_EDGE('',*,*,#2442,.T.);
#3279=ORIENTED_EDGE('',*,*,#2482,.T.);
#3280=ORIENTED_EDGE('',*,*,#2483,.F.);
#3281=ORIENTED_EDGE('',*,*,#2480,.F.);
#3282=ORIENTED_EDGE('',*,*,#2323,.T.);
#3283=ORIENTED_EDGE('',*,*,#2321,.T.);
#3284=ORIENTED_EDGE('',*,*,#2400,.F.);
#3285=ORIENTED_EDGE('',*,*,#2484,.T.);
#3286=ORIENTED_EDGE('',*,*,#2368,.F.);
#3287=ORIENTED_EDGE('',*,*,#2485,.T.);
#3288=ORIENTED_EDGE('',*,*,#2366,.F.);
#3289=ORIENTED_EDGE('',*,*,#2484,.F.);
#3290=ORIENTED_EDGE('',*,*,#2403,.F.);
#3291=ORIENTED_EDGE('',*,*,#2486,.F.);
#3292=ORIENTED_EDGE('',*,*,#2362,.F.);
#3293=ORIENTED_EDGE('',*,*,#2486,.T.);
#3294=ORIENTED_EDGE('',*,*,#2406,.F.);
#3295=ORIENTED_EDGE('',*,*,#2487,.T.);
#3296=ORIENTED_EDGE('',*,*,#2360,.F.);
#3297=ORIENTED_EDGE('',*,*,#2487,.F.);
#3298=ORIENTED_EDGE('',*,*,#2409,.F.);
#3299=ORIENTED_EDGE('',*,*,#2488,.F.);
#3300=ORIENTED_EDGE('',*,*,#2356,.F.);
#3301=ORIENTED_EDGE('',*,*,#2488,.T.);
#3302=ORIENTED_EDGE('',*,*,#2412,.F.);
#3303=ORIENTED_EDGE('',*,*,#2489,.T.);
#3304=ORIENTED_EDGE('',*,*,#2308,.T.);
#3305=ORIENTED_EDGE('',*,*,#2351,.F.);
#3306=ORIENTED_EDGE('',*,*,#2490,.T.);
#3307=ORIENTED_EDGE('',*,*,#2418,.F.);
#3308=ORIENTED_EDGE('',*,*,#2390,.T.);
#3309=ORIENTED_EDGE('',*,*,#2309,.T.);
#3310=ORIENTED_EDGE('',*,*,#2317,.F.);
#3311=ORIENTED_EDGE('',*,*,#2340,.F.);
#3312=ORIENTED_EDGE('',*,*,#2342,.F.);
#3313=ORIENTED_EDGE('',*,*,#2327,.F.);
#3314=ORIENTED_EDGE('',*,*,#2394,.T.);
#3315=ORIENTED_EDGE('',*,*,#2491,.T.);
#3316=ORIENTED_EDGE('',*,*,#2319,.T.);
#3317=ORIENTED_EDGE('',*,*,#2492,.T.);
#3318=ORIENTED_EDGE('',*,*,#2392,.F.);
#3319=ORIENTED_EDGE('',*,*,#2420,.F.);
#3320=ORIENTED_EDGE('',*,*,#2422,.F.);
#3321=ORIENTED_EDGE('',*,*,#2396,.F.);
#3322=ORIENTED_EDGE('',*,*,#2491,.F.);
#3323=ORIENTED_EDGE('',*,*,#2393,.T.);
#3324=ORIENTED_EDGE('',*,*,#2492,.F.);
#3325=ORIENTED_EDGE('',*,*,#2318,.T.);
#3326=ORIENTED_EDGE('',*,*,#2423,.F.);
#3327=ORIENTED_EDGE('',*,*,#2493,.T.);
#3328=ORIENTED_EDGE('',*,*,#2494,.T.);
#3329=ORIENTED_EDGE('',*,*,#2493,.F.);
#3330=ORIENTED_EDGE('',*,*,#2494,.F.);
#3331=ORIENTED_EDGE('',*,*,#2495,.F.);
#3332=ORIENTED_EDGE('',*,*,#2311,.T.);
#3333=ORIENTED_EDGE('',*,*,#2395,.T.);
#3334=ORIENTED_EDGE('',*,*,#2372,.T.);
#3335=ORIENTED_EDGE('',*,*,#2496,.F.);
#3336=ORIENTED_EDGE('',*,*,#2497,.T.);
#3337=ORIENTED_EDGE('',*,*,#2312,.T.);
#3338=ORIENTED_EDGE('',*,*,#2497,.F.);
#3339=ORIENTED_EDGE('',*,*,#2498,.T.);
#3340=ORIENTED_EDGE('',*,*,#2305,.T.);
#3341=ORIENTED_EDGE('',*,*,#2386,.F.);
#3342=ORIENTED_EDGE('',*,*,#2499,.T.);
#3343=ORIENTED_EDGE('',*,*,#2500,.T.);
#3344=ORIENTED_EDGE('',*,*,#2496,.T.);
#3345=ORIENTED_EDGE('',*,*,#2375,.F.);
#3346=ORIENTED_EDGE('',*,*,#2378,.F.);
#3347=ORIENTED_EDGE('',*,*,#2380,.F.);
#3348=ORIENTED_EDGE('',*,*,#2384,.F.);
#3349=ORIENTED_EDGE('',*,*,#2501,.T.);
#3350=ORIENTED_EDGE('',*,*,#2502,.T.);
#3351=ORIENTED_EDGE('',*,*,#2503,.T.);
#3352=ORIENTED_EDGE('',*,*,#2504,.T.);
#3353=ORIENTED_EDGE('',*,*,#2505,.T.);
#3354=ORIENTED_EDGE('',*,*,#2472,.T.);
#3355=ORIENTED_EDGE('',*,*,#2475,.T.);
#3356=ORIENTED_EDGE('',*,*,#2477,.T.);
#3357=ORIENTED_EDGE('',*,*,#2479,.T.);
#3358=ORIENTED_EDGE('',*,*,#2481,.T.);
#3359=ORIENTED_EDGE('',*,*,#2483,.T.);
#3360=ORIENTED_EDGE('',*,*,#2506,.T.);
#3361=ORIENTED_EDGE('',*,*,#2507,.T.);
#3362=ORIENTED_EDGE('',*,*,#2508,.T.);
#3363=ORIENTED_EDGE('',*,*,#2509,.T.);
#3364=ORIENTED_EDGE('',*,*,#2510,.T.);
#3365=ORIENTED_EDGE('',*,*,#2511,.T.);
#3366=ORIENTED_EDGE('',*,*,#2459,.T.);
#3367=ORIENTED_EDGE('',*,*,#2462,.T.);
#3368=ORIENTED_EDGE('',*,*,#2464,.T.);
#3369=ORIENTED_EDGE('',*,*,#2466,.T.);
#3370=ORIENTED_EDGE('',*,*,#2468,.T.);
#3371=ORIENTED_EDGE('',*,*,#2470,.T.);
#3372=ORIENTED_EDGE('',*,*,#2512,.T.);
#3373=ORIENTED_EDGE('',*,*,#2313,.T.);
#3374=ORIENTED_EDGE('',*,*,#2326,.T.);
#3375=ORIENTED_EDGE('',*,*,#2513,.F.);
#3376=ORIENTED_EDGE('',*,*,#2499,.F.);
#3377=ORIENTED_EDGE('',*,*,#2385,.F.);
#3378=ORIENTED_EDGE('',*,*,#2325,.T.);
#3379=ORIENTED_EDGE('',*,*,#2514,.F.);
#3380=ORIENTED_EDGE('',*,*,#2515,.T.);
#3381=ORIENTED_EDGE('',*,*,#2516,.T.);
#3382=ORIENTED_EDGE('',*,*,#2513,.T.);
#3383=ORIENTED_EDGE('',*,*,#2324,.T.);
#3384=ORIENTED_EDGE('',*,*,#2485,.F.);
#3385=ORIENTED_EDGE('',*,*,#2367,.F.);
#3386=ORIENTED_EDGE('',*,*,#2371,.F.);
#3387=ORIENTED_EDGE('',*,*,#2514,.T.);
#3388=ORIENTED_EDGE('',*,*,#2515,.F.);
#3389=ORIENTED_EDGE('',*,*,#2370,.F.);
#3390=ORIENTED_EDGE('',*,*,#2498,.F.);
#3391=ORIENTED_EDGE('',*,*,#2500,.F.);
#3392=ORIENTED_EDGE('',*,*,#2516,.F.);
#3393=ORIENTED_EDGE('',*,*,#2517,.T.);
#3394=ORIENTED_EDGE('',*,*,#2495,.T.);
#3395=ORIENTED_EDGE('',*,*,#2517,.F.);
#3396=ORIENTED_EDGE('',*,*,#2441,.T.);
#3397=ORIENTED_EDGE('',*,*,#2453,.T.);
#3398=ORIENTED_EDGE('',*,*,#2518,.T.);
#3399=ORIENTED_EDGE('',*,*,#2506,.F.);
#3400=ORIENTED_EDGE('',*,*,#2482,.F.);
#3401=ORIENTED_EDGE('',*,*,#2448,.T.);
#3402=ORIENTED_EDGE('',*,*,#2473,.T.);
#3403=ORIENTED_EDGE('',*,*,#2505,.F.);
#3404=ORIENTED_EDGE('',*,*,#2519,.F.);
#3405=ORIENTED_EDGE('',*,*,#2449,.T.);
#3406=ORIENTED_EDGE('',*,*,#2519,.T.);
#3407=ORIENTED_EDGE('',*,*,#2504,.F.);
#3408=ORIENTED_EDGE('',*,*,#2520,.F.);
#3409=ORIENTED_EDGE('',*,*,#2450,.T.);
#3410=ORIENTED_EDGE('',*,*,#2520,.T.);
#3411=ORIENTED_EDGE('',*,*,#2503,.F.);
#3412=ORIENTED_EDGE('',*,*,#2521,.F.);
#3413=ORIENTED_EDGE('',*,*,#2451,.T.);
#3414=ORIENTED_EDGE('',*,*,#2521,.T.);
#3415=ORIENTED_EDGE('',*,*,#2502,.F.);
#3416=ORIENTED_EDGE('',*,*,#2522,.F.);
#3417=ORIENTED_EDGE('',*,*,#2452,.T.);
#3418=ORIENTED_EDGE('',*,*,#2522,.T.);
#3419=ORIENTED_EDGE('',*,*,#2501,.F.);
#3420=ORIENTED_EDGE('',*,*,#2518,.F.);
#3421=ORIENTED_EDGE('',*,*,#2426,.T.);
#3422=ORIENTED_EDGE('',*,*,#2438,.T.);
#3423=ORIENTED_EDGE('',*,*,#2523,.T.);
#3424=ORIENTED_EDGE('',*,*,#2512,.F.);
#3425=ORIENTED_EDGE('',*,*,#2469,.F.);
#3426=ORIENTED_EDGE('',*,*,#2433,.T.);
#3427=ORIENTED_EDGE('',*,*,#2460,.T.);
#3428=ORIENTED_EDGE('',*,*,#2511,.F.);
#3429=ORIENTED_EDGE('',*,*,#2524,.F.);
#3430=ORIENTED_EDGE('',*,*,#2434,.T.);
#3431=ORIENTED_EDGE('',*,*,#2524,.T.);
#3432=ORIENTED_EDGE('',*,*,#2510,.F.);
#3433=ORIENTED_EDGE('',*,*,#2525,.F.);
#3434=ORIENTED_EDGE('',*,*,#2435,.T.);
#3435=ORIENTED_EDGE('',*,*,#2525,.T.);
#3436=ORIENTED_EDGE('',*,*,#2509,.F.);
#3437=ORIENTED_EDGE('',*,*,#2526,.F.);
#3438=ORIENTED_EDGE('',*,*,#2436,.T.);
#3439=ORIENTED_EDGE('',*,*,#2526,.T.);
#3440=ORIENTED_EDGE('',*,*,#2508,.F.);
#3441=ORIENTED_EDGE('',*,*,#2527,.F.);
#3442=ORIENTED_EDGE('',*,*,#2437,.T.);
#3443=ORIENTED_EDGE('',*,*,#2527,.T.);
#3444=ORIENTED_EDGE('',*,*,#2507,.F.);
#3445=ORIENTED_EDGE('',*,*,#2523,.F.);
#3446=ORIENTED_EDGE('',*,*,#2354,.F.);
#3447=ORIENTED_EDGE('',*,*,#2489,.F.);
#3448=ORIENTED_EDGE('',*,*,#2415,.F.);
#3449=ORIENTED_EDGE('',*,*,#2490,.F.);
#3450=ORIENTED_EDGE('',*,*,#2528,.T.);
#3451=ORIENTED_EDGE('',*,*,#2529,.T.);
#3452=ORIENTED_EDGE('',*,*,#2530,.T.);
#3453=ORIENTED_EDGE('',*,*,#2531,.T.);
#3454=ORIENTED_EDGE('',*,*,#2532,.T.);
#3455=ORIENTED_EDGE('',*,*,#2533,.T.);
#3456=ORIENTED_EDGE('',*,*,#2530,.F.);
#3457=ORIENTED_EDGE('',*,*,#2534,.T.);
#3458=ORIENTED_EDGE('',*,*,#2535,.T.);
#3459=ORIENTED_EDGE('',*,*,#2536,.T.);
#3460=ORIENTED_EDGE('',*,*,#2532,.F.);
#3461=ORIENTED_EDGE('',*,*,#2537,.T.);
#3462=ORIENTED_EDGE('',*,*,#2528,.F.);
#3463=ORIENTED_EDGE('',*,*,#2538,.T.);
#3464=ORIENTED_EDGE('',*,*,#2535,.F.);
#3465=ORIENTED_EDGE('',*,*,#2539,.T.);
#3466=ORIENTED_EDGE('',*,*,#2534,.F.);
#3467=ORIENTED_EDGE('',*,*,#2540,.T.);
#3468=ORIENTED_EDGE('',*,*,#2541,.T.);
#3469=ORIENTED_EDGE('',*,*,#2542,.F.);
#3470=ORIENTED_EDGE('',*,*,#2529,.F.);
#3471=ORIENTED_EDGE('',*,*,#2543,.T.);
#3472=ORIENTED_EDGE('',*,*,#2544,.T.);
#3473=ORIENTED_EDGE('',*,*,#2540,.F.);
#3474=ORIENTED_EDGE('',*,*,#2545,.F.);
#3475=ORIENTED_EDGE('',*,*,#2546,.F.);
#3476=ORIENTED_EDGE('',*,*,#2547,.F.);
#3477=ORIENTED_EDGE('',*,*,#2548,.F.);
#3478=ORIENTED_EDGE('',*,*,#2549,.F.);
#3479=ORIENTED_EDGE('',*,*,#2550,.F.);
#3480=ORIENTED_EDGE('',*,*,#2551,.F.);
#3481=ORIENTED_EDGE('',*,*,#2552,.F.);
#3482=ORIENTED_EDGE('',*,*,#2553,.F.);
#3483=ORIENTED_EDGE('',*,*,#2554,.F.);
#3484=ORIENTED_EDGE('',*,*,#2555,.F.);
#3485=ORIENTED_EDGE('',*,*,#2556,.F.);
#3486=ORIENTED_EDGE('',*,*,#2557,.F.);
#3487=ORIENTED_EDGE('',*,*,#2558,.F.);
#3488=ORIENTED_EDGE('',*,*,#2531,.F.);
#3489=ORIENTED_EDGE('',*,*,#2533,.F.);
#3490=ORIENTED_EDGE('',*,*,#2536,.F.);
#3491=ORIENTED_EDGE('',*,*,#2538,.F.);
#3492=ORIENTED_EDGE('',*,*,#2559,.T.);
#3493=ORIENTED_EDGE('',*,*,#2560,.T.);
#3494=ORIENTED_EDGE('',*,*,#2561,.T.);
#3495=ORIENTED_EDGE('',*,*,#2562,.T.);
#3496=ORIENTED_EDGE('',*,*,#2559,.F.);
#3497=ORIENTED_EDGE('',*,*,#2563,.T.);
#3498=ORIENTED_EDGE('',*,*,#2564,.T.);
#3499=ORIENTED_EDGE('',*,*,#2565,.T.);
#3500=ORIENTED_EDGE('',*,*,#2566,.T.);
#3501=ORIENTED_EDGE('',*,*,#2567,.T.);
#3502=ORIENTED_EDGE('',*,*,#2562,.F.);
#3503=ORIENTED_EDGE('',*,*,#2568,.F.);
#3504=ORIENTED_EDGE('',*,*,#2569,.F.);
#3505=ORIENTED_EDGE('',*,*,#2570,.F.);
#3506=ORIENTED_EDGE('',*,*,#2571,.F.);
#3507=ORIENTED_EDGE('',*,*,#2572,.F.);
#3508=ORIENTED_EDGE('',*,*,#2573,.F.);
#3509=ORIENTED_EDGE('',*,*,#2574,.F.);
#3510=ORIENTED_EDGE('',*,*,#2575,.F.);
#3511=ORIENTED_EDGE('',*,*,#2576,.F.);
#3512=ORIENTED_EDGE('',*,*,#2577,.T.);
#3513=ORIENTED_EDGE('',*,*,#2563,.F.);
#3514=ORIENTED_EDGE('',*,*,#2578,.T.);
#3515=ORIENTED_EDGE('',*,*,#2579,.T.);
#3516=ORIENTED_EDGE('',*,*,#2580,.T.);
#3517=ORIENTED_EDGE('',*,*,#2554,.T.);
#3518=ORIENTED_EDGE('',*,*,#2581,.T.);
#3519=ORIENTED_EDGE('',*,*,#2582,.T.);
#3520=ORIENTED_EDGE('',*,*,#2578,.F.);
#3521=ORIENTED_EDGE('',*,*,#2553,.T.);
#3522=ORIENTED_EDGE('',*,*,#2583,.T.);
#3523=ORIENTED_EDGE('',*,*,#2555,.T.);
#3524=ORIENTED_EDGE('',*,*,#2580,.F.);
#3525=ORIENTED_EDGE('',*,*,#2584,.T.);
#3526=ORIENTED_EDGE('',*,*,#2585,.T.);
#3527=ORIENTED_EDGE('',*,*,#2586,.T.);
#3528=ORIENTED_EDGE('',*,*,#2581,.F.);
#3529=ORIENTED_EDGE('',*,*,#2552,.T.);
#3530=ORIENTED_EDGE('',*,*,#2587,.T.);
#3531=ORIENTED_EDGE('',*,*,#2556,.T.);
#3532=ORIENTED_EDGE('',*,*,#2583,.F.);
#3533=ORIENTED_EDGE('',*,*,#2588,.T.);
#3534=ORIENTED_EDGE('',*,*,#2589,.T.);
#3535=ORIENTED_EDGE('',*,*,#2590,.T.);
#3536=ORIENTED_EDGE('',*,*,#2585,.F.);
#3537=ORIENTED_EDGE('',*,*,#2591,.T.);
#3538=ORIENTED_EDGE('',*,*,#2549,.T.);
#3539=ORIENTED_EDGE('',*,*,#2545,.T.);
#3540=ORIENTED_EDGE('',*,*,#2592,.T.);
#3541=ORIENTED_EDGE('',*,*,#2587,.F.);
#3542=ORIENTED_EDGE('',*,*,#2593,.T.);
#3543=ORIENTED_EDGE('',*,*,#2594,.T.);
#3544=ORIENTED_EDGE('',*,*,#2593,.F.);
#3545=ORIENTED_EDGE('',*,*,#2588,.F.);
#3546=ORIENTED_EDGE('',*,*,#2595,.T.);
#3547=ORIENTED_EDGE('',*,*,#2596,.T.);
#3548=ORIENTED_EDGE('',*,*,#2597,.T.);
#3549=ORIENTED_EDGE('',*,*,#2598,.F.);
#3550=ORIENTED_EDGE('',*,*,#2599,.F.);
#3551=ORIENTED_EDGE('',*,*,#2600,.T.);
#3552=ORIENTED_EDGE('',*,*,#2601,.T.);
#3553=ORIENTED_EDGE('',*,*,#2557,.T.);
#3554=ORIENTED_EDGE('',*,*,#2592,.F.);
#3555=ORIENTED_EDGE('',*,*,#2558,.T.);
#3556=ORIENTED_EDGE('',*,*,#2601,.F.);
#3557=ORIENTED_EDGE('',*,*,#2602,.T.);
#3558=ORIENTED_EDGE('',*,*,#2584,.F.);
#3559=ORIENTED_EDGE('',*,*,#2603,.T.);
#3560=ORIENTED_EDGE('',*,*,#2604,.F.);
#3561=ORIENTED_EDGE('',*,*,#2595,.F.);
#3562=ORIENTED_EDGE('',*,*,#2579,.F.);
#3563=ORIENTED_EDGE('',*,*,#2605,.F.);
#3564=ORIENTED_EDGE('',*,*,#2606,.F.);
#3565=ORIENTED_EDGE('',*,*,#2603,.F.);
#3566=ORIENTED_EDGE('',*,*,#2582,.F.);
#3567=ORIENTED_EDGE('',*,*,#2607,.T.);
#3568=ORIENTED_EDGE('',*,*,#2608,.F.);
#3569=ORIENTED_EDGE('',*,*,#2605,.T.);
#3570=ORIENTED_EDGE('',*,*,#2586,.F.);
#3571=ORIENTED_EDGE('',*,*,#2590,.F.);
#3572=ORIENTED_EDGE('',*,*,#2609,.F.);
#3573=ORIENTED_EDGE('',*,*,#2610,.F.);
#3574=ORIENTED_EDGE('',*,*,#2611,.F.);
#3575=ORIENTED_EDGE('',*,*,#2612,.T.);
#3576=ORIENTED_EDGE('',*,*,#2607,.F.);
#3577=ORIENTED_EDGE('',*,*,#2589,.F.);
#3578=ORIENTED_EDGE('',*,*,#2548,.T.);
#3579=ORIENTED_EDGE('',*,*,#2613,.F.);
#3580=ORIENTED_EDGE('',*,*,#2609,.T.);
#3581=ORIENTED_EDGE('',*,*,#2614,.T.);
#3582=ORIENTED_EDGE('',*,*,#2615,.T.);
#3583=ORIENTED_EDGE('',*,*,#2550,.T.);
#3584=ORIENTED_EDGE('',*,*,#2591,.F.);
#3585=ORIENTED_EDGE('',*,*,#2551,.T.);
#3586=ORIENTED_EDGE('',*,*,#2615,.F.);
#3587=ORIENTED_EDGE('',*,*,#2616,.T.);
#3588=ORIENTED_EDGE('',*,*,#2617,.T.);
#3589=ORIENTED_EDGE('',*,*,#2618,.T.);
#3590=ORIENTED_EDGE('',*,*,#2619,.T.);
#3591=ORIENTED_EDGE('',*,*,#2606,.T.);
#3592=ORIENTED_EDGE('',*,*,#2612,.F.);
#3593=ORIENTED_EDGE('',*,*,#2620,.T.);
#3594=ORIENTED_EDGE('',*,*,#2617,.F.);
#3595=ORIENTED_EDGE('',*,*,#2608,.T.);
#3596=ORIENTED_EDGE('',*,*,#2596,.F.);
#3597=ORIENTED_EDGE('',*,*,#2604,.T.);
#3598=ORIENTED_EDGE('',*,*,#2619,.F.);
#3599=ORIENTED_EDGE('',*,*,#2621,.T.);
#3600=ORIENTED_EDGE('',*,*,#2622,.F.);
#3601=ORIENTED_EDGE('',*,*,#2623,.T.);
#3602=ORIENTED_EDGE('',*,*,#2624,.T.);
#3603=ORIENTED_EDGE('',*,*,#2625,.T.);
#3604=ORIENTED_EDGE('',*,*,#2624,.F.);
#3605=ORIENTED_EDGE('',*,*,#2626,.T.);
#3606=ORIENTED_EDGE('',*,*,#2627,.T.);
#3607=ORIENTED_EDGE('',*,*,#2628,.T.);
#3608=ORIENTED_EDGE('',*,*,#2629,.F.);
#3609=ORIENTED_EDGE('',*,*,#2630,.T.);
#3610=ORIENTED_EDGE('',*,*,#2631,.T.);
#3611=ORIENTED_EDGE('',*,*,#2632,.T.);
#3612=ORIENTED_EDGE('',*,*,#2631,.F.);
#3613=ORIENTED_EDGE('',*,*,#2633,.T.);
#3614=ORIENTED_EDGE('',*,*,#2627,.F.);
#3615=ORIENTED_EDGE('',*,*,#2634,.T.);
#3616=ORIENTED_EDGE('',*,*,#2622,.T.);
#3617=ORIENTED_EDGE('',*,*,#2635,.F.);
#3618=ORIENTED_EDGE('',*,*,#2636,.F.);
#3619=ORIENTED_EDGE('',*,*,#2637,.T.);
#3620=ORIENTED_EDGE('',*,*,#2638,.T.);
#3621=ORIENTED_EDGE('',*,*,#2625,.F.);
#3622=ORIENTED_EDGE('',*,*,#2628,.F.);
#3623=ORIENTED_EDGE('',*,*,#2633,.F.);
#3624=ORIENTED_EDGE('',*,*,#2630,.F.);
#3625=ORIENTED_EDGE('',*,*,#2639,.F.);
#3626=ORIENTED_EDGE('',*,*,#2640,.F.);
#3627=ORIENTED_EDGE('',*,*,#2635,.T.);
#3628=ORIENTED_EDGE('',*,*,#2641,.T.);
#3629=ORIENTED_EDGE('',*,*,#2642,.T.);
#3630=ORIENTED_EDGE('',*,*,#2643,.T.);
#3631=ORIENTED_EDGE('',*,*,#2644,.T.);
#3632=ORIENTED_EDGE('',*,*,#2645,.T.);
#3633=ORIENTED_EDGE('',*,*,#2646,.T.);
#3634=ORIENTED_EDGE('',*,*,#2647,.T.);
#3635=ORIENTED_EDGE('',*,*,#2648,.T.);
#3636=ORIENTED_EDGE('',*,*,#2649,.T.);
#3637=ORIENTED_EDGE('',*,*,#2650,.T.);
#3638=ORIENTED_EDGE('',*,*,#2651,.T.);
#3639=ORIENTED_EDGE('',*,*,#2652,.T.);
#3640=ORIENTED_EDGE('',*,*,#2653,.T.);
#3641=ORIENTED_EDGE('',*,*,#2654,.T.);
#3642=ORIENTED_EDGE('',*,*,#2610,.T.);
#3643=ORIENTED_EDGE('',*,*,#2655,.T.);
#3644=ORIENTED_EDGE('',*,*,#2656,.T.);
#3645=ORIENTED_EDGE('',*,*,#2657,.F.);
#3646=ORIENTED_EDGE('',*,*,#2655,.F.);
#3647=ORIENTED_EDGE('',*,*,#2613,.T.);
#3648=ORIENTED_EDGE('',*,*,#2658,.T.);
#3649=ORIENTED_EDGE('',*,*,#2659,.T.);
#3650=ORIENTED_EDGE('',*,*,#2660,.T.);
#3651=ORIENTED_EDGE('',*,*,#2661,.T.);
#3652=ORIENTED_EDGE('',*,*,#2658,.F.);
#3653=ORIENTED_EDGE('',*,*,#2547,.T.);
#3654=ORIENTED_EDGE('',*,*,#2660,.F.);
#3655=ORIENTED_EDGE('',*,*,#2662,.T.);
#3656=ORIENTED_EDGE('',*,*,#2663,.T.);
#3657=ORIENTED_EDGE('',*,*,#2664,.T.);
#3658=ORIENTED_EDGE('',*,*,#2665,.T.);
#3659=ORIENTED_EDGE('',*,*,#2663,.F.);
#3660=ORIENTED_EDGE('',*,*,#2598,.T.);
#3661=ORIENTED_EDGE('',*,*,#2654,.F.);
#3662=ORIENTED_EDGE('',*,*,#2666,.T.);
#3663=ORIENTED_EDGE('',*,*,#2667,.T.);
#3664=ORIENTED_EDGE('',*,*,#2652,.F.);
#3665=ORIENTED_EDGE('',*,*,#2668,.T.);
#3666=ORIENTED_EDGE('',*,*,#2669,.T.);
#3667=ORIENTED_EDGE('',*,*,#2670,.T.);
#3668=ORIENTED_EDGE('',*,*,#2666,.F.);
#3669=ORIENTED_EDGE('',*,*,#2671,.T.);
#3670=ORIENTED_EDGE('',*,*,#2672,.T.);
#3671=ORIENTED_EDGE('',*,*,#2673,.T.);
#3672=ORIENTED_EDGE('',*,*,#2669,.F.);
#3673=ORIENTED_EDGE('',*,*,#2674,.T.);
#3674=ORIENTED_EDGE('',*,*,#2675,.T.);
#3675=ORIENTED_EDGE('',*,*,#2676,.T.);
#3676=ORIENTED_EDGE('',*,*,#2672,.F.);
#3677=ORIENTED_EDGE('',*,*,#2677,.T.);
#3678=ORIENTED_EDGE('',*,*,#2678,.T.);
#3679=ORIENTED_EDGE('',*,*,#2679,.T.);
#3680=ORIENTED_EDGE('',*,*,#2675,.F.);
#3681=ORIENTED_EDGE('',*,*,#2680,.T.);
#3682=ORIENTED_EDGE('',*,*,#2681,.T.);
#3683=ORIENTED_EDGE('',*,*,#2682,.T.);
#3684=ORIENTED_EDGE('',*,*,#2678,.F.);
#3685=ORIENTED_EDGE('',*,*,#2683,.T.);
#3686=ORIENTED_EDGE('',*,*,#2684,.T.);
#3687=ORIENTED_EDGE('',*,*,#2685,.T.);
#3688=ORIENTED_EDGE('',*,*,#2681,.F.);
#3689=ORIENTED_EDGE('',*,*,#2686,.T.);
#3690=ORIENTED_EDGE('',*,*,#2687,.T.);
#3691=ORIENTED_EDGE('',*,*,#2684,.F.);
#3692=ORIENTED_EDGE('',*,*,#2688,.T.);
#3693=ORIENTED_EDGE('',*,*,#2657,.T.);
#3694=ORIENTED_EDGE('',*,*,#2668,.F.);
#3695=ORIENTED_EDGE('',*,*,#2689,.T.);
#3696=ORIENTED_EDGE('',*,*,#2690,.T.);
#3697=ORIENTED_EDGE('',*,*,#2691,.F.);
#3698=ORIENTED_EDGE('',*,*,#2594,.F.);
#3699=ORIENTED_EDGE('',*,*,#2599,.T.);
#3700=ORIENTED_EDGE('',*,*,#2662,.F.);
#3701=ORIENTED_EDGE('',*,*,#2546,.T.);
#3702=ORIENTED_EDGE('',*,*,#2620,.F.);
#3703=ORIENTED_EDGE('',*,*,#2611,.T.);
#3704=ORIENTED_EDGE('',*,*,#2688,.F.);
#3705=ORIENTED_EDGE('',*,*,#2692,.T.);
#3706=ORIENTED_EDGE('',*,*,#2693,.T.);
#3707=ORIENTED_EDGE('',*,*,#2694,.T.);
#3708=ORIENTED_EDGE('',*,*,#2695,.T.);
#3709=ORIENTED_EDGE('',*,*,#2689,.F.);
#3710=ORIENTED_EDGE('',*,*,#2651,.F.);
#3711=ORIENTED_EDGE('',*,*,#2597,.F.);
#3712=ORIENTED_EDGE('',*,*,#2621,.F.);
#3713=ORIENTED_EDGE('',*,*,#2618,.F.);
#3714=ORIENTED_EDGE('',*,*,#2696,.F.);
#3715=ORIENTED_EDGE('',*,*,#2697,.F.);
#3716=ORIENTED_EDGE('',*,*,#2698,.F.);
#3717=ORIENTED_EDGE('',*,*,#2699,.F.);
#3718=ORIENTED_EDGE('',*,*,#2700,.F.);
#3719=ORIENTED_EDGE('',*,*,#2701,.F.);
#3720=ORIENTED_EDGE('',*,*,#2702,.F.);
#3721=ORIENTED_EDGE('',*,*,#2703,.F.);
#3722=ORIENTED_EDGE('',*,*,#2704,.F.);
#3723=ORIENTED_EDGE('',*,*,#2705,.F.);
#3724=ORIENTED_EDGE('',*,*,#2706,.F.);
#3725=ORIENTED_EDGE('',*,*,#2707,.F.);
#3726=ORIENTED_EDGE('',*,*,#2708,.F.);
#3727=ORIENTED_EDGE('',*,*,#2709,.F.);
#3728=ORIENTED_EDGE('',*,*,#2710,.F.);
#3729=ORIENTED_EDGE('',*,*,#2711,.F.);
#3730=ORIENTED_EDGE('',*,*,#2656,.F.);
#3731=ORIENTED_EDGE('',*,*,#2659,.F.);
#3732=ORIENTED_EDGE('',*,*,#2661,.F.);
#3733=ORIENTED_EDGE('',*,*,#2664,.F.);
#3734=ORIENTED_EDGE('',*,*,#2665,.F.);
#3735=ORIENTED_EDGE('',*,*,#2653,.F.);
#3736=ORIENTED_EDGE('',*,*,#2667,.F.);
#3737=ORIENTED_EDGE('',*,*,#2670,.F.);
#3738=ORIENTED_EDGE('',*,*,#2673,.F.);
#3739=ORIENTED_EDGE('',*,*,#2676,.F.);
#3740=ORIENTED_EDGE('',*,*,#2679,.F.);
#3741=ORIENTED_EDGE('',*,*,#2682,.F.);
#3742=ORIENTED_EDGE('',*,*,#2685,.F.);
#3743=ORIENTED_EDGE('',*,*,#2687,.F.);
#3744=ORIENTED_EDGE('',*,*,#2712,.T.);
#3745=ORIENTED_EDGE('',*,*,#2713,.T.);
#3746=ORIENTED_EDGE('',*,*,#2698,.T.);
#3747=ORIENTED_EDGE('',*,*,#2714,.F.);
#3748=ORIENTED_EDGE('',*,*,#2696,.T.);
#3749=ORIENTED_EDGE('',*,*,#2715,.T.);
#3750=ORIENTED_EDGE('',*,*,#2636,.T.);
#3751=ORIENTED_EDGE('',*,*,#2716,.T.);
#3752=ORIENTED_EDGE('',*,*,#2711,.T.);
#3753=ORIENTED_EDGE('',*,*,#2717,.T.);
#3754=ORIENTED_EDGE('',*,*,#2718,.T.);
#3755=ORIENTED_EDGE('',*,*,#2715,.F.);
#3756=ORIENTED_EDGE('',*,*,#2719,.T.);
#3757=ORIENTED_EDGE('',*,*,#2720,.T.);
#3758=ORIENTED_EDGE('',*,*,#2717,.F.);
#3759=ORIENTED_EDGE('',*,*,#2710,.T.);
#3760=ORIENTED_EDGE('',*,*,#2721,.T.);
#3761=ORIENTED_EDGE('',*,*,#2576,.T.);
#3762=ORIENTED_EDGE('',*,*,#2719,.F.);
#3763=ORIENTED_EDGE('',*,*,#2709,.T.);
#3764=ORIENTED_EDGE('',*,*,#2721,.F.);
#3765=ORIENTED_EDGE('',*,*,#2708,.T.);
#3766=ORIENTED_EDGE('',*,*,#2722,.T.);
#3767=ORIENTED_EDGE('',*,*,#2723,.T.);
#3768=ORIENTED_EDGE('',*,*,#2724,.T.);
#3769=ORIENTED_EDGE('',*,*,#2725,.T.);
#3770=ORIENTED_EDGE('',*,*,#2722,.F.);
#3771=ORIENTED_EDGE('',*,*,#2707,.T.);
#3772=ORIENTED_EDGE('',*,*,#2724,.F.);
#3773=ORIENTED_EDGE('',*,*,#2706,.T.);
#3774=ORIENTED_EDGE('',*,*,#2726,.T.);
#3775=ORIENTED_EDGE('',*,*,#2727,.T.);
#3776=ORIENTED_EDGE('',*,*,#2728,.T.);
#3777=ORIENTED_EDGE('',*,*,#2729,.T.);
#3778=ORIENTED_EDGE('',*,*,#2726,.F.);
#3779=ORIENTED_EDGE('',*,*,#2705,.T.);
#3780=ORIENTED_EDGE('',*,*,#2728,.F.);
#3781=ORIENTED_EDGE('',*,*,#2704,.T.);
#3782=ORIENTED_EDGE('',*,*,#2730,.T.);
#3783=ORIENTED_EDGE('',*,*,#2731,.T.);
#3784=ORIENTED_EDGE('',*,*,#2732,.T.);
#3785=ORIENTED_EDGE('',*,*,#2733,.T.);
#3786=ORIENTED_EDGE('',*,*,#2730,.F.);
#3787=ORIENTED_EDGE('',*,*,#2703,.T.);
#3788=ORIENTED_EDGE('',*,*,#2732,.F.);
#3789=ORIENTED_EDGE('',*,*,#2702,.T.);
#3790=ORIENTED_EDGE('',*,*,#2734,.T.);
#3791=ORIENTED_EDGE('',*,*,#2735,.T.);
#3792=ORIENTED_EDGE('',*,*,#2736,.T.);
#3793=ORIENTED_EDGE('',*,*,#2570,.T.);
#3794=ORIENTED_EDGE('',*,*,#2734,.F.);
#3795=ORIENTED_EDGE('',*,*,#2701,.T.);
#3796=ORIENTED_EDGE('',*,*,#2737,.T.);
#3797=ORIENTED_EDGE('',*,*,#2738,.T.);
#3798=ORIENTED_EDGE('',*,*,#2736,.F.);
#3799=ORIENTED_EDGE('',*,*,#2700,.T.);
#3800=ORIENTED_EDGE('',*,*,#2739,.T.);
#3801=ORIENTED_EDGE('',*,*,#2737,.F.);
#3802=ORIENTED_EDGE('',*,*,#2699,.T.);
#3803=ORIENTED_EDGE('',*,*,#2713,.F.);
#3804=ORIENTED_EDGE('',*,*,#2697,.T.);
#3805=ORIENTED_EDGE('',*,*,#2716,.F.);
#3806=ORIENTED_EDGE('',*,*,#2640,.T.);
#3807=ORIENTED_EDGE('',*,*,#2714,.T.);
#3808=ORIENTED_EDGE('',*,*,#2733,.F.);
#3809=ORIENTED_EDGE('',*,*,#2740,.T.);
#3810=ORIENTED_EDGE('',*,*,#2741,.F.);
#3811=ORIENTED_EDGE('',*,*,#2742,.F.);
#3812=ORIENTED_EDGE('',*,*,#2743,.F.);
#3813=ORIENTED_EDGE('',*,*,#2744,.F.);
#3814=ORIENTED_EDGE('',*,*,#2735,.F.);
#3815=ORIENTED_EDGE('',*,*,#2569,.T.);
#3816=ORIENTED_EDGE('',*,*,#2745,.F.);
#3817=ORIENTED_EDGE('',*,*,#2740,.F.);
#3818=ORIENTED_EDGE('',*,*,#2738,.F.);
#3819=ORIENTED_EDGE('',*,*,#2746,.T.);
#3820=ORIENTED_EDGE('',*,*,#2747,.T.);
#3821=ORIENTED_EDGE('',*,*,#2571,.T.);
#3822=ORIENTED_EDGE('',*,*,#2739,.F.);
#3823=ORIENTED_EDGE('',*,*,#2748,.T.);
#3824=ORIENTED_EDGE('',*,*,#2749,.F.);
#3825=ORIENTED_EDGE('',*,*,#2746,.F.);
#3826=ORIENTED_EDGE('',*,*,#2629,.T.);
#3827=ORIENTED_EDGE('',*,*,#2750,.T.);
#3828=ORIENTED_EDGE('',*,*,#2748,.F.);
#3829=ORIENTED_EDGE('',*,*,#2712,.F.);
#3830=ORIENTED_EDGE('',*,*,#2639,.T.);
#3831=ORIENTED_EDGE('',*,*,#2751,.F.);
#3832=ORIENTED_EDGE('',*,*,#2752,.F.);
#3833=ORIENTED_EDGE('',*,*,#2753,.T.);
#3834=ORIENTED_EDGE('',*,*,#2641,.F.);
#3835=ORIENTED_EDGE('',*,*,#2753,.F.);
#3836=ORIENTED_EDGE('',*,*,#2754,.F.);
#3837=ORIENTED_EDGE('',*,*,#2755,.F.);
#3838=ORIENTED_EDGE('',*,*,#2756,.F.);
#3839=ORIENTED_EDGE('',*,*,#2757,.F.);
#3840=ORIENTED_EDGE('',*,*,#2758,.F.);
#3841=ORIENTED_EDGE('',*,*,#2759,.F.);
#3842=ORIENTED_EDGE('',*,*,#2760,.F.);
#3843=ORIENTED_EDGE('',*,*,#2761,.F.);
#3844=ORIENTED_EDGE('',*,*,#2762,.F.);
#3845=ORIENTED_EDGE('',*,*,#2763,.F.);
#3846=ORIENTED_EDGE('',*,*,#2764,.F.);
#3847=ORIENTED_EDGE('',*,*,#2765,.F.);
#3848=ORIENTED_EDGE('',*,*,#2766,.F.);
#3849=ORIENTED_EDGE('',*,*,#2767,.T.);
#3850=ORIENTED_EDGE('',*,*,#2642,.F.);
#3851=ORIENTED_EDGE('',*,*,#2767,.F.);
#3852=ORIENTED_EDGE('',*,*,#2768,.F.);
#3853=ORIENTED_EDGE('',*,*,#2769,.F.);
#3854=ORIENTED_EDGE('',*,*,#2770,.F.);
#3855=ORIENTED_EDGE('',*,*,#2771,.F.);
#3856=ORIENTED_EDGE('',*,*,#2772,.F.);
#3857=ORIENTED_EDGE('',*,*,#2773,.F.);
#3858=ORIENTED_EDGE('',*,*,#2774,.F.);
#3859=ORIENTED_EDGE('',*,*,#2775,.F.);
#3860=ORIENTED_EDGE('',*,*,#2776,.F.);
#3861=ORIENTED_EDGE('',*,*,#2777,.F.);
#3862=ORIENTED_EDGE('',*,*,#2778,.F.);
#3863=ORIENTED_EDGE('',*,*,#2779,.T.);
#3864=ORIENTED_EDGE('',*,*,#2780,.T.);
#3865=ORIENTED_EDGE('',*,*,#2781,.T.);
#3866=ORIENTED_EDGE('',*,*,#2782,.T.);
#3867=ORIENTED_EDGE('',*,*,#2783,.T.);
#3868=ORIENTED_EDGE('',*,*,#2784,.T.);
#3869=ORIENTED_EDGE('',*,*,#2785,.T.);
#3870=ORIENTED_EDGE('',*,*,#2786,.F.);
#3871=ORIENTED_EDGE('',*,*,#2787,.T.);
#3872=ORIENTED_EDGE('',*,*,#2788,.T.);
#3873=ORIENTED_EDGE('',*,*,#2789,.T.);
#3874=ORIENTED_EDGE('',*,*,#2784,.F.);
#3875=ORIENTED_EDGE('',*,*,#2790,.T.);
#3876=ORIENTED_EDGE('',*,*,#2791,.T.);
#3877=ORIENTED_EDGE('',*,*,#2792,.T.);
#3878=ORIENTED_EDGE('',*,*,#2788,.F.);
#3879=ORIENTED_EDGE('',*,*,#2793,.T.);
#3880=ORIENTED_EDGE('',*,*,#2794,.T.);
#3881=ORIENTED_EDGE('',*,*,#2795,.T.);
#3882=ORIENTED_EDGE('',*,*,#2791,.F.);
#3883=ORIENTED_EDGE('',*,*,#2796,.T.);
#3884=ORIENTED_EDGE('',*,*,#2797,.T.);
#3885=ORIENTED_EDGE('',*,*,#2798,.T.);
#3886=ORIENTED_EDGE('',*,*,#2794,.F.);
#3887=ORIENTED_EDGE('',*,*,#2799,.T.);
#3888=ORIENTED_EDGE('',*,*,#2797,.F.);
#3889=ORIENTED_EDGE('',*,*,#2800,.T.);
#3890=ORIENTED_EDGE('',*,*,#2801,.T.);
#3891=ORIENTED_EDGE('',*,*,#2802,.T.);
#3892=ORIENTED_EDGE('',*,*,#2801,.F.);
#3893=ORIENTED_EDGE('',*,*,#2803,.T.);
#3894=ORIENTED_EDGE('',*,*,#2804,.T.);
#3895=ORIENTED_EDGE('',*,*,#2805,.T.);
#3896=ORIENTED_EDGE('',*,*,#2804,.F.);
#3897=ORIENTED_EDGE('',*,*,#2806,.T.);
#3898=ORIENTED_EDGE('',*,*,#2807,.T.);
#3899=ORIENTED_EDGE('',*,*,#2808,.T.);
#3900=ORIENTED_EDGE('',*,*,#2807,.F.);
#3901=ORIENTED_EDGE('',*,*,#2809,.T.);
#3902=ORIENTED_EDGE('',*,*,#2810,.T.);
#3903=ORIENTED_EDGE('',*,*,#2811,.T.);
#3904=ORIENTED_EDGE('',*,*,#2810,.F.);
#3905=ORIENTED_EDGE('',*,*,#2812,.T.);
#3906=ORIENTED_EDGE('',*,*,#2780,.F.);
#3907=ORIENTED_EDGE('',*,*,#2813,.T.);
#3908=ORIENTED_EDGE('',*,*,#2782,.F.);
#3909=ORIENTED_EDGE('',*,*,#2814,.T.);
#3910=ORIENTED_EDGE('',*,*,#2786,.T.);
#3911=ORIENTED_EDGE('',*,*,#2800,.F.);
#3912=ORIENTED_EDGE('',*,*,#2815,.F.);
#3913=ORIENTED_EDGE('',*,*,#2754,.T.);
#3914=ORIENTED_EDGE('',*,*,#2752,.T.);
#3915=ORIENTED_EDGE('',*,*,#2816,.T.);
#3916=ORIENTED_EDGE('',*,*,#2796,.F.);
#3917=ORIENTED_EDGE('',*,*,#2817,.F.);
#3918=ORIENTED_EDGE('',*,*,#2755,.T.);
#3919=ORIENTED_EDGE('',*,*,#2815,.T.);
#3920=ORIENTED_EDGE('',*,*,#2793,.F.);
#3921=ORIENTED_EDGE('',*,*,#2818,.F.);
#3922=ORIENTED_EDGE('',*,*,#2756,.T.);
#3923=ORIENTED_EDGE('',*,*,#2817,.T.);
#3924=ORIENTED_EDGE('',*,*,#2790,.F.);
#3925=ORIENTED_EDGE('',*,*,#2819,.F.);
#3926=ORIENTED_EDGE('',*,*,#2757,.T.);
#3927=ORIENTED_EDGE('',*,*,#2818,.T.);
#3928=ORIENTED_EDGE('',*,*,#2787,.F.);
#3929=ORIENTED_EDGE('',*,*,#2820,.F.);
#3930=ORIENTED_EDGE('',*,*,#2758,.T.);
#3931=ORIENTED_EDGE('',*,*,#2819,.T.);
#3932=ORIENTED_EDGE('',*,*,#2783,.F.);
#3933=ORIENTED_EDGE('',*,*,#2821,.F.);
#3934=ORIENTED_EDGE('',*,*,#2759,.T.);
#3935=ORIENTED_EDGE('',*,*,#2820,.T.);
#3936=ORIENTED_EDGE('',*,*,#2822,.F.);
#3937=ORIENTED_EDGE('',*,*,#2785,.F.);
#3938=ORIENTED_EDGE('',*,*,#2789,.F.);
#3939=ORIENTED_EDGE('',*,*,#2792,.F.);
#3940=ORIENTED_EDGE('',*,*,#2795,.F.);
#3941=ORIENTED_EDGE('',*,*,#2798,.F.);
#3942=ORIENTED_EDGE('',*,*,#2799,.F.);
#3943=ORIENTED_EDGE('',*,*,#2802,.F.);
#3944=ORIENTED_EDGE('',*,*,#2805,.F.);
#3945=ORIENTED_EDGE('',*,*,#2808,.F.);
#3946=ORIENTED_EDGE('',*,*,#2811,.F.);
#3947=ORIENTED_EDGE('',*,*,#2779,.F.);
#3948=ORIENTED_EDGE('',*,*,#2813,.F.);
#3949=ORIENTED_EDGE('',*,*,#2823,.T.);
#3950=ORIENTED_EDGE('',*,*,#2824,.T.);
#3951=ORIENTED_EDGE('',*,*,#2825,.T.);
#3952=ORIENTED_EDGE('',*,*,#2826,.F.);
#3953=ORIENTED_EDGE('',*,*,#2827,.T.);
#3954=ORIENTED_EDGE('',*,*,#2828,.T.);
#3955=ORIENTED_EDGE('',*,*,#2829,.T.);
#3956=ORIENTED_EDGE('',*,*,#2824,.F.);
#3957=ORIENTED_EDGE('',*,*,#2830,.T.);
#3958=ORIENTED_EDGE('',*,*,#2831,.T.);
#3959=ORIENTED_EDGE('',*,*,#2832,.T.);
#3960=ORIENTED_EDGE('',*,*,#2828,.F.);
#3961=ORIENTED_EDGE('',*,*,#2833,.T.);
#3962=ORIENTED_EDGE('',*,*,#2834,.T.);
#3963=ORIENTED_EDGE('',*,*,#2835,.T.);
#3964=ORIENTED_EDGE('',*,*,#2836,.T.);
#3965=ORIENTED_EDGE('',*,*,#2837,.T.);
#3966=ORIENTED_EDGE('',*,*,#2834,.F.);
#3967=ORIENTED_EDGE('',*,*,#2838,.T.);
#3968=ORIENTED_EDGE('',*,*,#2839,.T.);
#3969=ORIENTED_EDGE('',*,*,#2840,.T.);
#3970=ORIENTED_EDGE('',*,*,#2839,.F.);
#3971=ORIENTED_EDGE('',*,*,#2841,.T.);
#3972=ORIENTED_EDGE('',*,*,#2842,.T.);
#3973=ORIENTED_EDGE('',*,*,#2843,.T.);
#3974=ORIENTED_EDGE('',*,*,#2836,.F.);
#3975=ORIENTED_EDGE('',*,*,#2844,.T.);
#3976=ORIENTED_EDGE('',*,*,#2831,.F.);
#3977=ORIENTED_EDGE('',*,*,#2845,.T.);
#3978=ORIENTED_EDGE('',*,*,#2842,.F.);
#3979=ORIENTED_EDGE('',*,*,#2846,.T.);
#3980=ORIENTED_EDGE('',*,*,#2847,.T.);
#3981=ORIENTED_EDGE('',*,*,#2848,.T.);
#3982=ORIENTED_EDGE('',*,*,#2847,.F.);
#3983=ORIENTED_EDGE('',*,*,#2849,.T.);
#3984=ORIENTED_EDGE('',*,*,#2850,.T.);
#3985=ORIENTED_EDGE('',*,*,#2851,.T.);
#3986=ORIENTED_EDGE('',*,*,#2850,.F.);
#3987=ORIENTED_EDGE('',*,*,#2852,.T.);
#3988=ORIENTED_EDGE('',*,*,#2853,.T.);
#3989=ORIENTED_EDGE('',*,*,#2854,.T.);
#3990=ORIENTED_EDGE('',*,*,#2853,.F.);
#3991=ORIENTED_EDGE('',*,*,#2855,.T.);
#3992=ORIENTED_EDGE('',*,*,#2856,.T.);
#3993=ORIENTED_EDGE('',*,*,#2857,.T.);
#3994=ORIENTED_EDGE('',*,*,#2856,.F.);
#3995=ORIENTED_EDGE('',*,*,#2858,.T.);
#3996=ORIENTED_EDGE('',*,*,#2826,.T.);
#3997=ORIENTED_EDGE('',*,*,#2852,.F.);
#3998=ORIENTED_EDGE('',*,*,#2859,.F.);
#3999=ORIENTED_EDGE('',*,*,#2770,.T.);
#4000=ORIENTED_EDGE('',*,*,#2860,.T.);
#4001=ORIENTED_EDGE('',*,*,#2849,.F.);
#4002=ORIENTED_EDGE('',*,*,#2861,.F.);
#4003=ORIENTED_EDGE('',*,*,#2771,.T.);
#4004=ORIENTED_EDGE('',*,*,#2859,.T.);
#4005=ORIENTED_EDGE('',*,*,#2846,.F.);
#4006=ORIENTED_EDGE('',*,*,#2862,.F.);
#4007=ORIENTED_EDGE('',*,*,#2772,.T.);
#4008=ORIENTED_EDGE('',*,*,#2861,.T.);
#4009=ORIENTED_EDGE('',*,*,#2841,.F.);
#4010=ORIENTED_EDGE('',*,*,#2863,.F.);
#4011=ORIENTED_EDGE('',*,*,#2773,.T.);
#4012=ORIENTED_EDGE('',*,*,#2862,.T.);
#4013=ORIENTED_EDGE('',*,*,#2838,.F.);
#4014=ORIENTED_EDGE('',*,*,#2864,.F.);
#4015=ORIENTED_EDGE('',*,*,#2774,.T.);
#4016=ORIENTED_EDGE('',*,*,#2863,.T.);
#4017=ORIENTED_EDGE('',*,*,#2833,.F.);
#4018=ORIENTED_EDGE('',*,*,#2865,.T.);
#4019=ORIENTED_EDGE('',*,*,#2775,.T.);
#4020=ORIENTED_EDGE('',*,*,#2864,.T.);
#4021=ORIENTED_EDGE('',*,*,#2866,.F.);
#4022=ORIENTED_EDGE('',*,*,#2835,.F.);
#4023=ORIENTED_EDGE('',*,*,#2837,.F.);
#4024=ORIENTED_EDGE('',*,*,#2840,.F.);
#4025=ORIENTED_EDGE('',*,*,#2845,.F.);
#4026=ORIENTED_EDGE('',*,*,#2848,.F.);
#4027=ORIENTED_EDGE('',*,*,#2851,.F.);
#4028=ORIENTED_EDGE('',*,*,#2854,.F.);
#4029=ORIENTED_EDGE('',*,*,#2857,.F.);
#4030=ORIENTED_EDGE('',*,*,#2825,.F.);
#4031=ORIENTED_EDGE('',*,*,#2829,.F.);
#4032=ORIENTED_EDGE('',*,*,#2832,.F.);
#4033=ORIENTED_EDGE('',*,*,#2844,.F.);
#4034=ORIENTED_EDGE('',*,*,#2855,.F.);
#4035=ORIENTED_EDGE('',*,*,#2860,.F.);
#4036=ORIENTED_EDGE('',*,*,#2769,.T.);
#4037=ORIENTED_EDGE('',*,*,#2867,.T.);
#4038=ORIENTED_EDGE('',*,*,#2858,.F.);
#4039=ORIENTED_EDGE('',*,*,#2867,.F.);
#4040=ORIENTED_EDGE('',*,*,#2768,.T.);
#4041=ORIENTED_EDGE('',*,*,#2766,.T.);
#4042=ORIENTED_EDGE('',*,*,#2868,.T.);
#4043=ORIENTED_EDGE('',*,*,#2823,.F.);
#4044=ORIENTED_EDGE('',*,*,#2868,.F.);
#4045=ORIENTED_EDGE('',*,*,#2765,.T.);
#4046=ORIENTED_EDGE('',*,*,#2869,.T.);
#4047=ORIENTED_EDGE('',*,*,#2827,.F.);
#4048=ORIENTED_EDGE('',*,*,#2869,.F.);
#4049=ORIENTED_EDGE('',*,*,#2778,.T.);
#4050=ORIENTED_EDGE('',*,*,#2870,.T.);
#4051=ORIENTED_EDGE('',*,*,#2830,.F.);
#4052=ORIENTED_EDGE('',*,*,#2870,.F.);
#4053=ORIENTED_EDGE('',*,*,#2777,.T.);
#4054=ORIENTED_EDGE('',*,*,#2871,.T.);
#4055=ORIENTED_EDGE('',*,*,#2843,.F.);
#4056=ORIENTED_EDGE('',*,*,#2871,.F.);
#4057=ORIENTED_EDGE('',*,*,#2776,.T.);
#4058=ORIENTED_EDGE('',*,*,#2865,.F.);
#4059=ORIENTED_EDGE('',*,*,#2781,.F.);
#4060=ORIENTED_EDGE('',*,*,#2872,.T.);
#4061=ORIENTED_EDGE('',*,*,#2761,.T.);
#4062=ORIENTED_EDGE('',*,*,#2873,.T.);
#4063=ORIENTED_EDGE('',*,*,#2814,.F.);
#4064=ORIENTED_EDGE('',*,*,#2873,.F.);
#4065=ORIENTED_EDGE('',*,*,#2760,.T.);
#4066=ORIENTED_EDGE('',*,*,#2821,.T.);
#4067=ORIENTED_EDGE('',*,*,#2803,.F.);
#4068=ORIENTED_EDGE('',*,*,#2816,.F.);
#4069=ORIENTED_EDGE('',*,*,#2751,.T.);
#4070=ORIENTED_EDGE('',*,*,#2874,.T.);
#4071=ORIENTED_EDGE('',*,*,#2806,.F.);
#4072=ORIENTED_EDGE('',*,*,#2874,.F.);
#4073=ORIENTED_EDGE('',*,*,#2764,.T.);
#4074=ORIENTED_EDGE('',*,*,#2875,.T.);
#4075=ORIENTED_EDGE('',*,*,#2809,.F.);
#4076=ORIENTED_EDGE('',*,*,#2875,.F.);
#4077=ORIENTED_EDGE('',*,*,#2763,.T.);
#4078=ORIENTED_EDGE('',*,*,#2876,.T.);
#4079=ORIENTED_EDGE('',*,*,#2812,.F.);
#4080=ORIENTED_EDGE('',*,*,#2876,.F.);
#4081=ORIENTED_EDGE('',*,*,#2762,.T.);
#4082=ORIENTED_EDGE('',*,*,#2872,.F.);
#4083=ORIENTED_EDGE('',*,*,#2877,.F.);
#4084=ORIENTED_EDGE('',*,*,#2878,.T.);
#4085=ORIENTED_EDGE('',*,*,#2602,.F.);
#4086=ORIENTED_EDGE('',*,*,#2600,.F.);
#4087=ORIENTED_EDGE('',*,*,#2878,.F.);
#4088=ORIENTED_EDGE('',*,*,#2879,.F.);
#4089=ORIENTED_EDGE('',*,*,#2880,.F.);
#4090=ORIENTED_EDGE('',*,*,#2881,.T.);
#4091=ORIENTED_EDGE('',*,*,#2616,.F.);
#4092=ORIENTED_EDGE('',*,*,#2614,.F.);
#4093=ORIENTED_EDGE('',*,*,#2881,.F.);
#4094=ORIENTED_EDGE('',*,*,#2882,.F.);
#4095=ORIENTED_EDGE('',*,*,#2866,.T.);
#4096=ORIENTED_EDGE('',*,*,#2883,.T.);
#4097=ORIENTED_EDGE('',*,*,#2882,.T.);
#4098=ORIENTED_EDGE('',*,*,#2880,.T.);
#4099=ORIENTED_EDGE('',*,*,#2883,.F.);
#4100=ORIENTED_EDGE('',*,*,#2822,.T.);
#4101=ORIENTED_EDGE('',*,*,#2884,.T.);
#4102=ORIENTED_EDGE('',*,*,#2879,.T.);
#4103=ORIENTED_EDGE('',*,*,#2877,.T.);
#4104=ORIENTED_EDGE('',*,*,#2884,.F.);
#4105=ORIENTED_EDGE('',*,*,#2537,.F.);
#4106=ORIENTED_EDGE('',*,*,#2542,.T.);
#4107=ORIENTED_EDGE('',*,*,#2885,.T.);
#4108=ORIENTED_EDGE('',*,*,#2886,.F.);
#4109=ORIENTED_EDGE('',*,*,#2539,.F.);
#4110=ORIENTED_EDGE('',*,*,#2886,.T.);
#4111=ORIENTED_EDGE('',*,*,#2887,.T.);
#4112=ORIENTED_EDGE('',*,*,#2543,.F.);
#4113=ORIENTED_EDGE('',*,*,#2544,.F.);
#4114=ORIENTED_EDGE('',*,*,#2887,.F.);
#4115=ORIENTED_EDGE('',*,*,#2885,.F.);
#4116=ORIENTED_EDGE('',*,*,#2541,.F.);
#4117=ORIENTED_EDGE('',*,*,#2647,.F.);
#4118=ORIENTED_EDGE('',*,*,#2888,.F.);
#4119=ORIENTED_EDGE('',*,*,#2889,.F.);
#4120=ORIENTED_EDGE('',*,*,#2890,.F.);
#4121=ORIENTED_EDGE('',*,*,#2891,.F.);
#4122=ORIENTED_EDGE('',*,*,#2648,.F.);
#4123=ORIENTED_EDGE('',*,*,#2891,.T.);
#4124=ORIENTED_EDGE('',*,*,#2892,.F.);
#4125=ORIENTED_EDGE('',*,*,#2649,.F.);
#4126=ORIENTED_EDGE('',*,*,#2892,.T.);
#4127=ORIENTED_EDGE('',*,*,#2890,.T.);
#4128=ORIENTED_EDGE('',*,*,#2893,.F.);
#4129=ORIENTED_EDGE('',*,*,#2894,.F.);
#4130=ORIENTED_EDGE('',*,*,#2650,.F.);
#4131=ORIENTED_EDGE('',*,*,#2894,.T.);
#4132=ORIENTED_EDGE('',*,*,#2895,.F.);
#4133=ORIENTED_EDGE('',*,*,#2896,.F.);
#4134=ORIENTED_EDGE('',*,*,#2646,.F.);
#4135=ORIENTED_EDGE('',*,*,#2897,.T.);
#4136=ORIENTED_EDGE('',*,*,#2898,.F.);
#4137=ORIENTED_EDGE('',*,*,#2888,.T.);
#4138=ORIENTED_EDGE('',*,*,#2889,.T.);
#4139=ORIENTED_EDGE('',*,*,#2898,.T.);
#4140=ORIENTED_EDGE('',*,*,#2899,.T.);
#4141=ORIENTED_EDGE('',*,*,#2900,.T.);
#4142=ORIENTED_EDGE('',*,*,#2895,.T.);
#4143=ORIENTED_EDGE('',*,*,#2893,.T.);
#4144=ORIENTED_EDGE('',*,*,#2645,.F.);
#4145=ORIENTED_EDGE('',*,*,#2901,.F.);
#4146=ORIENTED_EDGE('',*,*,#2902,.F.);
#4147=ORIENTED_EDGE('',*,*,#2899,.F.);
#4148=ORIENTED_EDGE('',*,*,#2897,.F.);
#4149=ORIENTED_EDGE('',*,*,#2643,.F.);
#4150=ORIENTED_EDGE('',*,*,#2896,.T.);
#4151=ORIENTED_EDGE('',*,*,#2900,.F.);
#4152=ORIENTED_EDGE('',*,*,#2902,.T.);
#4153=ORIENTED_EDGE('',*,*,#2903,.F.);
#4154=ORIENTED_EDGE('',*,*,#2644,.F.);
#4155=ORIENTED_EDGE('',*,*,#2903,.T.);
#4156=ORIENTED_EDGE('',*,*,#2901,.T.);
#4157=ORIENTED_EDGE('',*,*,#2904,.F.);
#4158=ORIENTED_EDGE('',*,*,#2905,.F.);
#4159=ORIENTED_EDGE('',*,*,#2906,.F.);
#4160=ORIENTED_EDGE('',*,*,#2907,.F.);
#4161=ORIENTED_EDGE('',*,*,#2908,.F.);
#4162=ORIENTED_EDGE('',*,*,#2909,.F.);
#4163=ORIENTED_EDGE('',*,*,#2674,.F.);
#4164=ORIENTED_EDGE('',*,*,#2910,.T.);
#4165=ORIENTED_EDGE('',*,*,#2905,.T.);
#4166=ORIENTED_EDGE('',*,*,#2911,.F.);
#4167=ORIENTED_EDGE('',*,*,#2671,.F.);
#4168=ORIENTED_EDGE('',*,*,#2691,.T.);
#4169=ORIENTED_EDGE('',*,*,#2912,.T.);
#4170=ORIENTED_EDGE('',*,*,#2913,.T.);
#4171=ORIENTED_EDGE('',*,*,#2906,.T.);
#4172=ORIENTED_EDGE('',*,*,#2910,.F.);
#4173=ORIENTED_EDGE('',*,*,#2907,.T.);
#4174=ORIENTED_EDGE('',*,*,#2913,.F.);
#4175=ORIENTED_EDGE('',*,*,#2914,.T.);
#4176=ORIENTED_EDGE('',*,*,#2915,.F.);
#4177=ORIENTED_EDGE('',*,*,#2916,.F.);
#4178=ORIENTED_EDGE('',*,*,#2917,.F.);
#4179=ORIENTED_EDGE('',*,*,#2918,.F.);
#4180=ORIENTED_EDGE('',*,*,#2919,.F.);
#4181=ORIENTED_EDGE('',*,*,#2920,.F.);
#4182=ORIENTED_EDGE('',*,*,#2921,.F.);
#4183=ORIENTED_EDGE('',*,*,#2680,.F.);
#4184=ORIENTED_EDGE('',*,*,#2922,.T.);
#4185=ORIENTED_EDGE('',*,*,#2917,.T.);
#4186=ORIENTED_EDGE('',*,*,#2923,.F.);
#4187=ORIENTED_EDGE('',*,*,#2677,.F.);
#4188=ORIENTED_EDGE('',*,*,#2911,.T.);
#4189=ORIENTED_EDGE('',*,*,#2904,.T.);
#4190=ORIENTED_EDGE('',*,*,#2924,.T.);
#4191=ORIENTED_EDGE('',*,*,#2918,.T.);
#4192=ORIENTED_EDGE('',*,*,#2922,.F.);
#4193=ORIENTED_EDGE('',*,*,#2909,.T.);
#4194=ORIENTED_EDGE('',*,*,#2925,.F.);
#4195=ORIENTED_EDGE('',*,*,#2919,.T.);
#4196=ORIENTED_EDGE('',*,*,#2924,.F.);
#4197=ORIENTED_EDGE('',*,*,#2912,.F.);
#4198=ORIENTED_EDGE('',*,*,#2690,.F.);
#4199=ORIENTED_EDGE('',*,*,#2695,.F.);
#4200=ORIENTED_EDGE('',*,*,#2926,.F.);
#4201=ORIENTED_EDGE('',*,*,#2914,.F.);
#4202=ORIENTED_EDGE('',*,*,#2908,.T.);
#4203=ORIENTED_EDGE('',*,*,#2915,.T.);
#4204=ORIENTED_EDGE('',*,*,#2926,.T.);
#4205=ORIENTED_EDGE('',*,*,#2694,.F.);
#4206=ORIENTED_EDGE('',*,*,#2927,.T.);
#4207=ORIENTED_EDGE('',*,*,#2928,.T.);
#4208=ORIENTED_EDGE('',*,*,#2920,.T.);
#4209=ORIENTED_EDGE('',*,*,#2925,.T.);
#4210=ORIENTED_EDGE('',*,*,#2927,.F.);
#4211=ORIENTED_EDGE('',*,*,#2693,.F.);
#4212=ORIENTED_EDGE('',*,*,#2929,.F.);
#4213=ORIENTED_EDGE('',*,*,#2930,.F.);
#4214=ORIENTED_EDGE('',*,*,#2931,.F.);
#4215=ORIENTED_EDGE('',*,*,#2686,.F.);
#4216=ORIENTED_EDGE('',*,*,#2932,.T.);
#4217=ORIENTED_EDGE('',*,*,#2929,.T.);
#4218=ORIENTED_EDGE('',*,*,#2692,.F.);
#4219=ORIENTED_EDGE('',*,*,#2683,.F.);
#4220=ORIENTED_EDGE('',*,*,#2923,.T.);
#4221=ORIENTED_EDGE('',*,*,#2916,.T.);
#4222=ORIENTED_EDGE('',*,*,#2933,.T.);
#4223=ORIENTED_EDGE('',*,*,#2930,.T.);
#4224=ORIENTED_EDGE('',*,*,#2932,.F.);
#4225=ORIENTED_EDGE('',*,*,#2921,.T.);
#4226=ORIENTED_EDGE('',*,*,#2928,.F.);
#4227=ORIENTED_EDGE('',*,*,#2931,.T.);
#4228=ORIENTED_EDGE('',*,*,#2933,.F.);
#4229=ORIENTED_EDGE('',*,*,#2934,.T.);
#4230=ORIENTED_EDGE('',*,*,#2935,.T.);
#4231=ORIENTED_EDGE('',*,*,#2936,.T.);
#4232=ORIENTED_EDGE('',*,*,#2937,.T.);
#4233=ORIENTED_EDGE('',*,*,#2938,.T.);
#4234=ORIENTED_EDGE('',*,*,#2939,.T.);
#4235=ORIENTED_EDGE('',*,*,#2727,.F.);
#4236=ORIENTED_EDGE('',*,*,#2940,.T.);
#4237=ORIENTED_EDGE('',*,*,#2939,.F.);
#4238=ORIENTED_EDGE('',*,*,#2941,.F.);
#4239=ORIENTED_EDGE('',*,*,#2725,.F.);
#4240=ORIENTED_EDGE('',*,*,#2941,.T.);
#4241=ORIENTED_EDGE('',*,*,#2938,.F.);
#4242=ORIENTED_EDGE('',*,*,#2942,.F.);
#4243=ORIENTED_EDGE('',*,*,#2565,.F.);
#4244=ORIENTED_EDGE('',*,*,#2943,.F.);
#4245=ORIENTED_EDGE('',*,*,#2937,.F.);
#4246=ORIENTED_EDGE('',*,*,#2944,.T.);
#4247=ORIENTED_EDGE('',*,*,#2566,.F.);
#4248=ORIENTED_EDGE('',*,*,#2942,.T.);
#4249=ORIENTED_EDGE('',*,*,#2743,.T.);
#4250=ORIENTED_EDGE('',*,*,#2945,.T.);
#4251=ORIENTED_EDGE('',*,*,#2946,.T.);
#4252=ORIENTED_EDGE('',*,*,#2947,.T.);
#4253=ORIENTED_EDGE('',*,*,#2948,.T.);
#4254=ORIENTED_EDGE('',*,*,#2949,.T.);
#4255=ORIENTED_EDGE('',*,*,#2731,.F.);
#4256=ORIENTED_EDGE('',*,*,#2744,.T.);
#4257=ORIENTED_EDGE('',*,*,#2949,.F.);
#4258=ORIENTED_EDGE('',*,*,#2950,.F.);
#4259=ORIENTED_EDGE('',*,*,#2729,.F.);
#4260=ORIENTED_EDGE('',*,*,#2950,.T.);
#4261=ORIENTED_EDGE('',*,*,#2948,.F.);
#4262=ORIENTED_EDGE('',*,*,#2951,.F.);
#4263=ORIENTED_EDGE('',*,*,#2934,.F.);
#4264=ORIENTED_EDGE('',*,*,#2940,.F.);
#4265=ORIENTED_EDGE('',*,*,#2935,.F.);
#4266=ORIENTED_EDGE('',*,*,#2951,.T.);
#4267=ORIENTED_EDGE('',*,*,#2947,.F.);
#4268=ORIENTED_EDGE('',*,*,#2952,.T.);
#4269=ORIENTED_EDGE('',*,*,#2560,.F.);
#4270=ORIENTED_EDGE('',*,*,#2567,.F.);
#4271=ORIENTED_EDGE('',*,*,#2944,.F.);
#4272=ORIENTED_EDGE('',*,*,#2936,.F.);
#4273=ORIENTED_EDGE('',*,*,#2952,.F.);
#4274=ORIENTED_EDGE('',*,*,#2946,.F.);
#4275=ORIENTED_EDGE('',*,*,#2953,.F.);
#4276=ORIENTED_EDGE('',*,*,#2954,.F.);
#4277=ORIENTED_EDGE('',*,*,#2561,.F.);
#4278=ORIENTED_EDGE('',*,*,#2954,.T.);
#4279=ORIENTED_EDGE('',*,*,#2955,.T.);
#4280=ORIENTED_EDGE('',*,*,#2741,.T.);
#4281=ORIENTED_EDGE('',*,*,#2745,.T.);
#4282=ORIENTED_EDGE('',*,*,#2568,.T.);
#4283=ORIENTED_EDGE('',*,*,#2945,.F.);
#4284=ORIENTED_EDGE('',*,*,#2742,.T.);
#4285=ORIENTED_EDGE('',*,*,#2955,.F.);
#4286=ORIENTED_EDGE('',*,*,#2953,.T.);
#4287=ORIENTED_EDGE('',*,*,#2956,.T.);
#4288=ORIENTED_EDGE('',*,*,#2572,.T.);
#4289=ORIENTED_EDGE('',*,*,#2747,.F.);
#4290=ORIENTED_EDGE('',*,*,#2957,.T.);
#4291=ORIENTED_EDGE('',*,*,#2958,.T.);
#4292=ORIENTED_EDGE('',*,*,#2573,.T.);
#4293=ORIENTED_EDGE('',*,*,#2956,.F.);
#4294=ORIENTED_EDGE('',*,*,#2959,.T.);
#4295=ORIENTED_EDGE('',*,*,#2960,.T.);
#4296=ORIENTED_EDGE('',*,*,#2574,.T.);
#4297=ORIENTED_EDGE('',*,*,#2958,.F.);
#4298=ORIENTED_EDGE('',*,*,#2961,.T.);
#4299=ORIENTED_EDGE('',*,*,#2720,.F.);
#4300=ORIENTED_EDGE('',*,*,#2575,.T.);
#4301=ORIENTED_EDGE('',*,*,#2960,.F.);
#4302=ORIENTED_EDGE('',*,*,#2962,.T.);
#4303=ORIENTED_EDGE('',*,*,#2623,.F.);
#4304=ORIENTED_EDGE('',*,*,#2638,.F.);
#4305=ORIENTED_EDGE('',*,*,#2963,.T.);
#4306=ORIENTED_EDGE('',*,*,#2961,.F.);
#4307=ORIENTED_EDGE('',*,*,#2964,.T.);
#4308=ORIENTED_EDGE('',*,*,#2626,.F.);
#4309=ORIENTED_EDGE('',*,*,#2964,.F.);
#4310=ORIENTED_EDGE('',*,*,#2959,.F.);
#4311=ORIENTED_EDGE('',*,*,#2965,.F.);
#4312=ORIENTED_EDGE('',*,*,#2634,.F.);
#4313=ORIENTED_EDGE('',*,*,#2632,.F.);
#4314=ORIENTED_EDGE('',*,*,#2965,.T.);
#4315=ORIENTED_EDGE('',*,*,#2957,.F.);
#4316=ORIENTED_EDGE('',*,*,#2749,.T.);
#4317=ORIENTED_EDGE('',*,*,#2750,.F.);
#4318=ORIENTED_EDGE('',*,*,#2718,.F.);
#4319=ORIENTED_EDGE('',*,*,#2962,.F.);
#4320=ORIENTED_EDGE('',*,*,#2963,.F.);
#4321=ORIENTED_EDGE('',*,*,#2637,.F.);
#4322=ORIENTED_EDGE('',*,*,#2723,.F.);
#4323=ORIENTED_EDGE('',*,*,#2943,.T.);
#4324=ORIENTED_EDGE('',*,*,#2564,.F.);
#4325=ORIENTED_EDGE('',*,*,#2577,.F.);
#4326=B_SPLINE_SURFACE_WITH_KNOTS('',3,3,((#6430,#6431,#6432,#6433),(#6434,
#6435,#6436,#6437),(#6438,#6439,#6440,#6441),(#6442,#6443,#6444,#6445),
(#6446,#6447,#6448,#6449)),.UNSPECIFIED.,.F.,.F.,.F.,(4,1,4),(4,4),(0.,
0.5,1.),(0.07854545592098,0.379287136130193),.UNSPECIFIED.);
#4327=B_SPLINE_SURFACE_WITH_KNOTS('',3,3,((#6553,#6554,#6555,#6556),(#6557,
#6558,#6559,#6560),(#6561,#6562,#6563,#6564),(#6565,#6566,#6567,#6568),
(#6569,#6570,#6571,#6572)),.UNSPECIFIED.,.F.,.F.,.F.,(4,1,4),(4,4),(0.,
0.5,1.),(0.0782473529477531,0.379194712505941),.UNSPECIFIED.);
#4328=B_SPLINE_SURFACE_WITH_KNOTS('',3,3,((#7221,#7222,#7223,#7224,#7225,
#7226),(#7227,#7228,#7229,#7230,#7231,#7232),(#7233,#7234,#7235,#7236,#7237,
#7238),(#7239,#7240,#7241,#7242,#7243,#7244),(#7245,#7246,#7247,#7248,#7249,
#7250)),.UNSPECIFIED.,.F.,.F.,.F.,(4,1,4),(4,1,1,4),(0.,0.571428571428571,
1.),(-0.0251847653887465,0.637220189499604,1.0788234927585,1.5204267960174),
 .UNSPECIFIED.);
#4329=B_SPLINE_SURFACE_WITH_KNOTS('',3,3,((#7254,#7255,#7256,#7257,#7258,
#7259),(#7260,#7261,#7262,#7263,#7264,#7265),(#7266,#7267,#7268,#7269,#7270,
#7271),(#7272,#7273,#7274,#7275,#7276,#7277),(#7278,#7279,#7280,#7281,#7282,
#7283)),.UNSPECIFIED.,.F.,.F.,.F.,(4,1,4),(4,1,1,4),(0.,0.571428571428571,
1.),(-1.5707963267949,-0.897597901025661,-0.448798950512832,-3.52659088196235E-15),
 .UNSPECIFIED.);
#4330=B_SPLINE_SURFACE_WITH_KNOTS('',3,3,((#7295,#7296,#7297,#7298,#7299),
(#7300,#7301,#7302,#7303,#7304),(#7305,#7306,#7307,#7308,#7309),(#7310,
#7311,#7312,#7313,#7314),(#7315,#7316,#7317,#7318,#7319),(#7320,#7321,#7322,
#7323,#7324)),.UNSPECIFIED.,.F.,.F.,.F.,(4,1,1,4),(4,1,4),(0.,0.285714285714286,
0.571428571428571,1.),(0.388375930433871,0.58410854821245,0.845085371917221),
 .UNSPECIFIED.);
#4331=B_SPLINE_SURFACE_WITH_KNOTS('',3,3,((#7347,#7348,#7349,#7350,#7351),
(#7352,#7353,#7354,#7355,#7356),(#7357,#7358,#7359,#7360,#7361),(#7362,
#7363,#7364,#7365,#7366),(#7367,#7368,#7369,#7370,#7371),(#7372,#7373,#7374,
#7375,#7376)),.UNSPECIFIED.,.F.,.F.,.F.,(4,1,1,4),(4,1,4),(0.,0.285714285714286,
0.571428571428571,1.),(-3.38560260926408,-3.22368622036558,-3.00779770183425),
 .UNSPECIFIED.);
#4332=B_SPLINE_SURFACE_WITH_KNOTS('',3,3,((#7473,#7474,#7475,#7476,#7477,
#7478,#7479),(#7480,#7481,#7482,#7483,#7484,#7485,#7486),(#7487,#7488,#7489,
#7490,#7491,#7492,#7493),(#7494,#7495,#7496,#7497,#7498,#7499,#7500),(#7501,
#7502,#7503,#7504,#7505,#7506,#7507),(#7508,#7509,#7510,#7511,#7512,#7513,
#7514)),.UNSPECIFIED.,.F.,.F.,.F.,(4,1,1,4),(4,1,1,1,4),(0.,0.285714285714286,
0.571428571428571,1.),(-1.99854579144323,-1.42033706091981,-1.1312326956581,
-0.55302396513468,0.0251847653887412),.UNSPECIFIED.);
#4333=B_SPLINE_SURFACE_WITH_KNOTS('',3,3,((#7516,#7517,#7518,#7519,#7520,
#7521,#7522),(#7523,#7524,#7525,#7526,#7527,#7528,#7529),(#7530,#7531,#7532,
#7533,#7534,#7535,#7536),(#7537,#7538,#7539,#7540,#7541,#7542,#7543),(#7544,
#7545,#7546,#7547,#7548,#7549,#7550),(#7551,#7552,#7553,#7554,#7555,#7556,
#7557)),.UNSPECIFIED.,.F.,.F.,.F.,(4,1,1,4),(4,1,1,1,4),(0.,0.285714285714286,
0.571428571428571,1.),(-2.01720431342992E-15,0.293976958046401,0.881930874139208,
1.46988479023202,2.05783870632482),.UNSPECIFIED.);
#4334=B_SPLINE_SURFACE_WITH_KNOTS('',3,3,((#7576,#7577,#7578,#7579,#7580),
(#7581,#7582,#7583,#7584,#7585),(#7586,#7587,#7588,#7589,#7590),(#7591,
#7592,#7593,#7594,#7595)),.UNSPECIFIED.,.F.,.F.,.F.,(4,4),(4,1,4),(0.,1.),
(4.71476316738256,5.48405044387223,6.06101590123947),.UNSPECIFIED.);
#4335=B_SPLINE_SURFACE_WITH_KNOTS('',3,3,((#7618,#7619,#7620,#7621),(#7622,
#7623,#7624,#7625),(#7626,#7627,#7628,#7629),(#7630,#7631,#7632,#7633)),
 .UNSPECIFIED.,.F.,.F.,.F.,(4,4),(4,4),(0.,1.),(4.71238898038463,4.71476316738256),
 .UNSPECIFIED.);
#4336=B_SPLINE_SURFACE_WITH_KNOTS('',3,3,((#8284,#8285,#8286,#8287),(#8288,
#8289,#8290,#8291),(#8292,#8293,#8294,#8295),(#8296,#8297,#8298,#8299),
(#8300,#8301,#8302,#8303)),.UNSPECIFIED.,.F.,.F.,.F.,(4,1,4),(4,4),(0.,
0.571428571428571,1.),(0.131712004046595,0.373958885010315),
 .UNSPECIFIED.);
#4337=B_SPLINE_SURFACE_WITH_KNOTS('',3,3,((#8363,#8364,#8365,#8366),(#8367,
#8368,#8369,#8370),(#8371,#8372,#8373,#8374),(#8375,#8376,#8377,#8378),
(#8379,#8380,#8381,#8382)),.UNSPECIFIED.,.F.,.F.,.F.,(4,1,4),(4,4),(0.,
0.571428571428571,1.),(0.1319620032658,0.373866461534439),.UNSPECIFIED.);
#4338=B_SPLINE_SURFACE_WITH_KNOTS('',3,3,((#8553,#8554,#8555,#8556,#8557,
#8558),(#8559,#8560,#8561,#8562,#8563,#8564),(#8565,#8566,#8567,#8568,#8569,
#8570),(#8571,#8572,#8573,#8574,#8575,#8576),(#8577,#8578,#8579,#8580,#8581,
#8582)),.UNSPECIFIED.,.F.,.F.,.F.,(4,1,4),(4,1,1,4),(0.,0.571428571428571,
1.),(-1.57079632679499,-0.897597901025745,-0.448798950512917,-8.95748623059777E-14),
 .UNSPECIFIED.);
#4339=ADVANCED_FACE('',(#1249),#4326,.F.);
#4340=ADVANCED_FACE('',(#1250),#1194,.F.);
#4341=ADVANCED_FACE('',(#1251),#874,.T.);
#4342=ADVANCED_FACE('',(#1252),#4327,.F.);
#4343=ADVANCED_FACE('',(#1253),#1195,.T.);
#4344=ADVANCED_FACE('',(#1254),#875,.T.);
#4345=ADVANCED_FACE('',(#1255),#876,.T.);
#4346=ADVANCED_FACE('',(#1256),#877,.T.);
#4347=ADVANCED_FACE('',(#1257),#878,.T.);
#4348=ADVANCED_FACE('',(#1258),#879,.T.);
#4349=ADVANCED_FACE('',(#1259),#1196,.T.);
#4350=ADVANCED_FACE('',(#1260),#880,.T.);
#4351=ADVANCED_FACE('',(#1261),#1197,.T.);
#4352=ADVANCED_FACE('',(#1262),#881,.T.);
#4353=ADVANCED_FACE('',(#1263,#91,#92,#93),#882,.F.);
#4354=ADVANCED_FACE('',(#1264),#1198,.T.);
#4355=ADVANCED_FACE('',(#1265),#883,.T.);
#4356=ADVANCED_FACE('',(#1266),#1199,.T.);
#4357=ADVANCED_FACE('',(#1267),#884,.T.);
#4358=ADVANCED_FACE('',(#1268),#1200,.T.);
#4359=ADVANCED_FACE('',(#1269),#885,.T.);
#4360=ADVANCED_FACE('',(#1270),#1201,.T.);
#4361=ADVANCED_FACE('',(#1271),#886,.T.);
#4362=ADVANCED_FACE('',(#1272),#887,.T.);
#4363=ADVANCED_FACE('',(#1273),#1202,.T.);
#4364=ADVANCED_FACE('',(#1274),#888,.T.);
#4365=ADVANCED_FACE('',(#1275),#1203,.T.);
#4366=ADVANCED_FACE('',(#1276),#889,.T.);
#4367=ADVANCED_FACE('',(#1277),#26,.T.);
#4368=ADVANCED_FACE('',(#1278),#890,.T.);
#4369=ADVANCED_FACE('',(#1279),#27,.T.);
#4370=ADVANCED_FACE('',(#1280),#891,.T.);
#4371=ADVANCED_FACE('',(#1281),#892,.T.);
#4372=ADVANCED_FACE('',(#1282),#1204,.T.);
#4373=ADVANCED_FACE('',(#1283),#893,.T.);
#4374=ADVANCED_FACE('',(#1284),#1205,.T.);
#4375=ADVANCED_FACE('',(#1285),#894,.T.);
#4376=ADVANCED_FACE('',(#1286),#1206,.T.);
#4377=ADVANCED_FACE('',(#1287),#895,.T.);
#4378=ADVANCED_FACE('',(#1288),#1207,.T.);
#4379=ADVANCED_FACE('',(#1289),#896,.T.);
#4380=ADVANCED_FACE('',(#1290,#94),#897,.F.);
#4381=ADVANCED_FACE('',(#1291),#1208,.T.);
#4382=ADVANCED_FACE('',(#1292),#1209,.T.);
#4383=ADVANCED_FACE('',(#1293),#898,.T.);
#4384=ADVANCED_FACE('',(#1294),#899,.T.);
#4385=ADVANCED_FACE('',(#1295),#1210,.F.);
#4386=ADVANCED_FACE('',(#1296),#1211,.F.);
#4387=ADVANCED_FACE('',(#1297),#28,.F.);
#4388=ADVANCED_FACE('',(#1298),#29,.F.);
#4389=ADVANCED_FACE('',(#1299),#900,.T.);
#4390=ADVANCED_FACE('',(#1300),#30,.F.);
#4391=ADVANCED_FACE('',(#1301),#901,.T.);
#4392=ADVANCED_FACE('',(#1302),#31,.F.);
#4393=ADVANCED_FACE('',(#1303),#902,.T.);
#4394=ADVANCED_FACE('',(#1304),#32,.F.);
#4395=ADVANCED_FACE('',(#1305),#903,.T.);
#4396=ADVANCED_FACE('',(#1306),#33,.F.);
#4397=ADVANCED_FACE('',(#1307),#904,.T.);
#4398=ADVANCED_FACE('',(#1308),#34,.F.);
#4399=ADVANCED_FACE('',(#1309),#905,.T.);
#4400=ADVANCED_FACE('',(#1310),#35,.F.);
#4401=ADVANCED_FACE('',(#1311),#36,.T.);
#4402=ADVANCED_FACE('',(#1312),#906,.T.);
#4403=ADVANCED_FACE('',(#1313),#37,.T.);
#4404=ADVANCED_FACE('',(#1314),#907,.T.);
#4405=ADVANCED_FACE('',(#1315),#38,.T.);
#4406=ADVANCED_FACE('',(#1316),#39,.T.);
#4407=ADVANCED_FACE('',(#1317),#908,.T.);
#4408=ADVANCED_FACE('',(#1318),#909,.T.);
#4409=ADVANCED_FACE('',(#1319),#910,.F.);
#4410=ADVANCED_FACE('',(#1320),#40,.F.);
#4411=ADVANCED_FACE('',(#1321,#95),#911,.T.);
#4412=ADVANCED_FACE('',(#1322),#912,.T.);
#4413=ADVANCED_FACE('',(#1323),#1212,.F.);
#4414=ADVANCED_FACE('',(#1324,#96,#97),#913,.T.);
#4415=ADVANCED_FACE('',(#1325),#914,.T.);
#4416=ADVANCED_FACE('',(#1326),#1213,.F.);
#4417=ADVANCED_FACE('',(#1327),#915,.T.);
#4418=ADVANCED_FACE('',(#1328),#41,.F.);
#4419=ADVANCED_FACE('',(#1329),#916,.T.);
#4420=ADVANCED_FACE('',(#1330),#42,.F.);
#4421=ADVANCED_FACE('',(#1331),#917,.T.);
#4422=ADVANCED_FACE('',(#1332),#43,.F.);
#4423=ADVANCED_FACE('',(#1333),#918,.T.);
#4424=ADVANCED_FACE('',(#1334),#44,.F.);
#4425=ADVANCED_FACE('',(#1335),#919,.T.);
#4426=ADVANCED_FACE('',(#1336),#45,.F.);
#4427=ADVANCED_FACE('',(#1337),#920,.T.);
#4428=ADVANCED_FACE('',(#1338),#46,.F.);
#4429=ADVANCED_FACE('',(#1339),#921,.T.);
#4430=ADVANCED_FACE('',(#1340),#47,.F.);
#4431=ADVANCED_FACE('',(#1341),#922,.T.);
#4432=ADVANCED_FACE('',(#1342),#13,.F.);
#4433=ADVANCED_FACE('',(#1343),#14,.F.);
#4434=ADVANCED_FACE('',(#1344),#15,.F.);
#4435=ADVANCED_FACE('',(#1345),#16,.F.);
#4436=ADVANCED_FACE('',(#1346),#1214,.F.);
#4437=ADVANCED_FACE('',(#1347),#1215,.T.);
#4438=ADVANCED_FACE('',(#1348,#98),#923,.F.);
#4439=ADVANCED_FACE('',(#1349),#924,.T.);
#4440=ADVANCED_FACE('',(#1350),#48,.T.);
#4441=ADVANCED_FACE('',(#1351),#925,.T.);
#4442=ADVANCED_FACE('',(#1352),#49,.T.);
#4443=ADVANCED_FACE('',(#1353),#4328,.F.);
#4444=ADVANCED_FACE('',(#1354),#4329,.F.);
#4445=ADVANCED_FACE('',(#1355),#50,.T.);
#4446=ADVANCED_FACE('',(#1356),#51,.T.);
#4447=ADVANCED_FACE('',(#1357),#4330,.F.);
#4448=ADVANCED_FACE('',(#1358),#4331,.F.);
#4449=ADVANCED_FACE('',(#1359),#926,.F.);
#4450=ADVANCED_FACE('',(#1360),#17,.F.);
#4451=ADVANCED_FACE('',(#1361),#52,.T.);
#4452=ADVANCED_FACE('',(#1362),#927,.T.);
#4453=ADVANCED_FACE('',(#1363),#53,.T.);
#4454=ADVANCED_FACE('',(#1364),#928,.F.);
#4455=ADVANCED_FACE('',(#1365),#54,.T.);
#4456=ADVANCED_FACE('',(#1366),#18,.F.);
#4457=ADVANCED_FACE('',(#1367),#55,.F.);
#4458=ADVANCED_FACE('',(#1368),#4332,.T.);
#4459=ADVANCED_FACE('',(#1369),#4333,.T.);
#4460=ADVANCED_FACE('',(#1370),#1216,.F.);
#4461=ADVANCED_FACE('',(#1371),#929,.T.);
#4462=ADVANCED_FACE('',(#1372),#4334,.T.);
#4463=ADVANCED_FACE('',(#1373),#4335,.T.);
#4464=ADVANCED_FACE('',(#1374),#930,.T.);
#4465=ADVANCED_FACE('',(#1375,#99,#100,#101),#931,.T.);
#4466=ADVANCED_FACE('',(#1376),#932,.T.);
#4467=ADVANCED_FACE('',(#1377),#933,.T.);
#4468=ADVANCED_FACE('',(#1378),#1217,.T.);
#4469=ADVANCED_FACE('',(#1379),#934,.T.);
#4470=ADVANCED_FACE('',(#1380),#1218,.T.);
#4471=ADVANCED_FACE('',(#1381),#935,.T.);
#4472=ADVANCED_FACE('',(#1382),#1219,.F.);
#4473=ADVANCED_FACE('',(#1383),#936,.T.);
#4474=ADVANCED_FACE('',(#1384),#1220,.F.);
#4475=ADVANCED_FACE('',(#1385),#937,.T.);
#4476=ADVANCED_FACE('',(#1386),#1221,.F.);
#4477=ADVANCED_FACE('',(#1387),#938,.T.);
#4478=ADVANCED_FACE('',(#1388),#1222,.F.);
#4479=ADVANCED_FACE('',(#1389),#939,.T.);
#4480=ADVANCED_FACE('',(#1390),#56,.F.);
#4481=ADVANCED_FACE('',(#1391),#57,.T.);
#4482=ADVANCED_FACE('',(#1392),#940,.F.);
#4483=ADVANCED_FACE('',(#1393,#102),#941,.T.);
#4484=ADVANCED_FACE('',(#1394),#942,.T.);
#4485=ADVANCED_FACE('',(#1395),#943,.T.);
#4486=ADVANCED_FACE('',(#1396),#944,.T.);
#4487=ADVANCED_FACE('',(#1397),#1223,.T.);
#4488=ADVANCED_FACE('',(#1398),#945,.T.);
#4489=ADVANCED_FACE('',(#1399),#1224,.T.);
#4490=ADVANCED_FACE('',(#1400),#946,.T.);
#4491=ADVANCED_FACE('',(#1401),#1225,.T.);
#4492=ADVANCED_FACE('',(#1402),#947,.T.);
#4493=ADVANCED_FACE('',(#1403),#1226,.T.);
#4494=ADVANCED_FACE('',(#1404),#948,.T.);
#4495=ADVANCED_FACE('',(#1405),#1227,.T.);
#4496=ADVANCED_FACE('',(#1406),#949,.T.);
#4497=ADVANCED_FACE('',(#1407),#1228,.T.);
#4498=ADVANCED_FACE('',(#1408),#950,.T.);
#4499=ADVANCED_FACE('',(#1409),#951,.T.);
#4500=ADVANCED_FACE('',(#1410),#952,.T.);
#4501=ADVANCED_FACE('',(#1411),#58,.T.);
#4502=ADVANCED_FACE('',(#1412),#59,.T.);
#4503=ADVANCED_FACE('',(#1413),#953,.T.);
#4504=ADVANCED_FACE('',(#1414),#954,.T.);
#4505=ADVANCED_FACE('',(#1415),#1229,.F.);
#4506=ADVANCED_FACE('',(#1416),#1230,.F.);
#4507=ADVANCED_FACE('',(#1417),#955,.T.);
#4508=ADVANCED_FACE('',(#1418),#956,.T.);
#4509=ADVANCED_FACE('',(#1419),#1231,.F.);
#4510=ADVANCED_FACE('',(#1420),#957,.T.);
#4511=ADVANCED_FACE('',(#1421),#1232,.F.);
#4512=ADVANCED_FACE('',(#1422),#958,.T.);
#4513=ADVANCED_FACE('',(#1423),#1233,.F.);
#4514=ADVANCED_FACE('',(#1424),#959,.T.);
#4515=ADVANCED_FACE('',(#1425),#1234,.F.);
#4516=ADVANCED_FACE('',(#1426),#960,.T.);
#4517=ADVANCED_FACE('',(#1427),#1235,.F.);
#4518=ADVANCED_FACE('',(#1428),#1236,.F.);
#4519=ADVANCED_FACE('',(#1429),#60,.F.);
#4520=ADVANCED_FACE('',(#1430),#961,.F.);
#4521=ADVANCED_FACE('',(#1431),#61,.F.);
#4522=ADVANCED_FACE('',(#1432),#962,.F.);
#4523=ADVANCED_FACE('',(#1433),#62,.F.);
#4524=ADVANCED_FACE('',(#1434),#963,.F.);
#4525=ADVANCED_FACE('',(#1435,#103),#964,.F.);
#4526=ADVANCED_FACE('',(#1436),#965,.T.);
#4527=ADVANCED_FACE('',(#1437),#1237,.F.);
#4528=ADVANCED_FACE('',(#1438),#966,.T.);
#4529=ADVANCED_FACE('',(#1439),#967,.T.);
#4530=ADVANCED_FACE('',(#1440),#1238,.F.);
#4531=ADVANCED_FACE('',(#1441),#968,.T.);
#4532=ADVANCED_FACE('',(#1442),#1239,.F.);
#4533=ADVANCED_FACE('',(#1443),#1240,.F.);
#4534=ADVANCED_FACE('',(#1444),#969,.T.);
#4535=ADVANCED_FACE('',(#1445),#1241,.F.);
#4536=ADVANCED_FACE('',(#1446),#970,.T.);
#4537=ADVANCED_FACE('',(#1447),#1242,.F.);
#4538=ADVANCED_FACE('',(#1448),#63,.F.);
#4539=ADVANCED_FACE('',(#1449),#971,.F.);
#4540=ADVANCED_FACE('',(#1450),#64,.F.);
#4541=ADVANCED_FACE('',(#1451),#972,.F.);
#4542=ADVANCED_FACE('',(#1452),#65,.F.);
#4543=ADVANCED_FACE('',(#1453),#973,.F.);
#4544=ADVANCED_FACE('',(#1454,#104),#974,.F.);
#4545=ADVANCED_FACE('',(#1455),#975,.F.);
#4546=ADVANCED_FACE('',(#1456),#66,.F.);
#4547=ADVANCED_FACE('',(#1457),#976,.F.);
#4548=ADVANCED_FACE('',(#1458),#67,.F.);
#4549=ADVANCED_FACE('',(#1459),#977,.F.);
#4550=ADVANCED_FACE('',(#1460),#68,.F.);
#4551=ADVANCED_FACE('',(#1461),#978,.F.);
#4552=ADVANCED_FACE('',(#1462),#69,.F.);
#4553=ADVANCED_FACE('',(#1463),#979,.F.);
#4554=ADVANCED_FACE('',(#1464),#70,.F.);
#4555=ADVANCED_FACE('',(#1465),#980,.F.);
#4556=ADVANCED_FACE('',(#1466),#71,.F.);
#4557=ADVANCED_FACE('',(#1467),#72,.T.);
#4558=ADVANCED_FACE('',(#1468),#73,.T.);
#4559=ADVANCED_FACE('',(#1469),#19,.T.);
#4560=ADVANCED_FACE('',(#1470),#20,.T.);
#4561=ADVANCED_FACE('',(#1471),#1243,.T.);
#4562=ADVANCED_FACE('',(#1472),#1244,.T.);
#4563=ADVANCED_FACE('',(#1473),#981,.T.);
#4564=ADVANCED_FACE('',(#1474),#4336,.T.);
#4565=ADVANCED_FACE('',(#1475),#982,.F.);
#4566=ADVANCED_FACE('',(#1476),#1245,.F.);
#4567=ADVANCED_FACE('',(#1477),#1246,.F.);
#4568=ADVANCED_FACE('',(#1478),#1247,.T.);
#4569=ADVANCED_FACE('',(#1479),#983,.F.);
#4570=ADVANCED_FACE('',(#1480),#4337,.T.);
#4571=ADVANCED_FACE('',(#1481),#1248,.F.);
#4572=ADVANCED_FACE('',(#1482),#984,.F.);
#4573=ADVANCED_FACE('',(#1483),#74,.F.);
#4574=ADVANCED_FACE('',(#1484),#75,.F.);
#4575=ADVANCED_FACE('',(#1485),#985,.F.);
#4576=ADVANCED_FACE('',(#1486),#986,.F.);
#4577=ADVANCED_FACE('',(#1487),#76,.F.);
#4578=ADVANCED_FACE('',(#1488),#77,.F.);
#4579=ADVANCED_FACE('',(#1489),#987,.F.);
#4580=ADVANCED_FACE('',(#1490),#988,.F.);
#4581=ADVANCED_FACE('',(#1491),#78,.F.);
#4582=ADVANCED_FACE('',(#1492),#989,.F.);
#4583=ADVANCED_FACE('',(#1493),#79,.F.);
#4584=ADVANCED_FACE('',(#1494),#80,.F.);
#4585=ADVANCED_FACE('',(#1495),#990,.F.);
#4586=ADVANCED_FACE('',(#1496),#991,.F.);
#4587=ADVANCED_FACE('',(#1497),#81,.T.);
#4588=ADVANCED_FACE('',(#1498),#82,.T.);
#4589=ADVANCED_FACE('',(#1499),#992,.T.);
#4590=ADVANCED_FACE('',(#1500),#993,.T.);
#4591=ADVANCED_FACE('',(#1501),#83,.T.);
#4592=ADVANCED_FACE('',(#1502),#84,.T.);
#4593=ADVANCED_FACE('',(#1503),#994,.T.);
#4594=ADVANCED_FACE('',(#1504),#995,.T.);
#4595=ADVANCED_FACE('',(#1505),#996,.T.);
#4596=ADVANCED_FACE('',(#1506),#85,.T.);
#4597=ADVANCED_FACE('',(#1507),#997,.T.);
#4598=ADVANCED_FACE('',(#1508),#4338,.F.);
#4599=ADVANCED_FACE('',(#1509),#86,.T.);
#4600=ADVANCED_FACE('',(#1510),#21,.T.);
#4601=ADVANCED_FACE('',(#1511),#87,.T.);
#4602=ADVANCED_FACE('',(#1512),#88,.F.);
#4603=ADVANCED_FACE('',(#1513),#998,.F.);
#4604=ADVANCED_FACE('',(#1514),#89,.F.);
#4605=ADVANCED_FACE('',(#1515),#999,.T.);
#4606=ADVANCED_FACE('',(#1516),#90,.T.);
#4607=CLOSED_SHELL('',(#4339,#4340,#4341,#4342,#4343,#4344,#4345,#4346,
#4347,#4348,#4349,#4350,#4351,#4352,#4353,#4354,#4355,#4356,#4357,#4358,
#4359,#4360,#4361,#4362,#4363,#4364,#4365,#4366,#4367,#4368,#4369,#4370,
#4371,#4372,#4373,#4374,#4375,#4376,#4377,#4378,#4379,#4380,#4381,#4382,
#4383,#4384,#4385,#4386,#4387,#4388,#4389,#4390,#4391,#4392,#4393,#4394,
#4395,#4396,#4397,#4398,#4399,#4400,#4401,#4402,#4403,#4404,#4405,#4406,
#4407,#4408,#4409,#4410,#4411,#4412,#4413,#4414,#4415,#4416,#4417,#4418,
#4419,#4420,#4421,#4422,#4423,#4424,#4425,#4426,#4427,#4428,#4429,#4430,
#4431));
#4608=CLOSED_SHELL('',(#4432,#4433,#4434,#4435,#4436,#4437,#4438,#4439,
#4440,#4441,#4442,#4443,#4444,#4445,#4446,#4447,#4448,#4449,#4450,#4451,
#4452,#4453,#4454,#4455,#4456,#4457,#4458,#4459,#4460,#4461,#4462,#4463,
#4464,#4465,#4466,#4467,#4468,#4469,#4470,#4471,#4472,#4473,#4474,#4475,
#4476,#4477,#4478,#4479,#4480,#4481,#4482,#4483,#4484,#4485,#4486,#4487,
#4488,#4489,#4490,#4491,#4492,#4493,#4494,#4495,#4496,#4497,#4498,#4499,
#4500,#4501,#4502,#4503,#4504,#4505,#4506,#4507,#4508,#4509,#4510,#4511,
#4512,#4513,#4514,#4515,#4516,#4517,#4518,#4519,#4520,#4521,#4522,#4523,
#4524,#4525,#4526,#4527,#4528,#4529,#4530,#4531,#4532,#4533,#4534,#4535,
#4536,#4537,#4538,#4539,#4540,#4541,#4542,#4543,#4544,#4545,#4546,#4547,
#4548,#4549,#4550,#4551,#4552,#4553,#4554,#4555,#4556,#4557,#4558,#4559,
#4560,#4561,#4562,#4563,#4564,#4565,#4566,#4567,#4568,#4569,#4570,#4571,
#4572,#4573,#4574,#4575,#4576,#4577,#4578,#4579,#4580,#4581,#4582,#4583,
#4584,#4585,#4586,#4587,#4588,#4589,#4590,#4591,#4592,#4593,#4594,#4595,
#4596,#4597,#4598,#4599,#4600,#4601,#4602,#4603,#4604,#4605,#4606));
#4609=DERIVED_UNIT_ELEMENT(#4611,1.);
#4610=DERIVED_UNIT_ELEMENT(#8609,-3.);
#4611=(
MASS_UNIT()
NAMED_UNIT(*)
SI_UNIT(.KILO.,.GRAM.)
);
#4612=DERIVED_UNIT((#4609,#4610));
#4613=MEASURE_REPRESENTATION_ITEM('density measure',
POSITIVE_RATIO_MEASURE(7850.),#4612);
#4614=PROPERTY_DEFINITION_REPRESENTATION(#4619,#4616);
#4615=PROPERTY_DEFINITION_REPRESENTATION(#4620,#4617);
#4616=REPRESENTATION('material name',(#4618),#8606);
#4617=REPRESENTATION('density',(#4613),#8606);
#4618=DESCRIPTIVE_REPRESENTATION_ITEM('Steel','Steel');
#4619=PROPERTY_DEFINITION('material property','material name',#8616);
#4620=PROPERTY_DEFINITION('material property','density of part',#8616);
#4621=AXIS2_PLACEMENT_3D('',#6429,#5107,#5108);
#4622=AXIS2_PLACEMENT_3D('',#6525,#5109,#5110);
#4623=AXIS2_PLACEMENT_3D('',#6527,#5111,#5112);
#4624=AXIS2_PLACEMENT_3D('',#6533,#5113,#5114);
#4625=AXIS2_PLACEMENT_3D('',#6534,#5115,#5116);
#4626=AXIS2_PLACEMENT_3D('',#6536,#5117,#5118);
#4627=AXIS2_PLACEMENT_3D('',#6538,#5119,#5120);
#4628=AXIS2_PLACEMENT_3D('',#6540,#5121,#5122);
#4629=AXIS2_PLACEMENT_3D('',#6598,#5123,#5124);
#4630=AXIS2_PLACEMENT_3D('',#6602,#5126,#5127);
#4631=AXIS2_PLACEMENT_3D('',#6604,#5129,#5130);
#4632=AXIS2_PLACEMENT_3D('',#6618,#5133,#5134);
#4633=AXIS2_PLACEMENT_3D('',#6619,#5135,#5136);
#4634=AXIS2_PLACEMENT_3D('',#6621,#5137,#5138);
#4635=AXIS2_PLACEMENT_3D('',#6626,#5141,#5142);
#4636=AXIS2_PLACEMENT_3D('',#6627,#5143,#5144);
#4637=AXIS2_PLACEMENT_3D('',#6648,#5155,#5156);
#4638=AXIS2_PLACEMENT_3D('',#6650,#5157,#5158);
#4639=AXIS2_PLACEMENT_3D('',#6654,#5160,#5161);
#4640=AXIS2_PLACEMENT_3D('',#6656,#5163,#5164);
#4641=AXIS2_PLACEMENT_3D('',#6665,#5169,#5170);
#4642=AXIS2_PLACEMENT_3D('',#6669,#5172,#5173);
#4643=AXIS2_PLACEMENT_3D('',#6670,#5174,#5175);
#4644=AXIS2_PLACEMENT_3D('',#6671,#5176,#5177);
#4645=AXIS2_PLACEMENT_3D('',#6677,#5181,#5182);
#4646=AXIS2_PLACEMENT_3D('',#6680,#5184,#5185);
#4647=AXIS2_PLACEMENT_3D('',#6681,#5186,#5187);
#4648=AXIS2_PLACEMENT_3D('',#6682,#5188,#5189);
#4649=AXIS2_PLACEMENT_3D('',#6686,#5192,#5193);
#4650=AXIS2_PLACEMENT_3D('',#6689,#5195,#5196);
#4651=AXIS2_PLACEMENT_3D('',#6691,#5197,#5198);
#4652=AXIS2_PLACEMENT_3D('',#6693,#5199,#5200);
#4653=AXIS2_PLACEMENT_3D('',#6695,#5201,#5202);
#4654=AXIS2_PLACEMENT_3D('',#6698,#5205,#5206);
#4655=AXIS2_PLACEMENT_3D('',#6700,#5207,#5208);
#4656=AXIS2_PLACEMENT_3D('',#6703,#5210,#5211);
#4657=AXIS2_PLACEMENT_3D('',#6704,#5212,#5213);
#4658=AXIS2_PLACEMENT_3D('',#6710,#5217,#5218);
#4659=AXIS2_PLACEMENT_3D('',#6714,#5220,#5221);
#4660=AXIS2_PLACEMENT_3D('',#6715,#5222,#5223);
#4661=AXIS2_PLACEMENT_3D('',#6716,#5224,#5225);
#4662=AXIS2_PLACEMENT_3D('',#6722,#5229,#5230);
#4663=AXIS2_PLACEMENT_3D('',#6726,#5232,#5233);
#4664=AXIS2_PLACEMENT_3D('',#6727,#5234,#5235);
#4665=AXIS2_PLACEMENT_3D('',#6728,#5236,#5237);
#4666=AXIS2_PLACEMENT_3D('',#6734,#5241,#5242);
#4667=AXIS2_PLACEMENT_3D('',#6740,#5243,#5244);
#4668=AXIS2_PLACEMENT_3D('',#6741,#5245,#5246);
#4669=AXIS2_PLACEMENT_3D('',#6742,#5247,#5248);
#4670=AXIS2_PLACEMENT_3D('',#6744,#5249,#5250);
#4671=AXIS2_PLACEMENT_3D('',#6746,#5252,#5253);
#4672=AXIS2_PLACEMENT_3D('',#6755,#5258,#5259);
#4673=AXIS2_PLACEMENT_3D('',#6757,#5260,#5261);
#4674=AXIS2_PLACEMENT_3D('',#6760,#5263,#5264);
#4675=AXIS2_PLACEMENT_3D('',#6761,#5265,#5266);
#4676=AXIS2_PLACEMENT_3D('',#6767,#5270,#5271);
#4677=AXIS2_PLACEMENT_3D('',#6768,#5272,#5273);
#4678=AXIS2_PLACEMENT_3D('',#6771,#5275,#5276);
#4679=AXIS2_PLACEMENT_3D('',#6772,#5277,#5278);
#4680=AXIS2_PLACEMENT_3D('',#6776,#5281,#5282);
#4681=AXIS2_PLACEMENT_3D('',#6778,#5284,#5285);
#4682=AXIS2_PLACEMENT_3D('',#6780,#5287,#5288);
#4683=AXIS2_PLACEMENT_3D('',#6782,#5290,#5291);
#4684=AXIS2_PLACEMENT_3D('',#6793,#5298,#5299);
#4685=AXIS2_PLACEMENT_3D('',#6799,#5303,#5304);
#4686=AXIS2_PLACEMENT_3D('',#6803,#5306,#5307);
#4687=AXIS2_PLACEMENT_3D('',#6804,#5308,#5309);
#4688=AXIS2_PLACEMENT_3D('',#6805,#5310,#5311);
#4689=AXIS2_PLACEMENT_3D('',#6811,#5315,#5316);
#4690=AXIS2_PLACEMENT_3D('',#6815,#5318,#5319);
#4691=AXIS2_PLACEMENT_3D('',#6816,#5320,#5321);
#4692=AXIS2_PLACEMENT_3D('',#6817,#5322,#5323);
#4693=AXIS2_PLACEMENT_3D('',#6823,#5327,#5328);
#4694=AXIS2_PLACEMENT_3D('',#6827,#5330,#5331);
#4695=AXIS2_PLACEMENT_3D('',#6828,#5332,#5333);
#4696=AXIS2_PLACEMENT_3D('',#6829,#5334,#5335);
#4697=AXIS2_PLACEMENT_3D('',#6835,#5339,#5340);
#4698=AXIS2_PLACEMENT_3D('',#6838,#5342,#5343);
#4699=AXIS2_PLACEMENT_3D('',#6839,#5344,#5345);
#4700=AXIS2_PLACEMENT_3D('',#6840,#5346,#5347);
#4701=AXIS2_PLACEMENT_3D('',#6844,#5350,#5351);
#4702=AXIS2_PLACEMENT_3D('',#6847,#5353,#5354);
#4703=AXIS2_PLACEMENT_3D('',#6848,#5355,#5356);
#4704=AXIS2_PLACEMENT_3D('',#6850,#5358,#5359);
#4705=AXIS2_PLACEMENT_3D('',#6852,#5361,#5362);
#4706=AXIS2_PLACEMENT_3D('',#6853,#5363,#5364);
#4707=AXIS2_PLACEMENT_3D('',#6854,#5365,#5366);
#4708=AXIS2_PLACEMENT_3D('',#6861,#5367,#5368);
#4709=AXIS2_PLACEMENT_3D('',#6867,#5369,#5370);
#4710=AXIS2_PLACEMENT_3D('',#6873,#5371,#5372);
#4711=AXIS2_PLACEMENT_3D('',#6879,#5373,#5374);
#4712=AXIS2_PLACEMENT_3D('',#6885,#5375,#5376);
#4713=AXIS2_PLACEMENT_3D('',#6891,#5377,#5378);
#4714=AXIS2_PLACEMENT_3D('',#6897,#5380,#5381);
#4715=AXIS2_PLACEMENT_3D('',#6898,#5382,#5383);
#4716=AXIS2_PLACEMENT_3D('',#6905,#5384,#5385);
#4717=AXIS2_PLACEMENT_3D('',#6911,#5386,#5387);
#4718=AXIS2_PLACEMENT_3D('',#6917,#5388,#5389);
#4719=AXIS2_PLACEMENT_3D('',#6923,#5390,#5391);
#4720=AXIS2_PLACEMENT_3D('',#6929,#5392,#5393);
#4721=AXIS2_PLACEMENT_3D('',#6935,#5394,#5395);
#4722=AXIS2_PLACEMENT_3D('',#6941,#5397,#5398);
#4723=AXIS2_PLACEMENT_3D('',#6942,#5399,#5400);
#4724=AXIS2_PLACEMENT_3D('',#6944,#5402,#5403);
#4725=AXIS2_PLACEMENT_3D('',#6946,#5405,#5406);
#4726=AXIS2_PLACEMENT_3D('',#6952,#5410,#5411);
#4727=AXIS2_PLACEMENT_3D('',#6955,#5413,#5414);
#4728=AXIS2_PLACEMENT_3D('',#6956,#5415,#5416);
#4729=AXIS2_PLACEMENT_3D('',#6960,#5419,#5420);
#4730=AXIS2_PLACEMENT_3D('',#6963,#5422,#5423);
#4731=AXIS2_PLACEMENT_3D('',#6964,#5424,#5425);
#4732=AXIS2_PLACEMENT_3D('',#6968,#5428,#5429);
#4733=AXIS2_PLACEMENT_3D('',#6971,#5431,#5432);
#4734=AXIS2_PLACEMENT_3D('',#6972,#5433,#5434);
#4735=AXIS2_PLACEMENT_3D('',#6978,#5438,#5439);
#4736=AXIS2_PLACEMENT_3D('',#6981,#5441,#5442);
#4737=AXIS2_PLACEMENT_3D('',#6982,#5443,#5444);
#4738=AXIS2_PLACEMENT_3D('',#6986,#5447,#5448);
#4739=AXIS2_PLACEMENT_3D('',#6989,#5450,#5451);
#4740=AXIS2_PLACEMENT_3D('',#6990,#5452,#5453);
#4741=AXIS2_PLACEMENT_3D('',#6994,#5456,#5457);
#4742=AXIS2_PLACEMENT_3D('',#6997,#5459,#5460);
#4743=AXIS2_PLACEMENT_3D('',#6998,#5461,#5462);
#4744=AXIS2_PLACEMENT_3D('',#7000,#5464,#5465);
#4745=AXIS2_PLACEMENT_3D('',#7001,#5466,#5467);
#4746=AXIS2_PLACEMENT_3D('',#7003,#5469,#5470);
#4747=AXIS2_PLACEMENT_3D('',#7005,#5472,#5473);
#4748=AXIS2_PLACEMENT_3D('',#7007,#5475,#5476);
#4749=AXIS2_PLACEMENT_3D('',#7009,#5478,#5479);
#4750=AXIS2_PLACEMENT_3D('',#7011,#5481,#5482);
#4751=AXIS2_PLACEMENT_3D('',#7013,#5484,#5485);
#4752=AXIS2_PLACEMENT_3D('',#7015,#5487,#5488);
#4753=AXIS2_PLACEMENT_3D('',#7016,#5489,#5490);
#4754=AXIS2_PLACEMENT_3D('',#7019,#5492,#5493);
#4755=AXIS2_PLACEMENT_3D('',#7020,#5494,#5495);
#4756=AXIS2_PLACEMENT_3D('',#7022,#5496,#5497);
#4757=AXIS2_PLACEMENT_3D('',#7023,#5498,#5499);
#4758=AXIS2_PLACEMENT_3D('',#7029,#5501,#5502);
#4759=AXIS2_PLACEMENT_3D('',#7030,#5503,#5504);
#4760=AXIS2_PLACEMENT_3D('',#7031,#5505,#5506);
#4761=AXIS2_PLACEMENT_3D('',#7034,#5508,#5509);
#4762=AXIS2_PLACEMENT_3D('',#7037,#5510,#5511);
#4763=AXIS2_PLACEMENT_3D('',#7041,#5513,#5514);
#4764=AXIS2_PLACEMENT_3D('',#7044,#5516,#5517);
#4765=AXIS2_PLACEMENT_3D('',#7048,#5519,#5520);
#4766=AXIS2_PLACEMENT_3D('',#7052,#5522,#5523);
#4767=AXIS2_PLACEMENT_3D('',#7055,#5525,#5526);
#4768=AXIS2_PLACEMENT_3D('',#7057,#5528,#5529);
#4769=AXIS2_PLACEMENT_3D('',#7061,#5530,#5531);
#4770=AXIS2_PLACEMENT_3D('',#7066,#5532,#5533);
#4771=AXIS2_PLACEMENT_3D('',#7067,#5534,#5535);
#4772=AXIS2_PLACEMENT_3D('',#7068,#5536,#5537);
#4773=AXIS2_PLACEMENT_3D('',#7069,#5538,#5539);
#4774=AXIS2_PLACEMENT_3D('',#7071,#5541,#5542);
#4775=AXIS2_PLACEMENT_3D('',#7073,#5544,#5545);
#4776=AXIS2_PLACEMENT_3D('',#7075,#5547,#5548);
#4777=AXIS2_PLACEMENT_3D('',#7077,#5550,#5551);
#4778=AXIS2_PLACEMENT_3D('',#7079,#5553,#5554);
#4779=AXIS2_PLACEMENT_3D('',#7081,#5556,#5557);
#4780=AXIS2_PLACEMENT_3D('',#7082,#5558,#5559);
#4781=AXIS2_PLACEMENT_3D('',#7084,#5561,#5562);
#4782=AXIS2_PLACEMENT_3D('',#7086,#5564,#5565);
#4783=AXIS2_PLACEMENT_3D('',#7088,#5567,#5568);
#4784=AXIS2_PLACEMENT_3D('',#7090,#5570,#5571);
#4785=AXIS2_PLACEMENT_3D('',#7092,#5573,#5574);
#4786=AXIS2_PLACEMENT_3D('',#7093,#5575,#5576);
#4787=AXIS2_PLACEMENT_3D('',#7094,#5577,#5578);
#4788=AXIS2_PLACEMENT_3D('',#7097,#5579,#5580);
#4789=AXIS2_PLACEMENT_3D('',#7099,#5581,#5582);
#4790=AXIS2_PLACEMENT_3D('',#7101,#5583,#5584);
#4791=AXIS2_PLACEMENT_3D('',#7102,#5585,#5586);
#4792=AXIS2_PLACEMENT_3D('',#7103,#5587,#5588);
#4793=AXIS2_PLACEMENT_3D('',#7106,#5589,#5590);
#4794=AXIS2_PLACEMENT_3D('',#7107,#5591,#5592);
#4795=AXIS2_PLACEMENT_3D('',#7108,#5593,#5594);
#4796=AXIS2_PLACEMENT_3D('',#7109,#5595,#5596);
#4797=AXIS2_PLACEMENT_3D('',#7112,#5597,#5598);
#4798=AXIS2_PLACEMENT_3D('',#7113,#5599,#5600);
#4799=AXIS2_PLACEMENT_3D('',#7114,#5601,#5602);
#4800=AXIS2_PLACEMENT_3D('',#7115,#5603,#5604);
#4801=AXIS2_PLACEMENT_3D('',#7116,#5605,#5606);
#4802=AXIS2_PLACEMENT_3D('',#7117,#5607,#5608);
#4803=AXIS2_PLACEMENT_3D('',#7118,#5609,#5610);
#4804=AXIS2_PLACEMENT_3D('',#7122,#5612,#5613);
#4805=AXIS2_PLACEMENT_3D('',#7124,#5615,#5616);
#4806=AXIS2_PLACEMENT_3D('',#7127,#5618,#5619);
#4807=AXIS2_PLACEMENT_3D('',#7128,#5620,#5621);
#4808=AXIS2_PLACEMENT_3D('',#7151,#5625,#5626);
#4809=AXIS2_PLACEMENT_3D('',#7153,#5627,#5628);
#4810=AXIS2_PLACEMENT_3D('',#7157,#5630,#5631);
#4811=AXIS2_PLACEMENT_3D('',#7161,#5633,#5634);
#4812=AXIS2_PLACEMENT_3D('',#7165,#5636,#5637);
#4813=AXIS2_PLACEMENT_3D('',#7166,#5638,#5639);
#4814=AXIS2_PLACEMENT_3D('',#7167,#5640,#5641);
#4815=AXIS2_PLACEMENT_3D('',#7170,#5642,#5643);
#4816=AXIS2_PLACEMENT_3D('',#7174,#5645,#5646);
#4817=AXIS2_PLACEMENT_3D('',#7176,#5648,#5649);
#4818=AXIS2_PLACEMENT_3D('',#7191,#5651,#5652);
#4819=AXIS2_PLACEMENT_3D('',#7194,#5654,#5655);
#4820=AXIS2_PLACEMENT_3D('',#7195,#5656,#5657);
#4821=AXIS2_PLACEMENT_3D('',#7205,#5662,#5663);
#4822=AXIS2_PLACEMENT_3D('',#7209,#5665,#5666);
#4823=AXIS2_PLACEMENT_3D('',#7215,#5670,#5671);
#4824=AXIS2_PLACEMENT_3D('',#7217,#5672,#5673);
#4825=AXIS2_PLACEMENT_3D('',#7220,#5675,#5676);
#4826=AXIS2_PLACEMENT_3D('',#7252,#5677,#5678);
#4827=AXIS2_PLACEMENT_3D('',#7253,#5679,#5680);
#4828=AXIS2_PLACEMENT_3D('',#7285,#5681,#5682);
#4829=AXIS2_PLACEMENT_3D('',#7286,#5683,#5684);
#4830=AXIS2_PLACEMENT_3D('',#7287,#5685,#5686);
#4831=AXIS2_PLACEMENT_3D('',#7289,#5687,#5688);
#4832=AXIS2_PLACEMENT_3D('',#7291,#5690,#5691);
#4833=AXIS2_PLACEMENT_3D('',#7293,#5692,#5693);
#4834=AXIS2_PLACEMENT_3D('',#7401,#5695,#5696);
#4835=AXIS2_PLACEMENT_3D('',#7422,#5701,#5702);
#4836=AXIS2_PLACEMENT_3D('',#7425,#5703,#5704);
#4837=AXIS2_PLACEMENT_3D('',#7426,#5705,#5706);
#4838=AXIS2_PLACEMENT_3D('',#7427,#5707,#5708);
#4839=AXIS2_PLACEMENT_3D('',#7428,#5709,#5710);
#4840=AXIS2_PLACEMENT_3D('',#7431,#5712,#5713);
#4841=AXIS2_PLACEMENT_3D('',#7432,#5714,#5715);
#4842=AXIS2_PLACEMENT_3D('',#7436,#5718,#5719);
#4843=AXIS2_PLACEMENT_3D('',#7439,#5721,#5722);
#4844=AXIS2_PLACEMENT_3D('',#7440,#5723,#5724);
#4845=AXIS2_PLACEMENT_3D('',#7459,#5728,#5729);
#4846=AXIS2_PLACEMENT_3D('',#7460,#5730,#5731);
#4847=AXIS2_PLACEMENT_3D('',#7461,#5732,#5733);
#4848=AXIS2_PLACEMENT_3D('',#7464,#5734,#5735);
#4849=AXIS2_PLACEMENT_3D('',#7465,#5736,#5737);
#4850=AXIS2_PLACEMENT_3D('',#7466,#5738,#5739);
#4851=AXIS2_PLACEMENT_3D('',#7467,#5740,#5741);
#4852=AXIS2_PLACEMENT_3D('',#7469,#5742,#5743);
#4853=AXIS2_PLACEMENT_3D('',#7472,#5745,#5746);
#4854=AXIS2_PLACEMENT_3D('',#7515,#5747,#5748);
#4855=AXIS2_PLACEMENT_3D('',#7558,#5749,#5750);
#4856=AXIS2_PLACEMENT_3D('',#7559,#5751,#5752);
#4857=AXIS2_PLACEMENT_3D('',#7566,#5753,#5754);
#4858=AXIS2_PLACEMENT_3D('',#7569,#5756,#5757);
#4859=AXIS2_PLACEMENT_3D('',#7570,#5758,#5759);
#4860=AXIS2_PLACEMENT_3D('',#7642,#5764,#5765);
#4861=AXIS2_PLACEMENT_3D('',#7649,#5769,#5770);
#4862=AXIS2_PLACEMENT_3D('',#7650,#5771,#5772);
#4863=AXIS2_PLACEMENT_3D('',#7655,#5775,#5776);
#4864=AXIS2_PLACEMENT_3D('',#7657,#5777,#5778);
#4865=AXIS2_PLACEMENT_3D('',#7660,#5779,#5780);
#4866=AXIS2_PLACEMENT_3D('',#7677,#5782,#5783);
#4867=AXIS2_PLACEMENT_3D('',#7694,#5785,#5786);
#4868=AXIS2_PLACEMENT_3D('',#7695,#5787,#5788);
#4869=AXIS2_PLACEMENT_3D('',#7696,#5789,#5790);
#4870=AXIS2_PLACEMENT_3D('',#7704,#5795,#5796);
#4871=AXIS2_PLACEMENT_3D('',#7710,#5800,#5801);
#4872=AXIS2_PLACEMENT_3D('',#7713,#5803,#5804);
#4873=AXIS2_PLACEMENT_3D('',#7714,#5805,#5806);
#4874=AXIS2_PLACEMENT_3D('',#7718,#5809,#5810);
#4875=AXIS2_PLACEMENT_3D('',#7719,#5811,#5812);
#4876=AXIS2_PLACEMENT_3D('',#7722,#5814,#5815);
#4877=AXIS2_PLACEMENT_3D('',#7723,#5816,#5817);
#4878=AXIS2_PLACEMENT_3D('',#7725,#5819,#5820);
#4879=AXIS2_PLACEMENT_3D('',#7729,#5822,#5823);
#4880=AXIS2_PLACEMENT_3D('',#7730,#5824,#5825);
#4881=AXIS2_PLACEMENT_3D('',#7731,#5826,#5827);
#4882=AXIS2_PLACEMENT_3D('',#7737,#5831,#5832);
#4883=AXIS2_PLACEMENT_3D('',#7741,#5834,#5835);
#4884=AXIS2_PLACEMENT_3D('',#7742,#5836,#5837);
#4885=AXIS2_PLACEMENT_3D('',#7743,#5838,#5839);
#4886=AXIS2_PLACEMENT_3D('',#7749,#5843,#5844);
#4887=AXIS2_PLACEMENT_3D('',#7753,#5846,#5847);
#4888=AXIS2_PLACEMENT_3D('',#7754,#5848,#5849);
#4889=AXIS2_PLACEMENT_3D('',#7755,#5850,#5851);
#4890=AXIS2_PLACEMENT_3D('',#7761,#5855,#5856);
#4891=AXIS2_PLACEMENT_3D('',#7765,#5858,#5859);
#4892=AXIS2_PLACEMENT_3D('',#7766,#5860,#5861);
#4893=AXIS2_PLACEMENT_3D('',#7767,#5862,#5863);
#4894=AXIS2_PLACEMENT_3D('',#7770,#5866,#5867);
#4895=AXIS2_PLACEMENT_3D('',#7785,#5870,#5871);
#4896=AXIS2_PLACEMENT_3D('',#7786,#5872,#5873);
#4897=AXIS2_PLACEMENT_3D('',#7794,#5878,#5879);
#4898=AXIS2_PLACEMENT_3D('',#7805,#5884,#5885);
#4899=AXIS2_PLACEMENT_3D('',#7809,#5887,#5888);
#4900=AXIS2_PLACEMENT_3D('',#7813,#5890,#5891);
#4901=AXIS2_PLACEMENT_3D('',#7817,#5893,#5894);
#4902=AXIS2_PLACEMENT_3D('',#7821,#5896,#5897);
#4903=AXIS2_PLACEMENT_3D('',#7825,#5899,#5900);
#4904=AXIS2_PLACEMENT_3D('',#7827,#5902,#5903);
#4905=AXIS2_PLACEMENT_3D('',#7832,#5907,#5908);
#4906=AXIS2_PLACEMENT_3D('',#7835,#5911,#5912);
#4907=AXIS2_PLACEMENT_3D('',#7839,#5915,#5916);
#4908=AXIS2_PLACEMENT_3D('',#7841,#5918,#5919);
#4909=AXIS2_PLACEMENT_3D('',#7842,#5920,#5921);
#4910=AXIS2_PLACEMENT_3D('',#7844,#5923,#5924);
#4911=AXIS2_PLACEMENT_3D('',#7847,#5926,#5927);
#4912=AXIS2_PLACEMENT_3D('',#7848,#5928,#5929);
#4913=AXIS2_PLACEMENT_3D('',#7852,#5932,#5933);
#4914=AXIS2_PLACEMENT_3D('',#7855,#5935,#5936);
#4915=AXIS2_PLACEMENT_3D('',#7856,#5937,#5938);
#4916=AXIS2_PLACEMENT_3D('',#7860,#5941,#5942);
#4917=AXIS2_PLACEMENT_3D('',#7863,#5944,#5945);
#4918=AXIS2_PLACEMENT_3D('',#7864,#5946,#5947);
#4919=AXIS2_PLACEMENT_3D('',#7868,#5950,#5951);
#4920=AXIS2_PLACEMENT_3D('',#7870,#5953,#5954);
#4921=AXIS2_PLACEMENT_3D('',#7871,#5955,#5956);
#4922=AXIS2_PLACEMENT_3D('',#7873,#5958,#5959);
#4923=AXIS2_PLACEMENT_3D('',#7876,#5961,#5962);
#4924=AXIS2_PLACEMENT_3D('',#7877,#5963,#5964);
#4925=AXIS2_PLACEMENT_3D('',#7879,#5966,#5967);
#4926=AXIS2_PLACEMENT_3D('',#7880,#5968,#5969);
#4927=AXIS2_PLACEMENT_3D('',#7884,#5971,#5972);
#4928=AXIS2_PLACEMENT_3D('',#7888,#5974,#5975);
#4929=AXIS2_PLACEMENT_3D('',#7890,#5977,#5978);
#4930=AXIS2_PLACEMENT_3D('',#7901,#5979,#5980);
#4931=AXIS2_PLACEMENT_3D('',#7904,#5982,#5983);
#4932=AXIS2_PLACEMENT_3D('',#7905,#5984,#5985);
#4933=AXIS2_PLACEMENT_3D('',#7909,#5988,#5989);
#4934=AXIS2_PLACEMENT_3D('',#7910,#5990,#5991);
#4935=AXIS2_PLACEMENT_3D('',#7911,#5992,#5993);
#4936=AXIS2_PLACEMENT_3D('',#7918,#5994,#5995);
#4937=AXIS2_PLACEMENT_3D('',#7921,#5997,#5998);
#4938=AXIS2_PLACEMENT_3D('',#7927,#5999,#6000);
#4939=AXIS2_PLACEMENT_3D('',#7933,#6001,#6002);
#4940=AXIS2_PLACEMENT_3D('',#7939,#6003,#6004);
#4941=AXIS2_PLACEMENT_3D('',#7945,#6005,#6006);
#4942=AXIS2_PLACEMENT_3D('',#7950,#6007,#6008);
#4943=AXIS2_PLACEMENT_3D('',#7951,#6009,#6010);
#4944=AXIS2_PLACEMENT_3D('',#7958,#6011,#6012);
#4945=AXIS2_PLACEMENT_3D('',#7961,#6014,#6015);
#4946=AXIS2_PLACEMENT_3D('',#7967,#6016,#6017);
#4947=AXIS2_PLACEMENT_3D('',#7973,#6018,#6019);
#4948=AXIS2_PLACEMENT_3D('',#7979,#6020,#6021);
#4949=AXIS2_PLACEMENT_3D('',#7985,#6022,#6023);
#4950=AXIS2_PLACEMENT_3D('',#7990,#6024,#6025);
#4951=AXIS2_PLACEMENT_3D('',#7991,#6026,#6027);
#4952=AXIS2_PLACEMENT_3D('',#8006,#6030,#6031);
#4953=AXIS2_PLACEMENT_3D('',#8021,#6034,#6035);
#4954=AXIS2_PLACEMENT_3D('',#8023,#6036,#6037);
#4955=AXIS2_PLACEMENT_3D('',#8029,#6038,#6039);
#4956=AXIS2_PLACEMENT_3D('',#8030,#6040,#6041);
#4957=AXIS2_PLACEMENT_3D('',#8039,#6044,#6045);
#4958=AXIS2_PLACEMENT_3D('',#8041,#6046,#6047);
#4959=AXIS2_PLACEMENT_3D('',#8047,#6048,#6049);
#4960=AXIS2_PLACEMENT_3D('',#8048,#6050,#6051);
#4961=AXIS2_PLACEMENT_3D('',#8057,#6054,#6055);
#4962=AXIS2_PLACEMENT_3D('',#8059,#6056,#6057);
#4963=AXIS2_PLACEMENT_3D('',#8061,#6058,#6059);
#4964=AXIS2_PLACEMENT_3D('',#8066,#6060,#6061);
#4965=AXIS2_PLACEMENT_3D('',#8075,#6064,#6065);
#4966=AXIS2_PLACEMENT_3D('',#8077,#6066,#6067);
#4967=AXIS2_PLACEMENT_3D('',#8079,#6068,#6069);
#4968=AXIS2_PLACEMENT_3D('',#8084,#6070,#6071);
#4969=AXIS2_PLACEMENT_3D('',#8093,#6074,#6075);
#4970=AXIS2_PLACEMENT_3D('',#8094,#6076,#6077);
#4971=AXIS2_PLACEMENT_3D('',#8095,#6078,#6079);
#4972=AXIS2_PLACEMENT_3D('',#8096,#6080,#6081);
#4973=AXIS2_PLACEMENT_3D('',#8097,#6082,#6083);
#4974=AXIS2_PLACEMENT_3D('',#8098,#6084,#6085);
#4975=AXIS2_PLACEMENT_3D('',#8099,#6086,#6087);
#4976=AXIS2_PLACEMENT_3D('',#8102,#6090,#6091);
#4977=AXIS2_PLACEMENT_3D('',#8104,#6093,#6094);
#4978=AXIS2_PLACEMENT_3D('',#8106,#6096,#6097);
#4979=AXIS2_PLACEMENT_3D('',#8108,#6099,#6100);
#4980=AXIS2_PLACEMENT_3D('',#8110,#6102,#6103);
#4981=AXIS2_PLACEMENT_3D('',#8112,#6105,#6106);
#4982=AXIS2_PLACEMENT_3D('',#8114,#6107,#6108);
#4983=AXIS2_PLACEMENT_3D('',#8115,#6109,#6110);
#4984=AXIS2_PLACEMENT_3D('',#8130,#6113,#6114);
#4985=AXIS2_PLACEMENT_3D('',#8132,#6115,#6116);
#4986=AXIS2_PLACEMENT_3D('',#8138,#6117,#6118);
#4987=AXIS2_PLACEMENT_3D('',#8139,#6119,#6120);
#4988=AXIS2_PLACEMENT_3D('',#8148,#6123,#6124);
#4989=AXIS2_PLACEMENT_3D('',#8163,#6127,#6128);
#4990=AXIS2_PLACEMENT_3D('',#8165,#6129,#6130);
#4991=AXIS2_PLACEMENT_3D('',#8167,#6131,#6132);
#4992=AXIS2_PLACEMENT_3D('',#8172,#6133,#6134);
#4993=AXIS2_PLACEMENT_3D('',#8181,#6137,#6138);
#4994=AXIS2_PLACEMENT_3D('',#8182,#6139,#6140);
#4995=AXIS2_PLACEMENT_3D('',#8183,#6141,#6142);
#4996=AXIS2_PLACEMENT_3D('',#8184,#6143,#6144);
#4997=AXIS2_PLACEMENT_3D('',#8186,#6145,#6146);
#4998=AXIS2_PLACEMENT_3D('',#8188,#6147,#6148);
#4999=AXIS2_PLACEMENT_3D('',#8193,#6149,#6150);
#5000=AXIS2_PLACEMENT_3D('',#8202,#6153,#6154);
#5001=AXIS2_PLACEMENT_3D('',#8204,#6155,#6156);
#5002=AXIS2_PLACEMENT_3D('',#8206,#6157,#6158);
#5003=AXIS2_PLACEMENT_3D('',#8211,#6159,#6160);
#5004=AXIS2_PLACEMENT_3D('',#8220,#6163,#6164);
#5005=AXIS2_PLACEMENT_3D('',#8221,#6165,#6166);
#5006=AXIS2_PLACEMENT_3D('',#8222,#6167,#6168);
#5007=AXIS2_PLACEMENT_3D('',#8223,#6169,#6170);
#5008=AXIS2_PLACEMENT_3D('',#8226,#6173,#6174);
#5009=AXIS2_PLACEMENT_3D('',#8228,#6176,#6177);
#5010=AXIS2_PLACEMENT_3D('',#8230,#6179,#6180);
#5011=AXIS2_PLACEMENT_3D('',#8232,#6182,#6183);
#5012=AXIS2_PLACEMENT_3D('',#8234,#6185,#6186);
#5013=AXIS2_PLACEMENT_3D('',#8236,#6188,#6189);
#5014=AXIS2_PLACEMENT_3D('',#8238,#6190,#6191);
#5015=AXIS2_PLACEMENT_3D('',#8239,#6192,#6193);
#5016=AXIS2_PLACEMENT_3D('',#8241,#6195,#6196);
#5017=AXIS2_PLACEMENT_3D('',#8243,#6198,#6199);
#5018=AXIS2_PLACEMENT_3D('',#8245,#6201,#6202);
#5019=AXIS2_PLACEMENT_3D('',#8247,#6204,#6205);
#5020=AXIS2_PLACEMENT_3D('',#8249,#6207,#6208);
#5021=AXIS2_PLACEMENT_3D('',#8250,#6209,#6210);
#5022=AXIS2_PLACEMENT_3D('',#8253,#6213,#6214);
#5023=AXIS2_PLACEMENT_3D('',#8254,#6215,#6216);
#5024=AXIS2_PLACEMENT_3D('',#8256,#6218,#6219);
#5025=AXIS2_PLACEMENT_3D('',#8258,#6221,#6222);
#5026=AXIS2_PLACEMENT_3D('',#8260,#6224,#6225);
#5027=AXIS2_PLACEMENT_3D('',#8261,#6226,#6227);
#5028=AXIS2_PLACEMENT_3D('',#8264,#6228,#6229);
#5029=AXIS2_PLACEMENT_3D('',#8266,#6231,#6232);
#5030=AXIS2_PLACEMENT_3D('',#8267,#6233,#6234);
#5031=AXIS2_PLACEMENT_3D('',#8270,#6235,#6236);
#5032=AXIS2_PLACEMENT_3D('',#8272,#6238,#6239);
#5033=AXIS2_PLACEMENT_3D('',#8273,#6240,#6241);
#5034=AXIS2_PLACEMENT_3D('',#8274,#6242,#6243);
#5035=AXIS2_PLACEMENT_3D('',#8275,#6244,#6245);
#5036=AXIS2_PLACEMENT_3D('',#8276,#6246,#6247);
#5037=AXIS2_PLACEMENT_3D('',#8277,#6248,#6249);
#5038=AXIS2_PLACEMENT_3D('',#8279,#6250,#6251);
#5039=AXIS2_PLACEMENT_3D('',#8281,#6253,#6254);
#5040=AXIS2_PLACEMENT_3D('',#8282,#6255,#6256);
#5041=AXIS2_PLACEMENT_3D('',#8283,#6257,#6258);
#5042=AXIS2_PLACEMENT_3D('',#8331,#6259,#6260);
#5043=AXIS2_PLACEMENT_3D('',#8333,#6262,#6263);
#5044=AXIS2_PLACEMENT_3D('',#8335,#6264,#6265);
#5045=AXIS2_PLACEMENT_3D('',#8337,#6267,#6268);
#5046=AXIS2_PLACEMENT_3D('',#8339,#6269,#6270);
#5047=AXIS2_PLACEMENT_3D('',#8341,#6272,#6273);
#5048=AXIS2_PLACEMENT_3D('',#8347,#6274,#6275);
#5049=AXIS2_PLACEMENT_3D('',#8348,#6276,#6277);
#5050=AXIS2_PLACEMENT_3D('',#8362,#6278,#6279);
#5051=AXIS2_PLACEMENT_3D('',#8392,#6280,#6281);
#5052=AXIS2_PLACEMENT_3D('',#8394,#6283,#6284);
#5053=AXIS2_PLACEMENT_3D('',#8395,#6285,#6286);
#5054=AXIS2_PLACEMENT_3D('',#8398,#6287,#6288);
#5055=AXIS2_PLACEMENT_3D('',#8413,#6289,#6290);
#5056=AXIS2_PLACEMENT_3D('',#8417,#6292,#6293);
#5057=AXIS2_PLACEMENT_3D('',#8419,#6295,#6296);
#5058=AXIS2_PLACEMENT_3D('',#8422,#6299,#6300);
#5059=AXIS2_PLACEMENT_3D('',#8424,#6301,#6302);
#5060=AXIS2_PLACEMENT_3D('',#8426,#6304,#6305);
#5061=AXIS2_PLACEMENT_3D('',#8430,#6308,#6309);
#5062=AXIS2_PLACEMENT_3D('',#8433,#6310,#6311);
#5063=AXIS2_PLACEMENT_3D('',#8448,#6312,#6313);
#5064=AXIS2_PLACEMENT_3D('',#8452,#6315,#6316);
#5065=AXIS2_PLACEMENT_3D('',#8454,#6318,#6319);
#5066=AXIS2_PLACEMENT_3D('',#8457,#6322,#6323);
#5067=AXIS2_PLACEMENT_3D('',#8459,#6325,#6326);
#5068=AXIS2_PLACEMENT_3D('',#8461,#6328,#6329);
#5069=AXIS2_PLACEMENT_3D('',#8462,#6330,#6331);
#5070=AXIS2_PLACEMENT_3D('',#8463,#6332,#6333);
#5071=AXIS2_PLACEMENT_3D('',#8465,#6334,#6335);
#5072=AXIS2_PLACEMENT_3D('',#8467,#6337,#6338);
#5073=AXIS2_PLACEMENT_3D('',#8480,#6339,#6340);
#5074=AXIS2_PLACEMENT_3D('',#8482,#6342,#6343);
#5075=AXIS2_PLACEMENT_3D('',#8484,#6345,#6346);
#5076=AXIS2_PLACEMENT_3D('',#8486,#6348,#6349);
#5077=AXIS2_PLACEMENT_3D('',#8487,#6350,#6351);
#5078=AXIS2_PLACEMENT_3D('',#8490,#6352,#6353);
#5079=AXIS2_PLACEMENT_3D('',#8494,#6355,#6356);
#5080=AXIS2_PLACEMENT_3D('',#8498,#6358,#6359);
#5081=AXIS2_PLACEMENT_3D('',#8513,#6360,#6361);
#5082=AXIS2_PLACEMENT_3D('',#8516,#6364,#6365);
#5083=AXIS2_PLACEMENT_3D('',#8519,#6368,#6369);
#5084=AXIS2_PLACEMENT_3D('',#8521,#6371,#6372);
#5085=AXIS2_PLACEMENT_3D('',#8525,#6374,#6375);
#5086=AXIS2_PLACEMENT_3D('',#8529,#6377,#6378);
#5087=AXIS2_PLACEMENT_3D('',#8540,#6379,#6380);
#5088=AXIS2_PLACEMENT_3D('',#8542,#6382,#6383);
#5089=AXIS2_PLACEMENT_3D('',#8544,#6385,#6386);
#5090=AXIS2_PLACEMENT_3D('',#8546,#6388,#6389);
#5091=AXIS2_PLACEMENT_3D('',#8549,#6391,#6392);
#5092=AXIS2_PLACEMENT_3D('',#8550,#6393,#6394);
#5093=AXIS2_PLACEMENT_3D('',#8552,#6396,#6397);
#5094=AXIS2_PLACEMENT_3D('',#8584,#6398,#6399);
#5095=AXIS2_PLACEMENT_3D('',#8585,#6400,#6401);
#5096=AXIS2_PLACEMENT_3D('',#8586,#6402,#6403);
#5097=AXIS2_PLACEMENT_3D('',#8588,#6404,#6405);
#5098=AXIS2_PLACEMENT_3D('',#8590,#6407,#6408);
#5099=AXIS2_PLACEMENT_3D('',#8592,#6409,#6410);
#5100=AXIS2_PLACEMENT_3D('',#8593,#6411,#6412);
#5101=AXIS2_PLACEMENT_3D('',#8594,#6413,#6414);
#5102=AXIS2_PLACEMENT_3D('',#8596,#6416,#6417);
#5103=AXIS2_PLACEMENT_3D('',#8599,#6420,#6421);
#5104=AXIS2_PLACEMENT_3D('',#8601,#6423,#6424);
#5105=AXIS2_PLACEMENT_3D('',#8602,#6425,#6426);
#5106=AXIS2_PLACEMENT_3D('',#8603,#6427,#6428);
#5107=DIRECTION('axis',(0.,0.,1.));
#5108=DIRECTION('refdir',(1.,0.,0.));
#5109=DIRECTION('center_axis',(0.,-1.,0.));
#5110=DIRECTION('ref_axis',(1.,0.,0.));
#5111=DIRECTION('center_axis',(0.,-1.,0.));
#5112=DIRECTION('ref_axis',(1.,0.,0.));
#5113=DIRECTION('center_axis',(0.,1.,0.));
#5114=DIRECTION('ref_axis',(1.,0.,0.));
#5115=DIRECTION('center_axis',(0.,-1.,0.));
#5116=DIRECTION('ref_axis',(1.,0.,0.));
#5117=DIRECTION('center_axis',(0.,1.,0.));
#5118=DIRECTION('ref_axis',(-0.600000000000004,0.,-0.799999999999997));
#5119=DIRECTION('center_axis',(0.,1.,0.));
#5120=DIRECTION('ref_axis',(1.,0.,0.));
#5121=DIRECTION('center_axis',(0.,1.,0.));
#5122=DIRECTION('ref_axis',(-0.600000000000004,0.,0.799999999999997));
#5123=DIRECTION('center_axis',(0.,1.,0.));
#5124=DIRECTION('ref_axis',(-0.600000000000004,0.,0.799999999999997));
#5125=DIRECTION('',(0.104188906600164,-0.984807753012207,-0.138918542133549));
#5126=DIRECTION('center_axis',(0.,1.,0.));
#5127=DIRECTION('ref_axis',(-0.600000000000004,0.,0.799999999999997));
#5128=DIRECTION('',(0.138918542133544,-0.984807753012208,0.104188906600159));
#5129=DIRECTION('center_axis',(0.,0.342020143325669,0.939692620785908));
#5130=DIRECTION('ref_axis',(1.,0.,0.));
#5131=DIRECTION('',(-1.,0.,0.));
#5132=DIRECTION('',(-1.,0.,0.));
#5133=DIRECTION('center_axis',(0.,-0.342020143325669,-0.939692620785908));
#5134=DIRECTION('ref_axis',(-3.16432198338128E-17,-0.939692620785909,0.342020143325669));
#5135=DIRECTION('center_axis',(0.,1.,0.));
#5136=DIRECTION('ref_axis',(-1.,0.,0.));
#5137=DIRECTION('center_axis',(0.,-1.,0.));
#5138=DIRECTION('ref_axis',(0.866025403784439,0.,0.5));
#5139=DIRECTION('',(0.,0.,1.));
#5140=DIRECTION('',(1.,0.,0.));
#5141=DIRECTION('center_axis',(0.,1.,0.));
#5142=DIRECTION('ref_axis',(-1.,0.,0.));
#5143=DIRECTION('center_axis',(-1.,0.,0.));
#5144=DIRECTION('ref_axis',(0.,0.,1.));
#5145=DIRECTION('',(0.,0.939692620785909,0.342020143325669));
#5146=DIRECTION('',(0.,0.,1.));
#5147=DIRECTION('',(0.,1.,0.));
#5148=DIRECTION('',(0.,0.,-1.));
#5149=DIRECTION('',(0.,-0.939692620785909,0.342020143325668));
#5150=DIRECTION('',(0.,0.,-1.));
#5151=DIRECTION('',(0.,-0.939692620785909,-0.342020143325669));
#5152=DIRECTION('',(0.,0.,-1.));
#5153=DIRECTION('',(0.,-1.,0.));
#5154=DIRECTION('',(0.,0.,1.));
#5155=DIRECTION('center_axis',(0.,1.,0.));
#5156=DIRECTION('ref_axis',(-1.,0.,0.));
#5157=DIRECTION('center_axis',(0.,-1.,0.));
#5158=DIRECTION('ref_axis',(-0.866025403784439,0.,0.5));
#5159=DIRECTION('',(-1.,0.,0.));
#5160=DIRECTION('center_axis',(0.,1.,0.));
#5161=DIRECTION('ref_axis',(-1.,0.,0.));
#5162=DIRECTION('',(1.,0.,0.));
#5163=DIRECTION('center_axis',(0.707106781186547,-0.707106781186548,0.));
#5164=DIRECTION('ref_axis',(0.,0.,-1.));
#5165=DIRECTION('',(0.684791078771736,0.684791078771736,-0.249243569363954));
#5166=DIRECTION('',(0.,0.,-1.));
#5167=DIRECTION('',(0.707106781186548,0.707106781186547,0.));
#5168=DIRECTION('',(0.,0.,1.));
#5169=DIRECTION('center_axis',(0.,1.,0.));
#5170=DIRECTION('ref_axis',(0.707106781186547,0.,-0.707106781186548));
#5171=DIRECTION('',(0.,0.707106781186547,-0.707106781186548));
#5172=DIRECTION('center_axis',(0.,-1.,0.));
#5173=DIRECTION('ref_axis',(0.707106781186547,0.,-0.707106781186548));
#5174=DIRECTION('center_axis',(0.,1.,0.));
#5175=DIRECTION('ref_axis',(0.707106781186547,0.,-0.707106781186548));
#5176=DIRECTION('center_axis',(0.,-0.707106781186548,-0.707106781186547));
#5177=DIRECTION('ref_axis',(-1.,0.,0.));
#5178=DIRECTION('',(-9.81307786677359E-16,0.707106781186547,-0.707106781186548));
#5179=DIRECTION('',(1.,0.,0.));
#5180=DIRECTION('',(-1.,0.,0.));
#5181=DIRECTION('center_axis',(0.,1.,0.));
#5182=DIRECTION('ref_axis',(-0.707106781186548,0.,-0.707106781186547));
#5183=DIRECTION('',(-0.70710678118655,0.707106781186545,7.85046229341885E-15));
#5184=DIRECTION('center_axis',(0.,-1.,0.));
#5185=DIRECTION('ref_axis',(-0.707106781186548,0.,-0.707106781186547));
#5186=DIRECTION('center_axis',(0.,1.,0.));
#5187=DIRECTION('ref_axis',(-0.707106781186548,0.,-0.707106781186547));
#5188=DIRECTION('center_axis',(-0.707106781186547,-0.707106781186548,0.));
#5189=DIRECTION('ref_axis',(0.,0.,1.));
#5190=DIRECTION('',(0.684791078771736,-0.684791078771736,0.249243569363954));
#5191=DIRECTION('',(0.,0.,1.));
#5192=DIRECTION('center_axis',(0.,1.,0.));
#5193=DIRECTION('ref_axis',(1.,0.,0.));
#5194=DIRECTION('',(-1.,0.,3.33066907387547E-16));
#5195=DIRECTION('center_axis',(0.,1.,0.));
#5196=DIRECTION('ref_axis',(1.,0.,0.));
#5197=DIRECTION('center_axis',(0.,1.,0.));
#5198=DIRECTION('ref_axis',(1.,0.,0.));
#5199=DIRECTION('center_axis',(0.,1.,0.));
#5200=DIRECTION('ref_axis',(1.,0.,0.));
#5201=DIRECTION('center_axis',(0.,1.,0.));
#5202=DIRECTION('ref_axis',(-0.600000000000004,0.,-0.799999999999997));
#5203=DIRECTION('',(-0.600000000000005,0.,-0.799999999999996));
#5204=DIRECTION('',(-0.600000000000005,0.,0.799999999999996));
#5205=DIRECTION('center_axis',(0.,-1.,0.));
#5206=DIRECTION('ref_axis',(0.866025403784439,0.,0.5));
#5207=DIRECTION('center_axis',(0.,-1.,0.));
#5208=DIRECTION('ref_axis',(0.866025403784439,0.,0.5));
#5209=DIRECTION('',(0.353553390593276,-0.707106781186548,0.612372435695793));
#5210=DIRECTION('center_axis',(0.,1.,0.));
#5211=DIRECTION('ref_axis',(0.866025403784439,0.,0.5));
#5212=DIRECTION('center_axis',(0.353553390593274,0.707106781186546,0.612372435695795));
#5213=DIRECTION('ref_axis',(0.866025403784439,0.,-0.5));
#5214=DIRECTION('',(-0.866025403784439,0.,0.5));
#5215=DIRECTION('',(0.353553390593274,-0.707106781186548,0.612372435695794));
#5216=DIRECTION('',(0.866025403784439,0.,-0.5));
#5217=DIRECTION('center_axis',(0.,-1.,0.));
#5218=DIRECTION('ref_axis',(0.258819045102521,0.,0.965925826289068));
#5219=DIRECTION('',(4.90653893338681E-16,-0.70710678118655,0.707106781186545));
#5220=DIRECTION('center_axis',(0.,1.,0.));
#5221=DIRECTION('ref_axis',(0.258819045102521,0.,0.965925826289068));
#5222=DIRECTION('center_axis',(0.,-1.,0.));
#5223=DIRECTION('ref_axis',(0.258819045102521,0.,0.965925826289068));
#5224=DIRECTION('center_axis',(0.,0.707106781186547,0.707106781186548));
#5225=DIRECTION('ref_axis',(1.,0.,0.));
#5226=DIRECTION('',(-1.,0.,0.));
#5227=DIRECTION('',(0.,-0.707106781186548,0.707106781186547));
#5228=DIRECTION('',(1.,0.,0.));
#5229=DIRECTION('center_axis',(0.,-1.,0.));
#5230=DIRECTION('ref_axis',(-0.258819045102521,0.,0.965925826289068));
#5231=DIRECTION('',(-0.353553390593272,-0.707106781186549,0.612372435695794));
#5232=DIRECTION('center_axis',(0.,1.,0.));
#5233=DIRECTION('ref_axis',(-0.258819045102521,0.,0.965925826289068));
#5234=DIRECTION('center_axis',(0.,-1.,0.));
#5235=DIRECTION('ref_axis',(-0.258819045102521,0.,0.965925826289068));
#5236=DIRECTION('center_axis',(-0.353553390593274,0.707106781186547,0.612372435695795));
#5237=DIRECTION('ref_axis',(0.866025403784439,0.,0.5));
#5238=DIRECTION('',(-0.866025403784439,0.,-0.5));
#5239=DIRECTION('',(-0.353553390593277,-0.707106781186546,0.612372435695794));
#5240=DIRECTION('',(0.866025403784439,0.,0.5));
#5241=DIRECTION('center_axis',(0.,-1.,0.));
#5242=DIRECTION('ref_axis',(-0.866025403784439,0.,0.5));
#5243=DIRECTION('center_axis',(0.,1.,0.));
#5244=DIRECTION('ref_axis',(-0.866025403784439,0.,0.5));
#5245=DIRECTION('center_axis',(0.,-1.,0.));
#5246=DIRECTION('ref_axis',(-0.866025403784439,0.,0.5));
#5247=DIRECTION('center_axis',(0.,1.,0.));
#5248=DIRECTION('ref_axis',(1.,0.,0.));
#5249=DIRECTION('center_axis',(0.,-1.,0.));
#5250=DIRECTION('ref_axis',(1.,0.,0.));
#5251=DIRECTION('',(-1.,0.,0.));
#5252=DIRECTION('center_axis',(0.707106781186548,0.707106781186548,0.));
#5253=DIRECTION('ref_axis',(0.,0.,-1.));
#5254=DIRECTION('',(-0.684791078771736,0.684791078771736,0.249243569363954));
#5255=DIRECTION('',(0.,0.,-1.));
#5256=DIRECTION('',(-0.707106781186548,0.707106781186548,0.));
#5257=DIRECTION('',(0.,0.,1.));
#5258=DIRECTION('center_axis',(0.,-1.,0.));
#5259=DIRECTION('ref_axis',(0.707106781186547,0.,-0.707106781186548));
#5260=DIRECTION('center_axis',(0.,1.,0.));
#5261=DIRECTION('ref_axis',(0.707106781186547,0.,-0.707106781186548));
#5262=DIRECTION('',(0.,0.707106781186548,0.707106781186548));
#5263=DIRECTION('center_axis',(0.,-1.,0.));
#5264=DIRECTION('ref_axis',(0.707106781186547,0.,-0.707106781186548));
#5265=DIRECTION('center_axis',(0.,0.707106781186548,-0.707106781186548));
#5266=DIRECTION('ref_axis',(-1.,0.,0.));
#5267=DIRECTION('',(9.81307786677358E-16,0.707106781186548,0.707106781186548));
#5268=DIRECTION('',(1.,0.,0.));
#5269=DIRECTION('',(-1.,0.,0.));
#5270=DIRECTION('center_axis',(0.,-1.,0.));
#5271=DIRECTION('ref_axis',(-0.707106781186548,0.,-0.707106781186547));
#5272=DIRECTION('center_axis',(0.,1.,0.));
#5273=DIRECTION('ref_axis',(-0.707106781186548,0.,-0.707106781186547));
#5274=DIRECTION('',(0.707106781186549,0.707106781186546,-7.85046229341885E-15));
#5275=DIRECTION('center_axis',(0.,-1.,0.));
#5276=DIRECTION('ref_axis',(-0.707106781186548,0.,-0.707106781186547));
#5277=DIRECTION('center_axis',(-0.707106781186548,0.707106781186548,0.));
#5278=DIRECTION('ref_axis',(0.,0.,1.));
#5279=DIRECTION('',(-0.684791078771736,-0.684791078771736,-0.249243569363954));
#5280=DIRECTION('',(0.,0.,-1.));
#5281=DIRECTION('center_axis',(0.,1.,0.));
#5282=DIRECTION('ref_axis',(-0.707106781186548,0.,-0.707106781186547));
#5283=DIRECTION('',(0.,-1.,0.));
#5284=DIRECTION('center_axis',(0.,0.,-1.));
#5285=DIRECTION('ref_axis',(-1.,0.,0.));
#5286=DIRECTION('',(0.,1.,0.));
#5287=DIRECTION('center_axis',(0.,1.,0.));
#5288=DIRECTION('ref_axis',(0.707106781186547,0.,-0.707106781186548));
#5289=DIRECTION('',(0.,-1.,0.));
#5290=DIRECTION('center_axis',(1.,0.,0.));
#5291=DIRECTION('ref_axis',(0.,0.,-1.));
#5292=DIRECTION('',(0.,1.,0.));
#5293=DIRECTION('',(0.,0.,1.));
#5294=DIRECTION('',(0.,-0.939692620785909,-0.342020143325669));
#5295=DIRECTION('',(0.,0.,1.));
#5296=DIRECTION('',(0.,-0.939692620785909,0.342020143325668));
#5297=DIRECTION('',(0.,-0.939692620785909,-0.342020143325669));
#5298=DIRECTION('center_axis',(-0.707106781186547,-0.707106781186548,0.));
#5299=DIRECTION('ref_axis',(0.,0.,1.));
#5300=DIRECTION('',(-0.684791078771736,0.684791078771736,0.249243569363954));
#5301=DIRECTION('',(0.,0.,1.));
#5302=DIRECTION('',(-0.707106781186547,0.707106781186548,0.));
#5303=DIRECTION('center_axis',(0.,1.,0.));
#5304=DIRECTION('ref_axis',(-0.866025403784439,0.,0.5));
#5305=DIRECTION('',(-0.353553390593271,0.707106781186549,0.612372435695795));
#5306=DIRECTION('center_axis',(0.,-1.,0.));
#5307=DIRECTION('ref_axis',(-0.866025403784439,0.,0.5));
#5308=DIRECTION('center_axis',(0.,1.,0.));
#5309=DIRECTION('ref_axis',(-0.866025403784439,0.,0.5));
#5310=DIRECTION('center_axis',(-0.353553390593275,-0.707106781186544,0.612372435695797));
#5311=DIRECTION('ref_axis',(0.866025403784439,0.,0.5));
#5312=DIRECTION('',(-0.353553390593273,0.707106781186549,0.612372435695793));
#5313=DIRECTION('',(-0.866025403784439,0.,-0.5));
#5314=DIRECTION('',(0.866025403784439,0.,0.5));
#5315=DIRECTION('center_axis',(0.,1.,0.));
#5316=DIRECTION('ref_axis',(-0.258819045102521,0.,0.965925826289068));
#5317=DIRECTION('',(4.90653893338681E-16,0.707106781186549,0.707106781186546));
#5318=DIRECTION('center_axis',(0.,-1.,0.));
#5319=DIRECTION('ref_axis',(-0.258819045102521,0.,0.965925826289068));
#5320=DIRECTION('center_axis',(0.,1.,0.));
#5321=DIRECTION('ref_axis',(-0.258819045102521,0.,0.965925826289068));
#5322=DIRECTION('center_axis',(0.,-0.707106781186549,0.707106781186546));
#5323=DIRECTION('ref_axis',(1.,0.,0.));
#5324=DIRECTION('',(0.,0.707106781186546,0.707106781186549));
#5325=DIRECTION('',(-1.,0.,0.));
#5326=DIRECTION('',(1.,0.,0.));
#5327=DIRECTION('center_axis',(0.,1.,0.));
#5328=DIRECTION('ref_axis',(0.258819045102521,0.,0.965925826289068));
#5329=DIRECTION('',(0.353553390593274,0.707106781186548,0.612372435695794));
#5330=DIRECTION('center_axis',(0.,-1.,0.));
#5331=DIRECTION('ref_axis',(0.258819045102521,0.,0.965925826289068));
#5332=DIRECTION('center_axis',(0.,1.,0.));
#5333=DIRECTION('ref_axis',(0.258819045102521,0.,0.965925826289068));
#5334=DIRECTION('center_axis',(0.353553390593275,-0.707106781186544,0.612372435695797));
#5335=DIRECTION('ref_axis',(0.866025403784439,0.,-0.5));
#5336=DIRECTION('',(0.353553390593272,0.707106781186551,0.612372435695791));
#5337=DIRECTION('',(-0.866025403784439,0.,0.5));
#5338=DIRECTION('',(0.866025403784439,0.,-0.5));
#5339=DIRECTION('center_axis',(0.,1.,0.));
#5340=DIRECTION('ref_axis',(0.866025403784439,0.,0.5));
#5341=DIRECTION('',(0.707106781186549,0.707106781186546,0.));
#5342=DIRECTION('center_axis',(0.,-1.,0.));
#5343=DIRECTION('ref_axis',(0.866025403784439,0.,0.5));
#5344=DIRECTION('center_axis',(0.,1.,0.));
#5345=DIRECTION('ref_axis',(0.866025403784439,0.,0.5));
#5346=DIRECTION('center_axis',(0.707106781186547,-0.707106781186548,0.));
#5347=DIRECTION('ref_axis',(0.,0.,-1.));
#5348=DIRECTION('',(-0.684791078771736,-0.684791078771736,-0.249243569363954));
#5349=DIRECTION('',(0.,0.,-1.));
#5350=DIRECTION('center_axis',(0.,1.,0.));
#5351=DIRECTION('ref_axis',(1.,0.,0.));
#5352=DIRECTION('',(1.,0.,0.));
#5353=DIRECTION('center_axis',(0.,1.,0.));
#5354=DIRECTION('ref_axis',(1.,0.,0.));
#5355=DIRECTION('center_axis',(0.,1.,0.));
#5356=DIRECTION('ref_axis',(1.,0.,0.));
#5357=DIRECTION('',(-0.104188906600159,-0.984807753012208,-0.138918542133543));
#5358=DIRECTION('center_axis',(0.,1.,0.));
#5359=DIRECTION('ref_axis',(-0.600000000000004,0.,-0.799999999999997));
#5360=DIRECTION('',(-0.138918542133543,-0.984807753012208,0.104188906600159));
#5361=DIRECTION('center_axis',(0.787846202409763,-0.17364817766693,-0.59088465180733));
#5362=DIRECTION('ref_axis',(0.600000000000005,0.,0.799999999999996));
#5363=DIRECTION('center_axis',(-0.787846202409762,-0.173648177666931,-0.59088465180733));
#5364=DIRECTION('ref_axis',(0.600000000000005,0.,-0.799999999999996));
#5365=DIRECTION('center_axis',(0.,1.,0.));
#5366=DIRECTION('ref_axis',(1.,0.,0.));
#5367=DIRECTION('center_axis',(0.,-1.,0.));
#5368=DIRECTION('ref_axis',(1.,0.,0.));
#5369=DIRECTION('center_axis',(0.,-1.,0.));
#5370=DIRECTION('ref_axis',(1.,0.,0.));
#5371=DIRECTION('center_axis',(0.,-1.,0.));
#5372=DIRECTION('ref_axis',(1.,0.,0.));
#5373=DIRECTION('center_axis',(0.,-1.,0.));
#5374=DIRECTION('ref_axis',(1.,0.,0.));
#5375=DIRECTION('center_axis',(0.,-1.,0.));
#5376=DIRECTION('ref_axis',(1.,0.,0.));
#5377=DIRECTION('center_axis',(0.,-1.,0.));
#5378=DIRECTION('ref_axis',(1.,0.,0.));
#5379=DIRECTION('',(0.707106781186548,-0.707106781186547,-8.65956056235494E-17));
#5380=DIRECTION('center_axis',(0.,-1.,0.));
#5381=DIRECTION('ref_axis',(1.,0.,0.));
#5382=DIRECTION('center_axis',(0.,1.,0.));
#5383=DIRECTION('ref_axis',(1.,0.,0.));
#5384=DIRECTION('center_axis',(0.,-1.,0.));
#5385=DIRECTION('ref_axis',(1.,0.,0.));
#5386=DIRECTION('center_axis',(0.,-1.,0.));
#5387=DIRECTION('ref_axis',(1.,0.,0.));
#5388=DIRECTION('center_axis',(0.,-1.,0.));
#5389=DIRECTION('ref_axis',(1.,0.,0.));
#5390=DIRECTION('center_axis',(0.,-1.,0.));
#5391=DIRECTION('ref_axis',(1.,0.,0.));
#5392=DIRECTION('center_axis',(0.,-1.,0.));
#5393=DIRECTION('ref_axis',(1.,0.,0.));
#5394=DIRECTION('center_axis',(0.,-1.,0.));
#5395=DIRECTION('ref_axis',(1.,0.,0.));
#5396=DIRECTION('',(0.707106781186548,-0.707106781186548,-8.65956056235494E-17));
#5397=DIRECTION('center_axis',(0.,-1.,0.));
#5398=DIRECTION('ref_axis',(1.,0.,0.));
#5399=DIRECTION('center_axis',(0.,1.,0.));
#5400=DIRECTION('ref_axis',(1.,0.,0.));
#5401=DIRECTION('',(0.,-1.,0.));
#5402=DIRECTION('center_axis',(0.,1.,0.));
#5403=DIRECTION('ref_axis',(1.,0.,0.));
#5404=DIRECTION('',(0.,-1.,0.));
#5405=DIRECTION('center_axis',(-0.999999999999992,0.,-1.26659872005219E-7));
#5406=DIRECTION('ref_axis',(-1.26659872005219E-7,0.,0.999999999999992));
#5407=DIRECTION('',(0.,1.,0.));
#5408=DIRECTION('',(-1.26659872005219E-7,0.,0.999999999999992));
#5409=DIRECTION('',(0.,1.,0.));
#5410=DIRECTION('center_axis',(0.,1.,0.));
#5411=DIRECTION('ref_axis',(1.,0.,0.));
#5412=DIRECTION('',(0.,1.,0.));
#5413=DIRECTION('center_axis',(0.,-1.,0.));
#5414=DIRECTION('ref_axis',(1.,0.,0.));
#5415=DIRECTION('center_axis',(-0.499999890309329,0.,-0.866025467114368));
#5416=DIRECTION('ref_axis',(-0.866025467114368,0.,0.499999890309329));
#5417=DIRECTION('',(0.,1.,0.));
#5418=DIRECTION('',(-0.866025467114368,0.,0.499999890309329));
#5419=DIRECTION('center_axis',(0.,1.,0.));
#5420=DIRECTION('ref_axis',(1.,0.,0.));
#5421=DIRECTION('',(0.,1.,0.));
#5422=DIRECTION('center_axis',(0.,-1.,0.));
#5423=DIRECTION('ref_axis',(1.,0.,0.));
#5424=DIRECTION('center_axis',(0.500000109690663,0.,-0.866025340454496));
#5425=DIRECTION('ref_axis',(-0.866025340454496,0.,-0.500000109690663));
#5426=DIRECTION('',(0.,1.,0.));
#5427=DIRECTION('',(-0.866025340454496,0.,-0.500000109690663));
#5428=DIRECTION('center_axis',(0.,1.,0.));
#5429=DIRECTION('ref_axis',(1.,0.,0.));
#5430=DIRECTION('',(0.,1.,0.));
#5431=DIRECTION('center_axis',(0.,-1.,0.));
#5432=DIRECTION('ref_axis',(1.,0.,0.));
#5433=DIRECTION('center_axis',(-1.,0.,-1.60246890531964E-16));
#5434=DIRECTION('ref_axis',(-1.60246890531964E-16,0.,1.));
#5435=DIRECTION('',(0.,1.,0.));
#5436=DIRECTION('',(-1.60246890531964E-16,0.,1.));
#5437=DIRECTION('',(0.,1.,0.));
#5438=DIRECTION('center_axis',(0.,1.,0.));
#5439=DIRECTION('ref_axis',(1.,0.,0.));
#5440=DIRECTION('',(0.,1.,0.));
#5441=DIRECTION('center_axis',(0.,-1.,0.));
#5442=DIRECTION('ref_axis',(1.,0.,0.));
#5443=DIRECTION('center_axis',(-0.5,0.,-0.866025403784439));
#5444=DIRECTION('ref_axis',(-0.866025403784439,0.,0.5));
#5445=DIRECTION('',(0.,1.,0.));
#5446=DIRECTION('',(-0.866025403784439,0.,0.5));
#5447=DIRECTION('center_axis',(0.,1.,0.));
#5448=DIRECTION('ref_axis',(1.,0.,0.));
#5449=DIRECTION('',(0.,1.,0.));
#5450=DIRECTION('center_axis',(0.,-1.,0.));
#5451=DIRECTION('ref_axis',(1.,0.,0.));
#5452=DIRECTION('center_axis',(0.5,0.,-0.866025403784439));
#5453=DIRECTION('ref_axis',(-0.866025403784439,0.,-0.5));
#5454=DIRECTION('',(0.,1.,0.));
#5455=DIRECTION('',(-0.866025403784439,0.,-0.5));
#5456=DIRECTION('center_axis',(0.,1.,0.));
#5457=DIRECTION('ref_axis',(1.,0.,0.));
#5458=DIRECTION('',(0.,1.,0.));
#5459=DIRECTION('center_axis',(0.,-1.,0.));
#5460=DIRECTION('ref_axis',(1.,0.,0.));
#5461=DIRECTION('center_axis',(0.,1.,0.));
#5462=DIRECTION('ref_axis',(-0.866025403784439,0.,0.5));
#5463=DIRECTION('',(0.,1.,0.));
#5464=DIRECTION('center_axis',(0.,-0.342020143325669,-0.939692620785909));
#5465=DIRECTION('ref_axis',(3.16432198338128E-17,-0.939692620785909,0.342020143325669));
#5466=DIRECTION('center_axis',(-0.5,0.,0.866025403784439));
#5467=DIRECTION('ref_axis',(0.866025403784439,0.,0.5));
#5468=DIRECTION('',(0.,-1.,0.));
#5469=DIRECTION('center_axis',(0.,1.,0.));
#5470=DIRECTION('ref_axis',(-0.258819045102521,0.,0.965925826289068));
#5471=DIRECTION('',(0.,1.,0.));
#5472=DIRECTION('center_axis',(0.,0.,1.));
#5473=DIRECTION('ref_axis',(1.,0.,0.));
#5474=DIRECTION('',(0.,-1.,0.));
#5475=DIRECTION('center_axis',(0.,1.,0.));
#5476=DIRECTION('ref_axis',(0.258819045102521,0.,0.965925826289068));
#5477=DIRECTION('',(0.,1.,0.));
#5478=DIRECTION('center_axis',(0.,1.,0.));
#5479=DIRECTION('ref_axis',(0.866025403784439,0.,0.5));
#5480=DIRECTION('',(0.,-1.,0.));
#5481=DIRECTION('center_axis',(-3.12980515100061E-16,-0.342020143325668,
-0.939692620785909));
#5482=DIRECTION('ref_axis',(1.,0.,-3.33066907387547E-16));
#5483=DIRECTION('',(-1.,0.,3.33066907387547E-16));
#5484=DIRECTION('center_axis',(0.,-0.342020143325669,0.939692620785909));
#5485=DIRECTION('ref_axis',(-1.,0.,0.));
#5486=DIRECTION('',(1.,0.,0.));
#5487=DIRECTION('center_axis',(0.,1.,0.));
#5488=DIRECTION('ref_axis',(1.,0.,0.));
#5489=DIRECTION('center_axis',(0.,1.,0.));
#5490=DIRECTION('ref_axis',(1.,0.,0.));
#5491=DIRECTION('',(0.,1.,0.));
#5492=DIRECTION('center_axis',(0.,1.,0.));
#5493=DIRECTION('ref_axis',(1.,0.,0.));
#5494=DIRECTION('center_axis',(0.,-1.,0.));
#5495=DIRECTION('ref_axis',(1.,0.,0.));
#5496=DIRECTION('center_axis',(0.,-1.,0.));
#5497=DIRECTION('ref_axis',(1.,0.,0.));
#5498=DIRECTION('center_axis',(0.,0.342020143325669,-0.939692620785909));
#5499=DIRECTION('ref_axis',(-1.,0.,0.));
#5500=DIRECTION('',(1.,0.,0.));
#5501=DIRECTION('center_axis',(0.,1.,0.));
#5502=DIRECTION('ref_axis',(1.,0.,2.11953017778395E-13));
#5503=DIRECTION('center_axis',(0.,-1.,0.));
#5504=DIRECTION('ref_axis',(1.,0.,0.));
#5505=DIRECTION('center_axis',(0.,1.,0.));
#5506=DIRECTION('ref_axis',(1.,0.,0.));
#5507=DIRECTION('',(1.,0.,0.));
#5508=DIRECTION('center_axis',(0.,-1.,0.));
#5509=DIRECTION('ref_axis',(1.,0.,0.));
#5510=DIRECTION('center_axis',(0.,-1.,0.));
#5511=DIRECTION('ref_axis',(1.,0.,0.));
#5512=DIRECTION('',(0.866025403784439,0.,-0.5));
#5513=DIRECTION('center_axis',(0.,-1.,0.));
#5514=DIRECTION('ref_axis',(1.,0.,0.));
#5515=DIRECTION('',(0.866025403784439,0.,0.5));
#5516=DIRECTION('center_axis',(0.,-1.,0.));
#5517=DIRECTION('ref_axis',(1.,0.,0.));
#5518=DIRECTION('',(6.40987562127855E-16,0.,-1.));
#5519=DIRECTION('center_axis',(0.,-1.,0.));
#5520=DIRECTION('ref_axis',(1.,0.,0.));
#5521=DIRECTION('',(0.866025467114368,0.,-0.499999890309329));
#5522=DIRECTION('center_axis',(0.,-1.,0.));
#5523=DIRECTION('ref_axis',(1.,0.,0.));
#5524=DIRECTION('',(0.866025340454496,0.,0.500000109690663));
#5525=DIRECTION('center_axis',(0.,-1.,0.));
#5526=DIRECTION('ref_axis',(1.,0.,0.));
#5527=DIRECTION('',(1.26659872325713E-7,0.,-0.999999999999992));
#5528=DIRECTION('center_axis',(0.,0.342020143325669,-0.939692620785908));
#5529=DIRECTION('ref_axis',(-1.,0.,0.));
#5530=DIRECTION('center_axis',(0.,1.,0.));
#5531=DIRECTION('ref_axis',(-1.,0.,0.));
#5532=DIRECTION('center_axis',(0.,-1.,0.));
#5533=DIRECTION('ref_axis',(1.,0.,0.));
#5534=DIRECTION('center_axis',(0.,-1.,0.));
#5535=DIRECTION('ref_axis',(1.,0.,0.));
#5536=DIRECTION('center_axis',(0.,0.342020143325669,0.939692620785909));
#5537=DIRECTION('ref_axis',(1.,0.,0.));
#5538=DIRECTION('center_axis',(0.,1.,0.));
#5539=DIRECTION('ref_axis',(1.,0.,0.));
#5540=DIRECTION('',(0.,-1.,0.));
#5541=DIRECTION('center_axis',(1.,0.,6.40987562127855E-16));
#5542=DIRECTION('ref_axis',(6.40987562127855E-16,0.,-1.));
#5543=DIRECTION('',(0.,1.,0.));
#5544=DIRECTION('center_axis',(0.,1.,0.));
#5545=DIRECTION('ref_axis',(1.,0.,0.));
#5546=DIRECTION('',(0.,1.,0.));
#5547=DIRECTION('center_axis',(-0.5,0.,0.866025403784439));
#5548=DIRECTION('ref_axis',(0.866025403784439,0.,0.5));
#5549=DIRECTION('',(0.,1.,0.));
#5550=DIRECTION('center_axis',(0.,1.,0.));
#5551=DIRECTION('ref_axis',(1.,0.,0.));
#5552=DIRECTION('',(0.,1.,0.));
#5553=DIRECTION('center_axis',(0.5,0.,0.866025403784439));
#5554=DIRECTION('ref_axis',(0.866025403784439,0.,-0.5));
#5555=DIRECTION('',(0.,1.,0.));
#5556=DIRECTION('center_axis',(0.,1.,0.));
#5557=DIRECTION('ref_axis',(1.,0.,0.));
#5558=DIRECTION('center_axis',(0.999999999999992,0.,1.26659872325713E-7));
#5559=DIRECTION('ref_axis',(1.26659872325713E-7,0.,-0.999999999999992));
#5560=DIRECTION('',(0.,1.,0.));
#5561=DIRECTION('center_axis',(0.,1.,0.));
#5562=DIRECTION('ref_axis',(1.,0.,0.));
#5563=DIRECTION('',(0.,1.,0.));
#5564=DIRECTION('center_axis',(-0.500000109690663,0.,0.866025340454496));
#5565=DIRECTION('ref_axis',(0.866025340454496,0.,0.500000109690663));
#5566=DIRECTION('',(0.,1.,0.));
#5567=DIRECTION('center_axis',(0.,1.,0.));
#5568=DIRECTION('ref_axis',(1.,0.,0.));
#5569=DIRECTION('',(0.,1.,0.));
#5570=DIRECTION('center_axis',(0.499999890309329,0.,0.866025467114368));
#5571=DIRECTION('ref_axis',(0.866025467114368,0.,-0.499999890309329));
#5572=DIRECTION('',(0.,1.,0.));
#5573=DIRECTION('center_axis',(0.,1.,0.));
#5574=DIRECTION('ref_axis',(1.,0.,0.));
#5575=DIRECTION('center_axis',(0.5,0.,0.866025403784439));
#5576=DIRECTION('ref_axis',(0.866025403784439,0.,-0.5));
#5577=DIRECTION('center_axis',(2.81824605954663E-17,1.,-3.54047499978889E-15));
#5578=DIRECTION('ref_axis',(0.,3.5897670996793E-15,1.));
#5579=DIRECTION('center_axis',(0.8,0.,-0.6));
#5580=DIRECTION('ref_axis',(0.,1.,0.));
#5581=DIRECTION('center_axis',(1.26080614226101E-16,1.,-4.03457965523614E-15));
#5582=DIRECTION('ref_axis',(-0.799999999999996,2.52161228452259E-15,0.600000000000005));
#5583=DIRECTION('center_axis',(0.799999999999997,0.,-0.600000000000004));
#5584=DIRECTION('ref_axis',(-0.491491226573422,0.57357643635099,-0.655321635431222));
#5585=DIRECTION('center_axis',(-2.81824605954663E-17,-1.,3.54047499978889E-15));
#5586=DIRECTION('ref_axis',(-0.799999999999997,2.14683096834972E-15,0.600000000000004));
#5587=DIRECTION('center_axis',(-2.81824605954663E-17,-1.,3.54047499978889E-15));
#5588=DIRECTION('ref_axis',(0.,-3.52690516671706E-15,-1.));
#5589=DIRECTION('center_axis',(0.800000000000015,0.,0.599999999999981));
#5590=DIRECTION('ref_axis',(0.491491226573384,0.573576436351033,-0.655321635431213));
#5591=DIRECTION('center_axis',(2.81824605954663E-17,1.,-3.54047499978889E-15));
#5592=DIRECTION('ref_axis',(-4.15880648456202E-15,-3.54047499978888E-15,
-1.));
#5593=DIRECTION('center_axis',(6.08712681582129E-17,-1.,2.31310819001187E-15));
#5594=DIRECTION('ref_axis',(-4.10690837354905E-15,-2.31310819001188E-15,
-1.));
#5595=DIRECTION('center_axis',(2.81824605954663E-17,1.,-3.54047499978889E-15));
#5596=DIRECTION('ref_axis',(0.,3.58976709967966E-15,1.));
#5597=DIRECTION('center_axis',(-0.800000000000006,0.,-0.599999999999991));
#5598=DIRECTION('ref_axis',(-0.491491226573389,0.573576436351044,0.6553216354312));
#5599=DIRECTION('center_axis',(-2.81824605954663E-17,-1.,3.54047499978889E-15));
#5600=DIRECTION('ref_axis',(0.800000000000001,2.10173903139695E-15,0.599999999999998));
#5601=DIRECTION('center_axis',(3.78241842678453E-16,1.,-3.65633781255845E-15));
#5602=DIRECTION('ref_axis',(0.800000000000001,1.8912092133923E-15,0.599999999999998));
#5603=DIRECTION('center_axis',(2.81824605954663E-17,1.,-3.54047499978889E-15));
#5604=DIRECTION('ref_axis',(-4.56446920540344E-15,-3.51959071260025E-15,
-1.));
#5605=DIRECTION('center_axis',(-2.81824605954663E-17,-1.,3.54047499978889E-15));
#5606=DIRECTION('ref_axis',(-4.1580530737261E-15,-3.54047499978889E-15,
-1.));
#5607=DIRECTION('center_axis',(1.02037249199121E-16,1.,-2.44889398077904E-15));
#5608=DIRECTION('ref_axis',(-4.10699928026485E-15,-2.44889398077904E-15,
-1.));
#5609=DIRECTION('center_axis',(0.,-1.,0.));
#5610=DIRECTION('ref_axis',(1.,0.,0.));
#5611=DIRECTION('',(-0.344145861810714,-0.819152044288891,-0.458861149080952));
#5612=DIRECTION('center_axis',(0.,-1.,0.));
#5613=DIRECTION('ref_axis',(1.,0.,0.));
#5614=DIRECTION('',(0.344145861810629,-0.819152044288992,-0.458861149080836));
#5615=DIRECTION('center_axis',(0.,1.,0.));
#5616=DIRECTION('ref_axis',(-0.799999999999996,0.,0.600000000000005));
#5617=DIRECTION('',(0.344145861810631,-0.819152044288991,0.458861149080835));
#5618=DIRECTION('center_axis',(0.,1.,0.));
#5619=DIRECTION('ref_axis',(1.,0.,0.));
#5620=DIRECTION('center_axis',(2.81824605954663E-17,1.,-3.54047499978889E-15));
#5621=DIRECTION('ref_axis',(1.,-2.81824605954663E-17,1.23816773968339E-19));
#5622=DIRECTION('',(0.,-3.54047499978889E-15,-1.));
#5623=DIRECTION('',(1.,-2.81824605954663E-17,1.23816773968339E-19));
#5624=DIRECTION('',(0.,3.54047499978889E-15,1.));
#5625=DIRECTION('center_axis',(-2.81824605954663E-17,-1.,3.54047499978889E-15));
#5626=DIRECTION('ref_axis',(-1.,2.81824605954694E-17,8.61163372867354E-16));
#5627=DIRECTION('center_axis',(-2.81824605954663E-17,-1.,3.54047499978889E-15));
#5628=DIRECTION('ref_axis',(-1.,2.81824605954694E-17,8.61163372867354E-16));
#5629=DIRECTION('',(0.,3.54047499978889E-15,1.));
#5630=DIRECTION('center_axis',(2.81824605954663E-17,1.,-3.54047499978889E-15));
#5631=DIRECTION('ref_axis',(-0.0356128717890258,-3.53722547824996E-15,-0.999365660488161));
#5632=DIRECTION('',(-1.,2.81824605954663E-17,-1.23816773968341E-19));
#5633=DIRECTION('center_axis',(2.81824605954663E-17,1.,-3.54047499978889E-15));
#5634=DIRECTION('ref_axis',(-4.99574873217565E-15,-3.54047499978889E-15,
-1.));
#5635=DIRECTION('',(0.,-3.54047499978889E-15,-1.));
#5636=DIRECTION('center_axis',(-2.81824605954663E-17,-1.,3.54047499978889E-15));
#5637=DIRECTION('ref_axis',(-1.,2.81824605954694E-17,8.61163372867354E-16));
#5638=DIRECTION('center_axis',(-2.81824605954663E-17,-1.,3.54047499978889E-15));
#5639=DIRECTION('ref_axis',(-1.,2.81824605954694E-17,8.61163372867354E-16));
#5640=DIRECTION('center_axis',(-2.76255781599714E-15,0.707106781186454,
-0.707106781186641));
#5641=DIRECTION('ref_axis',(-1.,0.,3.90684673022243E-15));
#5642=DIRECTION('center_axis',(-2.76255781599714E-15,0.707106781186454,
-0.707106781186641));
#5643=DIRECTION('ref_axis',(0.816496580927759,0.408248290463885,0.408248290463774));
#5644=DIRECTION('',(-1.,-3.90697054699742E-15,-1.23816773954926E-19));
#5645=DIRECTION('center_axis',(-2.76255781599714E-15,0.707106781186454,
-0.707106781186641));
#5646=DIRECTION('ref_axis',(-0.816496580927763,0.408248290463878,0.408248290463773));
#5647=DIRECTION('',(1.,3.90697054699742E-15,1.23816773954926E-19));
#5648=DIRECTION('center_axis',(0.707106781186548,5.26613924865015E-15,0.707106781186548));
#5649=DIRECTION('ref_axis',(0.499999999999997,0.707106781186549,-0.500000000000002));
#5650=DIRECTION('',(0.707106781186548,5.26613924865015E-15,0.707106781186548));
#5651=DIRECTION('center_axis',(-1.,-5.94041410578656E-15,2.10318876299306E-29));
#5652=DIRECTION('ref_axis',(-2.89120579329543E-17,-1.51284950446093E-15,
-1.));
#5653=DIRECTION('',(-0.707106781186548,-5.26613924865015E-15,-0.707106781186548));
#5654=DIRECTION('center_axis',(-1.23816773968243E-19,3.40847283687898E-15,
1.));
#5655=DIRECTION('ref_axis',(1.,3.84345549781966E-15,-2.8912057932944E-17));
#5656=DIRECTION('center_axis',(-3.90697054699742E-15,1.,-3.54047499978889E-15));
#5657=DIRECTION('ref_axis',(1.,3.90697054699742E-15,0.));
#5658=DIRECTION('',(0.707106781186548,2.59151486705835E-16,-0.707106781186547));
#5659=DIRECTION('',(0.,-3.54047499978889E-15,-1.));
#5660=DIRECTION('',(-1.,-3.90697054699742E-15,-1.23816773954403E-19));
#5661=DIRECTION('',(0.,3.54047499978889E-15,1.));
#5662=DIRECTION('center_axis',(-3.90697054699742E-15,1.,-3.54047499978889E-15));
#5663=DIRECTION('ref_axis',(-1.,-3.9069705469971E-15,8.94747633675406E-14));
#5664=DIRECTION('',(-1.,-3.90697054699742E-15,-1.23816773954926E-19));
#5665=DIRECTION('center_axis',(-3.90697054699742E-15,1.,-3.54047499978889E-15));
#5666=DIRECTION('ref_axis',(0.707106781186547,2.59151486705826E-16,-0.707106781186548));
#5667=DIRECTION('',(0.,-3.54047499978889E-15,-1.));
#5668=DIRECTION('',(-1.,-3.90697054699742E-15,-1.23816773954403E-19));
#5669=DIRECTION('',(0.,-3.54047499978889E-15,-1.));
#5670=DIRECTION('center_axis',(1.,-2.81824605954663E-17,1.23816773968341E-19));
#5671=DIRECTION('ref_axis',(0.,-0.923879532511288,-0.382683432365088));
#5672=DIRECTION('center_axis',(1.,0.,0.));
#5673=DIRECTION('ref_axis',(0.,-1.,0.));
#5674=DIRECTION('',(1.,-2.81824605954663E-17,1.23816773968339E-19));
#5675=DIRECTION('center_axis',(-1.,0.,-7.85046229341889E-16));
#5676=DIRECTION('ref_axis',(5.55111512312576E-16,-0.707106781186552,-0.707106781186544));
#5677=DIRECTION('center_axis',(1.58253307258473E-16,-4.44089209850062E-15,
-1.));
#5678=DIRECTION('ref_axis',(0.,-1.,4.44089209850062E-15));
#5679=DIRECTION('center_axis',(0.00250186362176582,-0.997529299437693,0.0702071039266157));
#5680=DIRECTION('ref_axis',(-0.0355248830466713,-0.0702516673349788,-0.996896527188843));
#5681=DIRECTION('center_axis',(2.95822839457879E-29,-4.44089209850063E-15,
-1.));
#5682=DIRECTION('ref_axis',(1.,6.66133814775093E-15,0.));
#5683=DIRECTION('center_axis',(4.74106625712524E-16,-0.997529518435429,
0.0702485576363012));
#5684=DIRECTION('ref_axis',(-5.01850124130645E-15,-0.0702485576363012,-0.997529518435429));
#5685=DIRECTION('center_axis',(0.,-3.54047499978889E-15,-1.));
#5686=DIRECTION('ref_axis',(0.,-1.,4.44089209850063E-15));
#5687=DIRECTION('center_axis',(1.58253307258475E-16,-4.44089209850063E-15,
-1.));
#5688=DIRECTION('ref_axis',(0.,-1.,4.44089209850063E-15));
#5689=DIRECTION('',(0.,-3.54047499978889E-15,-1.));
#5690=DIRECTION('center_axis',(0.,-3.54047499978889E-15,-1.));
#5691=DIRECTION('ref_axis',(1.,4.71844785465691E-15,0.));
#5692=DIRECTION('center_axis',(4.44089209850066E-15,-8.88178419700125E-15,
-1.));
#5693=DIRECTION('ref_axis',(1.,4.71844785465691E-15,4.44089209850062E-15));
#5694=DIRECTION('',(0.,3.54047499978889E-15,1.));
#5695=DIRECTION('center_axis',(-1.,-4.85169606610143E-15,1.71773086286062E-29));
#5696=DIRECTION('ref_axis',(-4.85169606610143E-15,1.,0.));
#5697=DIRECTION('',(-3.43066718859642E-15,0.707106781186545,-0.70710678118655));
#5698=DIRECTION('',(0.,3.54047499978889E-15,1.));
#5699=DIRECTION('',(-4.85169606610143E-15,1.,-3.54145786843751E-15));
#5700=DIRECTION('',(0.,3.54047499978889E-15,1.));
#5701=DIRECTION('center_axis',(2.81824605954663E-17,1.,-3.54047499978889E-15));
#5702=DIRECTION('ref_axis',(0.,3.56069554483114E-15,1.));
#5703=DIRECTION('center_axis',(2.81824605954663E-17,1.,-3.54047499978889E-15));
#5704=DIRECTION('ref_axis',(-1.,3.37554778870845E-17,8.61163372867354E-16));
#5705=DIRECTION('center_axis',(-1.,2.8182460595467E-17,1.81668140042405E-16));
#5706=DIRECTION('ref_axis',(-1.81668140042405E-16,-3.5425287308269E-15,
-1.));
#5707=DIRECTION('center_axis',(2.81824605954663E-17,1.,-3.54047499978889E-15));
#5708=DIRECTION('ref_axis',(-1.,3.37554778870845E-17,8.61163372867354E-16));
#5709=DIRECTION('center_axis',(-3.43066718859642E-15,0.707106781186545,
-0.70710678118655));
#5710=DIRECTION('ref_axis',(0.707106781186549,-0.499999999999999,-0.499999999999999));
#5711=DIRECTION('',(-3.43066718859641E-15,0.707106781186545,-0.70710678118655));
#5712=DIRECTION('center_axis',(-3.78270307323133E-15,0.998100230055969,
0.0616111253120932));
#5713=DIRECTION('ref_axis',(-1.35429228512962E-15,0.0616111253120932,-0.998100230055969));
#5714=DIRECTION('center_axis',(-1.98404573170793E-17,-0.70710678118655,
-0.707106781186545));
#5715=DIRECTION('ref_axis',(1.,-8.25445159788949E-18,-1.98041922236086E-17));
#5716=DIRECTION('',(0.0251900914072693,-0.706882401568637,0.706882401568641));
#5717=DIRECTION('',(-1.,-3.9069705469974E-15,3.93502919081893E-15));
#5718=DIRECTION('center_axis',(-0.0251900914072693,0.706882401568637,-0.706882401568642));
#5719=DIRECTION('ref_axis',(-0.697925259331122,-0.518691833137527,-0.493820933764474));
#5720=DIRECTION('',(-0.0251900914072693,0.706882401568637,-0.706882401568641));
#5721=DIRECTION('center_axis',(0.00219406305302708,0.998100379211001,0.0615696281146491));
#5722=DIRECTION('ref_axis',(-0.035545220837416,0.0616087089530113,-0.997467244703686));
#5723=DIRECTION('center_axis',(0.999365660488161,0.0356128717890261,-1.26086482239734E-16));
#5724=DIRECTION('ref_axis',(0.0356128717890261,-0.999365660488161,5.23503811693254E-16));
#5725=DIRECTION('',(0.,-3.54047499978889E-15,-1.));
#5726=DIRECTION('',(0.0356128717890261,-0.999365660488161,3.53921579125294E-15));
#5727=DIRECTION('',(0.,-3.54047499978889E-15,-1.));
#5728=DIRECTION('center_axis',(0.,-3.54047499978889E-15,-1.));
#5729=DIRECTION('ref_axis',(-0.694401587055708,-0.719587684646224,3.85714989400834E-15));
#5730=DIRECTION('center_axis',(-1.23816773968239E-19,3.54145786843751E-15,
1.));
#5731=DIRECTION('ref_axis',(-0.694401587055708,-0.719587684646224,3.85714989400834E-15));
#5732=DIRECTION('center_axis',(2.81824605954663E-17,1.,-3.54047499978889E-15));
#5733=DIRECTION('ref_axis',(0.,3.56069554483114E-15,1.));
#5734=DIRECTION('center_axis',(2.81824605954663E-17,1.,-3.54047499978889E-15));
#5735=DIRECTION('ref_axis',(-1.,3.37554778870846E-17,8.61163372867354E-16));
#5736=DIRECTION('center_axis',(-1.,2.8182460595467E-17,1.81668140042405E-16));
#5737=DIRECTION('ref_axis',(-1.81668140042405E-16,-3.5425287308269E-15,
-1.));
#5738=DIRECTION('center_axis',(2.81824605954663E-17,1.,-3.54047499978889E-15));
#5739=DIRECTION('ref_axis',(-1.,3.37554778870846E-17,8.61163372867354E-16));
#5740=DIRECTION('center_axis',(1.,3.9069705469974E-15,-3.93502919081893E-15));
#5741=DIRECTION('ref_axis',(-2.40339348487859E-15,0.923879532511288,0.382683432365088));
#5742=DIRECTION('center_axis',(-1.,-4.44089209850062E-15,4.44089209850063E-15));
#5743=DIRECTION('ref_axis',(0.,0.707106781186548,0.707106781186547));
#5744=DIRECTION('',(1.,3.9069705469974E-15,-3.93502919081893E-15));
#5745=DIRECTION('center_axis',(1.,4.44089209850062E-15,-6.01098455718445E-15));
#5746=DIRECTION('ref_axis',(-4.44089209850062E-15,1.,0.));
#5747=DIRECTION('center_axis',(3.90697054699742E-15,-1.,3.54047499978889E-15));
#5748=DIRECTION('ref_axis',(-0.0356128717890221,-3.67736757777955E-15,-0.999365660488161));
#5749=DIRECTION('center_axis',(3.90697054699742E-15,-1.,3.54047499978889E-15));
#5750=DIRECTION('ref_axis',(-1.14105556590391E-15,-3.54047499978889E-15,
-1.));
#5751=DIRECTION('center_axis',(0.,1.,0.));
#5752=DIRECTION('ref_axis',(0.707106781186547,-6.93711578140598E-16,-0.707106781186548));
#5753=DIRECTION('center_axis',(2.81824605954663E-17,1.,-3.54047499978889E-15));
#5754=DIRECTION('ref_axis',(0.707106781186547,1.01401804623327E-15,-0.707106781186548));
#5755=DIRECTION('',(0.,-0.707106781186699,0.707106781186396));
#5756=DIRECTION('center_axis',(-2.81824605954663E-17,-1.,3.54047499978889E-15));
#5757=DIRECTION('ref_axis',(0.707106781186547,-2.52342188996974E-15,-0.707106781186548));
#5758=DIRECTION('center_axis',(1.98404573170788E-17,0.707106781186533,0.707106781186562));
#5759=DIRECTION('ref_axis',(1.,0.,-2.80586438214968E-17));
#5760=DIRECTION('',(-1.,2.81824605954663E-17,-1.23816773968339E-19));
#5761=DIRECTION('',(0.,-0.707106781186562,0.707106781186533));
#5762=DIRECTION('',(1.,-2.81824605954663E-17,1.23816773968339E-19));
#5763=DIRECTION('',(-0.00167777268782875,0.707091834266076,-0.707119737380484));
#5764=DIRECTION('center_axis',(-0.707106781186548,0.707106781186547,-2.50349388097216E-15));
#5765=DIRECTION('ref_axis',(0.707106781186547,0.707106781186548,-2.50410132237812E-15));
#5766=DIRECTION('',(0.,-3.54047499978889E-15,-1.));
#5767=DIRECTION('',(-0.707106781186547,-0.707106781186548,2.50410132237812E-15));
#5768=DIRECTION('',(0.,-3.54047499978889E-15,-1.));
#5769=DIRECTION('center_axis',(-0.707106781186548,0.707106781186547,-2.50349388097216E-15));
#5770=DIRECTION('ref_axis',(0.707106781186547,0.707106781186547,-2.28971816891385E-15));
#5771=DIRECTION('center_axis',(2.81824605954663E-17,1.,-3.54047499978889E-15));
#5772=DIRECTION('ref_axis',(1.,-2.81824605954663E-17,1.23816773968339E-19));
#5773=DIRECTION('',(0.,-3.54047499978889E-15,-1.));
#5774=DIRECTION('',(-1.,2.81824605954663E-17,-1.23816773968339E-19));
#5775=DIRECTION('center_axis',(-2.81824605954663E-17,-1.,3.54047499978889E-15));
#5776=DIRECTION('ref_axis',(1.,0.,0.));
#5777=DIRECTION('center_axis',(-2.81824605954663E-17,-1.,3.54047499978889E-15));
#5778=DIRECTION('ref_axis',(1.,0.,0.));
#5779=DIRECTION('center_axis',(-2.81824605954663E-17,-1.,3.54047499978889E-15));
#5780=DIRECTION('ref_axis',(-0.600000000000004,0.,0.799999999999997));
#5781=DIRECTION('',(0.600000000000006,-2.84928947618837E-15,-0.799999999999996));
#5782=DIRECTION('center_axis',(2.81824605954663E-17,1.,-3.54047499978889E-15));
#5783=DIRECTION('ref_axis',(1.,0.,0.));
#5784=DIRECTION('',(0.600000000000006,2.81547052347381E-15,0.799999999999996));
#5785=DIRECTION('center_axis',(-2.81824605954663E-17,-1.,3.54047499978889E-15));
#5786=DIRECTION('ref_axis',(-0.600000000000004,0.,-0.799999999999997));
#5787=DIRECTION('center_axis',(-2.81824605954663E-17,-1.,3.54047499978889E-15));
#5788=DIRECTION('ref_axis',(1.,0.,0.));
#5789=DIRECTION('center_axis',(2.76255781599748E-15,-0.707106781186542,
0.707106781186553));
#5790=DIRECTION('ref_axis',(1.,0.,-3.9068467302234E-15));
#5791=DIRECTION('',(1.,3.90697054699742E-15,1.23816773954403E-19));
#5792=DIRECTION('',(-3.92523114670883E-15,0.70710678118666,0.707106781186435));
#5793=DIRECTION('',(-1.,-3.90697054699742E-15,-1.23816773954403E-19));
#5794=DIRECTION('',(0.577350269189628,-0.577350269189628,-0.577350269189621));
#5795=DIRECTION('center_axis',(-0.706658235416154,-0.025182103139545,0.707106781186545));
#5796=DIRECTION('ref_axis',(0.707331089626739,0.,0.706882401568642));
#5797=DIRECTION('',(0.706658235416149,0.025182103139557,0.70710678118655));
#5798=DIRECTION('',(-0.0356128717890261,0.999365660488161,-3.53921579125294E-15));
#5799=DIRECTION('',(0.563640913038119,0.584084292354099,0.584084292354081));
#5800=DIRECTION('center_axis',(0.,-3.46944695195363E-15,-1.));
#5801=DIRECTION('ref_axis',(-0.694401587055708,-0.719587684646224,3.42086775909115E-15));
#5802=DIRECTION('',(0.,0.707106781186553,0.707106781186542));
#5803=DIRECTION('center_axis',(1.23816773968239E-19,-3.54145786843751E-15,
-1.));
#5804=DIRECTION('ref_axis',(-0.694401587055708,-0.719587684646224,2.54830348925675E-15));
#5805=DIRECTION('center_axis',(-2.00155606780746E-17,-0.70710678118655,
0.707106781186545));
#5806=DIRECTION('ref_axis',(1.,0.,2.83062773694348E-17));
#5807=DIRECTION('',(0.,0.707106781186545,0.70710678118655));
#5808=DIRECTION('',(-1.,2.81824605954663E-17,-1.23816773968339E-19));
#5809=DIRECTION('center_axis',(0.,-3.46944695195363E-15,-1.));
#5810=DIRECTION('ref_axis',(0.707106781186549,-0.707106781186545,3.45157957305267E-15));
#5811=DIRECTION('center_axis',(-1.23816773968239E-19,3.54145786843751E-15,
1.));
#5812=DIRECTION('ref_axis',(0.70710678118655,-0.707106781186545,3.92523114670945E-15));
#5813=DIRECTION('',(-0.70710678118655,-9.81307786677361E-16,0.707106781186545));
#5814=DIRECTION('center_axis',(1.23816773968239E-19,-3.54145786843751E-15,
-1.));
#5815=DIRECTION('ref_axis',(0.70710678118655,-0.707106781186546,2.50427642573911E-15));
#5816=DIRECTION('center_axis',(0.707106781186546,5.93485606265503E-15,0.707106781186549));
#5817=DIRECTION('ref_axis',(0.707106781186549,0.,-0.707106781186546));
#5818=DIRECTION('',(4.85169606610143E-15,-1.,3.54145786843751E-15));
#5819=DIRECTION('center_axis',(0.,3.46944695195361E-15,1.));
#5820=DIRECTION('ref_axis',(1.,2.9837243786801E-15,8.25445159682603E-20));
#5821=DIRECTION('',(0.707106781186548,-3.67990420004009E-15,0.707106781186548));
#5822=DIRECTION('center_axis',(-1.23816773968239E-19,3.54145786843751E-15,
1.));
#5823=DIRECTION('ref_axis',(1.,2.9837243786801E-15,1.23816773957673E-19));
#5824=DIRECTION('center_axis',(1.23816773968239E-19,-3.54145786843751E-15,
-1.));
#5825=DIRECTION('ref_axis',(1.,2.9837243786801E-15,-1.05638015689775E-29));
#5826=DIRECTION('center_axis',(-0.707106781186548,-1.69631822319928E-15,
0.707106781186548));
#5827=DIRECTION('ref_axis',(0.707106781186548,0.,0.707106781186548));
#5828=DIRECTION('',(0.707106781186551,1.57009245868376E-14,0.707106781186544));
#5829=DIRECTION('',(-5.94041410578656E-15,1.,-3.54145786843751E-15));
#5830=DIRECTION('',(5.94041410578656E-15,-1.,3.54145786843751E-15));
#5831=DIRECTION('center_axis',(0.,0.,1.));
#5832=DIRECTION('ref_axis',(3.70074341541719E-15,-1.,3.54098780082295E-15));
#5833=DIRECTION('',(3.92523114670937E-15,-0.707106781186551,0.707106781186544));
#5834=DIRECTION('center_axis',(-1.23816773968239E-19,3.54145786843751E-15,
1.));
#5835=DIRECTION('ref_axis',(3.70074341541719E-15,-1.,3.54145786843751E-15));
#5836=DIRECTION('center_axis',(1.23816773968239E-19,-3.54145786843751E-15,
-1.));
#5837=DIRECTION('ref_axis',(3.70074341541719E-15,-1.,3.54047499978888E-15));
#5838=DIRECTION('center_axis',(-2.6916746237098E-15,0.707106781186557,0.707106781186538));
#5839=DIRECTION('ref_axis',(1.,0.,3.80660275834594E-15));
#5840=DIRECTION('',(0.,-0.707106781186553,0.707106781186542));
#5841=DIRECTION('',(1.,3.80647894157188E-15,1.23816773954759E-19));
#5842=DIRECTION('',(-1.,-3.80647894157188E-15,-1.23816773954759E-19));
#5843=DIRECTION('center_axis',(0.,0.,1.));
#5844=DIRECTION('ref_axis',(-1.,-2.28778376564019E-34,-6.46000559834292E-20));
#5845=DIRECTION('',(-0.707106781186546,0.,0.707106781186549));
#5846=DIRECTION('center_axis',(-1.23816773968239E-19,3.54145786843751E-15,
1.));
#5847=DIRECTION('ref_axis',(-1.,-4.3849188841437E-34,-1.23816773968239E-19));
#5848=DIRECTION('center_axis',(1.23816773968239E-19,-3.54145786843751E-15,
-1.));
#5849=DIRECTION('ref_axis',(-1.,0.,0.));
#5850=DIRECTION('center_axis',(0.707106781186548,2.50418887405862E-15,0.707106781186548));
#5851=DIRECTION('ref_axis',(0.707106781186548,0.,-0.707106781186548));
#5852=DIRECTION('',(-0.707106781186548,-5.15186588005613E-15,0.707106781186548));
#5853=DIRECTION('',(0.,-1.,3.54145786843751E-15));
#5854=DIRECTION('',(0.,1.,-3.54145786843751E-15));
#5855=DIRECTION('center_axis',(0.,3.46944695195361E-15,1.));
#5856=DIRECTION('ref_axis',(-4.44089209850063E-15,1.,-3.54113024555463E-15));
#5857=DIRECTION('',(-3.92523114670943E-15,0.707106781186548,0.707106781186547));
#5858=DIRECTION('center_axis',(-1.23816773968239E-19,3.54145786843751E-15,
1.));
#5859=DIRECTION('ref_axis',(-4.44089209850063E-15,1.,-3.54145786843751E-15));
#5860=DIRECTION('center_axis',(1.23816773968239E-19,-3.54145786843751E-15,
-1.));
#5861=DIRECTION('ref_axis',(-4.44089209850063E-15,1.,-3.54047499978889E-15));
#5862=DIRECTION('center_axis',(2.76255781599748E-15,-0.707106781186542,
0.707106781186553));
#5863=DIRECTION('ref_axis',(1.,0.,-3.9068467302234E-15));
#5864=DIRECTION('',(-1.,-3.90697054699742E-15,-1.23816773954403E-19));
#5865=DIRECTION('',(1.,3.90697054699742E-15,1.23816773954403E-19));
#5866=DIRECTION('center_axis',(0.,-3.54047499978889E-15,-1.));
#5867=DIRECTION('ref_axis',(1.,2.9837243786801E-15,-1.05638015689775E-29));
#5868=DIRECTION('',(0.,-3.54047499978889E-15,-1.));
#5869=DIRECTION('',(0.,-3.54047499978889E-15,-1.));
#5870=DIRECTION('center_axis',(0.,3.54047499978889E-15,1.));
#5871=DIRECTION('ref_axis',(0.70710678118655,-0.707106781186545,3.92523114670944E-15));
#5872=DIRECTION('center_axis',(-3.90697054699742E-15,1.,-3.54047499978889E-15));
#5873=DIRECTION('ref_axis',(1.,3.90697054699742E-15,0.));
#5874=DIRECTION('',(0.,-3.54047499978889E-15,-1.));
#5875=DIRECTION('',(0.707106781186548,2.59151486705835E-16,-0.707106781186547));
#5876=DIRECTION('',(-1.,-3.90697054699742E-15,-1.23816773954926E-19));
#5877=DIRECTION('',(0.707106781186548,5.26613924865015E-15,0.707106781186548));
#5878=DIRECTION('center_axis',(-1.23816773968239E-19,3.54145786843751E-15,
1.));
#5879=DIRECTION('ref_axis',(1.,0.,1.23816773968239E-19));
#5880=DIRECTION('',(0.707106781186547,0.707106781186548,-2.50410132237812E-15));
#5881=DIRECTION('',(1.,-2.81824605954663E-17,1.23816773968339E-19));
#5882=DIRECTION('',(0.707106781186549,-0.707106781186546,2.50427642573911E-15));
#5883=DIRECTION('',(0.0356128717890261,-0.999365660488161,3.53921579125294E-15));
#5884=DIRECTION('center_axis',(1.23816773968239E-19,-3.54145786843751E-15,
-1.));
#5885=DIRECTION('ref_axis',(0.694401587055708,0.719587684646225,-2.54830348925675E-15));
#5886=DIRECTION('',(1.,3.90697054699742E-15,1.23816773954403E-19));
#5887=DIRECTION('center_axis',(1.23816773968239E-19,-3.54145786843751E-15,
-1.));
#5888=DIRECTION('ref_axis',(-4.44089209850063E-15,1.,-3.54145786843751E-15));
#5889=DIRECTION('',(0.,1.,-3.54145786843751E-15));
#5890=DIRECTION('center_axis',(1.23816773968239E-19,-3.54145786843751E-15,
-1.));
#5891=DIRECTION('ref_axis',(-1.,-4.3849188841437E-34,-1.23816773968239E-19));
#5892=DIRECTION('',(-1.,-3.80647894157188E-15,-1.23816773954759E-19));
#5893=DIRECTION('center_axis',(1.23816773968239E-19,-3.54145786843751E-15,
-1.));
#5894=DIRECTION('ref_axis',(3.70074341541719E-15,-1.,3.54145786843751E-15));
#5895=DIRECTION('',(5.94041410578656E-15,-1.,3.54145786843751E-15));
#5896=DIRECTION('center_axis',(1.23816773968239E-19,-3.54145786843751E-15,
-1.));
#5897=DIRECTION('ref_axis',(1.,2.9837243786801E-15,1.23816773957673E-19));
#5898=DIRECTION('',(1.,3.90697054699742E-15,1.23816773954403E-19));
#5899=DIRECTION('center_axis',(1.23816773968239E-19,-3.54145786843751E-15,
-1.));
#5900=DIRECTION('ref_axis',(-0.707106781186551,0.707106781186544,-2.5042764257391E-15));
#5901=DIRECTION('',(-4.85169606610143E-15,1.,-3.54145786843751E-15));
#5902=DIRECTION('center_axis',(0.500000000000002,0.500000000000006,0.707106781186542));
#5903=DIRECTION('ref_axis',(0.816496580927723,0.,-0.57735026918963));
#5904=DIRECTION('',(-0.707106781186549,0.707106781186546,-2.50427642573911E-15));
#5905=DIRECTION('',(-0.671249269606033,-0.292152403054688,0.681227855744859));
#5906=DIRECTION('',(-0.281084637714817,-0.678598344545846,0.67859834454585));
#5907=DIRECTION('center_axis',(-0.499999999999999,0.500000000000001,0.707106781186548));
#5908=DIRECTION('ref_axis',(0.816496580927727,0.,0.577350269189625));
#5909=DIRECTION('',(-0.67859834454585,0.281084637714826,-0.678598344545842));
#5910=DIRECTION('',(0.28108463771483,-0.678598344545846,0.678598344545844));
#5911=DIRECTION('center_axis',(-0.707106781186546,-9.2647831453778E-16,
0.707106781186549));
#5912=DIRECTION('ref_axis',(0.707106781186549,0.,0.707106781186546));
#5913=DIRECTION('',(-0.707106781186549,-1.03037317601124E-14,-0.707106781186546));
#5914=DIRECTION('',(4.85169606610143E-15,-1.,3.54145786843751E-15));
#5915=DIRECTION('center_axis',(0.,-3.46944695195361E-15,-1.));
#5916=DIRECTION('ref_axis',(-0.707106781186551,0.707106781186544,-2.90171923300688E-15));
#5917=DIRECTION('',(0.,0.707106781186542,-0.707106781186553));
#5918=DIRECTION('center_axis',(-1.23816773968239E-19,3.54145786843751E-15,
1.));
#5919=DIRECTION('ref_axis',(-0.707106781186551,0.707106781186544,-3.14018491736755E-15));
#5920=DIRECTION('center_axis',(-2.76273291935804E-15,0.707106781186436,
0.707106781186659));
#5921=DIRECTION('ref_axis',(1.,0.,3.90709436377014E-15));
#5922=DIRECTION('',(-3.92523114670952E-15,0.707106781186551,-0.707106781186544));
#5923=DIRECTION('center_axis',(0.,-3.46944695195369E-15,-1.));
#5924=DIRECTION('ref_axis',(1.,2.9837243786801E-15,5.50296773086523E-20));
#5925=DIRECTION('',(0.707106781186557,-2.45326946669342E-16,-0.707106781186538));
#5926=DIRECTION('center_axis',(-1.23816773968239E-19,3.54145786843751E-15,
1.));
#5927=DIRECTION('ref_axis',(1.,2.9837243786801E-15,-1.05638015689775E-29));
#5928=DIRECTION('center_axis',(0.707106781186663,6.70469597131679E-15,0.707106781186432));
#5929=DIRECTION('ref_axis',(0.707106781186432,0.,-0.707106781186663));
#5930=DIRECTION('',(0.707106781186426,-1.57009245868352E-14,-0.707106781186669));
#5931=DIRECTION('',(-5.94041410578656E-15,1.,-3.54145786843751E-15));
#5932=DIRECTION('center_axis',(0.,0.,-1.));
#5933=DIRECTION('ref_axis',(3.70074341541719E-15,-1.,3.54094948810201E-15));
#5934=DIRECTION('',(3.92523114670802E-15,-0.707106781186308,-0.707106781186787));
#5935=DIRECTION('center_axis',(-1.23816773968239E-19,3.54145786843751E-15,
1.));
#5936=DIRECTION('ref_axis',(3.70074341541719E-15,-1.,3.54047499978888E-15));
#5937=DIRECTION('center_axis',(2.69149952034978E-15,-0.707106781186809,
0.707106781186287));
#5938=DIRECTION('ref_axis',(1.,0.,-3.80635512480074E-15));
#5939=DIRECTION('',(3.92523114670816E-15,-0.707106781186271,-0.707106781186824));
#5940=DIRECTION('',(1.,3.80647894157188E-15,1.23816773954759E-19));
#5941=DIRECTION('center_axis',(0.,0.,-1.));
#5942=DIRECTION('ref_axis',(-1.,-2.11685739234523E-34,-5.977361501915E-20));
#5943=DIRECTION('',(-0.707106781186296,0.,-0.707106781186799));
#5944=DIRECTION('center_axis',(-1.23816773968239E-19,3.54145786843751E-15,
1.));
#5945=DIRECTION('ref_axis',(-1.,0.,0.));
#5946=DIRECTION('center_axis',(-0.707106781186663,2.50418887405821E-15,
0.707106781186432));
#5947=DIRECTION('ref_axis',(0.707106781186432,0.,0.707106781186663));
#5948=DIRECTION('',(-0.707106781186432,5.15186588005529E-15,-0.707106781186663));
#5949=DIRECTION('',(0.,-1.,3.54145786843751E-15));
#5950=DIRECTION('center_axis',(0.,-3.46944695195369E-15,-1.));
#5951=DIRECTION('ref_axis',(-4.44089209850063E-15,1.,-3.54091183029938E-15));
#5952=DIRECTION('',(-3.92523114670948E-15,0.707106781186554,-0.707106781186541));
#5953=DIRECTION('center_axis',(-1.23816773968239E-19,3.54145786843751E-15,
1.));
#5954=DIRECTION('ref_axis',(-4.44089209850063E-15,1.,-3.54047499978888E-15));
#5955=DIRECTION('center_axis',(-2.76273291935845E-15,0.70710678118654,0.707106781186555));
#5956=DIRECTION('ref_axis',(1.,0.,3.90709436377129E-15));
#5957=DIRECTION('',(-3.9252311467095E-15,0.707106781186555,-0.70710678118654));
#5958=DIRECTION('center_axis',(0.,-3.46944695195361E-15,-1.));
#5959=DIRECTION('ref_axis',(0.694401587055708,0.719587684646225,-2.88418875547546E-15));
#5960=DIRECTION('',(0.706658235416151,0.0251821031395448,-0.707106781186548));
#5961=DIRECTION('center_axis',(-1.23816773968239E-19,3.54145786843751E-15,
1.));
#5962=DIRECTION('ref_axis',(0.694401587055708,0.719587684646225,-3.08571991520668E-15));
#5963=DIRECTION('center_axis',(0.706658235416145,0.0251821031395497,0.707106781186554));
#5964=DIRECTION('ref_axis',(0.707331089626748,0.,-0.706882401568633));
#5965=DIRECTION('',(-0.0356128717890261,0.999365660488161,-3.53921579125294E-15));
#5966=DIRECTION('center_axis',(1.98404573170792E-17,0.707106781186547,0.707106781186548));
#5967=DIRECTION('ref_axis',(1.,0.,-2.80586438214979E-17));
#5968=DIRECTION('center_axis',(-1.,0.,0.));
#5969=DIRECTION('ref_axis',(0.,1.,0.));
#5970=DIRECTION('',(0.,-3.54047499978889E-15,-1.));
#5971=DIRECTION('center_axis',(1.,0.,0.));
#5972=DIRECTION('ref_axis',(0.,3.2710259555912E-16,-1.));
#5973=DIRECTION('',(0.,1.,-3.40847283687898E-15));
#5974=DIRECTION('center_axis',(1.,0.,0.));
#5975=DIRECTION('ref_axis',(-1.84914482497072E-17,0.707106781186548,-0.707106781186547));
#5976=DIRECTION('',(0.,-3.54047499978889E-15,-1.));
#5977=DIRECTION('center_axis',(0.,-3.54047499978889E-15,-1.));
#5978=DIRECTION('ref_axis',(-4.44089209850063E-15,1.,-3.54047499978889E-15));
#5979=DIRECTION('center_axis',(0.,3.54047499978889E-15,1.));
#5980=DIRECTION('ref_axis',(0.694401587055708,0.719587684646225,-3.08571991520668E-15));
#5981=DIRECTION('',(0.,-3.54047499978889E-15,-1.));
#5982=DIRECTION('center_axis',(-1.58253307258474E-16,4.44089209850063E-15,
1.));
#5983=DIRECTION('ref_axis',(0.999365660488161,0.0356128717890258,0.));
#5984=DIRECTION('center_axis',(0.999365660488161,0.0356128717890261,-1.26086482239734E-16));
#5985=DIRECTION('ref_axis',(0.0356128717890261,-0.999365660488161,5.23503811693254E-16));
#5986=DIRECTION('',(0.,-3.54047499978889E-15,-1.));
#5987=DIRECTION('',(0.0356128717890261,-0.999365660488161,3.40631511735442E-15));
#5988=DIRECTION('center_axis',(0.707106781186546,0.707106781186549,-2.50349388097217E-15));
#5989=DIRECTION('ref_axis',(0.707106781186549,-0.707106781186546,-1.01324315715609E-17));
#5990=DIRECTION('center_axis',(0.707106781186546,0.707106781186549,-2.50349388097217E-15));
#5991=DIRECTION('ref_axis',(-0.707106781186549,0.707106781186546,-2.26977147835796E-15));
#5992=DIRECTION('center_axis',(0.,-1.,0.));
#5993=DIRECTION('ref_axis',(1.,0.,0.));
#5994=DIRECTION('center_axis',(0.,1.,0.));
#5995=DIRECTION('ref_axis',(1.,0.,0.));
#5996=DIRECTION('',(0.707106781186548,0.707106781186547,8.65956056235494E-17));
#5997=DIRECTION('center_axis',(0.,1.,0.));
#5998=DIRECTION('ref_axis',(1.,0.,0.));
#5999=DIRECTION('center_axis',(0.,1.,0.));
#6000=DIRECTION('ref_axis',(1.,0.,0.));
#6001=DIRECTION('center_axis',(0.,1.,0.));
#6002=DIRECTION('ref_axis',(1.,0.,0.));
#6003=DIRECTION('center_axis',(0.,1.,0.));
#6004=DIRECTION('ref_axis',(1.,0.,0.));
#6005=DIRECTION('center_axis',(0.,1.,0.));
#6006=DIRECTION('ref_axis',(1.,0.,0.));
#6007=DIRECTION('center_axis',(0.,1.,0.));
#6008=DIRECTION('ref_axis',(1.,0.,0.));
#6009=DIRECTION('center_axis',(0.,-1.,0.));
#6010=DIRECTION('ref_axis',(1.,0.,0.));
#6011=DIRECTION('center_axis',(0.,1.,0.));
#6012=DIRECTION('ref_axis',(1.,0.,0.));
#6013=DIRECTION('',(0.707106781186548,0.707106781186547,8.65956056235494E-17));
#6014=DIRECTION('center_axis',(0.,1.,0.));
#6015=DIRECTION('ref_axis',(1.,0.,0.));
#6016=DIRECTION('center_axis',(0.,1.,0.));
#6017=DIRECTION('ref_axis',(1.,0.,0.));
#6018=DIRECTION('center_axis',(0.,1.,0.));
#6019=DIRECTION('ref_axis',(1.,0.,0.));
#6020=DIRECTION('center_axis',(0.,1.,0.));
#6021=DIRECTION('ref_axis',(1.,0.,0.));
#6022=DIRECTION('center_axis',(0.,1.,0.));
#6023=DIRECTION('ref_axis',(1.,0.,0.));
#6024=DIRECTION('center_axis',(0.,1.,0.));
#6025=DIRECTION('ref_axis',(1.,0.,0.));
#6026=DIRECTION('center_axis',(-0.612372435695795,-0.707106781186547,-0.353553390593274));
#6027=DIRECTION('ref_axis',(-0.5,0.,0.866025403784439));
#6028=DIRECTION('',(-0.5,0.,0.866025403784439));
#6029=DIRECTION('',(0.5,0.,-0.866025403784439));
#6030=DIRECTION('center_axis',(-0.612372435695793,-0.707106781186549,0.353553390593273));
#6031=DIRECTION('ref_axis',(0.5,0.,0.866025403784439));
#6032=DIRECTION('',(-0.5,0.,-0.866025403784439));
#6033=DIRECTION('',(0.5,0.,0.866025403784439));
#6034=DIRECTION('center_axis',(0.,-1.,0.));
#6035=DIRECTION('ref_axis',(1.,0.,0.));
#6036=DIRECTION('center_axis',(0.,1.,0.));
#6037=DIRECTION('ref_axis',(1.,0.,0.));
#6038=DIRECTION('center_axis',(0.,-1.,0.));
#6039=DIRECTION('ref_axis',(1.,0.,0.));
#6040=DIRECTION('center_axis',(0.,-0.707106781186545,0.70710678118655));
#6041=DIRECTION('ref_axis',(1.,0.,0.));
#6042=DIRECTION('',(-1.,0.,0.));
#6043=DIRECTION('',(1.,0.,0.));
#6044=DIRECTION('center_axis',(0.,-1.,0.));
#6045=DIRECTION('ref_axis',(-1.,0.,0.));
#6046=DIRECTION('center_axis',(0.,1.,0.));
#6047=DIRECTION('ref_axis',(-1.,0.,0.));
#6048=DIRECTION('center_axis',(0.,-1.,0.));
#6049=DIRECTION('ref_axis',(-1.,0.,0.));
#6050=DIRECTION('center_axis',(0.612372435695793,-0.707106781186549,0.353553390593273));
#6051=DIRECTION('ref_axis',(0.5,0.,-0.866025403784439));
#6052=DIRECTION('',(-0.5,0.,0.866025403784439));
#6053=DIRECTION('',(0.5,0.,-0.866025403784439));
#6054=DIRECTION('center_axis',(0.,-1.,0.));
#6055=DIRECTION('ref_axis',(-1.,0.,0.));
#6056=DIRECTION('center_axis',(0.,-1.,0.));
#6057=DIRECTION('ref_axis',(-1.,0.,0.));
#6058=DIRECTION('center_axis',(0.,1.,0.));
#6059=DIRECTION('ref_axis',(-1.,0.,0.));
#6060=DIRECTION('center_axis',(0.612372435695793,-0.707106781186549,-0.353553390593273));
#6061=DIRECTION('ref_axis',(-0.5,0.,-0.866025403784439));
#6062=DIRECTION('',(-0.5,0.,-0.866025403784439));
#6063=DIRECTION('',(0.5,0.,0.866025403784439));
#6064=DIRECTION('center_axis',(0.,-1.,0.));
#6065=DIRECTION('ref_axis',(-1.,0.,0.));
#6066=DIRECTION('center_axis',(0.,-1.,0.));
#6067=DIRECTION('ref_axis',(-1.,0.,0.));
#6068=DIRECTION('center_axis',(0.,1.,0.));
#6069=DIRECTION('ref_axis',(-1.,0.,0.));
#6070=DIRECTION('center_axis',(0.,-0.707106781186545,-0.70710678118655));
#6071=DIRECTION('ref_axis',(-1.,0.,0.));
#6072=DIRECTION('',(-1.,0.,0.));
#6073=DIRECTION('',(1.,0.,0.));
#6074=DIRECTION('center_axis',(0.,-1.,0.));
#6075=DIRECTION('ref_axis',(1.,0.,0.));
#6076=DIRECTION('center_axis',(0.,-1.,0.));
#6077=DIRECTION('ref_axis',(1.,0.,0.));
#6078=DIRECTION('center_axis',(0.,1.,0.));
#6079=DIRECTION('ref_axis',(1.,0.,0.));
#6080=DIRECTION('center_axis',(0.,-1.,0.));
#6081=DIRECTION('ref_axis',(1.,0.,0.));
#6082=DIRECTION('center_axis',(0.,-1.,0.));
#6083=DIRECTION('ref_axis',(1.,0.,0.));
#6084=DIRECTION('center_axis',(0.,1.,0.));
#6085=DIRECTION('ref_axis',(1.,0.,0.));
#6086=DIRECTION('center_axis',(0.,-1.,0.));
#6087=DIRECTION('ref_axis',(-1.,0.,-2.09798136933558E-15));
#6088=DIRECTION('',(0.,-1.,0.));
#6089=DIRECTION('',(0.,-1.,0.));
#6090=DIRECTION('center_axis',(-0.866025403784439,0.,-0.5));
#6091=DIRECTION('ref_axis',(0.5,0.,-0.866025403784439));
#6092=DIRECTION('',(0.,-1.,0.));
#6093=DIRECTION('center_axis',(0.,-1.,0.));
#6094=DIRECTION('ref_axis',(1.,0.,0.));
#6095=DIRECTION('',(0.,-1.,0.));
#6096=DIRECTION('center_axis',(0.,0.,-1.));
#6097=DIRECTION('ref_axis',(1.,0.,0.));
#6098=DIRECTION('',(0.,-1.,0.));
#6099=DIRECTION('center_axis',(0.,-1.,0.));
#6100=DIRECTION('ref_axis',(1.,0.,0.));
#6101=DIRECTION('',(0.,-1.,0.));
#6102=DIRECTION('center_axis',(0.866025403784439,0.,-0.5));
#6103=DIRECTION('ref_axis',(0.5,0.,0.866025403784439));
#6104=DIRECTION('',(0.,-1.,0.));
#6105=DIRECTION('center_axis',(0.,1.,0.));
#6106=DIRECTION('ref_axis',(-1.,0.,0.));
#6107=DIRECTION('center_axis',(0.,1.,0.));
#6108=DIRECTION('ref_axis',(-1.,0.,0.));
#6109=DIRECTION('center_axis',(0.612372435695791,-0.707106781186552,-0.353553390593272));
#6110=DIRECTION('ref_axis',(-0.5,0.,-0.866025403784439));
#6111=DIRECTION('',(0.5,0.,0.866025403784439));
#6112=DIRECTION('',(-0.5,0.,-0.866025403784439));
#6113=DIRECTION('center_axis',(0.,-1.,0.));
#6114=DIRECTION('ref_axis',(-1.,0.,0.));
#6115=DIRECTION('center_axis',(0.,1.,0.));
#6116=DIRECTION('ref_axis',(-1.,0.,0.));
#6117=DIRECTION('center_axis',(0.,-1.,0.));
#6118=DIRECTION('ref_axis',(-1.,0.,0.));
#6119=DIRECTION('center_axis',(0.,-0.707106781186545,-0.70710678118655));
#6120=DIRECTION('ref_axis',(-1.,0.,0.));
#6121=DIRECTION('',(1.,0.,0.));
#6122=DIRECTION('',(-1.,0.,0.));
#6123=DIRECTION('center_axis',(-0.612372435695793,-0.707106781186549,-0.353553390593273));
#6124=DIRECTION('ref_axis',(-0.5,0.,0.866025403784439));
#6125=DIRECTION('',(0.5,0.,-0.866025403784439));
#6126=DIRECTION('',(-0.5,0.,0.866025403784439));
#6127=DIRECTION('center_axis',(0.,-1.,0.));
#6128=DIRECTION('ref_axis',(1.,0.,0.));
#6129=DIRECTION('center_axis',(0.,-1.,0.));
#6130=DIRECTION('ref_axis',(1.,0.,0.));
#6131=DIRECTION('center_axis',(0.,1.,0.));
#6132=DIRECTION('ref_axis',(1.,0.,0.));
#6133=DIRECTION('center_axis',(-0.612372435695793,-0.707106781186549,0.353553390593273));
#6134=DIRECTION('ref_axis',(0.5,0.,0.866025403784439));
#6135=DIRECTION('',(0.5,0.,0.866025403784439));
#6136=DIRECTION('',(-0.5,0.,-0.866025403784439));
#6137=DIRECTION('center_axis',(0.,-1.,0.));
#6138=DIRECTION('ref_axis',(1.,0.,0.));
#6139=DIRECTION('center_axis',(0.,1.,0.));
#6140=DIRECTION('ref_axis',(1.,0.,0.));
#6141=DIRECTION('center_axis',(0.,-1.,0.));
#6142=DIRECTION('ref_axis',(1.,0.,0.));
#6143=DIRECTION('center_axis',(0.,-1.,0.));
#6144=DIRECTION('ref_axis',(1.,0.,0.));
#6145=DIRECTION('center_axis',(0.,-1.,0.));
#6146=DIRECTION('ref_axis',(1.,0.,0.));
#6147=DIRECTION('center_axis',(0.,1.,0.));
#6148=DIRECTION('ref_axis',(1.,0.,0.));
#6149=DIRECTION('center_axis',(0.,-0.707106781186545,0.70710678118655));
#6150=DIRECTION('ref_axis',(1.,0.,0.));
#6151=DIRECTION('',(1.,0.,0.));
#6152=DIRECTION('',(-1.,0.,0.));
#6153=DIRECTION('center_axis',(0.,-1.,0.));
#6154=DIRECTION('ref_axis',(-1.,0.,0.));
#6155=DIRECTION('center_axis',(0.,-1.,0.));
#6156=DIRECTION('ref_axis',(-1.,0.,0.));
#6157=DIRECTION('center_axis',(0.,1.,0.));
#6158=DIRECTION('ref_axis',(-1.,0.,0.));
#6159=DIRECTION('center_axis',(0.612372435695792,-0.70710678118655,0.353553390593272));
#6160=DIRECTION('ref_axis',(0.5,0.,-0.866025403784439));
#6161=DIRECTION('',(0.5,0.,-0.866025403784439));
#6162=DIRECTION('',(-0.5,0.,0.866025403784439));
#6163=DIRECTION('center_axis',(0.,-1.,0.));
#6164=DIRECTION('ref_axis',(-1.,0.,0.));
#6165=DIRECTION('center_axis',(0.,-1.,0.));
#6166=DIRECTION('ref_axis',(-1.,0.,0.));
#6167=DIRECTION('center_axis',(0.,1.,0.));
#6168=DIRECTION('ref_axis',(-1.,0.,0.));
#6169=DIRECTION('center_axis',(0.,-1.,0.));
#6170=DIRECTION('ref_axis',(1.,0.,0.));
#6171=DIRECTION('',(0.,-1.,0.));
#6172=DIRECTION('',(0.,-1.,0.));
#6173=DIRECTION('center_axis',(0.,0.,-1.));
#6174=DIRECTION('ref_axis',(1.,0.,0.));
#6175=DIRECTION('',(0.,-1.,0.));
#6176=DIRECTION('center_axis',(0.,-1.,0.));
#6177=DIRECTION('ref_axis',(1.,0.,0.));
#6178=DIRECTION('',(0.,-1.,0.));
#6179=DIRECTION('center_axis',(0.866025403784439,0.,-0.5));
#6180=DIRECTION('ref_axis',(0.5,0.,0.866025403784439));
#6181=DIRECTION('',(0.,-1.,0.));
#6182=DIRECTION('center_axis',(0.,-1.,0.));
#6183=DIRECTION('ref_axis',(1.,0.,0.));
#6184=DIRECTION('',(0.,-1.,0.));
#6185=DIRECTION('center_axis',(0.866025403784439,0.,0.5));
#6186=DIRECTION('ref_axis',(-0.5,0.,0.866025403784439));
#6187=DIRECTION('',(0.,1.,0.));
#6188=DIRECTION('center_axis',(0.,1.,0.));
#6189=DIRECTION('ref_axis',(-1.,0.,0.));
#6190=DIRECTION('center_axis',(0.,1.,0.));
#6191=DIRECTION('ref_axis',(-1.,0.,0.));
#6192=DIRECTION('center_axis',(-0.866025403784439,0.,-0.5));
#6193=DIRECTION('ref_axis',(0.5,0.,-0.866025403784439));
#6194=DIRECTION('',(0.,-1.,0.));
#6195=DIRECTION('center_axis',(0.,-1.,0.));
#6196=DIRECTION('ref_axis',(-1.,0.,-2.54207057918564E-15));
#6197=DIRECTION('',(0.,-1.,0.));
#6198=DIRECTION('center_axis',(-0.866025403784439,0.,0.5));
#6199=DIRECTION('ref_axis',(-0.5,0.,-0.866025403784439));
#6200=DIRECTION('',(0.,-1.,0.));
#6201=DIRECTION('center_axis',(0.,-1.,0.));
#6202=DIRECTION('ref_axis',(1.,0.,0.));
#6203=DIRECTION('',(0.,-1.,0.));
#6204=DIRECTION('center_axis',(0.,0.,1.));
#6205=DIRECTION('ref_axis',(-1.,0.,0.));
#6206=DIRECTION('',(0.,-1.,0.));
#6207=DIRECTION('center_axis',(0.,-1.,0.));
#6208=DIRECTION('ref_axis',(1.,0.,0.));
#6209=DIRECTION('center_axis',(0.866025403784439,0.,0.5));
#6210=DIRECTION('ref_axis',(-0.5,0.,0.866025403784439));
#6211=DIRECTION('',(0.,1.,0.));
#6212=DIRECTION('',(0.,-1.,0.));
#6213=DIRECTION('center_axis',(0.,-1.,0.));
#6214=DIRECTION('ref_axis',(1.,0.,0.));
#6215=DIRECTION('center_axis',(-0.866025403784439,0.,0.5));
#6216=DIRECTION('ref_axis',(-0.5,0.,-0.866025403784439));
#6217=DIRECTION('',(0.,-1.,0.));
#6218=DIRECTION('center_axis',(0.,-1.,0.));
#6219=DIRECTION('ref_axis',(1.,0.,0.));
#6220=DIRECTION('',(0.,-1.,0.));
#6221=DIRECTION('center_axis',(0.,0.,1.));
#6222=DIRECTION('ref_axis',(-1.,0.,0.));
#6223=DIRECTION('',(0.,-1.,0.));
#6224=DIRECTION('center_axis',(0.,-1.,0.));
#6225=DIRECTION('ref_axis',(1.,0.,0.));
#6226=DIRECTION('center_axis',(0.,-1.,0.));
#6227=DIRECTION('ref_axis',(-1.,0.,0.));
#6228=DIRECTION('center_axis',(0.,-1.,0.));
#6229=DIRECTION('ref_axis',(-1.,0.,0.));
#6230=DIRECTION('',(0.,1.,0.));
#6231=DIRECTION('center_axis',(0.,-1.,0.));
#6232=DIRECTION('ref_axis',(-1.,0.,0.));
#6233=DIRECTION('center_axis',(0.,-1.,0.));
#6234=DIRECTION('ref_axis',(-1.,0.,0.));
#6235=DIRECTION('center_axis',(0.,-1.,0.));
#6236=DIRECTION('ref_axis',(-1.,0.,0.));
#6237=DIRECTION('',(0.,1.,0.));
#6238=DIRECTION('center_axis',(0.,-1.,0.));
#6239=DIRECTION('ref_axis',(-1.,0.,0.));
#6240=DIRECTION('center_axis',(0.,-1.,0.));
#6241=DIRECTION('ref_axis',(0.,0.,-1.));
#6242=DIRECTION('center_axis',(-1.,0.,0.));
#6243=DIRECTION('ref_axis',(0.,0.,1.));
#6244=DIRECTION('center_axis',(0.,-1.,0.));
#6245=DIRECTION('ref_axis',(0.,0.,-1.));
#6246=DIRECTION('center_axis',(-1.,0.,0.));
#6247=DIRECTION('ref_axis',(0.,0.,1.));
#6248=DIRECTION('center_axis',(0.,1.,0.));
#6249=DIRECTION('ref_axis',(1.,0.,0.));
#6250=DIRECTION('center_axis',(0.,1.,0.));
#6251=DIRECTION('ref_axis',(1.,0.,0.));
#6252=DIRECTION('',(-0.34414586181063,-0.819152044288988,0.458861149080842));
#6253=DIRECTION('center_axis',(0.,1.,0.));
#6254=DIRECTION('ref_axis',(1.,0.,0.));
#6255=DIRECTION('center_axis',(0.,1.,0.));
#6256=DIRECTION('ref_axis',(1.,0.,0.));
#6257=DIRECTION('center_axis',(0.,-1.,0.));
#6258=DIRECTION('ref_axis',(1.,0.,0.));
#6259=DIRECTION('center_axis',(0.787846202409763,-0.17364817766693,-0.59088465180733));
#6260=DIRECTION('ref_axis',(0.600000000000005,0.,0.799999999999996));
#6261=DIRECTION('',(-0.138918542133543,-0.984807753012208,0.104188906600159));
#6262=DIRECTION('center_axis',(0.,1.,0.));
#6263=DIRECTION('ref_axis',(-0.600000000000004,0.,-0.799999999999997));
#6264=DIRECTION('center_axis',(0.,1.,0.));
#6265=DIRECTION('ref_axis',(-0.600000000000004,0.,-0.799999999999997));
#6266=DIRECTION('',(-0.104188906600159,-0.984807753012208,-0.138918542133543));
#6267=DIRECTION('center_axis',(0.,1.,0.));
#6268=DIRECTION('ref_axis',(1.,0.,0.));
#6269=DIRECTION('center_axis',(0.,1.,0.));
#6270=DIRECTION('ref_axis',(1.,0.,0.));
#6271=DIRECTION('',(0.104188906600164,-0.984807753012207,-0.138918542133549));
#6272=DIRECTION('center_axis',(0.,-1.,0.));
#6273=DIRECTION('ref_axis',(1.,0.,0.));
#6274=DIRECTION('center_axis',(0.,-1.,0.));
#6275=DIRECTION('ref_axis',(1.,0.,0.));
#6276=DIRECTION('center_axis',(0.,-1.,0.));
#6277=DIRECTION('ref_axis',(1.,0.,0.));
#6278=DIRECTION('center_axis',(0.,1.,0.));
#6279=DIRECTION('ref_axis',(-0.600000000000004,0.,0.799999999999997));
#6280=DIRECTION('center_axis',(0.,1.,0.));
#6281=DIRECTION('ref_axis',(-0.600000000000004,0.,0.799999999999997));
#6282=DIRECTION('',(0.138918542133544,-0.984807753012208,0.104188906600159));
#6283=DIRECTION('center_axis',(-0.787846202409762,-0.173648177666931,-0.59088465180733));
#6284=DIRECTION('ref_axis',(0.600000000000005,0.,-0.799999999999996));
#6285=DIRECTION('center_axis',(0.577350269189628,-0.577350269189623,0.577350269189627));
#6286=DIRECTION('ref_axis',(0.408248290463865,-0.408248290463863,-0.816496580927725));
#6287=DIRECTION('center_axis',(-3.80647894157188E-15,1.,-3.54047499978889E-15));
#6288=DIRECTION('ref_axis',(-0.707106781186548,-5.17536860952264E-15,-0.707106781186547));
#6289=DIRECTION('center_axis',(-1.,-5.94041410578656E-15,2.10318876299306E-29));
#6290=DIRECTION('ref_axis',(-4.16372914698084E-15,0.707106781186547,-0.707106781186548));
#6291=DIRECTION('',(0.577350269189628,-0.577350269189623,0.577350269189627));
#6292=DIRECTION('center_axis',(-1.23816773968243E-19,3.40847283687898E-15,
1.));
#6293=DIRECTION('ref_axis',(0.70710678118655,-0.707106781186545,2.4492873163674E-15));
#6294=DIRECTION('',(-0.577350269189628,0.577350269189623,-0.577350269189627));
#6295=DIRECTION('center_axis',(0.,-3.54047499978889E-15,-1.));
#6296=DIRECTION('ref_axis',(3.70074341541719E-15,-1.,3.54047499978888E-15));
#6297=DIRECTION('',(0.,-3.54047499978889E-15,-1.));
#6298=DIRECTION('',(0.,-3.54047499978889E-15,-1.));
#6299=DIRECTION('center_axis',(1.,5.94041410578656E-15,-2.10318876299306E-29));
#6300=DIRECTION('ref_axis',(5.94041410578656E-15,-1.,0.));
#6301=DIRECTION('center_axis',(1.,5.94041410578656E-15,-2.10318876299306E-29));
#6302=DIRECTION('ref_axis',(-5.66524659486841E-30,-1.77862036335271E-15,
-1.));
#6303=DIRECTION('',(-5.94041410578656E-15,1.,-3.40847283687898E-15));
#6304=DIRECTION('center_axis',(0.707106781186548,1.79035284081062E-15,-0.707106781186548));
#6305=DIRECTION('ref_axis',(-0.707106781186548,0.,-0.707106781186548));
#6306=DIRECTION('',(-0.707106781186548,-5.26613924865015E-15,-0.707106781186548));
#6307=DIRECTION('',(-5.94041410578656E-15,1.,-3.40847283687898E-15));
#6308=DIRECTION('center_axis',(-0.577350269189625,-0.577350269189626,0.577350269189626));
#6309=DIRECTION('ref_axis',(-0.408248290463862,-0.408248290463865,-0.816496580927726));
#6310=DIRECTION('center_axis',(1.,0.,0.));
#6311=DIRECTION('ref_axis',(0.,0.707106781186548,-0.707106781186548));
#6312=DIRECTION('center_axis',(-3.80647894157188E-15,1.,-3.54047499978889E-15));
#6313=DIRECTION('ref_axis',(0.70710678118655,2.45335374282629E-16,-0.707106781186545));
#6314=DIRECTION('',(-0.577350269189625,-0.577350269189626,0.577350269189626));
#6315=DIRECTION('center_axis',(-1.23816773968243E-19,3.40847283687898E-15,
1.));
#6316=DIRECTION('ref_axis',(-0.707106781186546,-0.707106781186549,2.4492873163674E-15));
#6317=DIRECTION('',(0.577350269189625,0.577350269189626,-0.577350269189626));
#6318=DIRECTION('center_axis',(0.,-3.54047499978889E-15,-1.));
#6319=DIRECTION('ref_axis',(-1.,0.,0.));
#6320=DIRECTION('',(0.,-3.54047499978889E-15,-1.));
#6321=DIRECTION('',(0.,-3.54047499978889E-15,-1.));
#6322=DIRECTION('center_axis',(3.80647894157188E-15,-1.,3.54047499978889E-15));
#6323=DIRECTION('ref_axis',(-1.,-3.80647894157188E-15,0.));
#6324=DIRECTION('',(1.,3.80647894157188E-15,1.23816773956243E-19));
#6325=DIRECTION('center_axis',(2.69167462370976E-15,-0.707106781186549,
-0.707106781186546));
#6326=DIRECTION('ref_axis',(-1.,0.,-3.80660275834585E-15));
#6327=DIRECTION('',(1.,3.80647894157188E-15,1.23816773955269E-19));
#6328=DIRECTION('center_axis',(0.707106781186548,5.26613924865015E-15,0.707106781186548));
#6329=DIRECTION('ref_axis',(0.499999999999997,0.707106781186548,-0.500000000000002));
#6330=DIRECTION('center_axis',(-1.23816773968243E-19,3.40847283687898E-15,
1.));
#6331=DIRECTION('ref_axis',(1.,3.98656288337677E-15,2.61472919763158E-30));
#6332=DIRECTION('center_axis',(1.23816773968243E-19,-3.40847283687898E-15,
-1.));
#6333=DIRECTION('ref_axis',(1.,0.,1.23816773968243E-19));
#6334=DIRECTION('center_axis',(1.23816773968243E-19,-3.40847283687898E-15,
-1.));
#6335=DIRECTION('ref_axis',(-1.,-3.8638994100421E-15,4.35788199605262E-30));
#6336=DIRECTION('',(0.,1.,-3.40847283687898E-15));
#6337=DIRECTION('center_axis',(0.707106781186548,2.59151486705835E-16,-0.707106781186547));
#6338=DIRECTION('ref_axis',(-0.500000000000002,0.707106781186545,-0.500000000000002));
#6339=DIRECTION('center_axis',(1.,0.,0.));
#6340=DIRECTION('ref_axis',(0.,0.,-1.));
#6341=DIRECTION('',(-0.707106781186548,-2.59151486705835E-16,0.707106781186547));
#6342=DIRECTION('center_axis',(0.,-3.54047499978889E-15,-1.));
#6343=DIRECTION('ref_axis',(-4.44089209850063E-15,1.,-3.54047499978889E-15));
#6344=DIRECTION('',(0.,-3.54047499978889E-15,-1.));
#6345=DIRECTION('center_axis',(-1.,0.,0.));
#6346=DIRECTION('ref_axis',(0.,1.,0.));
#6347=DIRECTION('',(0.,-1.,3.40847283687898E-15));
#6348=DIRECTION('center_axis',(-0.707106781186547,-2.41015425644728E-15,
-0.707106781186548));
#6349=DIRECTION('ref_axis',(-0.707106781186548,0.,0.707106781186547));
#6350=DIRECTION('center_axis',(0.577350269189628,-0.577350269189623,0.577350269189627));
#6351=DIRECTION('ref_axis',(0.408248290463864,-0.408248290463863,-0.816496580927725));
#6352=DIRECTION('center_axis',(-3.80647894157188E-15,1.,-3.54047499978889E-15));
#6353=DIRECTION('ref_axis',(-0.707106781186548,-5.22890633735904E-15,-0.707106781186547));
#6354=DIRECTION('',(-0.577350269189628,0.577350269189623,-0.577350269189627));
#6355=DIRECTION('center_axis',(-1.23816773968243E-19,3.40847283687898E-15,
1.));
#6356=DIRECTION('ref_axis',(0.70710678118655,-0.707106781186545,2.44087116896136E-15));
#6357=DIRECTION('',(0.577350269189628,-0.577350269189623,0.577350269189627));
#6358=DIRECTION('center_axis',(-1.,-5.94041410578656E-15,2.10318876299306E-29));
#6359=DIRECTION('ref_axis',(-4.22771287937112E-15,0.707106781186547,-0.707106781186548));
#6360=DIRECTION('center_axis',(0.,-3.54047499978889E-15,-1.));
#6361=DIRECTION('ref_axis',(3.70074341541719E-15,-1.,3.54047499978888E-15));
#6362=DIRECTION('',(0.,-3.54047499978889E-15,-1.));
#6363=DIRECTION('',(0.,-3.54047499978889E-15,-1.));
#6364=DIRECTION('center_axis',(1.,5.94041410578656E-15,-2.10318876299306E-29));
#6365=DIRECTION('ref_axis',(5.94041410578656E-15,-1.,0.));
#6366=DIRECTION('',(5.94041410578656E-15,-1.,3.40847283687898E-15));
#6367=DIRECTION('',(0.,-3.54047499978889E-15,-1.));
#6368=DIRECTION('center_axis',(0.707106781186548,1.79035284081062E-15,-0.707106781186548));
#6369=DIRECTION('ref_axis',(-0.707106781186548,0.,-0.707106781186548));
#6370=DIRECTION('',(-5.94041410578656E-15,1.,-3.40847283687898E-15));
#6371=DIRECTION('center_axis',(-0.577350269189625,-0.577350269189626,0.577350269189626));
#6372=DIRECTION('ref_axis',(-0.408248290463862,-0.408248290463865,-0.816496580927726));
#6373=DIRECTION('',(0.577350269189625,0.577350269189626,-0.577350269189626));
#6374=DIRECTION('center_axis',(-1.23816773968243E-19,3.40847283687898E-15,
1.));
#6375=DIRECTION('ref_axis',(-0.707106781186546,-0.707106781186549,2.44087116896136E-15));
#6376=DIRECTION('',(-0.577350269189625,-0.577350269189626,0.577350269189626));
#6377=DIRECTION('center_axis',(-3.80647894157188E-15,1.,-3.54047499978889E-15));
#6378=DIRECTION('ref_axis',(0.70710678118655,2.52858297724415E-16,-0.707106781186545));
#6379=DIRECTION('center_axis',(0.,-3.54047499978889E-15,-1.));
#6380=DIRECTION('ref_axis',(-1.,0.,0.));
#6381=DIRECTION('',(0.,-3.54047499978889E-15,-1.));
#6382=DIRECTION('center_axis',(3.80647894157188E-15,-1.,3.54047499978889E-15));
#6383=DIRECTION('ref_axis',(-1.,-3.80647894157188E-15,0.));
#6384=DIRECTION('',(-1.,-3.80647894157188E-15,-1.23816773955269E-19));
#6385=DIRECTION('center_axis',(2.69167462370976E-15,-0.707106781186549,
-0.707106781186546));
#6386=DIRECTION('ref_axis',(-1.,0.,-3.80660275834585E-15));
#6387=DIRECTION('',(1.,3.80647894157188E-15,1.23816773955269E-19));
#6388=DIRECTION('center_axis',(1.23816773968243E-19,-3.40847283687898E-15,
-1.));
#6389=DIRECTION('ref_axis',(1.,0.,1.23816773968243E-19));
#6390=DIRECTION('',(0.,-1.,3.40847283687898E-15));
#6391=DIRECTION('center_axis',(-1.23816773968243E-19,3.40847283687898E-15,
1.));
#6392=DIRECTION('ref_axis',(-1.,-3.84345549781965E-15,4.35788199605262E-30));
#6393=DIRECTION('center_axis',(0.707106781186548,2.59151486705835E-16,-0.707106781186547));
#6394=DIRECTION('ref_axis',(-0.500000000000002,0.707106781186545,-0.500000000000002));
#6395=DIRECTION('',(-0.707106781186548,-2.59151486705835E-16,0.707106781186547));
#6396=DIRECTION('center_axis',(-0.707106781186547,-2.41015425644728E-15,
-0.707106781186548));
#6397=DIRECTION('ref_axis',(-0.707106781186548,0.,0.707106781186547));
#6398=DIRECTION('center_axis',(-1.,-3.88578058618805E-15,1.40207699951391E-29));
#6399=DIRECTION('ref_axis',(0.,3.60822483003177E-15,1.));
#6400=DIRECTION('center_axis',(-0.00593035566014236,-0.999982415286261,
3.53736321902324E-15));
#6401=DIRECTION('ref_axis',(-0.999982415286261,0.00593035566014236,8.9480692249811E-14));
#6402=DIRECTION('center_axis',(1.,3.90697054699742E-15,1.23816773954926E-19));
#6403=DIRECTION('ref_axis',(-3.14018491736755E-15,0.70710678118655,0.707106781186545));
#6404=DIRECTION('center_axis',(-1.,-4.44089209850063E-15,-5.5511151231257E-16));
#6405=DIRECTION('ref_axis',(-5.55111512312585E-16,3.33066907387551E-15,
1.));
#6406=DIRECTION('',(1.,3.90697054699742E-15,1.23816773954926E-19));
#6407=DIRECTION('center_axis',(-3.90697054699742E-15,1.,-3.54047499978889E-15));
#6408=DIRECTION('ref_axis',(0.,3.5527136788005E-15,1.));
#6409=DIRECTION('center_axis',(-4.44089209850061E-15,-1.97215226305257E-29,
-1.));
#6410=DIRECTION('ref_axis',(-1.,-4.16333634234432E-15,4.44089209850061E-15));
#6411=DIRECTION('center_axis',(3.90697054699742E-15,-1.,3.54047499978889E-15));
#6412=DIRECTION('ref_axis',(0.707106781186547,2.54426109809932E-16,-0.707106781186548));
#6413=DIRECTION('center_axis',(0.,3.54047499978889E-15,1.));
#6414=DIRECTION('ref_axis',(-0.707106781186551,0.707106781186544,-3.14018491736755E-15));
#6415=DIRECTION('',(0.,3.54047499978889E-15,1.));
#6416=DIRECTION('center_axis',(-4.85169606610143E-15,1.,-3.40847283687898E-15));
#6417=DIRECTION('ref_axis',(0.707106781186547,1.01401804623327E-15,-0.707106781186548));
#6418=DIRECTION('',(-4.85169606610143E-15,1.,-3.40847283687898E-15));
#6419=DIRECTION('',(4.85169606610143E-15,-1.,3.40847283687898E-15));
#6420=DIRECTION('center_axis',(1.23816773968243E-19,-3.40847283687898E-15,
-1.));
#6421=DIRECTION('ref_axis',(1.,0.,1.23816773968243E-19));
#6422=DIRECTION('',(-0.0356128717890261,0.999365660488161,-3.40631511735442E-15));
#6423=DIRECTION('center_axis',(0.0356128717890261,-0.999365660488161,3.40631511735442E-15));
#6424=DIRECTION('ref_axis',(-0.706658235416152,-0.0251821031395499,-0.707106781186547));
#6425=DIRECTION('center_axis',(-1.,-4.85169606610143E-15,1.71773086286062E-29));
#6426=DIRECTION('ref_axis',(-4.85169606610143E-15,1.,0.));
#6427=DIRECTION('center_axis',(0.,-3.54047499978889E-15,-1.));
#6428=DIRECTION('ref_axis',(1.,2.9837243786801E-15,-1.05638015689775E-29));
#6429=CARTESIAN_POINT('',(0.,0.,0.));
#6430=CARTESIAN_POINT('Ctrl Pts',(5.70934215346202,-0.110268008564787,-38.6393564074913));
#6431=CARTESIAN_POINT('Ctrl Pts',(5.98877948325203,-0.867124808421639,-38.0443495105256));
#6432=CARTESIAN_POINT('Ctrl Pts',(6.26605401445822,-1.62646869438874,-37.451495444364));
#6433=CARTESIAN_POINT('Ctrl Pts',(6.54218682245903,-2.38711091211749,-36.8597821242771));
#6434=CARTESIAN_POINT('Ctrl Pts',(5.62686415138637,-0.205233319823779,-38.7214188325816));
#6435=CARTESIAN_POINT('Ctrl Pts',(5.90702508727898,-0.960769357288852,-38.1257594612014));
#6436=CARTESIAN_POINT('Ctrl Pts',(6.1849470295226,-1.71916399675239,-37.5324432415611));
#6437=CARTESIAN_POINT('Ctrl Pts',(6.46157771231341,-2.4789807345084,-36.9402623904706));
#6438=CARTESIAN_POINT('Ctrl Pts',(5.36921932660968,-0.373947277187375,-38.8150256870157));
#6439=CARTESIAN_POINT('Ctrl Pts',(5.65293533800167,-1.12739980060772,-38.2197510876759));
#6440=CARTESIAN_POINT('Ctrl Pts',(5.93355320556073,-1.88416145727181,-37.6265110966223));
#6441=CARTESIAN_POINT('Ctrl Pts',(6.21253042498124,-2.64267955048204,-37.0344737285516));
#6442=CARTESIAN_POINT('Ctrl Pts',(5.06420329170365,-0.41122574424269,-38.7191975456127));
#6443=CARTESIAN_POINT('Ctrl Pts',(5.35088358792802,-1.16634486507427,-38.1280761012203));
#6444=CARTESIAN_POINT('Ctrl Pts',(5.63381502402929,-1.92446084700376,-37.5380826160711));
#6445=CARTESIAN_POINT('Ctrl Pts',(5.91482575704213,-2.68401067837002,-36.9486757189215));
#6446=CARTESIAN_POINT('Ctrl Pts',(4.94047971531406,-0.391751667776552,-38.6363210726438));
#6447=CARTESIAN_POINT('Ctrl Pts',(5.22725596460714,-1.1486084676334,-38.047497628658));
#6448=CARTESIAN_POINT('Ctrl Pts',(5.51039563812022,-1.9079523536005,-37.4592289871593));
#6449=CARTESIAN_POINT('Ctrl Pts',(5.7915562650278,-2.66859457132925,-36.8713327028605));
#6450=CARTESIAN_POINT('',(6.53054405644191,-2.4,-36.8709176429389));
#6451=CARTESIAN_POINT('',(5.6921642429844,-2.4,-37.0789891286363));
#6452=CARTESIAN_POINT('Ctrl Pts',(6.5305440564419,-2.4,-36.8709176429389));
#6453=CARTESIAN_POINT('Ctrl Pts',(6.46138173974831,-2.4,-36.9581237092725));
#6454=CARTESIAN_POINT('Ctrl Pts',(6.38011238567128,-2.40000000000042,-37.0302250933791));
#6455=CARTESIAN_POINT('Ctrl Pts',(6.21876167259146,-2.40000000000042,-37.1257571060541));
#6456=CARTESIAN_POINT('Ctrl Pts',(6.13822052912108,-2.40000000000131,-37.1568018999046));
#6457=CARTESIAN_POINT('Ctrl Pts',(5.98957928146348,-2.40000000000131,-37.1782039503783));
#6458=CARTESIAN_POINT('Ctrl Pts',(5.92419774110733,-2.39999999999996,-37.1760398301633));
#6459=CARTESIAN_POINT('Ctrl Pts',(5.83033529956192,-2.39999999999996,-37.1527229684851));
#6460=CARTESIAN_POINT('Ctrl Pts',(5.80071263418272,-2.4,-37.1420730259998));
#6461=CARTESIAN_POINT('Ctrl Pts',(5.74395701539456,-2.4,-37.1147131993394));
#6462=CARTESIAN_POINT('Ctrl Pts',(5.71716585890366,-2.4,-37.0981662066139));
#6463=CARTESIAN_POINT('Ctrl Pts',(5.6921642429844,-2.4,-37.0789891286363));
#6464=CARTESIAN_POINT('',(4.94360485610553,-0.400000000000003,-38.6299040932323));
#6465=CARTESIAN_POINT('Ctrl Pts',(5.69216773727602,-2.39999816446842,-37.0789884289168));
#6466=CARTESIAN_POINT('Ctrl Pts',(5.44470003060094,-1.73195296765933,-37.5956150225554));
#6467=CARTESIAN_POINT('Ctrl Pts',(5.19555384465843,-1.06501813029068,-38.1125456590936));
#6468=CARTESIAN_POINT('Ctrl Pts',(4.94360486079649,-0.399999996351682,-38.6299040929983));
#6469=CARTESIAN_POINT('',(5.81616201201417,-0.399999999999999,-38.4117839839811));
#6470=CARTESIAN_POINT('Ctrl Pts',(5.81616484284175,-0.39999665173938,-38.4117811935254));
#6471=CARTESIAN_POINT('Ctrl Pts',(5.79337061550096,-0.399996061849597,-38.4421697520163));
#6472=CARTESIAN_POINT('Ctrl Pts',(5.76907674447204,-0.399966172706306,-38.4708045871179));
#6473=CARTESIAN_POINT('Ctrl Pts',(5.74355946749679,-0.399934438166138,-38.497565419048));
#6474=CARTESIAN_POINT('Ctrl Pts',(5.71746980335178,-0.399901991777145,-38.5249265327741));
#6475=CARTESIAN_POINT('Ctrl Pts',(5.69010030836986,-0.399868312963203,-38.5503290818307));
#6476=CARTESIAN_POINT('Ctrl Pts',(5.66170393716762,-0.399852064081876,-38.5736115937963));
#6477=CARTESIAN_POINT('Ctrl Pts',(5.6333980284162,-0.399835866964685,-38.596819934556));
#6478=CARTESIAN_POINT('Ctrl Pts',(5.60407070253147,-0.399837657571126,-38.6179220752986));
#6479=CARTESIAN_POINT('Ctrl Pts',(5.57394626634296,-0.399855203939173,-38.6367198797759));
#6480=CARTESIAN_POINT('Ctrl Pts',(5.56908625754156,-0.399858034714249,-38.6397525504833));
#6481=CARTESIAN_POINT('Ctrl Pts',(5.56420546602403,-0.399861219170828,-38.6427251569338));
#6482=CARTESIAN_POINT('Ctrl Pts',(5.55930479858007,-0.399864678730889,-38.6456367636546));
#6483=CARTESIAN_POINT('Ctrl Pts',(5.52963558185722,-0.399885623314129,-38.6632639729687));
#6484=CARTESIAN_POINT('Ctrl Pts',(5.49951140067135,-0.399919346564535,-38.6784966624037));
#6485=CARTESIAN_POINT('Ctrl Pts',(5.46914229942212,-0.399947027493509,-38.69123006446));
#6486=CARTESIAN_POINT('Ctrl Pts',(5.43943857691771,-0.399974101940862,-38.703684481142));
#6487=CARTESIAN_POINT('Ctrl Pts',(5.40949949888107,-0.399995918856566,-38.7137481068324));
#6488=CARTESIAN_POINT('Ctrl Pts',(5.37950192627805,-0.399972339009652,-38.7212850792415));
#6489=CARTESIAN_POINT('Ctrl Pts',(5.36018209539508,-0.399957152492374,-38.7261392397511));
#6490=CARTESIAN_POINT('Ctrl Pts',(5.34083762846106,-0.399922597886791,-38.7299444980462));
#6491=CARTESIAN_POINT('Ctrl Pts',(5.32152517431488,-0.399881511705066,-38.7326989415126));
#6492=CARTESIAN_POINT('Ctrl Pts',(5.29256568178352,-0.399819901980904,-38.7368292961733));
#6493=CARTESIAN_POINT('Ctrl Pts',(5.26346429763088,-0.399742192602723,-38.7386295205366));
#6494=CARTESIAN_POINT('Ctrl Pts',(5.23444958574699,-0.399689760129208,-38.737949062881));
#6495=CARTESIAN_POINT('Ctrl Pts',(5.20711382172248,-0.399640361681656,-38.7373079801786));
#6496=CARTESIAN_POINT('Ctrl Pts',(5.17985446077669,-0.399613313785857,-38.7344646507202));
#6497=CARTESIAN_POINT('Ctrl Pts',(5.15289696196812,-0.399617137295806,-38.7292760454419));
#6498=CARTESIAN_POINT('Ctrl Pts',(5.14354090322818,-0.399618464310004,-38.7274752516774));
#6499=CARTESIAN_POINT('Ctrl Pts',(5.13422155834051,-0.399623274370168,-38.7253918213659));
#6500=CARTESIAN_POINT('Ctrl Pts',(5.12494958207105,-0.399631150584211,-38.7230193638654));
#6501=CARTESIAN_POINT('Ctrl Pts',(5.09599776633877,-0.399655744121878,-38.7156113474521));
#6502=CARTESIAN_POINT('Ctrl Pts',(5.0679282883486,-0.399717184032359,-38.7054913965406));
#6503=CARTESIAN_POINT('Ctrl Pts',(5.04100236306315,-0.399790053030651,-38.6926688143007));
#6504=CARTESIAN_POINT('Ctrl Pts',(5.03700350508591,-0.39980087504594,-38.6907644903179));
#6505=CARTESIAN_POINT('Ctrl Pts',(5.03302991538886,-0.399811889208459,-38.6888005006931));
#6506=CARTESIAN_POINT('Ctrl Pts',(5.02908250291536,-0.39982294867925,-38.6867768187991));
#6507=CARTESIAN_POINT('Ctrl Pts',(5.00224046679805,-0.399898152047631,-38.6730159709389));
#6508=CARTESIAN_POINT('Ctrl Pts',(4.9769448786065,-0.399976840324306,-38.6566707386889));
#6509=CARTESIAN_POINT('Ctrl Pts',(4.95338167251992,-0.399995880336895,-38.6379105454129));
#6510=CARTESIAN_POINT('Ctrl Pts',(4.95008873499528,-0.399998541162069,-38.6352888247446));
#6511=CARTESIAN_POINT('Ctrl Pts',(4.94682962799272,-0.399999987016555,-38.6326198741506));
#6512=CARTESIAN_POINT('Ctrl Pts',(4.94360486079649,-0.399999996351679,-38.6299040929983));
#6513=CARTESIAN_POINT('',(6.52598845221267,-2.34249588666448,-36.8944913391595));
#6514=CARTESIAN_POINT('Ctrl Pts',(5.81616486725639,-0.399996718047226,-38.4117811414861));
#6515=CARTESIAN_POINT('Ctrl Pts',(6.054040142158,-1.04604336153401,-37.9047550182126));
#6516=CARTESIAN_POINT('Ctrl Pts',(6.29043685932858,-1.69378890319354,-37.3992010359381));
#6517=CARTESIAN_POINT('Ctrl Pts',(6.52598852344641,-2.34249580546781,-36.8944912680431));
#6518=CARTESIAN_POINT('Ctrl Pts',(6.52598852259894,-2.34249580313391,-36.894491269859));
#6519=CARTESIAN_POINT('Ctrl Pts',(6.52625452899833,-2.34562621939518,-36.8932166525272));
#6520=CARTESIAN_POINT('Ctrl Pts',(6.52651749655417,-2.3487563362843,-36.8919406343645));
#6521=CARTESIAN_POINT('Ctrl Pts',(6.52677741477059,-2.35188610939871,-36.8906632320387));
#6522=CARTESIAN_POINT('Ctrl Pts',(6.52810985268213,-2.36793049601221,-36.8841147903375));
#6523=CARTESIAN_POINT('Ctrl Pts',(6.52936242354289,-2.38396905802433,-36.8775286653274));
#6524=CARTESIAN_POINT('Ctrl Pts',(6.53053358602861,-2.39999561527289,-36.8709071202196));
#6525=CARTESIAN_POINT('Origin',(2.22044604925031E-15,-2.4,-44.5));
#6526=CARTESIAN_POINT('',(-5.69216423528123,-2.39999993308487,-37.0789891581095));
#6527=CARTESIAN_POINT('Origin',(2.22044604925031E-15,-2.4,-44.5));
#6528=CARTESIAN_POINT('',(-4.94360485610554,-0.400000000000004,-38.6299040932324));
#6529=CARTESIAN_POINT('Ctrl Pts',(-4.94360486272629,-0.39999999483454,-38.6299040929115));
#6530=CARTESIAN_POINT('Ctrl Pts',(-5.19555397653588,-1.06501798852545,-38.1125456754976));
#6531=CARTESIAN_POINT('Ctrl Pts',(-5.44470004728957,-1.73195289533099,-37.5956150565088));
#6532=CARTESIAN_POINT('Ctrl Pts',(-5.69216772398499,-2.39999810773849,-37.0789884688828));
#6533=CARTESIAN_POINT('Origin',(2.22044604925031E-15,-0.4,-44.5));
#6534=CARTESIAN_POINT('Origin',(-4.44089209850063E-15,-2.4,-35.7222912360003));
#6535=CARTESIAN_POINT('',(6.38840762314984,-2.4,-35.9821231691335));
#6536=CARTESIAN_POINT('Origin',(6.,-2.4,-36.5));
#6537=CARTESIAN_POINT('',(-6.38840762314984,-2.4,-35.9821231691335));
#6538=CARTESIAN_POINT('Origin',(2.22044604925031E-15,-2.4,-44.5));
#6539=CARTESIAN_POINT('',(-6.53054405644195,-2.4,-36.8709176429388));
#6540=CARTESIAN_POINT('Origin',(-6.,-2.4,-36.5));
#6541=CARTESIAN_POINT('Ctrl Pts',(-5.69216425236762,-2.4,-37.0789891358336));
#6542=CARTESIAN_POINT('Ctrl Pts',(-5.74052101532595,-2.4,-37.1160803929971));
#6543=CARTESIAN_POINT('Ctrl Pts',(-5.79505005950312,-2.4,-37.1429321399276));
#6544=CARTESIAN_POINT('Ctrl Pts',(-5.91389836995526,-2.4,-37.1744097838768));
#6545=CARTESIAN_POINT('Ctrl Pts',(-5.97594386868879,-2.40000000000001,-37.1780147057933));
#6546=CARTESIAN_POINT('Ctrl Pts',(-6.11147976520885,-2.40000000000001,-37.1626686363434));
#6547=CARTESIAN_POINT('Ctrl Pts',(-6.18304783798244,-2.40000000000016,-37.1393889608642));
#6548=CARTESIAN_POINT('Ctrl Pts',(-6.30673836348679,-2.40000000000016,-37.0767244746904));
#6549=CARTESIAN_POINT('Ctrl Pts',(-6.36015339333037,-2.40000000000006,-37.0400582226258));
#6550=CARTESIAN_POINT('Ctrl Pts',(-6.45329541582607,-2.40000000000006,-36.9598381645996));
#6551=CARTESIAN_POINT('Ctrl Pts',(-6.49401543230864,-2.4,-36.9169762160395));
#6552=CARTESIAN_POINT('Ctrl Pts',(-6.53054405644195,-2.4,-36.8709176429388));
#6553=CARTESIAN_POINT('Ctrl Pts',(-4.9398913181006,-0.390198793697478,-38.6375291894119));
#6554=CARTESIAN_POINT('Ctrl Pts',(-5.22686883403028,-1.14756967062835,-38.0483022853427));
#6555=CARTESIAN_POINT('Ctrl Pts',(-5.5102033428525,-1.90743212464627,-37.4596310693236));
#6556=CARTESIAN_POINT('Ctrl Pts',(-5.79155626502795,-2.66859457132964,-36.8713327028603));
#6557=CARTESIAN_POINT('Ctrl Pts',(-5.06361514524114,-0.409676368926285,
-38.7204103276687));
#6558=CARTESIAN_POINT('Ctrl Pts',(-5.35049672304038,-1.16530775880066,-38.1288831242679));
#6559=CARTESIAN_POINT('Ctrl Pts',(-5.63362283127907,-1.92394136516952,-37.5384857313946));
#6560=CARTESIAN_POINT('Ctrl Pts',(-5.91482575704228,-2.68401067837041,-36.9486757189213));
#6561=CARTESIAN_POINT('Ctrl Pts',(-5.36863721067182,-0.372401425789517,
-38.816247085309));
#6562=CARTESIAN_POINT('Ctrl Pts',(-5.65255164196406,-1.12636446250083,-38.2205624387287));
#6563=CARTESIAN_POINT('Ctrl Pts',(-5.93336240359927,-1.88364268107822,-37.626916011014));
#6564=CARTESIAN_POINT('Ctrl Pts',(-6.21253042498139,-2.64267955048243,-37.0344737285512));
#6565=CARTESIAN_POINT('Ctrl Pts',(-5.62628927057815,-0.203683122690966,
-38.7226409096258));
#6566=CARTESIAN_POINT('Ctrl Pts',(-5.90664507619678,-0.959731856445352,
-38.1265709609702));
#6567=CARTESIAN_POINT('Ctrl Pts',(-6.18475783243695,-1.71864433237184,-37.5328482540857));
#6568=CARTESIAN_POINT('Ctrl Pts',(-6.46157771231355,-2.47898073450878,-36.9402623904703));
#6569=CARTESIAN_POINT('Ctrl Pts',(-5.70876881597113,-0.108715134485712,
-38.6405772134755));
#6570=CARTESIAN_POINT('Ctrl Pts',(-5.98840031951531,-0.866086011416581,
-38.0451603420737));
#6571=CARTESIAN_POINT('Ctrl Pts',(-6.26586515788599,-1.6259484654345,-37.4519001371283));
#6572=CARTESIAN_POINT('Ctrl Pts',(-6.54218682245917,-2.38711091211787,-36.8597821242768));
#6573=CARTESIAN_POINT('',(-6.52598845221268,-2.34249588666449,-36.8944913391595));
#6574=CARTESIAN_POINT('Ctrl Pts',(-6.53053358602863,-2.39999561527289,-36.8709071202195));
#6575=CARTESIAN_POINT('Ctrl Pts',(-6.52936242362249,-2.38396905911319,-36.8775286648775));
#6576=CARTESIAN_POINT('Ctrl Pts',(-6.52810985289257,-2.3679304982247,-36.8841147893823));
#6577=CARTESIAN_POINT('Ctrl Pts',(-6.52677741514245,-2.35188611258935,-36.8906632305953));
#6578=CARTESIAN_POINT('Ctrl Pts',(-6.52651749684721,-2.34875633833748,-36.891940633368));
#6579=CARTESIAN_POINT('Ctrl Pts',(-6.52625452922336,-2.34562622045606,-36.8932166519162));
#6580=CARTESIAN_POINT('Ctrl Pts',(-6.52598852274299,-2.3424958030554,-36.89449126969));
#6581=CARTESIAN_POINT('',(-5.81616201710443,-0.400000005801411,-38.4117839754892));
#6582=CARTESIAN_POINT('Ctrl Pts',(-6.52598852356845,-2.34249580532871,-36.8944912679213));
#6583=CARTESIAN_POINT('Ctrl Pts',(-6.29043686034009,-1.69378889182234,-37.3992010379312));
#6584=CARTESIAN_POINT('Ctrl Pts',(-6.05404022062467,-1.04604326046616,-37.904754943292));
#6585=CARTESIAN_POINT('Ctrl Pts',(-5.81616490188846,-0.399996689892052,
-38.4117811035843));
#6586=CARTESIAN_POINT('Ctrl Pts',(-4.94360485610554,-0.4,-38.6299040932324));
#6587=CARTESIAN_POINT('Ctrl Pts',(-4.99050610091502,-0.4,-38.6694028042041));
#6588=CARTESIAN_POINT('Ctrl Pts',(-5.04405197455011,-0.399999999999996,
-38.6989148998915));
#6589=CARTESIAN_POINT('Ctrl Pts',(-5.16095609745065,-0.399999999999996,
-38.7352531435521));
#6590=CARTESIAN_POINT('Ctrl Pts',(-5.22184796905808,-0.400000000000006,
-38.7414038633585));
#6591=CARTESIAN_POINT('Ctrl Pts',(-5.35503216815274,-0.400000000000006,
-38.731759471578));
#6592=CARTESIAN_POINT('Ctrl Pts',(-5.42548603761804,-0.400000000000258,
-38.7119464780718));
#6593=CARTESIAN_POINT('Ctrl Pts',(-5.55411712763587,-0.400000000000258,
-38.6530826985745));
#6594=CARTESIAN_POINT('Ctrl Pts',(-5.61262003331173,-0.400000000000247,
-38.6151040303158));
#6595=CARTESIAN_POINT('Ctrl Pts',(-5.72184876616511,-0.400000000000247,
-38.5242151583606));
#6596=CARTESIAN_POINT('Ctrl Pts',(-5.77228565007591,-0.399999999999998,
-38.4702857998988));
#6597=CARTESIAN_POINT('Ctrl Pts',(-5.81616201201417,-0.399999999999998,
-38.4117839839811));
#6598=CARTESIAN_POINT('Origin',(-6.,-0.4,-36.5));
#6599=CARTESIAN_POINT('',(-6.60000000000001,-0.4,-35.7));
#6600=CARTESIAN_POINT('',(-6.60000000000001,-0.4,-35.7));
#6601=CARTESIAN_POINT('',(-6.8,-0.4,-37.1));
#6602=CARTESIAN_POINT('Origin',(-6.,-0.4,-36.5));
#6603=CARTESIAN_POINT('',(-6.8,-0.4,-37.1));
#6604=CARTESIAN_POINT('Origin',(10.0000000745058,3.,1.5));
#6605=CARTESIAN_POINT('',(9.92553269952699,3.5,1.3180148828669));
#6606=CARTESIAN_POINT('',(1.69862790761878,3.5,1.3180148828669));
#6607=CARTESIAN_POINT('',(10.0000000745058,3.5,1.3180148828669));
#6608=CARTESIAN_POINT('',(0.687386354243373,3.,1.5));
#6609=CARTESIAN_POINT('Ctrl Pts',(0.687386354241635,3.00000000001038,1.50000000001326));
#6610=CARTESIAN_POINT('Ctrl Pts',(1.14755865633021,3.144044896392,1.44757194533239));
#6611=CARTESIAN_POINT('Ctrl Pts',(1.69862790761161,3.5,1.31801488288393));
#6612=CARTESIAN_POINT('',(9.48596612873312,3.,1.5));
#6613=CARTESIAN_POINT('',(5.0000000372529,3.,1.5));
#6614=CARTESIAN_POINT('',(9.86406368316771,2.6,1.64558809370648));
#6615=CARTESIAN_POINT('Ctrl Pts',(9.48596612873313,3.,1.5));
#6616=CARTESIAN_POINT('Ctrl Pts',(9.66890020366032,2.80666249445389,1.57036909718606));
#6617=CARTESIAN_POINT('Ctrl Pts',(9.86406368316771,2.6,1.64558809370648));
#6618=CARTESIAN_POINT('Origin',(4.,6.08914176800459,0.375644347017859));
#6619=CARTESIAN_POINT('Origin',(5.34369321437459,3.5,2.77555756156289E-16));
#6620=CARTESIAN_POINT('',(10.,3.5,0.375644347017859));
#6621=CARTESIAN_POINT('Origin',(4.,3.5,0.375644347017859));
#6622=CARTESIAN_POINT('',(10.,3.5,-1.3180148828669));
#6623=CARTESIAN_POINT('',(10.,3.5,1.91987298107781));
#6624=CARTESIAN_POINT('',(1.69862790761878,3.5,-1.3180148828669));
#6625=CARTESIAN_POINT('',(-10.0000000745058,3.5,-1.3180148828669));
#6626=CARTESIAN_POINT('Origin',(0.,3.5,0.));
#6627=CARTESIAN_POINT('Origin',(-10.,0.,-44.5));
#6628=CARTESIAN_POINT('',(-10.,2.6,-1.64558809370648));
#6629=CARTESIAN_POINT('',(-10.,3.5,-1.3180148828669));
#6630=CARTESIAN_POINT('',(-10.,-5.23450013646953,-4.49711294373589));
#6631=CARTESIAN_POINT('',(-10.,2.6,-38.5));
#6632=CARTESIAN_POINT('',(-10.,2.6,-31.5));
#6633=CARTESIAN_POINT('',(-10.,0.,-38.5));
#6634=CARTESIAN_POINT('',(-10.,0.,-38.5));
#6635=CARTESIAN_POINT('',(-10.,0.,-19.5));
#6636=CARTESIAN_POINT('',(-10.,0.,-31.5));
#6637=CARTESIAN_POINT('',(-10.,-2.,-18.7720595314676));
#6638=CARTESIAN_POINT('',(-10.,4.01742256054087,-20.9622222305064));
#6639=CARTESIAN_POINT('',(-10.,-2.,-17.2279404685324));
#6640=CARTESIAN_POINT('',(-10.,-2.,-31.25));
#6641=CARTESIAN_POINT('',(-10.,0.4,-16.3544119062935));
#6642=CARTESIAN_POINT('',(-10.,-4.49951326780577,-18.1376888981672));
#6643=CARTESIAN_POINT('',(-10.,0.4,0.375644347017863));
#6644=CARTESIAN_POINT('',(-10.,0.4,-31.5));
#6645=CARTESIAN_POINT('',(-10.,3.5,0.375644347017863));
#6646=CARTESIAN_POINT('',(-10.,0.,0.375644347017863));
#6647=CARTESIAN_POINT('',(-10.,3.5,-22.25));
#6648=CARTESIAN_POINT('Origin',(-5.3436932888804,3.5,0.));
#6649=CARTESIAN_POINT('',(-9.92553269952699,3.5,1.3180148828669));
#6650=CARTESIAN_POINT('Origin',(-4.,3.5,0.375644347017863));
#6651=CARTESIAN_POINT('',(-1.69862790761878,3.5,1.3180148828669));
#6652=CARTESIAN_POINT('',(10.0000000745058,3.5,1.3180148828669));
#6653=CARTESIAN_POINT('',(-1.69862790761878,3.5,-1.3180148828669));
#6654=CARTESIAN_POINT('Origin',(0.,3.5,0.));
#6655=CARTESIAN_POINT('',(-10.0000000745058,3.5,-1.3180148828669));
#6656=CARTESIAN_POINT('Origin',(9.8,-0.2,-7.33012701892219));
#6657=CARTESIAN_POINT('',(10.,0.,-19.5));
#6658=CARTESIAN_POINT('',(9.6,-0.4,-19.3544119062935));
#6659=CARTESIAN_POINT('',(8.86763665833431,-1.13236334166569,-19.0878534492595));
#6660=CARTESIAN_POINT('',(9.6,-0.4,-38.5));
#6661=CARTESIAN_POINT('',(9.6,-0.4,-7.33012701892219));
#6662=CARTESIAN_POINT('',(10.,0.,-38.5));
#6663=CARTESIAN_POINT('',(9.6,-0.4,-38.5));
#6664=CARTESIAN_POINT('',(10.,0.,-7.33012701892219));
#6665=CARTESIAN_POINT('Origin',(4.,-0.2,-38.5));
#6666=CARTESIAN_POINT('',(4.,-0.4,-44.1));
#6667=CARTESIAN_POINT('',(4.,0.,-44.5));
#6668=CARTESIAN_POINT('',(4.,-0.4,-44.1));
#6669=CARTESIAN_POINT('Origin',(4.,0.,-38.5));
#6670=CARTESIAN_POINT('Origin',(4.,-0.4,-38.5));
#6671=CARTESIAN_POINT('Origin',(5.,-0.2,-44.3));
#6672=CARTESIAN_POINT('',(-4.,-0.4,-44.1));
#6673=CARTESIAN_POINT('',(-4.,0.,-44.5));
#6674=CARTESIAN_POINT('',(-4.,-0.4,-44.1));
#6675=CARTESIAN_POINT('',(5.,0.,-44.5));
#6676=CARTESIAN_POINT('',(5.,-0.4,-44.1));
#6677=CARTESIAN_POINT('Origin',(-4.,-0.2,-38.5));
#6678=CARTESIAN_POINT('',(-9.6,-0.4,-38.5));
#6679=CARTESIAN_POINT('',(-9.6,-0.4,-38.5));
#6680=CARTESIAN_POINT('Origin',(-4.,0.,-38.5));
#6681=CARTESIAN_POINT('Origin',(-4.,-0.4,-38.5));
#6682=CARTESIAN_POINT('Origin',(-9.8,-0.2,-31.5));
#6683=CARTESIAN_POINT('',(-9.6,-0.4,-19.3544119062935));
#6684=CARTESIAN_POINT('',(-6.24090265648331,-3.75909734351669,-18.1318004592508));
#6685=CARTESIAN_POINT('',(-9.6,-0.4,-31.5));
#6686=CARTESIAN_POINT('Origin',(2.22044604925031E-15,-0.4,-18.5));
#6687=CARTESIAN_POINT('',(5.,-0.4,-19.3544119062935));
#6688=CARTESIAN_POINT('',(3.3,-0.4,-25.5));
#6689=CARTESIAN_POINT('Origin',(6.,-0.4,-25.5));
#6690=CARTESIAN_POINT('',(-8.7,-0.4,-25.5));
#6691=CARTESIAN_POINT('Origin',(-6.,-0.4,-25.5));
#6692=CARTESIAN_POINT('',(6.6,-0.4,-35.7));
#6693=CARTESIAN_POINT('Origin',(2.22044604925031E-15,-0.4,-44.5));
#6694=CARTESIAN_POINT('',(6.8,-0.4,-37.1));
#6695=CARTESIAN_POINT('Origin',(6.,-0.4,-36.5));
#6696=CARTESIAN_POINT('',(10.04,-0.4,-32.7800000000001));
#6697=CARTESIAN_POINT('',(-9.72328157299974,-0.4,-33.2022912360004));
#6698=CARTESIAN_POINT('Origin',(4.,2.8,0.375644347017859));
#6699=CARTESIAN_POINT('',(6.8,3.,5.22538660821072));
#6700=CARTESIAN_POINT('Origin',(4.,3.,0.375644347017859));
#6701=CARTESIAN_POINT('',(7.,2.6,5.57179676972449));
#6702=CARTESIAN_POINT('',(6.8,3.,5.22538660821072));
#6703=CARTESIAN_POINT('Origin',(4.,2.6,0.375644347017859));
#6704=CARTESIAN_POINT('Origin',(7.8168238982516,2.8,4.86926316451257));
#6705=CARTESIAN_POINT('',(4.85255888325765,3.,6.34974226119286));
#6706=CARTESIAN_POINT('',(7.7168238982516,3.,4.69605808375568));
#6707=CARTESIAN_POINT('',(5.05255888325765,2.6,6.69615242270663));
#6708=CARTESIAN_POINT('',(4.85255888325765,3.,6.34974226119286));
#6709=CARTESIAN_POINT('',(7.91682389825159,2.6,5.04246824526945));
#6710=CARTESIAN_POINT('Origin',(2.05255888325765,2.8,1.5));
#6711=CARTESIAN_POINT('',(2.05255888325765,3.,7.1));
#6712=CARTESIAN_POINT('',(2.05255888325765,2.6,7.5));
#6713=CARTESIAN_POINT('',(2.05255888325765,3.,7.1));
#6714=CARTESIAN_POINT('Origin',(2.05255888325765,2.6,1.5));
#6715=CARTESIAN_POINT('Origin',(2.05255888325765,3.,1.5));
#6716=CARTESIAN_POINT('Origin',(-1.83012701892219,2.8,7.3));
#6717=CARTESIAN_POINT('',(-2.05255888325765,3.,7.1));
#6718=CARTESIAN_POINT('',(-1.83012701892219,3.,7.1));
#6719=CARTESIAN_POINT('',(-2.05255888325765,2.6,7.5));
#6720=CARTESIAN_POINT('',(-2.05255888325765,3.,7.1));
#6721=CARTESIAN_POINT('',(-1.83012701892219,2.6,7.5));
#6722=CARTESIAN_POINT('Origin',(-2.05255888325765,2.8,1.5));
#6723=CARTESIAN_POINT('',(-4.85255888325765,3.,6.34974226119286));
#6724=CARTESIAN_POINT('',(-5.05255888325765,2.6,6.69615242270663));
#6725=CARTESIAN_POINT('',(-4.85255888325765,3.,6.34974226119286));
#6726=CARTESIAN_POINT('Origin',(-2.05255888325765,2.6,1.5));
#6727=CARTESIAN_POINT('Origin',(-2.05255888325765,3.,1.5));
#6728=CARTESIAN_POINT('Origin',(-10.9866968793294,2.8,3.03913614559037));
#6729=CARTESIAN_POINT('',(-6.8,3.,5.22538660821072));
#6730=CARTESIAN_POINT('',(-10.8866968793294,3.,2.86593106483348));
#6731=CARTESIAN_POINT('',(-7.,2.6,5.57179676972449));
#6732=CARTESIAN_POINT('',(-6.8,3.,5.22538660821072));
#6733=CARTESIAN_POINT('',(-11.0866968793294,2.6,3.21234122634726));
#6734=CARTESIAN_POINT('Origin',(-4.,2.8,0.375644347017863));
#6735=CARTESIAN_POINT('',(-9.48596612873312,3.,1.5));
#6736=CARTESIAN_POINT('',(-9.86406368316771,2.6,1.64558809370648));
#6737=CARTESIAN_POINT('Ctrl Pts',(-9.86406368316771,2.6,1.64558809370648));
#6738=CARTESIAN_POINT('Ctrl Pts',(-9.66890020367357,2.80666249443987,1.57036909719116));
#6739=CARTESIAN_POINT('Ctrl Pts',(-9.48596612873312,3.,1.5));
#6740=CARTESIAN_POINT('Origin',(-4.,2.6,0.375644347017863));
#6741=CARTESIAN_POINT('Origin',(-4.,3.,0.375644347017863));
#6742=CARTESIAN_POINT('Origin',(2.22044604925031E-15,3.,-18.5));
#6743=CARTESIAN_POINT('',(-0.687386354243382,3.,1.5));
#6744=CARTESIAN_POINT('Origin',(0.,3.,0.));
#6745=CARTESIAN_POINT('',(-0.34369317712169,3.,1.5));
#6746=CARTESIAN_POINT('Origin',(9.8,2.8,-7.33012701892219));
#6747=CARTESIAN_POINT('',(10.,2.6,-1.64558809370648));
#6748=CARTESIAN_POINT('',(9.6,3.,-1.5));
#6749=CARTESIAN_POINT('',(8.10159487158118,4.49840512841882,-0.954625134383721));
#6750=CARTESIAN_POINT('',(10.,2.6,-38.5));
#6751=CARTESIAN_POINT('',(10.,2.6,-7.33012701892219));
#6752=CARTESIAN_POINT('',(9.6,3.,-38.5));
#6753=CARTESIAN_POINT('',(10.,2.6,-38.5));
#6754=CARTESIAN_POINT('',(9.6,3.,-7.33012701892219));
#6755=CARTESIAN_POINT('Origin',(4.,2.8,-38.5));
#6756=CARTESIAN_POINT('',(4.,2.6,-44.5));
#6757=CARTESIAN_POINT('Origin',(4.,2.6,-38.5));
#6758=CARTESIAN_POINT('',(4.,3.,-44.1));
#6759=CARTESIAN_POINT('',(4.,2.6,-44.5));
#6760=CARTESIAN_POINT('Origin',(4.,3.,-38.5));
#6761=CARTESIAN_POINT('Origin',(5.,2.8,-44.3));
#6762=CARTESIAN_POINT('',(-4.,2.6,-44.5));
#6763=CARTESIAN_POINT('',(-4.,3.,-44.1));
#6764=CARTESIAN_POINT('',(-4.,2.6,-44.5));
#6765=CARTESIAN_POINT('',(5.,3.,-44.1));
#6766=CARTESIAN_POINT('',(5.,2.6,-44.5));
#6767=CARTESIAN_POINT('Origin',(-4.,2.8,-38.5));
#6768=CARTESIAN_POINT('Origin',(-4.,2.6,-38.5));
#6769=CARTESIAN_POINT('',(-9.6,3.,-38.5));
#6770=CARTESIAN_POINT('',(-10.,2.6,-38.5));
#6771=CARTESIAN_POINT('Origin',(-4.,3.,-38.5));
#6772=CARTESIAN_POINT('Origin',(-9.8,2.8,-31.5));
#6773=CARTESIAN_POINT('',(-9.6,3.,-1.5));
#6774=CARTESIAN_POINT('',(-12.3477721372204,0.252227862779622,-2.50010726849424));
#6775=CARTESIAN_POINT('',(-9.6,3.,-31.5));
#6776=CARTESIAN_POINT('Origin',(-4.,0.,-38.5));
#6777=CARTESIAN_POINT('',(-4.,0.,-44.5));
#6778=CARTESIAN_POINT('Origin',(10.,0.,-44.5));
#6779=CARTESIAN_POINT('',(4.,0.,-44.5));
#6780=CARTESIAN_POINT('Origin',(4.,0.,-38.5));
#6781=CARTESIAN_POINT('',(10.,0.,-38.5));
#6782=CARTESIAN_POINT('Origin',(10.,0.,3.83974596215561));
#6783=CARTESIAN_POINT('',(10.,0.4,0.375644347017859));
#6784=CARTESIAN_POINT('',(10.,0.,0.375644347017859));
#6785=CARTESIAN_POINT('',(10.,0.4,-16.3544119062935));
#6786=CARTESIAN_POINT('',(10.,0.4,-7.33012701892219));
#6787=CARTESIAN_POINT('',(10.,-2.,-17.2279404685324));
#6788=CARTESIAN_POINT('',(10.,3.26853417216136,-15.3103508516513));
#6789=CARTESIAN_POINT('',(10.,-2.,-18.7720595314676));
#6790=CARTESIAN_POINT('',(10.,-2.,-7.08012701892219));
#6791=CARTESIAN_POINT('',(10.,-3.75062487942626,-18.1348841839906));
#6792=CARTESIAN_POINT('',(10.,2.53354730349761,-1.66977489722008));
#6793=CARTESIAN_POINT('Origin',(-9.8,0.2,-31.5));
#6794=CARTESIAN_POINT('',(-9.6,0.,-16.5));
#6795=CARTESIAN_POINT('',(-8.50747726800236,-1.09252273199764,-16.8976457547063));
#6796=CARTESIAN_POINT('',(-9.6,0.,0.375644347017863));
#6797=CARTESIAN_POINT('',(-9.6,0.,-31.5));
#6798=CARTESIAN_POINT('',(-9.6,0.,0.375644347017863));
#6799=CARTESIAN_POINT('Origin',(-4.,0.2,0.375644347017863));
#6800=CARTESIAN_POINT('',(-6.8,0.,5.22538660821072));
#6801=CARTESIAN_POINT('',(-7.,0.4,5.57179676972449));
#6802=CARTESIAN_POINT('',(-6.8,0.,5.22538660821072));
#6803=CARTESIAN_POINT('Origin',(-4.,0.4,0.375644347017863));
#6804=CARTESIAN_POINT('Origin',(-4.,0.,0.375644347017863));
#6805=CARTESIAN_POINT('Origin',(-10.9866968793294,0.2,3.03913614559037));
#6806=CARTESIAN_POINT('',(-4.85255888325765,0.,6.34974226119286));
#6807=CARTESIAN_POINT('',(-5.05255888325765,0.4,6.69615242270663));
#6808=CARTESIAN_POINT('',(-4.85255888325765,0.,6.34974226119286));
#6809=CARTESIAN_POINT('',(-11.0866968793294,0.4,3.21234122634726));
#6810=CARTESIAN_POINT('',(-10.8866968793294,0.,2.86593106483349));
#6811=CARTESIAN_POINT('Origin',(-2.05255888325765,0.2,1.5));
#6812=CARTESIAN_POINT('',(-2.05255888325765,0.,7.1));
#6813=CARTESIAN_POINT('',(-2.05255888325765,0.4,7.5));
#6814=CARTESIAN_POINT('',(-2.05255888325765,0.,7.1));
#6815=CARTESIAN_POINT('Origin',(-2.05255888325765,0.4,1.5));
#6816=CARTESIAN_POINT('Origin',(-2.05255888325765,0.,1.5));
#6817=CARTESIAN_POINT('Origin',(-1.83012701892219,0.2,7.3));
#6818=CARTESIAN_POINT('',(2.05255888325765,0.,7.1));
#6819=CARTESIAN_POINT('',(2.05255888325765,0.4,7.5));
#6820=CARTESIAN_POINT('',(2.05255888325765,0.,7.1));
#6821=CARTESIAN_POINT('',(-1.83012701892219,0.4,7.5));
#6822=CARTESIAN_POINT('',(-1.83012701892219,0.,7.1));
#6823=CARTESIAN_POINT('Origin',(2.05255888325765,0.2,1.5));
#6824=CARTESIAN_POINT('',(4.85255888325765,0.,6.34974226119286));
#6825=CARTESIAN_POINT('',(5.05255888325765,0.4,6.69615242270663));
#6826=CARTESIAN_POINT('',(4.85255888325765,0.,6.34974226119286));
#6827=CARTESIAN_POINT('Origin',(2.05255888325765,0.4,1.5));
#6828=CARTESIAN_POINT('Origin',(2.05255888325765,0.,1.5));
#6829=CARTESIAN_POINT('Origin',(7.8168238982516,0.2,4.86926316451257));
#6830=CARTESIAN_POINT('',(6.8,0.,5.22538660821072));
#6831=CARTESIAN_POINT('',(7.,0.4,5.57179676972449));
#6832=CARTESIAN_POINT('',(6.8,0.,5.22538660821072));
#6833=CARTESIAN_POINT('',(7.91682389825159,0.4,5.04246824526945));
#6834=CARTESIAN_POINT('',(7.7168238982516,0.,4.69605808375568));
#6835=CARTESIAN_POINT('Origin',(4.,0.2,0.375644347017859));
#6836=CARTESIAN_POINT('',(9.6,0.,0.375644347017859));
#6837=CARTESIAN_POINT('',(9.6,0.,0.375644347017859));
#6838=CARTESIAN_POINT('Origin',(4.,0.4,0.375644347017859));
#6839=CARTESIAN_POINT('Origin',(4.,0.,0.375644347017859));
#6840=CARTESIAN_POINT('Origin',(9.8,0.2,-7.33012701892219));
#6841=CARTESIAN_POINT('',(9.6,0.,-16.5));
#6842=CARTESIAN_POINT('',(5.88074319627402,-3.71925680372598,-17.8536987701483));
#6843=CARTESIAN_POINT('',(9.6,0.,-7.33012701892219));
#6844=CARTESIAN_POINT('Origin',(2.22044604925031E-15,0.,-18.5));
#6845=CARTESIAN_POINT('',(-5.00000007450581,0.,-16.5));
#6846=CARTESIAN_POINT('',(-3.00000004470348,0.,-3.67394045218804E-16));
#6847=CARTESIAN_POINT('Origin',(0.,0.,0.));
#6848=CARTESIAN_POINT('Origin',(2.22044604925031E-15,-0.4,-44.5));
#6849=CARTESIAN_POINT('',(6.6,-0.4,-35.7));
#6850=CARTESIAN_POINT('Origin',(6.,-0.4,-36.5));
#6851=CARTESIAN_POINT('',(6.8,-0.4,-37.1));
#6852=CARTESIAN_POINT('Origin',(6.8,-0.4,-37.1));
#6853=CARTESIAN_POINT('Origin',(-6.16656314599949,-0.4,-37.9445824720007));
#6854=CARTESIAN_POINT('Origin',(6.,0.2,-25.5));
#6855=CARTESIAN_POINT('',(2.99999994577894,0.199999999999997,-24.7189752406782));
#6856=CARTESIAN_POINT('',(3.00000004470344,0.0999999552966317,-25.5));
#6857=CARTESIAN_POINT('Ctrl Pts',(2.99999994577894,0.199999999999997,-24.7189752406782));
#6858=CARTESIAN_POINT('Ctrl Pts',(2.99999999605204,0.100000003948032,-25.1158894655374));
#6859=CARTESIAN_POINT('Ctrl Pts',(3.00000004470344,0.0999999552966317,-25.5));
#6860=CARTESIAN_POINT('',(3.82361213111274,0.200000000000001,-23.2924366726727));
#6861=CARTESIAN_POINT('Origin',(6.,0.199999999999997,-25.5));
#6862=CARTESIAN_POINT('',(5.17638725544673,0.199999999999991,-22.511411362029));
#6863=CARTESIAN_POINT('Ctrl Pts',(5.17638725544673,0.199999999999991,-22.511411362029));
#6864=CARTESIAN_POINT('Ctrl Pts',(4.49999969327961,0.00322571992892179,
-22.9019240173509));
#6865=CARTESIAN_POINT('Ctrl Pts',(3.82361213111274,0.200000000000001,-23.2924366726727));
#6866=CARTESIAN_POINT('',(6.82361198748475,0.199999999999991,-22.5114111533917));
#6867=CARTESIAN_POINT('Origin',(6.,0.199999999999997,-25.5));
#6868=CARTESIAN_POINT('',(8.17638730966781,0.199999999999999,-23.2924361213507));
#6869=CARTESIAN_POINT('Ctrl Pts',(8.17638730966781,0.199999999999999,-23.2924361213507));
#6870=CARTESIAN_POINT('Ctrl Pts',(7.49999964857615,0.00322571992892394,
-22.9019236373712));
#6871=CARTESIAN_POINT('Ctrl Pts',(6.82361198748475,0.199999999999991,-22.5114111533917));
#6872=CARTESIAN_POINT('',(8.99999985637198,0.199999999999997,-24.718974480719));
#6873=CARTESIAN_POINT('Origin',(6.,0.199999999999997,-25.5));
#6874=CARTESIAN_POINT('',(9.00000005422107,0.199999999999996,-26.2810247593218));
#6875=CARTESIAN_POINT('Ctrl Pts',(9.00000005422107,0.199999999999996,-26.2810247593218));
#6876=CARTESIAN_POINT('Ctrl Pts',(8.99999995529652,0.00322571992892307,
-25.4999996200202));
#6877=CARTESIAN_POINT('Ctrl Pts',(8.99999985637198,0.199999999999997,-24.718974480719));
#6878=CARTESIAN_POINT('',(8.17638786888726,0.200000000000001,-27.7075633273273));
#6879=CARTESIAN_POINT('Origin',(6.,0.199999999999997,-25.5));
#6880=CARTESIAN_POINT('',(6.82361274455327,0.199999999999995,-28.488588637971));
#6881=CARTESIAN_POINT('Ctrl Pts',(6.82361274455327,0.199999999999995,-28.488588637971));
#6882=CARTESIAN_POINT('Ctrl Pts',(7.50000030672039,0.00322571992892595,
-28.0980759826491));
#6883=CARTESIAN_POINT('Ctrl Pts',(8.17638786888726,0.200000000000001,-27.7075633273273));
#6884=CARTESIAN_POINT('',(5.17638801251526,0.199999999999991,-28.4885888466083));
#6885=CARTESIAN_POINT('Origin',(6.,0.199999999999997,-25.5));
#6886=CARTESIAN_POINT('',(3.8236126903322,0.199999999999996,-27.7075638786492));
#6887=CARTESIAN_POINT('Ctrl Pts',(3.8236126903322,0.199999999999996,-27.7075638786492));
#6888=CARTESIAN_POINT('Ctrl Pts',(4.50000035142386,0.0032257199289239,-28.0980763626288));
#6889=CARTESIAN_POINT('Ctrl Pts',(5.17638801251526,0.199999999999991,-28.4885888466083));
#6890=CARTESIAN_POINT('',(3.00000014362803,0.199999999999997,-26.281025519281));
#6891=CARTESIAN_POINT('Origin',(6.,0.199999999999997,-25.5));
#6892=CARTESIAN_POINT('Ctrl Pts',(3.00000004470344,0.0999999552966317,-25.5));
#6893=CARTESIAN_POINT('Ctrl Pts',(3.00000009335487,0.0999999066451841,-25.8841109082131));
#6894=CARTESIAN_POINT('Ctrl Pts',(3.00000014362803,0.199999999999997,-26.281025519281));
#6895=CARTESIAN_POINT('',(3.3,-0.2,-25.5));
#6896=CARTESIAN_POINT('',(2.9,0.2,-25.5));
#6897=CARTESIAN_POINT('Origin',(6.,-0.2,-25.5));
#6898=CARTESIAN_POINT('Origin',(-6.,0.2,-25.5));
#6899=CARTESIAN_POINT('',(-9.,0.2,-24.7189750324093));
#6900=CARTESIAN_POINT('',(-9.,0.100000000000065,-25.5));
#6901=CARTESIAN_POINT('Ctrl Pts',(-9.,0.2,-24.7189750324093));
#6902=CARTESIAN_POINT('Ctrl Pts',(-9.,0.100000000000074,-25.1158893602013));
#6903=CARTESIAN_POINT('Ctrl Pts',(-9.,0.100000000000065,-25.5));
#6904=CARTESIAN_POINT('',(-8.17638746292345,0.200000000000005,-23.292436272442));
#6905=CARTESIAN_POINT('Origin',(-6.,0.2,-25.5));
#6906=CARTESIAN_POINT('',(-6.82361253707656,0.200000000000004,-22.5114113048513));
#6907=CARTESIAN_POINT('Ctrl Pts',(-6.82361253707656,0.200000000000004,-22.5114113048513));
#6908=CARTESIAN_POINT('Ctrl Pts',(-7.50000000000012,0.00322580645173973,
-22.9019237886468));
#6909=CARTESIAN_POINT('Ctrl Pts',(-8.17638746292345,0.200000000000005,-23.292436272442));
#6910=CARTESIAN_POINT('',(-5.17638746292344,0.2,-22.5114113048513));
#6911=CARTESIAN_POINT('Origin',(-6.,0.2,-25.5));
#6912=CARTESIAN_POINT('',(-3.82361253707656,0.2,-23.292436272442));
#6913=CARTESIAN_POINT('Ctrl Pts',(-3.82361253707655,0.2,-23.292436272442));
#6914=CARTESIAN_POINT('Ctrl Pts',(-4.50000000000012,0.00322580645174077,
-22.9019237886466));
#6915=CARTESIAN_POINT('Ctrl Pts',(-5.17638746292344,0.2,-22.5114113048513));
#6916=CARTESIAN_POINT('',(-3.,0.2,-24.7189750324093));
#6917=CARTESIAN_POINT('Origin',(-6.,0.2,-25.5));
#6918=CARTESIAN_POINT('',(-3.,0.199999999999999,-26.2810249675907));
#6919=CARTESIAN_POINT('Ctrl Pts',(-3.,0.199999999999999,-26.2810249675907));
#6920=CARTESIAN_POINT('Ctrl Pts',(-3.,0.00322580645173931,-25.4999999999999));
#6921=CARTESIAN_POINT('Ctrl Pts',(-3.,0.2,-24.7189750324093));
#6922=CARTESIAN_POINT('',(-3.82361253707654,0.200000000000005,-27.707563727558));
#6923=CARTESIAN_POINT('Origin',(-6.,0.2,-25.5));
#6924=CARTESIAN_POINT('',(-5.17638746292345,0.2,-28.4885886951487));
#6925=CARTESIAN_POINT('Ctrl Pts',(-5.17638746292345,0.2,-28.4885886951487));
#6926=CARTESIAN_POINT('Ctrl Pts',(-4.49999999999987,0.00322580645173549,
-28.0980762113532));
#6927=CARTESIAN_POINT('Ctrl Pts',(-3.82361253707654,0.200000000000005,-27.707563727558));
#6928=CARTESIAN_POINT('',(-6.82361253707656,0.2,-28.4885886951486));
#6929=CARTESIAN_POINT('Origin',(-6.,0.2,-25.5));
#6930=CARTESIAN_POINT('',(-8.17638746292344,0.199999999999999,-27.707563727558));
#6931=CARTESIAN_POINT('Ctrl Pts',(-8.17638746292344,0.199999999999999,-27.707563727558));
#6932=CARTESIAN_POINT('Ctrl Pts',(-7.49999999999988,0.00322580645173601,
-28.0980762113534));
#6933=CARTESIAN_POINT('Ctrl Pts',(-6.82361253707656,0.2,-28.4885886951486));
#6934=CARTESIAN_POINT('',(-9.,0.2,-26.2810249675907));
#6935=CARTESIAN_POINT('Origin',(-6.,0.2,-25.5));
#6936=CARTESIAN_POINT('Ctrl Pts',(-9.,0.100000000000065,-25.5));
#6937=CARTESIAN_POINT('Ctrl Pts',(-9.,0.100000000000056,-25.8841106397987));
#6938=CARTESIAN_POINT('Ctrl Pts',(-9.,0.2,-26.2810249675907));
#6939=CARTESIAN_POINT('',(-8.7,-0.2,-25.5));
#6940=CARTESIAN_POINT('',(-9.1,0.2,-25.5));
#6941=CARTESIAN_POINT('Origin',(-6.,-0.2,-25.5));
#6942=CARTESIAN_POINT('Origin',(6.,-0.4,-25.5));
#6943=CARTESIAN_POINT('',(3.3,-0.4,-25.5));
#6944=CARTESIAN_POINT('Origin',(-6.,-0.4,-25.5));
#6945=CARTESIAN_POINT('',(-8.7,-0.4,-25.5));
#6946=CARTESIAN_POINT('Origin',(9.00000005422107,0.,-26.2810247593218));
#6947=CARTESIAN_POINT('',(8.99999985637198,3.,-24.718974480719));
#6948=CARTESIAN_POINT('',(8.99999985637198,0.,-24.718974480719));
#6949=CARTESIAN_POINT('',(9.00000005422107,3.,-26.2810247593218));
#6950=CARTESIAN_POINT('',(8.99999973591519,3.,-23.7679488382611));
#6951=CARTESIAN_POINT('',(9.00000005422107,0.,-26.2810247593218));
#6952=CARTESIAN_POINT('Origin',(6.,0.,-25.5));
#6953=CARTESIAN_POINT('',(8.17638730966781,3.,-23.2924361213507));
#6954=CARTESIAN_POINT('',(8.17638730966781,0.,-23.2924361213507));
#6955=CARTESIAN_POINT('Origin',(6.,3.,-25.5));
#6956=CARTESIAN_POINT('Origin',(8.17638730966781,0.,-23.2924361213507));
#6957=CARTESIAN_POINT('',(6.82361198748475,3.,-22.5114111533917));
#6958=CARTESIAN_POINT('',(6.82361198748475,0.,-22.5114111533917));
#6959=CARTESIAN_POINT('',(5.99999956123734,3.,-22.0358984364814));
#6960=CARTESIAN_POINT('Origin',(6.,0.,-25.5));
#6961=CARTESIAN_POINT('',(5.17638725544673,3.,-22.511411362029));
#6962=CARTESIAN_POINT('',(5.17638725544673,0.,-22.511411362029));
#6963=CARTESIAN_POINT('Origin',(6.,3.,-25.5));
#6964=CARTESIAN_POINT('Origin',(5.17638725544673,0.,-22.511411362029));
#6965=CARTESIAN_POINT('',(3.82361213111274,3.,-23.2924366726727));
#6966=CARTESIAN_POINT('',(3.82361213111274,0.,-23.2924366726727));
#6967=CARTESIAN_POINT('',(2.99999982532215,3.,-23.7679495982203));
#6968=CARTESIAN_POINT('Origin',(6.,0.,-25.5));
#6969=CARTESIAN_POINT('',(2.99999994577894,3.,-24.7189752406782));
#6970=CARTESIAN_POINT('',(2.99999994577894,0.,-24.7189752406782));
#6971=CARTESIAN_POINT('Origin',(6.,3.,-25.5));
#6972=CARTESIAN_POINT('Origin',(-3.,0.,-26.2810249675907));
#6973=CARTESIAN_POINT('',(-3.,3.,-24.7189750324093));
#6974=CARTESIAN_POINT('',(-3.,0.,-24.7189750324093));
#6975=CARTESIAN_POINT('',(-3.,3.,-26.2810249675907));
#6976=CARTESIAN_POINT('',(-3.,3.,-23.7679491924311));
#6977=CARTESIAN_POINT('',(-3.,0.,-26.2810249675907));
#6978=CARTESIAN_POINT('Origin',(-6.,0.,-25.5));
#6979=CARTESIAN_POINT('',(-3.82361253707655,3.,-23.292436272442));
#6980=CARTESIAN_POINT('',(-3.82361253707656,0.,-23.292436272442));
#6981=CARTESIAN_POINT('Origin',(-6.,3.,-25.5));
#6982=CARTESIAN_POINT('Origin',(-3.82361253707656,0.,-23.292436272442));
#6983=CARTESIAN_POINT('',(-5.17638746292344,3.,-22.5114113048513));
#6984=CARTESIAN_POINT('',(-5.17638746292344,0.,-22.5114113048513));
#6985=CARTESIAN_POINT('',(-6.,3.,-22.0358983848622));
#6986=CARTESIAN_POINT('Origin',(-6.,0.,-25.5));
#6987=CARTESIAN_POINT('',(-6.82361253707656,3.,-22.5114113048513));
#6988=CARTESIAN_POINT('',(-6.82361253707656,0.,-22.5114113048513));
#6989=CARTESIAN_POINT('Origin',(-6.,3.,-25.5));
#6990=CARTESIAN_POINT('Origin',(-6.82361253707656,0.,-22.5114113048513));
#6991=CARTESIAN_POINT('',(-8.17638746292345,3.,-23.292436272442));
#6992=CARTESIAN_POINT('',(-8.17638746292345,0.,-23.292436272442));
#6993=CARTESIAN_POINT('',(-9.,3.,-23.7679491924311));
#6994=CARTESIAN_POINT('Origin',(-6.,0.,-25.5));
#6995=CARTESIAN_POINT('',(-9.,3.,-24.7189750324093));
#6996=CARTESIAN_POINT('',(-9.,0.,-24.7189750324093));
#6997=CARTESIAN_POINT('Origin',(-6.,3.,-25.5));
#6998=CARTESIAN_POINT('Origin',(-4.,0.,0.375644347017863));
#6999=CARTESIAN_POINT('',(-7.,0.,5.57179676972449));
#7000=CARTESIAN_POINT('Origin',(-4.,6.08914176800458,0.375644347017863));
#7001=CARTESIAN_POINT('Origin',(-10.,0.,3.83974596215561));
#7002=CARTESIAN_POINT('',(-5.05255888325765,0.,6.69615242270663));
#7003=CARTESIAN_POINT('Origin',(-2.05255888325765,0.,1.5));
#7004=CARTESIAN_POINT('',(-2.05255888325765,0.,7.5));
#7005=CARTESIAN_POINT('Origin',(-3.66025403784438,0.,7.5));
#7006=CARTESIAN_POINT('',(2.05255888325765,0.,7.5));
#7007=CARTESIAN_POINT('Origin',(2.05255888325765,0.,1.5));
#7008=CARTESIAN_POINT('',(5.05255888325765,0.,6.69615242270663));
#7009=CARTESIAN_POINT('Origin',(4.,0.,0.375644347017859));
#7010=CARTESIAN_POINT('',(7.,0.,5.57179676972449));
#7011=CARTESIAN_POINT('Origin',(10.,0.,-19.5));
#7012=CARTESIAN_POINT('',(-10.,-2.,-18.7720595314676));
#7013=CARTESIAN_POINT('Origin',(-10.0000001490116,0.,-16.5));
#7014=CARTESIAN_POINT('',(-10.0000001490116,-2.,-17.2279404685324));
#7015=CARTESIAN_POINT('Origin',(0.,-2.,-18.));
#7016=CARTESIAN_POINT('Origin',(0.,0.,0.));
#7017=CARTESIAN_POINT('',(-3.00000004470348,1.8,-3.67394045218804E-16));
#7018=CARTESIAN_POINT('',(-3.00000004470348,0.,3.67394045218804E-16));
#7019=CARTESIAN_POINT('Origin',(0.,1.8,0.));
#7020=CARTESIAN_POINT('Origin',(0.,1.8,0.));
#7021=CARTESIAN_POINT('',(-1.65,1.8,-2.02066721859313E-16));
#7022=CARTESIAN_POINT('Origin',(0.,1.8,0.));
#7023=CARTESIAN_POINT('Origin',(0.687386354243373,3.,-1.5));
#7024=CARTESIAN_POINT('',(0.687386354243373,3.,-1.5));
#7025=CARTESIAN_POINT('',(0.343693177121688,3.,-1.5));
#7026=CARTESIAN_POINT('Ctrl Pts',(1.6986279076121,3.5,-1.31801488288386));
#7027=CARTESIAN_POINT('Ctrl Pts',(1.14755865633083,3.14404489639202,-1.44757194533231));
#7028=CARTESIAN_POINT('Ctrl Pts',(0.687386354242378,3.00000000001033,-1.5000000000132));
#7029=CARTESIAN_POINT('Origin',(0.,3.,0.));
#7030=CARTESIAN_POINT('Origin',(0.,3.,0.));
#7031=CARTESIAN_POINT('Origin',(2.22044604925031E-15,3.,-18.5));
#7032=CARTESIAN_POINT('',(-0.687386354243378,3.,-1.5));
#7033=CARTESIAN_POINT('',(-5.0000000372529,3.,-1.5));
#7034=CARTESIAN_POINT('Origin',(0.,3.,0.));
#7035=CARTESIAN_POINT('',(-9.,3.,-26.2810249675907));
#7036=CARTESIAN_POINT('',(-8.17638746292344,3.,-27.707563727558));
#7037=CARTESIAN_POINT('Origin',(-6.,3.,-25.5));
#7038=CARTESIAN_POINT('',(-6.82361253707656,3.,-28.4885886951486));
#7039=CARTESIAN_POINT('',(-6.,3.,-28.9641016151377));
#7040=CARTESIAN_POINT('',(-5.17638746292345,3.,-28.4885886951487));
#7041=CARTESIAN_POINT('Origin',(-6.,3.,-25.5));
#7042=CARTESIAN_POINT('',(-3.82361253707654,3.,-27.707563727558));
#7043=CARTESIAN_POINT('',(-3.,3.,-27.2320508075689));
#7044=CARTESIAN_POINT('Origin',(-6.,3.,-25.5));
#7045=CARTESIAN_POINT('',(-9.,3.,-27.2320508075689));
#7046=CARTESIAN_POINT('',(3.00000014362803,3.,-26.281025519281));
#7047=CARTESIAN_POINT('',(3.8236126903322,3.,-27.7075638786492));
#7048=CARTESIAN_POINT('Origin',(6.,3.,-25.5));
#7049=CARTESIAN_POINT('',(5.17638801251526,3.,-28.4885888466083));
#7050=CARTESIAN_POINT('',(6.00000043876267,3.,-28.9641015635186));
#7051=CARTESIAN_POINT('',(6.82361274455327,3.,-28.488588637971));
#7052=CARTESIAN_POINT('Origin',(6.,3.,-25.5));
#7053=CARTESIAN_POINT('',(8.17638786888726,3.,-27.7075633273273));
#7054=CARTESIAN_POINT('',(9.00000017467785,3.,-27.2320504017797));
#7055=CARTESIAN_POINT('Origin',(6.,3.,-25.5));
#7056=CARTESIAN_POINT('',(3.00000026408481,3.,-27.2320511617389));
#7057=CARTESIAN_POINT('Origin',(-10.0000000745058,3.,-1.5));
#7058=CARTESIAN_POINT('Ctrl Pts',(-0.687386354241639,3.00000000001038,-1.50000000001326));
#7059=CARTESIAN_POINT('Ctrl Pts',(-1.14755865633021,3.144044896392,-1.44757194533239));
#7060=CARTESIAN_POINT('Ctrl Pts',(-1.69862790761161,3.5,-1.31801488288393));
#7061=CARTESIAN_POINT('Origin',(0.,3.,0.));
#7062=CARTESIAN_POINT('Ctrl Pts',(-1.6986279076121,3.5,1.31801488288386));
#7063=CARTESIAN_POINT('Ctrl Pts',(-1.14755865633084,3.14404489639203,1.44757194533231));
#7064=CARTESIAN_POINT('Ctrl Pts',(-0.687386354242395,3.00000000001033,1.5000000000132));
#7065=CARTESIAN_POINT('',(-1.65,3.,2.02066721859313E-16));
#7066=CARTESIAN_POINT('Origin',(0.,3.,0.));
#7067=CARTESIAN_POINT('Origin',(0.,3.,0.));
#7068=CARTESIAN_POINT('Origin',(-0.687386354243382,3.,1.5));
#7069=CARTESIAN_POINT('Origin',(0.,0.,0.));
#7070=CARTESIAN_POINT('',(-1.65,0.,2.02066721859313E-16));
#7071=CARTESIAN_POINT('Origin',(-9.,0.,-24.7189750324093));
#7072=CARTESIAN_POINT('',(-9.,0.,-26.2810249675907));
#7073=CARTESIAN_POINT('Origin',(-6.,0.,-25.5));
#7074=CARTESIAN_POINT('',(-3.82361253707654,0.,-27.707563727558));
#7075=CARTESIAN_POINT('Origin',(-5.17638746292345,0.,-28.4885886951487));
#7076=CARTESIAN_POINT('',(-5.17638746292345,0.,-28.4885886951487));
#7077=CARTESIAN_POINT('Origin',(-6.,0.,-25.5));
#7078=CARTESIAN_POINT('',(-6.82361253707656,0.,-28.4885886951486));
#7079=CARTESIAN_POINT('Origin',(-8.17638746292344,0.,-27.707563727558));
#7080=CARTESIAN_POINT('',(-8.17638746292344,0.,-27.707563727558));
#7081=CARTESIAN_POINT('Origin',(-6.,0.,-25.5));
#7082=CARTESIAN_POINT('Origin',(2.99999994577894,0.,-24.7189752406782));
#7083=CARTESIAN_POINT('',(3.00000014362803,0.,-26.281025519281));
#7084=CARTESIAN_POINT('Origin',(6.,0.,-25.5));
#7085=CARTESIAN_POINT('',(8.17638786888726,0.,-27.7075633273273));
#7086=CARTESIAN_POINT('Origin',(6.82361274455327,0.,-28.488588637971));
#7087=CARTESIAN_POINT('',(6.82361274455327,0.,-28.488588637971));
#7088=CARTESIAN_POINT('Origin',(6.,0.,-25.5));
#7089=CARTESIAN_POINT('',(5.17638801251526,0.,-28.4885888466083));
#7090=CARTESIAN_POINT('Origin',(3.8236126903322,0.,-27.7075638786492));
#7091=CARTESIAN_POINT('',(3.8236126903322,0.,-27.7075638786492));
#7092=CARTESIAN_POINT('Origin',(6.,0.,-25.5));
#7093=CARTESIAN_POINT('Origin',(3.66025403784439,0.,7.5));
#7094=CARTESIAN_POINT('Origin',(-6.10034187142713,-3.1,-36.3782313072021));
#7095=CARTESIAN_POINT('',(-6.82527796355967,-2.70000000000006,-37.3448127633788));
#7096=CARTESIAN_POINT('',(-6.62868147293032,-2.87056942545959,-37.0826841092064));
#7097=CARTESIAN_POINT('Origin',(-6.82527796355967,-3.1,-37.3448127633788));
#7098=CARTESIAN_POINT('',(-5.57200226992398,-2.87056942545958,-35.6737785051979));
#7099=CARTESIAN_POINT('Origin',(-6.10034187142713,-2.87056942545958,-36.3782313072021));
#7100=CARTESIAN_POINT('',(-5.37540577929459,-2.70000000000006,-35.4116498510254));
#7101=CARTESIAN_POINT('Origin',(-5.37540577929459,-3.1,-35.4116498510254));
#7102=CARTESIAN_POINT('Origin',(-6.10034187142713,-2.70000000000006,-36.3782313072021));
#7103=CARTESIAN_POINT('Origin',(-0.100341871427083,-3.1,-28.3782313072022));
#7104=CARTESIAN_POINT('',(5.3713185270698,-2.8705694254596,-35.673778505198));
#7105=CARTESIAN_POINT('',(5.17472203644043,-2.70000000000006,-35.4116498510255));
#7106=CARTESIAN_POINT('Origin',(5.17472203644043,-3.10000000000003,-35.4116498510255));
#7107=CARTESIAN_POINT('Origin',(-0.100341871427083,-2.70000000000003,-28.3782313072022));
#7108=CARTESIAN_POINT('Origin',(-0.100341871427084,-2.87056942545958,-28.3782313072022));
#7109=CARTESIAN_POINT('Origin',(5.89965812857287,-3.1,-36.3782313072021));
#7110=CARTESIAN_POINT('',(6.42799773007594,-2.87056942545959,-37.0826841092062));
#7111=CARTESIAN_POINT('',(6.6245942207053,-2.70000000000006,-37.3448127633787));
#7112=CARTESIAN_POINT('Origin',(6.6245942207053,-3.1,-37.3448127633787));
#7113=CARTESIAN_POINT('Origin',(5.89965812857287,-2.70000000000006,-36.3782313072021));
#7114=CARTESIAN_POINT('Origin',(5.89965812857287,-2.87056942545958,-36.3782313072021));
#7115=CARTESIAN_POINT('Origin',(-0.100341871427084,-3.1,-28.3782313072022));
#7116=CARTESIAN_POINT('Origin',(-0.100341871427084,-2.70000000000003,-28.3782313072022));
#7117=CARTESIAN_POINT('Origin',(-0.100341871427084,-2.87056942545958,-28.3782313072022));
#7118=CARTESIAN_POINT('Origin',(-0.100341871427083,-2.70000000000005,-28.3782313072022));
#7119=CARTESIAN_POINT('',(-5.66839168059742,-3.10000000000005,-35.8022977194292));
#7120=CARTESIAN_POINT('',(-5.50034187142703,-2.70000000000005,-35.578231307202));
#7121=CARTESIAN_POINT('',(5.4677079377432,-3.10000000000005,-35.8022977194292));
#7122=CARTESIAN_POINT('Origin',(-0.100341871427083,-3.10000000000005,-28.3782313072022));
#7123=CARTESIAN_POINT('',(5.29965812857287,-2.70000000000005,-35.5782313072021));
#7124=CARTESIAN_POINT('Origin',(-6.10034187142713,-2.70000000000005,-36.3782313072021));
#7125=CARTESIAN_POINT('',(-6.53229206225691,-3.10000000000005,-36.9541648949752));
#7126=CARTESIAN_POINT('',(-6.70034187142724,-2.70000000000005,-37.1782313072023));
#7127=CARTESIAN_POINT('Origin',(-6.10034187142713,-3.10000000000005,-36.3782313072021));
#7128=CARTESIAN_POINT('Origin',(-9.84852813742385,-2.7,-19.5));
#7129=CARTESIAN_POINT('',(11.2755364955332,-2.70000000000002,-23.6958427233857));
#7130=CARTESIAN_POINT('',(11.0755319831556,-2.69818379800654,-24.8966677519919));
#7131=CARTESIAN_POINT('Ctrl Pts',(11.2755364955332,-2.70000000000002,-23.6958427233857));
#7132=CARTESIAN_POINT('Ctrl Pts',(11.1887194543206,-2.70000000000002,-24.0460759343192));
#7133=CARTESIAN_POINT('Ctrl Pts',(11.1155362997611,-2.70000000000002,-24.4382838944312));
#7134=CARTESIAN_POINT('Ctrl Pts',(11.0770027175977,-2.70000000000002,-24.8793498670677));
#7135=CARTESIAN_POINT('Ctrl Pts',(11.076261854411,-2.7,-24.8880086235458));
#7136=CARTESIAN_POINT('Ctrl Pts',(11.0755364955332,-2.7,-24.8966687216847));
#7137=CARTESIAN_POINT('',(11.2755364955332,-2.7,-19.9));
#7138=CARTESIAN_POINT('',(11.2755364955332,-2.7,-19.5));
#7139=CARTESIAN_POINT('',(-11.154683921794,-2.7,-19.9));
#7140=CARTESIAN_POINT('',(-4.92426391970002,-2.7,-19.9));
#7141=CARTESIAN_POINT('',(-11.154683921794,-2.70000000000002,-23.4302698792003));
#7142=CARTESIAN_POINT('',(-11.154683921794,-2.7,-19.5));
#7143=CARTESIAN_POINT('',(-10.9617438740631,-2.69983269475234,-24.2724865633404));
#7144=CARTESIAN_POINT('Ctrl Pts',(-10.9616840687193,-2.7,-24.2724941747182));
#7145=CARTESIAN_POINT('Ctrl Pts',(-10.9623498093395,-2.7,-24.2686307609305));
#7146=CARTESIAN_POINT('Ctrl Pts',(-10.9630185549028,-2.70000000000002,-24.2647678918316));
#7147=CARTESIAN_POINT('Ctrl Pts',(-11.0152666339121,-2.70000000000002,-23.9643581981243));
#7148=CARTESIAN_POINT('Ctrl Pts',(-11.0814092678194,-2.70000000000002,-23.6885000851693));
#7149=CARTESIAN_POINT('Ctrl Pts',(-11.154683921794,-2.70000000000002,-23.4302698792003));
#7150=CARTESIAN_POINT('',(-6.,-2.70000000000004,-30.6112698372208));
#7151=CARTESIAN_POINT('Origin',(-6.,-2.70000000000002,-25.5));
#7152=CARTESIAN_POINT('',(-10.9616840687193,-2.70000000000003,-26.7275058252818));
#7153=CARTESIAN_POINT('Origin',(-6.,-2.70000000000002,-25.5));
#7154=CARTESIAN_POINT('',(-10.9616840687193,-2.70000000000006,-36.887021879772));
#7155=CARTESIAN_POINT('',(-10.9616840687193,-2.7,-19.5));
#7156=CARTESIAN_POINT('',(-4.52380214656449,-2.7000000000001,-45.9857864376269));
#7157=CARTESIAN_POINT('Origin',(-4.35749477050373,-2.70000000000006,-36.6519769259645));
#7158=CARTESIAN_POINT('',(4.4755364955332,-2.7000000000001,-45.9857864376269));
#7159=CARTESIAN_POINT('',(-4.92007706858878,-2.7000000000001,-45.9857864376269));
#7160=CARTESIAN_POINT('',(11.0755364955332,-2.70000000000006,-36.6519769259644));
#7161=CARTESIAN_POINT('Origin',(4.47553649553322,-2.70000000000006,-36.6519769259645));
#7162=CARTESIAN_POINT('',(11.0775142779481,-2.69999788256694,-26.1033312783153));
#7163=CARTESIAN_POINT('',(11.0755364955332,-2.7,-19.5));
#7164=CARTESIAN_POINT('',(6.,-2.70000000000004,-30.6112698372208));
#7165=CARTESIAN_POINT('Origin',(6.,-2.70000000000002,-25.5));
#7166=CARTESIAN_POINT('Origin',(6.,-2.70000000000002,-25.5));
#7167=CARTESIAN_POINT('Origin',(-8.9958128508651,2.79999999999977,-79.7));
#7168=CARTESIAN_POINT('',(12.0058877483282,2.99999999999991,-79.5));
#7169=CARTESIAN_POINT('',(13.4820540522578,2.5999999999998,-79.9));
#7170=CARTESIAN_POINT('Origin',(9.60588774832886,0.599999999999887,-81.8999999999994));
#7171=CARTESIAN_POINT('',(-13.4820534562107,2.5999999999997,-79.9));
#7172=CARTESIAN_POINT('',(-8.9958128508651,2.59999999999972,-79.9));
#7173=CARTESIAN_POINT('',(-12.0058871522811,2.99999999999981,-79.5));
#7174=CARTESIAN_POINT('Origin',(-9.60588715228167,0.599999999999813,-81.8999999999994));
#7175=CARTESIAN_POINT('',(-8.9958128508651,2.99999999999982,-79.5));
#7176=CARTESIAN_POINT('Origin',(21.4029440231759,0.599999999999975,-70.1029437251523));
#7177=CARTESIAN_POINT('',(18.0000002980237,2.99999999999983,-73.5058874503046));
#7178=CARTESIAN_POINT('',(21.4029440231759,2.99999999999998,-70.1029437251523));
#7179=CARTESIAN_POINT('',(20.0000002980237,0.999999999999826,-74.8525275564409));
#7180=CARTESIAN_POINT('Ctrl Pts',(18.0000002980237,2.99999999999983,-73.5058874503046));
#7181=CARTESIAN_POINT('Ctrl Pts',(18.3018455401409,2.99999999999983,-73.6716588465281));
#7182=CARTESIAN_POINT('Ctrl Pts',(18.6228881313047,2.9278040371959,-73.8478099610746));
#7183=CARTESIAN_POINT('Ctrl Pts',(19.1982920815517,2.63355873614198,-74.1777508460932));
#7184=CARTESIAN_POINT('Ctrl Pts',(19.4524698328229,2.41148763774884,-74.3318413210035));
#7185=CARTESIAN_POINT('Ctrl Pts',(19.744874956491,1.99557465894885,-74.5371371324302));
#7186=CARTESIAN_POINT('Ctrl Pts',(19.8408441547913,1.80937879744376,-74.6131543161983));
#7187=CARTESIAN_POINT('Ctrl Pts',(19.9685221577524,1.41075760393974,-74.7470221450702));
#7188=CARTESIAN_POINT('Ctrl Pts',(20.0000002980237,1.19833988690147,-74.8051152550015));
#7189=CARTESIAN_POINT('Ctrl Pts',(20.0000002980237,0.999999999999826,-74.8525275564409));
#7190=CARTESIAN_POINT('',(20.0000002980237,0.599999999999956,-74.9));
#7191=CARTESIAN_POINT('Origin',(20.0000002980237,0.599999999999965,-71.5058874503046));
#7192=CARTESIAN_POINT('',(15.0000002980237,0.599999999999919,-79.9));
#7193=CARTESIAN_POINT('',(23.1000002980236,0.59999999999998,-71.8));
#7194=CARTESIAN_POINT('Origin',(11.6058877483282,0.599999999999902,-79.9));
#7195=CARTESIAN_POINT('Origin',(-17.9999997019765,3.,-19.5));
#7196=CARTESIAN_POINT('',(-17.9999997019765,2.99999999999981,-73.5058874503046));
#7197=CARTESIAN_POINT('',(-30.4029434271288,2.9999999999998,-61.1029437251523));
#7198=CARTESIAN_POINT('',(-17.9999997019765,3.,-19.9));
#7199=CARTESIAN_POINT('',(-17.9999997019765,3.,-19.5));
#7200=CARTESIAN_POINT('',(-11.4937892296667,3.00000000000002,-19.9));
#7201=CARTESIAN_POINT('',(-8.99999970197642,3.00000000000003,-19.9));
#7202=CARTESIAN_POINT('',(-11.4937892296667,2.99999999999996,-38.9));
#7203=CARTESIAN_POINT('',(-11.4937892296667,3.00000000000003,-19.5));
#7204=CARTESIAN_POINT('',(-4.48934603458963,2.99999999999996,-45.9));
#7205=CARTESIAN_POINT('Origin',(-4.48934603458963,2.99999999999998,-38.9));
#7206=CARTESIAN_POINT('',(4.4755364955332,2.99999999999999,-45.9));
#7207=CARTESIAN_POINT('',(-8.9958128508651,2.99999999999994,-45.9));
#7208=CARTESIAN_POINT('',(11.4755364955332,3.00000000000005,-38.9));
#7209=CARTESIAN_POINT('Origin',(4.4755364955332,3.00000000000002,-38.9));
#7210=CARTESIAN_POINT('',(11.4755364955332,3.00000000000011,-19.9));
#7211=CARTESIAN_POINT('',(11.4755364955332,3.00000000000012,-19.5));
#7212=CARTESIAN_POINT('',(18.0000002980237,3.00000000000002,-19.9));
#7213=CARTESIAN_POINT('',(-8.99999970197642,3.00000000000003,-19.9));
#7214=CARTESIAN_POINT('',(18.0000002980237,3.00000000000002,-19.5));
#7215=CARTESIAN_POINT('Origin',(-4.92007706858878,-1.7000000000001,-45.9857864376269));
#7216=CARTESIAN_POINT('',(-4.52380214656449,-2.40710678118665,-46.6928932188134));
#7217=CARTESIAN_POINT('Origin',(-4.52380214656449,-1.7000000000001,-45.9857864376269));
#7218=CARTESIAN_POINT('',(4.4755364955332,-2.40710678118665,-46.6928932188134));
#7219=CARTESIAN_POINT('',(-4.92007706858878,-2.40710678118665,-46.6928932188134));
#7220=CARTESIAN_POINT('Origin',(4.4755364955332,-1.7000000000001,-45.9857864376269));
#7221=CARTESIAN_POINT('Ctrl Pts',(-4.52380214656449,-2.7000000000001,-45.9857864376269));
#7222=CARTESIAN_POINT('Ctrl Pts',(-5.98155562267053,-2.7000000000001,-45.9857864376269));
#7223=CARTESIAN_POINT('Ctrl Pts',(-8.38197693143081,-2.70000000000009,-44.8030492683823));
#7224=CARTESIAN_POINT('Ctrl Pts',(-10.5245275856934,-2.70000000000008,-40.9877131677517));
#7225=CARTESIAN_POINT('Ctrl Pts',(-10.9616840687193,-2.70000000000007,-38.2605332119012));
#7226=CARTESIAN_POINT('Ctrl Pts',(-10.9616840687193,-2.70000000000006,-36.887021879772));
#7227=CARTESIAN_POINT('Ctrl Pts',(-4.52380214656449,-2.7000000000001,-46.1353860877978));
#7228=CARTESIAN_POINT('Ctrl Pts',(-6.02826749957915,-2.69999409903174,-46.1343252252759));
#7229=CARTESIAN_POINT('Ctrl Pts',(-8.50587578173078,-2.69905804936315,-44.9368722826653));
#7230=CARTESIAN_POINT('Ctrl Pts',(-10.7483618743167,-2.69959188282249,-41.0675565814715));
#7231=CARTESIAN_POINT('Ctrl Pts',(-11.2338868175496,-2.69923368625072,-38.2911191274363));
#7232=CARTESIAN_POINT('Ctrl Pts',(-11.2540985302197,-2.70000000000006,-36.887021879772));
#7233=CARTESIAN_POINT('Ctrl Pts',(-4.52380214656449,-2.64019395546082,-46.3970072647874));
#7234=CARTESIAN_POINT('Ctrl Pts',(-6.10991811151729,-2.64105750322996,-46.3941006826455));
#7235=CARTESIAN_POINT('Ctrl Pts',(-8.72383335232082,-2.62389335351825,-45.1707742258632));
#7236=CARTESIAN_POINT('Ctrl Pts',(-11.1395864144187,-2.55481003500198,-41.2064244297385));
#7237=CARTESIAN_POINT('Ctrl Pts',(-11.7080992504232,-2.49524525892278,-38.3437426256854));
#7238=CARTESIAN_POINT('Ctrl Pts',(-11.760757575943,-2.46071941058883,-36.887021879772));
#7239=CARTESIAN_POINT('Ctrl Pts',(-4.52380214656449,-2.4864439765109,-46.6135560234892));
#7240=CARTESIAN_POINT('Ctrl Pts',(-6.17753198479998,-2.4893737548487,-46.6097424806208));
#7241=CARTESIAN_POINT('Ctrl Pts',(-8.90343553347634,-2.42842669790922,-45.3496625461674));
#7242=CARTESIAN_POINT('Ctrl Pts',(-11.3828256858235,-2.21049852639973,-41.2834333711238));
#7243=CARTESIAN_POINT('Ctrl Pts',(-11.9270496428676,-2.04329324535814,-38.363916441319));
#7244=CARTESIAN_POINT('Ctrl Pts',(-11.9532394401624,-1.95478460037936,-36.8870218797721));
#7245=CARTESIAN_POINT('Ctrl Pts',(-4.52380214656449,-2.40710678118664,-46.6928932188135));
#7246=CARTESIAN_POINT('Ctrl Pts',(-6.2022872093656,-2.41103971885278,-46.6889602811473));
#7247=CARTESIAN_POINT('Ctrl Pts',(-8.96936889283417,-2.32797147678695,-45.4100887525678));
#7248=CARTESIAN_POINT('Ctrl Pts',(-11.446636008108,-2.04489475343992,-41.2997481479159));
#7249=CARTESIAN_POINT('Ctrl Pts',(-11.9573440721525,-1.83960073415879,-38.3646531271268));
#7250=CARTESIAN_POINT('Ctrl Pts',(-11.9610497292074,-1.73561287178909,-36.8870218797721));
#7251=CARTESIAN_POINT('',(-11.9610497292074,-1.73561287178909,-36.8870218797721));
#7252=CARTESIAN_POINT('Origin',(-10.9616840687193,-1.70000000000006,-36.8870218797721));
#7253=CARTESIAN_POINT('Origin',(-4.35749477050373,-1.70000000000006,-36.6519769259645));
#7254=CARTESIAN_POINT('Ctrl Pts',(11.0755364955332,-2.70000000000006,-36.6519769259644));
#7255=CARTESIAN_POINT('Ctrl Pts',(11.0755364955332,-2.70000000000007,-38.7464788825248));
#7256=CARTESIAN_POINT('Ctrl Pts',(10.2107358720163,-2.70000000000008,-42.2249389299351));
#7257=CARTESIAN_POINT('Ctrl Pts',(7.43436599356429,-2.70000000000009,-45.3473612850283));
#7258=CARTESIAN_POINT('Ctrl Pts',(5.46289418666142,-2.7000000000001,-45.9857864376269));
#7259=CARTESIAN_POINT('Ctrl Pts',(4.4755364955332,-2.7000000000001,-45.9857864376269));
#7260=CARTESIAN_POINT('Ctrl Pts',(11.3747357958751,-2.70000000000006,-36.6519769259644));
#7261=CARTESIAN_POINT('Ctrl Pts',(11.3438570345309,-2.69875455243161,-38.7941598492227));
#7262=CARTESIAN_POINT('Ctrl Pts',(10.4120733068561,-2.6998763633123,-42.3279837495738));
#7263=CARTESIAN_POINT('Ctrl Pts',(7.52914733348334,-2.69929416550566,-45.4897714523685));
#7264=CARTESIAN_POINT('Ctrl Pts',(5.49455291094728,-2.7000000000001,-46.1353860877978));
#7265=CARTESIAN_POINT('Ctrl Pts',(4.4755364955332,-2.7000000000001,-46.1353860877978));
#7266=CARTESIAN_POINT('Ctrl Pts',(11.8926544645945,-2.44880251154522,-36.6519769259644));
#7267=CARTESIAN_POINT('Ctrl Pts',(11.8126219496492,-2.50294226958171,-38.876061713722));
#7268=CARTESIAN_POINT('Ctrl Pts',(10.7640097794857,-2.57507136732471,-42.5076911278764));
#7269=CARTESIAN_POINT('Ctrl Pts',(7.69582301295522,-2.62993585965595,-45.7386885754851));
#7270=CARTESIAN_POINT('Ctrl Pts',(5.54989117569261,-2.64019395974241,-46.3970072667824));
#7271=CARTESIAN_POINT('Ctrl Pts',(4.4755364955332,-2.64019395974241,-46.3970072667824));
#7272=CARTESIAN_POINT('Ctrl Pts',(12.0755364955332,-1.92439947525647,-36.6519769259644));
#7273=CARTESIAN_POINT('Ctrl Pts',(12.0395937294703,-2.06073145999996,-38.9052822349167));
#7274=CARTESIAN_POINT('Ctrl Pts',(11.0066948166167,-2.27147098259809,-42.6187696003808));
#7275=CARTESIAN_POINT('Ctrl Pts',(7.83250898373839,-2.45066602858705,-45.93642381805));
#7276=CARTESIAN_POINT('Ctrl Pts',(5.59571611602508,-2.4864439765109,-46.6135560234892));
#7277=CARTESIAN_POINT('Ctrl Pts',(4.4755364955332,-2.4864439765109,-46.6135560234892));
#7278=CARTESIAN_POINT('Ctrl Pts',(12.0755364955332,-1.70000000000006,-36.6519769259644));
#7279=CARTESIAN_POINT('Ctrl Pts',(12.0755364955332,-1.85867439064858,-38.9051532731733));
#7280=CARTESIAN_POINT('Ctrl Pts',(11.0797054745138,-2.12219409120997,-42.647133021145));
#7281=CARTESIAN_POINT('Ctrl Pts',(7.88267349326597,-2.35874123932311,-46.0061025243514));
#7282=CARTESIAN_POINT('Ctrl Pts',(5.61249383683236,-2.40710678118664,-46.6928932188135));
#7283=CARTESIAN_POINT('Ctrl Pts',(4.4755364955332,-2.40710678118664,-46.6928932188135));
#7284=CARTESIAN_POINT('',(12.0755364955332,-1.70000000000006,-36.6519769259644));
#7285=CARTESIAN_POINT('Origin',(11.0755364955332,-1.70000000000006,-36.6519769259644));
#7286=CARTESIAN_POINT('Origin',(4.47553649553322,-1.70000000000006,-36.6519769259645));
#7287=CARTESIAN_POINT('Origin',(-10.9616840687193,-1.7,-19.5));
#7288=CARTESIAN_POINT('',(-11.9610497292074,-1.73561287178905,-26.7275058252818));
#7289=CARTESIAN_POINT('Origin',(-10.9616840687193,-1.70000000000003,-26.7275058252818));
#7290=CARTESIAN_POINT('',(-11.9610497292074,-1.73561287178903,-19.5));
#7291=CARTESIAN_POINT('Origin',(11.0755364955332,-1.7,-19.5));
#7292=CARTESIAN_POINT('',(12.0755364955332,-1.70000000000002,-26.1033312783153));
#7293=CARTESIAN_POINT('Origin',(11.0755364955332,-1.70000000000003,-26.1033312783153));
#7294=CARTESIAN_POINT('',(12.0755364955332,-1.7,-19.5));
#7295=CARTESIAN_POINT('Ctrl Pts',(-11.9541764501846,-1.92849029743124,-22.1729723607312));
#7296=CARTESIAN_POINT('Ctrl Pts',(-11.9600515758421,-1.76362297451584,-22.8054124431002));
#7297=CARTESIAN_POINT('Ctrl Pts',(-11.9616187636306,-1.71964467170817,-24.337870569809));
#7298=CARTESIAN_POINT('Ctrl Pts',(-11.9610497292074,-1.73561287178903,-25.8575830795992));
#7299=CARTESIAN_POINT('Ctrl Pts',(-11.9610497292074,-1.73561287178903,-26.7275058252818));
#7300=CARTESIAN_POINT('Ctrl Pts',(-11.9479408180625,-2.1034741249391,-22.2186458579086));
#7301=CARTESIAN_POINT('Ctrl Pts',(-11.9539353748712,-1.93326016818615,-22.8212295981426));
#7302=CARTESIAN_POINT('Ctrl Pts',(-11.9565782002786,-1.85766591156003,-24.3275028257065));
#7303=CARTESIAN_POINT('Ctrl Pts',(-11.9561523171135,-1.87206078869402,-25.8612545824773));
#7304=CARTESIAN_POINT('Ctrl Pts',(-11.9558428698441,-1.88172735751588,-26.7275058252818));
#7305=CARTESIAN_POINT('Ctrl Pts',(-11.8347448496206,-2.44874883668921,-22.30970516857));
#7306=CARTESIAN_POINT('Ctrl Pts',(-11.8556141257151,-2.26855675418335,-22.852761461989));
#7307=CARTESIAN_POINT('Ctrl Pts',(-11.8890050058505,-2.1312124573809,-24.3067508175185));
#7308=CARTESIAN_POINT('Ctrl Pts',(-11.8899196962109,-2.14260070644332,-25.8685886768389));
#7309=CARTESIAN_POINT('Ctrl Pts',(-11.8801458910458,-2.17118349126006,-26.7275058252818));
#7310=CARTESIAN_POINT('Ctrl Pts',(-11.3417500260704,-2.86961355784145,-22.4239978082016));
#7311=CARTESIAN_POINT('Ctrl Pts',(-11.4239541342535,-2.70226927204229,-22.8987980342244));
#7312=CARTESIAN_POINT('Ctrl Pts',(-11.5879955868975,-2.52603573465961,-24.2773613956909));
#7313=CARTESIAN_POINT('Ctrl Pts',(-11.595785104263,-2.5329656089048,-25.8790094491402));
#7314=CARTESIAN_POINT('Ctrl Pts',(-11.5453127326322,-2.5749979585832,-26.7275058252818));
#7315=CARTESIAN_POINT('Ctrl Pts',(-10.8527693638843,-2.89044547500136,-22.433970808686));
#7316=CARTESIAN_POINT('Ctrl Pts',(-10.9771039972963,-2.77155452550669,-22.9143679363507));
#7317=CARTESIAN_POINT('Ctrl Pts',(-11.2525160907931,-2.67014612050529,-24.2670325727167));
#7318=CARTESIAN_POINT('Ctrl Pts',(-11.2679326791297,-2.67746836504702,-25.8824989092208));
#7319=CARTESIAN_POINT('Ctrl Pts',(-11.1809949148446,-2.70000000000001,-26.7275058252818));
#7320=CARTESIAN_POINT('Ctrl Pts',(-10.599102697442,-2.7964387128211,-22.411821169429));
#7321=CARTESIAN_POINT('Ctrl Pts',(-10.7281576265845,-2.7140050513634,-22.9158628205105));
#7322=CARTESIAN_POINT('Ctrl Pts',(-11.0424007605871,-2.69201589995957,-24.2670972477874));
#7323=CARTESIAN_POINT('Ctrl Pts',(-11.0630858868153,-2.7,-25.8826695866567));
#7324=CARTESIAN_POINT('Ctrl Pts',(-10.9616840687193,-2.7,-26.7275058252818));
#7325=CARTESIAN_POINT('',(-11.9541764501846,-1.92849029743123,-22.1729723607312));
#7326=CARTESIAN_POINT('Ctrl Pts',(-11.154683921794,-2.70000000000002,-23.4302698792003));
#7327=CARTESIAN_POINT('Ctrl Pts',(-11.2035713530331,-2.70000000000001,-23.2579836826318));
#7328=CARTESIAN_POINT('Ctrl Pts',(-11.267570967905,-2.69483347244022,-23.130111806706));
#7329=CARTESIAN_POINT('Ctrl Pts',(-11.4244763493605,-2.65895903477067,-22.8805217348804));
#7330=CARTESIAN_POINT('Ctrl Pts',(-11.5298381666643,-2.61747455251636,-22.7658530394522));
#7331=CARTESIAN_POINT('Ctrl Pts',(-11.7215511768339,-2.47585863973442,-22.5633528205919));
#7332=CARTESIAN_POINT('Ctrl Pts',(-11.8030588323503,-2.38503991596594,-22.4795183007476));
#7333=CARTESIAN_POINT('Ctrl Pts',(-11.9167933181131,-2.17033198405037,-22.3199018071608));
#7334=CARTESIAN_POINT('Ctrl Pts',(-11.9490762294968,-2.05362862233498,-22.2476563406488));
#7335=CARTESIAN_POINT('Ctrl Pts',(-11.9540740741476,-1.93126190784726,-22.1746254168621));
#7336=CARTESIAN_POINT('Ctrl Pts',(-11.9541270618242,-1.9298762297898,-22.1737987865392));
#7337=CARTESIAN_POINT('Ctrl Pts',(-11.9541764501846,-1.92849029743103,-22.172972360732));
#7338=CARTESIAN_POINT('Ctrl Pts',(-11.9541764501846,-1.92849029743124,-22.1729723607312));
#7339=CARTESIAN_POINT('Ctrl Pts',(-11.9600515758421,-1.76362297451584,-22.8054124431002));
#7340=CARTESIAN_POINT('Ctrl Pts',(-11.9616187636306,-1.71964467170817,-24.337870569809));
#7341=CARTESIAN_POINT('Ctrl Pts',(-11.9610497292074,-1.73561287178903,-25.8575830795992));
#7342=CARTESIAN_POINT('Ctrl Pts',(-11.9610497292074,-1.73561287178903,-26.7275058252818));
#7343=CARTESIAN_POINT('Ctrl Pts',(-10.9616840687193,-2.7,-26.7275058252818));
#7344=CARTESIAN_POINT('Ctrl Pts',(-11.0570681442232,-2.7,-25.9328068239561));
#7345=CARTESIAN_POINT('Ctrl Pts',(-11.0522699961079,-2.69596309818055,-25.068783133441));
#7346=CARTESIAN_POINT('Ctrl Pts',(-10.9617438740631,-2.69983269475234,-24.2724865633404));
#7347=CARTESIAN_POINT('Ctrl Pts',(10.7057626836563,-2.8,-22.5628621665448));
#7348=CARTESIAN_POINT('Ctrl Pts',(10.8069142961966,-2.73240080132877,-22.9885281369827));
#7349=CARTESIAN_POINT('Ctrl Pts',(11.0465594097185,-2.6886208233776,-24.0971397250923));
#7350=CARTESIAN_POINT('Ctrl Pts',(11.1177118239747,-2.7,-25.3887162832415));
#7351=CARTESIAN_POINT('Ctrl Pts',(11.0755364955332,-2.7,-26.1033312783153));
#7352=CARTESIAN_POINT('Ctrl Pts',(10.8782751088255,-2.86650491392453,-22.5799167722268));
#7353=CARTESIAN_POINT('Ctrl Pts',(10.9773068833224,-2.77906595904981,-22.9916659374991));
#7354=CARTESIAN_POINT('Ctrl Pts',(11.2006175628783,-2.69069215422214,-24.0957673273748));
#7355=CARTESIAN_POINT('Ctrl Pts',(11.2632951291374,-2.69367350243131,-25.3887170902941));
#7356=CARTESIAN_POINT('Ctrl Pts',(11.2251361457042,-2.7,-26.1033312783153));
#7357=CARTESIAN_POINT('Ctrl Pts',(11.2615204044518,-2.9035413651685,-22.5894144474292));
#7358=CARTESIAN_POINT('Ctrl Pts',(11.3410785167704,-2.78041004457783,-22.987131486677));
#7359=CARTESIAN_POINT('Ctrl Pts',(11.5080376304531,-2.62391710629886,-24.0959240699042));
#7360=CARTESIAN_POINT('Ctrl Pts',(11.5511653768271,-2.61639645026439,-25.388373754181));
#7361=CARTESIAN_POINT('Ctrl Pts',(11.5238949083009,-2.6315871908543,-26.1033312783153));
#7362=CARTESIAN_POINT('Ctrl Pts',(11.8694215839719,-2.61554055153748,-22.5155591482836));
#7363=CARTESIAN_POINT('Ctrl Pts',(11.8938073778091,-2.46395264295802,-22.9440293787434));
#7364=CARTESIAN_POINT('Ctrl Pts',(11.9409047797609,-2.28512443751116,-24.1053134219625));
#7365=CARTESIAN_POINT('Ctrl Pts',(11.951722656887,-2.28112788735175,-25.3866964102442));
#7366=CARTESIAN_POINT('Ctrl Pts',(11.9443976924271,-2.29702060510187,-26.1033312783153));
#7367=CARTESIAN_POINT('Ctrl Pts',(12.0755364955332,-2.16977943727395,-22.4012475946934));
#7368=CARTESIAN_POINT('Ctrl Pts',(12.0749454066162,-2.02789484783003,-22.8910070615915));
#7369=CARTESIAN_POINT('Ctrl Pts',(12.0746282794826,-1.90542268978869,-24.1177459418268));
#7370=CARTESIAN_POINT('Ctrl Pts',(12.0754160157818,-1.91833857001302,-25.3848292017619));
#7371=CARTESIAN_POINT('Ctrl Pts',(12.0755364955332,-1.92439947525641,-26.1033312783153));
#7372=CARTESIAN_POINT('Ctrl Pts',(12.0755364955332,-1.90000000000001,-22.3320650087416));
#7373=CARTESIAN_POINT('Ctrl Pts',(12.0755364955332,-1.76480160265755,-22.8592749569331));
#7374=CARTESIAN_POINT('Ctrl Pts',(12.0755364955332,-1.67724164675521,-24.1254361911293));
#7375=CARTESIAN_POINT('Ctrl Pts',(12.0755364955332,-1.7,-25.3837028832109));
#7376=CARTESIAN_POINT('Ctrl Pts',(12.0755364955332,-1.7,-26.1033312783153));
#7377=CARTESIAN_POINT('Ctrl Pts',(11.0755319831556,-2.69818379800654,-24.8966677519919));
#7378=CARTESIAN_POINT('Ctrl Pts',(11.0988788059037,-2.6979126456987,-25.2965136399818));
#7379=CARTESIAN_POINT('Ctrl Pts',(11.1011986234776,-2.69994810176747,-25.7035896776195));
#7380=CARTESIAN_POINT('Ctrl Pts',(11.0776381882422,-2.69999774990738,-26.1033312783153));
#7381=CARTESIAN_POINT('',(12.0755364955332,-1.90000000000001,-22.3320650087416));
#7382=CARTESIAN_POINT('Ctrl Pts',(12.0755364955332,-1.7,-26.1033312783153));
#7383=CARTESIAN_POINT('Ctrl Pts',(12.0755364955332,-1.7,-25.3837028832109));
#7384=CARTESIAN_POINT('Ctrl Pts',(12.0755364955332,-1.67724164675521,-24.1254361911293));
#7385=CARTESIAN_POINT('Ctrl Pts',(12.0755364955332,-1.76480160265755,-22.8592749569331));
#7386=CARTESIAN_POINT('Ctrl Pts',(12.0755364955332,-1.90000000000001,-22.3320650087416));
#7387=CARTESIAN_POINT('Ctrl Pts',(12.0755364955332,-1.90000000000001,-22.3320650087416));
#7388=CARTESIAN_POINT('Ctrl Pts',(12.0755364955332,-1.90139411343332,-22.3329033581694));
#7389=CARTESIAN_POINT('Ctrl Pts',(12.0755328513723,-1.90278809216053,-22.3337419249001));
#7390=CARTESIAN_POINT('Ctrl Pts',(12.0751579743404,-1.9745009443372,-22.3768978563805));
#7391=CARTESIAN_POINT('Ctrl Pts',(12.0655224185845,-2.04401609515383,-22.4195039331597));
#7392=CARTESIAN_POINT('Ctrl Pts',(12.0288788638214,-2.17804764388058,-22.5071805234127));
#7393=CARTESIAN_POINT('Ctrl Pts',(12.0020824260338,-2.24166661492699,-22.5516667023965));
#7394=CARTESIAN_POINT('Ctrl Pts',(11.9047362192687,-2.41004198759804,-22.6847139151608));
#7395=CARTESIAN_POINT('Ctrl Pts',(11.8193113578732,-2.4974221765398,-22.7736700589818));
#7396=CARTESIAN_POINT('Ctrl Pts',(11.6382312401619,-2.62103935177084,-22.977096803255));
#7397=CARTESIAN_POINT('Ctrl Pts',(11.5473026277547,-2.65699139586741,-23.0860880705817));
#7398=CARTESIAN_POINT('Ctrl Pts',(11.4018566764479,-2.69278011061275,-23.3304527301213));
#7399=CARTESIAN_POINT('Ctrl Pts',(11.3305086852275,-2.70000000000002,-23.4740765097514));
#7400=CARTESIAN_POINT('Ctrl Pts',(11.2755364955332,-2.70000000000002,-23.6958427233857));
#7401=CARTESIAN_POINT('Origin',(12.0755364955332,-0.372991641890635,-19.5));
#7402=CARTESIAN_POINT('',(12.0755364955332,0.400000000000048,-38.7519769259646));
#7403=CARTESIAN_POINT('',(12.0755364955332,-2.14644416731913,-36.2055327586454));
#7404=CARTESIAN_POINT('',(12.0755364955332,1.40000000000007,-33.0598771376615));
#7405=CARTESIAN_POINT('Ctrl Pts',(12.0755364955332,0.40000000000005,-38.7519769259646));
#7406=CARTESIAN_POINT('Ctrl Pts',(12.0755364955332,0.401154633367161,-38.7473296163083));
#7407=CARTESIAN_POINT('Ctrl Pts',(12.0755364955332,0.402309447722541,-38.742681578185));
#7408=CARTESIAN_POINT('Ctrl Pts',(12.0755364955332,0.472588501820323,-38.4598125739275));
#7409=CARTESIAN_POINT('Ctrl Pts',(12.0755364955348,0.548596550407946,-38.1538100425096));
#7410=CARTESIAN_POINT('Ctrl Pts',(12.0755364955348,0.694897011970473,-37.5539463071635));
#7411=CARTESIAN_POINT('Ctrl Pts',(12.0755364955332,0.769243709676064,-37.2430917195199));
#7412=CARTESIAN_POINT('Ctrl Pts',(12.0755364955332,0.985701468489498,-36.2981446346439));
#7413=CARTESIAN_POINT('Ctrl Pts',(12.0755364955332,1.124913795873,-35.6327149369085));
#7414=CARTESIAN_POINT('Ctrl Pts',(12.0755364955332,1.32591907978353,-34.3605475007943));
#7415=CARTESIAN_POINT('Ctrl Pts',(12.0755364955332,1.40000000000007,-33.6929445770014));
#7416=CARTESIAN_POINT('Ctrl Pts',(12.0755364955332,1.40000000000007,-33.0598771376615));
#7417=CARTESIAN_POINT('',(12.0755364955332,1.40000000000012,-19.9));
#7418=CARTESIAN_POINT('',(12.0755364955332,1.40000000000012,-19.5));
#7419=CARTESIAN_POINT('',(12.0755364955332,-1.9,-19.9));
#7420=CARTESIAN_POINT('',(12.0755364955333,-19.9364958209453,-19.8999999999999));
#7421=CARTESIAN_POINT('',(12.0755364955332,-1.9,-19.5));
#7422=CARTESIAN_POINT('Origin',(6.,-3.7,-25.5));
#7423=CARTESIAN_POINT('',(10.1112698372208,-3.7,-25.5));
#7424=CARTESIAN_POINT('',(6.,-3.70000000000002,-29.6112698372208));
#7425=CARTESIAN_POINT('Origin',(6.,-3.7,-25.5));
#7426=CARTESIAN_POINT('Origin',(6.,-3.70000000000002,-30.6112698372208));
#7427=CARTESIAN_POINT('Origin',(6.,-3.7,-25.5));
#7428=CARTESIAN_POINT('Origin',(4.47553649553322,-2.14644416731917,-36.2055327586454));
#7429=CARTESIAN_POINT('',(4.47553649553318,1.10710678118653,-50.2071067811867));
#7430=CARTESIAN_POINT('',(4.47553649553322,-7.52045570433695,-41.5795442956631));
#7431=CARTESIAN_POINT('Origin',(4.47553649553321,0.400000000000019,-38.7519769259646));
#7432=CARTESIAN_POINT('Origin',(0.00837400024630082,-0.054415587728518,
-49.0455844122716));
#7433=CARTESIAN_POINT('',(-4.6490328223663,1.1071067811865,-50.2071067811866));
#7434=CARTESIAN_POINT('',(-4.35500479577146,-7.14388501584491,-41.9561149841552));
#7435=CARTESIAN_POINT('',(-8.99581285086516,1.10710678118648,-50.2071067811866));
#7436=CARTESIAN_POINT('Origin',(-4.35500479577146,-1.76987347882713,-36.5821034471374));
#7437=CARTESIAN_POINT('',(-12.0384223937768,0.435612871788977,-39.0582476233501));
#7438=CARTESIAN_POINT('',(-11.9501838154815,-2.04053130442373,-36.5821034471374));
#7439=CARTESIAN_POINT('Origin',(-4.43232927174168,0.399999999999985,-38.7519769259645));
#7440=CARTESIAN_POINT('Origin',(-12.0590422308453,1.01424514871564,-19.5));
#7441=CARTESIAN_POINT('',(-11.9541764501846,-1.92849029743122,-19.9));
#7442=CARTESIAN_POINT('',(-11.9541764501846,-1.92849029743122,-19.5));
#7443=CARTESIAN_POINT('',(-12.072788788891,1.40000000000002,-19.9));
#7444=CARTESIAN_POINT('',(-11.3304384424384,-19.4317781472717,-19.8999999999999));
#7445=CARTESIAN_POINT('',(-12.072788788891,1.39999999999997,-33.4297119151472));
#7446=CARTESIAN_POINT('',(-12.072788788891,1.40000000000002,-19.5));
#7447=CARTESIAN_POINT('Ctrl Pts',(-12.072788788891,1.39999999999997,-33.4297119151472));
#7448=CARTESIAN_POINT('Ctrl Pts',(-12.072788788891,1.39999999999997,-34.0634709722004));
#7449=CARTESIAN_POINT('Ctrl Pts',(-12.0702984736576,1.33011696605629,-34.7276222090124));
#7450=CARTESIAN_POINT('Ctrl Pts',(-12.0620222159597,1.09786926107998,-36.2497037468054));
#7451=CARTESIAN_POINT('Ctrl Pts',(-12.0545827501656,0.889103547274743,-37.1885974247406));
#7452=CARTESIAN_POINT('Ctrl Pts',(-12.0466455780922,0.666371236930033,-38.1177193959284));
#7453=CARTESIAN_POINT('Ctrl Pts',(-12.046124602335,0.651751654098171,-38.1783726671435));
#7454=CARTESIAN_POINT('Ctrl Pts',(-12.0432845405468,0.572054059317162,-38.5074929470955));
#7455=CARTESIAN_POINT('Ctrl Pts',(-12.0409179979572,0.505644323755987,-38.7762462854186));
#7456=CARTESIAN_POINT('Ctrl Pts',(-12.0385046511252,0.437921171154773,-39.0489537503113));
#7457=CARTESIAN_POINT('Ctrl Pts',(-12.0384635241803,0.436767069999621,-39.0536006815762));
#7458=CARTESIAN_POINT('Ctrl Pts',(-12.0384223937768,0.435612871788975,-39.0582476233501));
#7459=CARTESIAN_POINT('Origin',(-11.154683921794,-1.9,-19.5));
#7460=CARTESIAN_POINT('Origin',(-11.154683921794,-1.9,-19.9));
#7461=CARTESIAN_POINT('Origin',(-6.,-3.7,-25.5));
#7462=CARTESIAN_POINT('',(-1.8887301627792,-3.7,-25.5));
#7463=CARTESIAN_POINT('',(-6.,-3.70000000000002,-29.6112698372208));
#7464=CARTESIAN_POINT('Origin',(-6.,-3.7,-25.5));
#7465=CARTESIAN_POINT('Origin',(-6.,-3.70000000000002,-30.6112698372208));
#7466=CARTESIAN_POINT('Origin',(-6.,-3.7,-25.5));
#7467=CARTESIAN_POINT('Origin',(-8.99581285086516,0.399999999999924,-50.9142135623731));
#7468=CARTESIAN_POINT('',(-4.6490328223663,1.39999999999994,-50.9142135623732));
#7469=CARTESIAN_POINT('Origin',(-4.6490328223663,0.399999999999941,-50.9142135623732));
#7470=CARTESIAN_POINT('',(4.47553649553318,1.39999999999998,-50.9142135623732));
#7471=CARTESIAN_POINT('',(-8.99581285086516,1.39999999999992,-50.9142135623731));
#7472=CARTESIAN_POINT('Origin',(4.47553649553318,0.399999999999976,-50.9142135623732));
#7473=CARTESIAN_POINT('Ctrl Pts',(-11.1739071742132,0.106582025197048,-33.7551619648579));
#7474=CARTESIAN_POINT('Ctrl Pts',(-11.8527223003654,0.230627401292318,-35.741861860205));
#7475=CARTESIAN_POINT('Ctrl Pts',(-12.2859430625496,0.44148732959751,-39.1446574779335));
#7476=CARTESIAN_POINT('Ctrl Pts',(-11.4023972601074,0.771295059588811,-44.5226301198221));
#7477=CARTESIAN_POINT('Ctrl Pts',(-9.01975773619803,1.03636861289692,-48.9046230550617));
#7478=CARTESIAN_POINT('Ctrl Pts',(-6.11441556829438,1.11053981543296,-50.2105398154331));
#7479=CARTESIAN_POINT('Ctrl Pts',(-4.6490328223663,1.10710678118649,-50.2071067811866));
#7480=CARTESIAN_POINT('Ctrl Pts',(-11.1248090703917,0.27671049049107,-33.7729384774359));
#7481=CARTESIAN_POINT('Ctrl Pts',(-11.8251934299551,0.395754700001258,-35.743499979256));
#7482=CARTESIAN_POINT('Ctrl Pts',(-12.295654721149,0.589182078022282,-39.1405497438822));
#7483=CARTESIAN_POINT('Ctrl Pts',(-11.4464103878517,0.878014786921484,-44.5354115800223));
#7484=CARTESIAN_POINT('Ctrl Pts',(-9.06330524744833,1.10169654653285,-48.946248541486));
#7485=CARTESIAN_POINT('Ctrl Pts',(-6.12882561560416,1.16284729416958,-50.2633613324817));
#7486=CARTESIAN_POINT('Ctrl Pts',(-4.6490328223663,1.15999824473599,-50.2599982447361));
#7487=CARTESIAN_POINT('Ctrl Pts',(-11.1145350473167,0.644521783994659,-33.7766583013436));
#7488=CARTESIAN_POINT('Ctrl Pts',(-11.8535983297141,0.737446765722746,-35.7314820354949));
#7489=CARTESIAN_POINT('Ctrl Pts',(-12.38052766134,0.878781340723321,-39.1353621885513));
#7490=CARTESIAN_POINT('Ctrl Pts',(-11.5676430181712,1.07485272512978,-44.5761857383681));
#7491=CARTESIAN_POINT('Ctrl Pts',(-9.15994378416258,1.21794871136681,-49.0435120802167));
#7492=CARTESIAN_POINT('Ctrl Pts',(-6.16089935048339,1.25560271682674,-50.380721375608));
#7493=CARTESIAN_POINT('Ctrl Pts',(-4.6490328223663,1.25383052850011,-50.3777046771283));
#7494=CARTESIAN_POINT('Ctrl Pts',(-11.4064626521461,1.21153756338598,-33.6709626769674));
#7495=CARTESIAN_POINT('Ctrl Pts',(-12.1790837342011,1.23914801445368,-35.6629006709926));
#7496=CARTESIAN_POINT('Ctrl Pts',(-12.7272990277828,1.27772629668971,-39.1367469067253));
#7497=CARTESIAN_POINT('Ctrl Pts',(-11.8719137427749,1.32709750428638,-44.6906057864382));
#7498=CARTESIAN_POINT('Ctrl Pts',(-9.35397650050958,1.36029123208878,-49.2506957951868));
#7499=CARTESIAN_POINT('Ctrl Pts',(-6.22557480497751,1.36858805964911,-50.6169060526573));
#7500=CARTESIAN_POINT('Ctrl Pts',(-4.6490328223663,1.36819061117975,-50.6150577708235));
#7501=CARTESIAN_POINT('Ctrl Pts',(-11.8217913652268,1.39999999999998,-33.5205883138574));
#7502=CARTESIAN_POINT('Ctrl Pts',(-12.5889906545556,1.39938592696396,-35.5844282454116));
#7503=CARTESIAN_POINT('Ctrl Pts',(-13.0958977079788,1.39996091975725,-39.1445610459485));
#7504=CARTESIAN_POINT('Ctrl Pts',(-12.1423645984186,1.39948242385527,-44.7974612335397));
#7505=CARTESIAN_POINT('Ctrl Pts',(-9.50632721268102,1.39985990338756,-49.4192426458452));
#7506=CARTESIAN_POINT('Ctrl Pts',(-6.27651578762001,1.3999982640211,-50.8027076601735));
#7507=CARTESIAN_POINT('Ctrl Pts',(-4.6490328223663,1.39999999999994,-50.802013824745));
#7508=CARTESIAN_POINT('Ctrl Pts',(-12.072788788891,1.39999999999998,-33.4297119151472));
#7509=CARTESIAN_POINT('Ctrl Pts',(-12.8359196449807,1.39999999999997,-35.5374525553532));
#7510=CARTESIAN_POINT('Ctrl Pts',(-13.3176403483629,1.39999999999995,-39.1493797828585));
#7511=CARTESIAN_POINT('Ctrl Pts',(-12.3045392351976,1.39999999999993,-44.8617769200054));
#7512=CARTESIAN_POINT('Ctrl Pts',(-9.59770559062857,1.39999999999992,-49.5203962206121));
#7513=CARTESIAN_POINT('Ctrl Pts',(-6.30709065260273,1.39999999999993,-50.9142135623731));
#7514=CARTESIAN_POINT('Ctrl Pts',(-4.6490328223663,1.39999999999994,-50.9142135623732));
#7515=CARTESIAN_POINT('Origin',(-4.43232927174168,1.39999999999999,-38.7519769259645));
#7516=CARTESIAN_POINT('Ctrl Pts',(4.47553649553318,1.10710678118653,-50.2071067811866));
#7517=CARTESIAN_POINT('Ctrl Pts',(5.22027812258407,1.10710678118653,-50.2071067811866));
#7518=CARTESIAN_POINT('Ctrl Pts',(7.45616982852483,1.07679253070648,-49.7160159234097));
#7519=CARTESIAN_POINT('Ctrl Pts',(10.6913979941937,0.876319605471326,-46.4683545345998));
#7520=CARTESIAN_POINT('Ctrl Pts',(12.4852999330866,0.475438188054213,-39.974075572442));
#7521=CARTESIAN_POINT('Ctrl Pts',(11.8889149203628,0.191531838986992,-35.3747927175529));
#7522=CARTESIAN_POINT('Ctrl Pts',(11.1918155653007,0.0690639657963953,-33.3908131718651));
#7523=CARTESIAN_POINT('Ctrl Pts',(4.47553649553318,1.15999824473603,-50.2599982447362));
#7524=CARTESIAN_POINT('Ctrl Pts',(5.22760690597544,1.15999824473603,-50.2599982447362));
#7525=CARTESIAN_POINT('Ctrl Pts',(7.48561223786293,1.13479496181982,-49.7650401461444));
#7526=CARTESIAN_POINT('Ctrl Pts',(10.7420348921303,0.96785465420503,-46.4923169553228));
#7527=CARTESIAN_POINT('Ctrl Pts',(12.5032341039527,0.621623811549605,-39.9671933110209));
#7528=CARTESIAN_POINT('Ctrl Pts',(11.8540374181709,0.359200273602228,-35.377803459248));
#7529=CARTESIAN_POINT('Ctrl Pts',(11.1354963337352,0.240547468270658,-33.4119036117382));
#7530=CARTESIAN_POINT('Ctrl Pts',(4.47553649553318,1.25383053612081,-50.3777046743963));
#7531=CARTESIAN_POINT('Ctrl Pts',(5.24391923656182,1.25383053612082,-50.3777046743963));
#7532=CARTESIAN_POINT('Ctrl Pts',(7.55097586284169,1.23809044720358,-49.8757546347905));
#7533=CARTESIAN_POINT('Ctrl Pts',(10.8654188432382,1.13355365421042,-46.5574695853859));
#7534=CARTESIAN_POINT('Ctrl Pts',(12.6016120289524,0.903793668884765,-39.9632595649757));
#7535=CARTESIAN_POINT('Ctrl Pts',(11.8711209417612,0.709946727662455,-35.3674328378042));
#7536=CARTESIAN_POINT('Ctrl Pts',(11.1131226648189,0.616048488199164,-33.4202821088502));
#7537=CARTESIAN_POINT('Ctrl Pts',(4.47553649553318,1.3681906218604,-50.6150577683843));
#7538=CARTESIAN_POINT('Ctrl Pts',(5.2768124246643,1.3681906218604,-50.6150577683843));
#7539=CARTESIAN_POINT('Ctrl Pts',(7.68258214477215,1.36466411013989,-50.1030530628027));
#7540=CARTESIAN_POINT('Ctrl Pts',(11.1408195108801,1.34110127774531,-46.718284915056));
#7541=CARTESIAN_POINT('Ctrl Pts',(12.9571988419195,1.28500821968378,-39.9883018238172));
#7542=CARTESIAN_POINT('Ctrl Pts',(12.1926571219546,1.23136938983263,-35.297644028811));
#7543=CARTESIAN_POINT('Ctrl Pts',(11.3981217096626,1.20305294246725,-33.3135555955067));
#7544=CARTESIAN_POINT('Ctrl Pts',(4.47553649553318,1.39999999999998,-50.802013824745));
#7545=CARTESIAN_POINT('Ctrl Pts',(5.30272041923955,1.39999999999998,-50.802013824745));
#7546=CARTESIAN_POINT('Ctrl Pts',(7.78620359059603,1.39990272368433,-50.2841314078905));
#7547=CARTESIAN_POINT('Ctrl Pts',(11.3711853593848,1.39957084531891,-46.8596873999459));
#7548=CARTESIAN_POINT('Ctrl Pts',(13.320745117418,1.39980469330788,-40.0264089988411));
#7549=CARTESIAN_POINT('Ctrl Pts',(12.6117714756754,1.39934689704892,-35.2154933322087));
#7550=CARTESIAN_POINT('Ctrl Pts',(11.8202640603286,1.40000000000007,-33.1554716228186));
#7551=CARTESIAN_POINT('Ctrl Pts',(4.47553649553318,1.39999999999998,-50.9142135623732));
#7552=CARTESIAN_POINT('Ctrl Pts',(5.31827044193287,1.39999999999998,-50.9142135623732));
#7553=CARTESIAN_POINT('Ctrl Pts',(7.84835842497109,1.39999999999999,-50.3928084541162));
#7554=CARTESIAN_POINT('Ctrl Pts',(11.5092745071753,1.40000000000002,-46.9446741400711));
#7555=CARTESIAN_POINT('Ctrl Pts',(13.53921617487,1.40000000000005,-40.0495137604962));
#7556=CARTESIAN_POINT('Ctrl Pts',(12.8643594499456,1.40000000000006,-35.1663245565398));
#7557=CARTESIAN_POINT('Ctrl Pts',(12.0755364955332,1.40000000000007,-33.0598771376615));
#7558=CARTESIAN_POINT('Origin',(4.47553649553321,1.40000000000002,-38.7519769259646));
#7559=CARTESIAN_POINT('Origin',(4.47553649553322,-0.799999999999986,-38.9));
#7560=CARTESIAN_POINT('',(10.248528137424,-0.59999999999991,-40.5347989181116));
#7561=CARTESIAN_POINT('',(9.84852813742386,-1.00000000000007,-40.4782778006971));
#7562=CARTESIAN_POINT('Ctrl Pts',(10.248528137424,-0.59999999999991,-40.5347989181116));
#7563=CARTESIAN_POINT('Ctrl Pts',(10.0450099445925,-0.803518192831431,-40.5065383594046));
#7564=CARTESIAN_POINT('Ctrl Pts',(9.84852813742386,-1.00000000000008,-40.4782778006971));
#7565=CARTESIAN_POINT('',(4.47553649553322,-0.599999999999925,-44.9));
#7566=CARTESIAN_POINT('Origin',(4.47553649553322,-0.599999999999904,-38.9));
#7567=CARTESIAN_POINT('',(4.47553649553322,-1.00000000000009,-44.5));
#7568=CARTESIAN_POINT('',(4.47553649553322,-0.599999999999925,-44.9));
#7569=CARTESIAN_POINT('Origin',(4.47553649553322,-1.00000000000007,-38.9));
#7570=CARTESIAN_POINT('Origin',(-4.92007706858878,-0.800000000000089,-44.7));
#7571=CARTESIAN_POINT('',(-4.38243960424971,-0.600000000000089,-44.9));
#7572=CARTESIAN_POINT('',(-4.92007706858878,-0.600000000000089,-44.9));
#7573=CARTESIAN_POINT('',(-4.38243960424971,-1.00000000000009,-44.5));
#7574=CARTESIAN_POINT('',(-4.38243960424971,-0.600000000000089,-44.9));
#7575=CARTESIAN_POINT('',(-4.92007706858878,-1.00000000000009,-44.5));
#7576=CARTESIAN_POINT('Ctrl Pts',(-4.39574468333081,-1.00000000000009,-44.4999842156387));
#7577=CARTESIAN_POINT('Ctrl Pts',(-5.83278521157473,-1.00000000000009,-44.496574570536));
#7578=CARTESIAN_POINT('Ctrl Pts',(-8.33076109895721,-1.00000000000008,-43.4745349278534));
#7579=CARTESIAN_POINT('Ctrl Pts',(-9.6110733344728,-1.00000000000008,-41.1843762816542));
#7580=CARTESIAN_POINT('Ctrl Pts',(-9.84852813742385,-1.00000000000007,-40.1338856369645));
#7581=CARTESIAN_POINT('Ctrl Pts',(-4.39606105386997,-0.866666666785905,
-44.6333228104258));
#7582=CARTESIAN_POINT('Ctrl Pts',(-5.86727467693744,-0.866666718262093,
-44.6310497136907));
#7583=CARTESIAN_POINT('Ctrl Pts',(-8.42659450374819,-0.866701183734544,
-43.5866505069896));
#7584=CARTESIAN_POINT('Ctrl Pts',(-9.7395927909066,-0.866740117963345,-41.2406456913913));
#7585=CARTESIAN_POINT('Ctrl Pts',(-9.98309778903759,-0.866747128011077,
-40.1643040041043));
#7586=CARTESIAN_POINT('Ctrl Pts',(-4.39637742440914,-0.733333333571722,
-44.7666614052129));
#7587=CARTESIAN_POINT('Ctrl Pts',(-5.90176414230015,-0.733333436524097,
-44.7655248568454));
#7588=CARTESIAN_POINT('Ctrl Pts',(-8.52242790853915,-0.733402367469003,
-43.6987660861257));
#7589=CARTESIAN_POINT('Ctrl Pts',(-9.8681122473404,-0.733480235926615,-41.2969151011285));
#7590=CARTESIAN_POINT('Ctrl Pts',(-10.1176674406513,-0.733494256022081,
-40.1947223712442));
#7591=CARTESIAN_POINT('Ctrl Pts',(-4.3966937949483,-0.600000000357539,-44.9));
#7592=CARTESIAN_POINT('Ctrl Pts',(-5.93625360766287,-0.600000154786102,
-44.9000000000002));
#7593=CARTESIAN_POINT('Ctrl Pts',(-8.61826131333013,-0.600103551203462,
-43.8108816652619));
#7594=CARTESIAN_POINT('Ctrl Pts',(-9.9966317037742,-0.600220353889884,-41.3531845108657));
#7595=CARTESIAN_POINT('Ctrl Pts',(-10.2522370922651,-0.600241384033086,
-40.225140738384));
#7596=CARTESIAN_POINT('',(-9.84852813742385,-1.00000000000007,-40.1338856369645));
#7597=CARTESIAN_POINT('',(-10.2482870775883,-0.600241059290618,-40.2424540550591));
#7598=CARTESIAN_POINT('Ctrl Pts',(-9.84852813742385,-1.00000000000007,-40.1338856369645));
#7599=CARTESIAN_POINT('Ctrl Pts',(-9.87127944387154,-0.977248693552391,
-40.1400738159243));
#7600=CARTESIAN_POINT('Ctrl Pts',(-9.89403485103854,-0.954493279208453,
-40.1462613881234));
#7601=CARTESIAN_POINT('Ctrl Pts',(-9.91678655715372,-0.931741559030778,
-40.152446308002));
#7602=CARTESIAN_POINT('Ctrl Pts',(-10.0271504042723,-0.821377643697954,
-40.182448082307));
#7603=CARTESIAN_POINT('Ctrl Pts',(-10.137927100654,-0.710600716632213,-40.2125233453117));
#7604=CARTESIAN_POINT('Ctrl Pts',(-10.248286395248,-0.600241058875047,-40.2424539983866));
#7605=CARTESIAN_POINT('',(-4.39574468333081,-1.00000000000009,-44.4999842156387));
#7606=CARTESIAN_POINT('Ctrl Pts',(-9.84852813742385,-1.00000000000007,-40.1338856369645));
#7607=CARTESIAN_POINT('Ctrl Pts',(-9.6110733344728,-1.00000000000008,-41.1843762816542));
#7608=CARTESIAN_POINT('Ctrl Pts',(-8.33076109895721,-1.00000000000008,-43.4745349278534));
#7609=CARTESIAN_POINT('Ctrl Pts',(-5.83278521157473,-1.00000000000009,-44.496574570536));
#7610=CARTESIAN_POINT('Ctrl Pts',(-4.39574468333081,-1.00000000000009,-44.4999842156387));
#7611=CARTESIAN_POINT('',(-4.3966937949483,-0.600000000357562,-44.9));
#7612=CARTESIAN_POINT('',(-4.39574468333081,-1.00000000000009,-44.4999842156387));
#7613=CARTESIAN_POINT('Ctrl Pts',(-4.3966937949483,-0.600000000357539,-44.9));
#7614=CARTESIAN_POINT('Ctrl Pts',(-5.93625360766287,-0.600000154786102,
-44.9000000000002));
#7615=CARTESIAN_POINT('Ctrl Pts',(-8.61237883434229,-0.600103324422886,
-43.8132704412918));
#7616=CARTESIAN_POINT('Ctrl Pts',(-9.99057904055607,-0.60021984158497,-41.3639589192026));
#7617=CARTESIAN_POINT('Ctrl Pts',(-10.2482864171006,-0.600241058876846,
-40.2424539032875));
#7618=CARTESIAN_POINT('Ctrl Pts',(-4.38243960424971,-1.00000000000009,-44.5));
#7619=CARTESIAN_POINT('Ctrl Pts',(-4.38687463477774,-1.00000000000009,-44.5));
#7620=CARTESIAN_POINT('Ctrl Pts',(-4.39130966530577,-1.00000000000009,-44.4999947385413));
#7621=CARTESIAN_POINT('Ctrl Pts',(-4.39574468333081,-1.00000000000009,-44.4999842156387));
#7622=CARTESIAN_POINT('Ctrl Pts',(-4.38243960424971,-0.866666666666755,
-44.6333333333333));
#7623=CARTESIAN_POINT('Ctrl Pts',(-4.38698008726474,-0.866666666666755,
-44.6333333333333));
#7624=CARTESIAN_POINT('Ctrl Pts',(-4.39152057027975,-0.866666666627038,
-44.6333298256942));
#7625=CARTESIAN_POINT('Ctrl Pts',(-4.39606105386997,-0.866666666785905,
-44.6333228104258));
#7626=CARTESIAN_POINT('Ctrl Pts',(-4.38243960424971,-0.733333333333422,
-44.7666666666667));
#7627=CARTESIAN_POINT('Ctrl Pts',(-4.38708553975173,-0.733333333333422,
-44.7666666666667));
#7628=CARTESIAN_POINT('Ctrl Pts',(-4.39173147525372,-0.733333333253988,
-44.7666649128471));
#7629=CARTESIAN_POINT('Ctrl Pts',(-4.39637742440914,-0.733333333571722,
-44.7666614052129));
#7630=CARTESIAN_POINT('Ctrl Pts',(-4.38243960424971,-0.600000000000089,
-44.9));
#7631=CARTESIAN_POINT('Ctrl Pts',(-4.38719099223872,-0.600000000000089,
-44.9));
#7632=CARTESIAN_POINT('Ctrl Pts',(-4.39194238022769,-0.599999999880939,
-44.9));
#7633=CARTESIAN_POINT('Ctrl Pts',(-4.3966937949483,-0.600000000357539,-44.9));
#7634=CARTESIAN_POINT('Ctrl Pts',(-4.39574468333081,-1.00000000000009,-44.4999842156387));
#7635=CARTESIAN_POINT('Ctrl Pts',(-4.39130966530577,-1.00000000000009,-44.4999947385413));
#7636=CARTESIAN_POINT('Ctrl Pts',(-4.38687463477774,-1.00000000000009,-44.5));
#7637=CARTESIAN_POINT('Ctrl Pts',(-4.38243960424971,-1.00000000000009,-44.5));
#7638=CARTESIAN_POINT('Ctrl Pts',(-4.38243960424971,-0.600000000000089,
-44.9));
#7639=CARTESIAN_POINT('Ctrl Pts',(-4.38719099223872,-0.600000000000089,
-44.9));
#7640=CARTESIAN_POINT('Ctrl Pts',(-4.39194238022769,-0.599999999880939,
-44.9));
#7641=CARTESIAN_POINT('Ctrl Pts',(-4.3966937949483,-0.600000000357539,-44.9));
#7642=CARTESIAN_POINT('Origin',(9.84852813742386,-1.,-19.5));
#7643=CARTESIAN_POINT('',(9.84852813742386,-1.,-19.9));
#7644=CARTESIAN_POINT('',(9.84852813742386,-1.,-19.5));
#7645=CARTESIAN_POINT('',(10.4755364955332,-0.372991641890645,-19.9));
#7646=CARTESIAN_POINT('',(-2.23860382242614,-13.08713195985,-19.9));
#7647=CARTESIAN_POINT('',(10.4755364955332,-0.372991641890712,-38.9));
#7648=CARTESIAN_POINT('',(10.4755364955332,-0.372991641890643,-19.5));
#7649=CARTESIAN_POINT('Origin',(4.47553649553324,-6.37299164189069,-38.9));
#7650=CARTESIAN_POINT('Origin',(-9.84852813742385,-1.,-19.5));
#7651=CARTESIAN_POINT('',(-9.84852813742385,-1.,-19.9));
#7652=CARTESIAN_POINT('',(-9.84852813742385,-1.,-19.5));
#7653=CARTESIAN_POINT('',(-4.92426391970002,-1.,-19.9));
#7654=CARTESIAN_POINT('',(3.30000000000003,-1.,-25.5));
#7655=CARTESIAN_POINT('Origin',(6.00000000000003,-1.,-25.5));
#7656=CARTESIAN_POINT('',(-8.70000000000003,-1.,-25.5000000000001));
#7657=CARTESIAN_POINT('Origin',(-6.00000000000003,-1.,-25.5000000000001));
#7658=CARTESIAN_POINT('',(-6.71929907708439,-1.00000000000006,-35.5409345638875));
#7659=CARTESIAN_POINT('',(-6.95906543611251,-1.00000000000006,-37.2192990770844));
#7660=CARTESIAN_POINT('Origin',(-6.,-1.,-36.5));
#7661=CARTESIAN_POINT('',(-6.2537593479317,-1.00000000000007,-38.1597071946588));
#7662=CARTESIAN_POINT('',(-11.4150820738486,-1.00000000000004,-31.2779435601031));
#7663=CARTESIAN_POINT('',(-4.95128695425817,-1.00000000000154,-38.4907483712978));
#7664=CARTESIAN_POINT('Ctrl Pts',(-6.2537593479317,-1.00000000000007,-38.1597071946588));
#7665=CARTESIAN_POINT('Ctrl Pts',(-6.15508364790526,-1.00000000000007,-38.291274794694));
#7666=CARTESIAN_POINT('Ctrl Pts',(-6.03399506228513,-1.00000000000007,-38.4076891042634));
#7667=CARTESIAN_POINT('Ctrl Pts',(-5.77899570527469,-1.00000000000007,-38.5677350297269));
#7668=CARTESIAN_POINT('Ctrl Pts',(-5.65700641353987,-1.00000000001144,-38.6158255452487));
#7669=CARTESIAN_POINT('Ctrl Pts',(-5.43588349452139,-1.00000000001144,-38.6539333430711));
#7670=CARTESIAN_POINT('Ctrl Pts',(-5.33465662890007,-1.00000000000198,-38.6531867062297));
#7671=CARTESIAN_POINT('Ctrl Pts',(-5.18413279180111,-1.00000000000198,-38.6189653096514));
#7672=CARTESIAN_POINT('Ctrl Pts',(-5.13368129678227,-1.00000000000007,-38.601203249408));
#7673=CARTESIAN_POINT('Ctrl Pts',(-5.03755966017664,-1.00000000000007,-38.553952449573));
#7674=CARTESIAN_POINT('Ctrl Pts',(-4.99264040956656,-1.00000000000007,-38.5248213035802));
#7675=CARTESIAN_POINT('Ctrl Pts',(-4.95128695425444,-1.00000000000007,-38.4907483712999));
#7676=CARTESIAN_POINT('',(4.95128695425816,-1.00000000000154,-38.4907483712977));
#7677=CARTESIAN_POINT('Origin',(2.22044604925031E-15,-1.,-44.5));
#7678=CARTESIAN_POINT('',(6.2537593479317,-1.00000000000007,-38.1597071946588));
#7679=CARTESIAN_POINT('Ctrl Pts',(4.95128695425444,-1.00000000000007,-38.4907483712999));
#7680=CARTESIAN_POINT('Ctrl Pts',(5.02239057368167,-1.00000000000007,-38.549333773447));
#7681=CARTESIAN_POINT('Ctrl Pts',(5.10335132645665,-1.00000000000003,-38.5927452365034));
#7682=CARTESIAN_POINT('Ctrl Pts',(5.27943132107688,-1.00000000000003,-38.6453075639648));
#7683=CARTESIAN_POINT('Ctrl Pts',(5.37085003643762,-1.0000000000001,-38.653570238497));
#7684=CARTESIAN_POINT('Ctrl Pts',(5.57001633526473,-1.0000000000001,-38.6372698390826));
#7685=CARTESIAN_POINT('Ctrl Pts',(5.67505128922081,-1.00000000000257,-38.6069004757697));
#7686=CARTESIAN_POINT('Ctrl Pts',(5.86683571852548,-1.00000000000257,-38.5177367457194));
#7687=CARTESIAN_POINT('Ctrl Pts',(5.95408056044318,-1.00000000000563,-38.4604701470818));
#7688=CARTESIAN_POINT('Ctrl Pts',(6.11538081932392,-1.00000000000563,-38.3249929031769));
#7689=CARTESIAN_POINT('Ctrl Pts',(6.18929936655032,-1.00000000000007,-38.2456538365006));
#7690=CARTESIAN_POINT('Ctrl Pts',(6.25375934793169,-1.00000000000007,-38.1597071946588));
#7691=CARTESIAN_POINT('',(6.9590654361125,-1.00000000000006,-37.2192990770844));
#7692=CARTESIAN_POINT('',(8.18633037137617,-1.00000000000006,-35.5829458300662));
#7693=CARTESIAN_POINT('',(6.71929907708438,-1.00000000000006,-35.5409345638875));
#7694=CARTESIAN_POINT('Origin',(6.,-1.,-36.5));
#7695=CARTESIAN_POINT('Origin',(2.22044604925031E-15,-1.,-44.5));
#7696=CARTESIAN_POINT('Origin',(-8.99999970197641,1.60000000000004,-19.7));
#7697=CARTESIAN_POINT('',(18.0000002980237,1.40000000000002,-19.9));
#7698=CARTESIAN_POINT('',(-8.99999970197641,1.40000000000003,-19.9));
#7699=CARTESIAN_POINT('',(18.0000002980237,1.80000000000014,-19.5));
#7700=CARTESIAN_POINT('',(18.0000002980237,1.40000000000002,-19.9));
#7701=CARTESIAN_POINT('',(11.6755364955332,1.80000000000012,-19.5));
#7702=CARTESIAN_POINT('',(-8.99999970197641,1.80000000000004,-19.5));
#7703=CARTESIAN_POINT('',(11.6755364955332,1.80000000000012,-19.5));
#7704=CARTESIAN_POINT('Origin',(-11.1305653103408,-19.4246555729139,-19.6999999999999));
#7705=CARTESIAN_POINT('',(-11.5544301859893,-1.91424514871561,-19.5));
#7706=CARTESIAN_POINT('',(-11.9541764501846,-1.92849029743122,-19.9));
#7707=CARTESIAN_POINT('',(-11.6867890827415,1.80000000000003,-19.5));
#7708=CARTESIAN_POINT('',(-10.9306921782432,-19.4175329985561,-19.4999999999999));
#7709=CARTESIAN_POINT('',(-12.072788788891,1.40000000000002,-19.9));
#7710=CARTESIAN_POINT('Origin',(-11.154683921794,-1.9,-19.7));
#7711=CARTESIAN_POINT('',(-11.154683921794,-2.3,-19.5));
#7712=CARTESIAN_POINT('',(-11.154683921794,-2.7,-19.9));
#7713=CARTESIAN_POINT('Origin',(-11.154683921794,-1.9,-19.5));
#7714=CARTESIAN_POINT('Origin',(-4.92426391970002,-2.5,-19.7));
#7715=CARTESIAN_POINT('',(11.2755364955332,-2.3,-19.5));
#7716=CARTESIAN_POINT('',(11.2755364955332,-2.7,-19.9));
#7717=CARTESIAN_POINT('',(-4.92426391970002,-2.3,-19.5));
#7718=CARTESIAN_POINT('Origin',(11.2755364955332,-1.9,-19.7));
#7719=CARTESIAN_POINT('Origin',(11.2755364955332,-1.9,-19.9));
#7720=CARTESIAN_POINT('',(11.6755364955332,-1.9,-19.5));
#7721=CARTESIAN_POINT('',(12.0755364955332,-1.9,-19.9));
#7722=CARTESIAN_POINT('Origin',(11.2755364955332,-1.9,-19.5));
#7723=CARTESIAN_POINT('Origin',(11.8755364955333,-19.9364958209453,-19.6999999999999));
#7724=CARTESIAN_POINT('',(11.6755364955333,-19.9364958209453,-19.4999999999999));
#7725=CARTESIAN_POINT('Origin',(18.0000002980237,1.00000000000002,-19.7));
#7726=CARTESIAN_POINT('',(18.4000002980237,1.00000000000001,-19.9));
#7727=CARTESIAN_POINT('',(18.8000002980237,1.00000000000001,-19.5));
#7728=CARTESIAN_POINT('',(18.4000002980237,1.00000000000001,-19.9));
#7729=CARTESIAN_POINT('Origin',(18.0000002980237,1.00000000000002,-19.5));
#7730=CARTESIAN_POINT('Origin',(18.0000002980237,1.00000000000001,-19.9));
#7731=CARTESIAN_POINT('Origin',(18.6000002980238,-19.2499999999999,-19.6999999999999));
#7732=CARTESIAN_POINT('',(18.4000002980241,-75.9999999999999,-19.8999999999997));
#7733=CARTESIAN_POINT('',(18.8000002980241,-75.9999999999999,-19.4999999999997));
#7734=CARTESIAN_POINT('',(18.4000002980241,-75.9999999999999,-19.8999999999997));
#7735=CARTESIAN_POINT('',(18.8000002980238,-19.2499999999999,-19.4999999999999));
#7736=CARTESIAN_POINT('',(18.4000002980238,-19.2499999999999,-19.8999999999999));
#7737=CARTESIAN_POINT('Origin',(14.0000002980241,-75.9999999999999,-19.6999999999997));
#7738=CARTESIAN_POINT('',(14.0000002980241,-80.3999999999999,-19.8999999999997));
#7739=CARTESIAN_POINT('',(14.0000002980241,-80.7999999999999,-19.4999999999997));
#7740=CARTESIAN_POINT('',(14.0000002980241,-80.3999999999999,-19.8999999999997));
#7741=CARTESIAN_POINT('Origin',(14.0000002980241,-75.9999999999999,-19.4999999999997));
#7742=CARTESIAN_POINT('Origin',(14.0000002980241,-75.9999999999999,-19.8999999999997));
#7743=CARTESIAN_POINT('Origin',(7.00000029802406,-80.5999999999999,-19.6999999999997));
#7744=CARTESIAN_POINT('',(-13.9999997019765,-80.4,-19.8999999999997));
#7745=CARTESIAN_POINT('',(-13.9999997019765,-80.8,-19.4999999999997));
#7746=CARTESIAN_POINT('',(-13.9999997019765,-80.4,-19.8999999999997));
#7747=CARTESIAN_POINT('',(7.00000029802406,-80.7999999999999,-19.4999999999997));
#7748=CARTESIAN_POINT('',(7.00000029802406,-80.3999999999999,-19.8999999999997));
#7749=CARTESIAN_POINT('Origin',(-13.9999997019765,-76.,-19.6999999999997));
#7750=CARTESIAN_POINT('',(-18.3999997019765,-76.,-19.8999999999997));
#7751=CARTESIAN_POINT('',(-18.7999997019765,-76.,-19.4999999999997));
#7752=CARTESIAN_POINT('',(-18.3999997019765,-76.,-19.8999999999997));
#7753=CARTESIAN_POINT('Origin',(-13.9999997019765,-76.,-19.4999999999997));
#7754=CARTESIAN_POINT('Origin',(-13.9999997019765,-76.,-19.8999999999997));
#7755=CARTESIAN_POINT('Origin',(-18.5999997019765,-57.75,-19.6999999999998));
#7756=CARTESIAN_POINT('',(-18.3999997019765,0.999999999999999,-19.9));
#7757=CARTESIAN_POINT('',(-18.7999997019765,0.999999999999996,-19.5));
#7758=CARTESIAN_POINT('',(-18.3999997019765,0.999999999999999,-19.9));
#7759=CARTESIAN_POINT('',(-18.7999997019765,-57.75,-19.4999999999998));
#7760=CARTESIAN_POINT('',(-18.3999997019765,-57.75,-19.8999999999998));
#7761=CARTESIAN_POINT('Origin',(-17.9999997019765,1.,-19.7));
#7762=CARTESIAN_POINT('',(-17.9999997019765,1.4,-19.9));
#7763=CARTESIAN_POINT('',(-17.9999997019765,1.8,-19.5));
#7764=CARTESIAN_POINT('',(-17.9999997019765,1.4,-19.9));
#7765=CARTESIAN_POINT('Origin',(-17.9999997019765,1.,-19.5));
#7766=CARTESIAN_POINT('Origin',(-17.9999997019765,0.999999999999999,-19.9));
#7767=CARTESIAN_POINT('Origin',(-8.99999970197641,1.60000000000004,-19.7));
#7768=CARTESIAN_POINT('',(-8.99999970197641,1.80000000000004,-19.5));
#7769=CARTESIAN_POINT('',(-8.99999970197641,1.40000000000003,-19.9));
#7770=CARTESIAN_POINT('Origin',(18.0000002980237,1.00000000000002,-19.5));
#7771=CARTESIAN_POINT('',(18.0000002980237,1.39999999999983,-73.5058874503046));
#7772=CARTESIAN_POINT('',(18.0000002980237,1.40000000000002,-19.5));
#7773=CARTESIAN_POINT('',(18.4000002980237,0.999999999999819,-74.085683347418));
#7774=CARTESIAN_POINT('Ctrl Pts',(18.0000002980237,1.39999999999983,-73.5058874503046));
#7775=CARTESIAN_POINT('Ctrl Pts',(18.0498391896087,1.39999999999983,-73.5557263418897));
#7776=CARTESIAN_POINT('Ctrl Pts',(18.1038999268743,1.39007072424513,-73.6097032934023));
#7777=CARTESIAN_POINT('Ctrl Pts',(18.2041561992457,1.34823936669981,-73.7162733616985));
#7778=CARTESIAN_POINT('Ctrl Pts',(18.2501863800359,1.31634262571975,-73.7690240102751));
#7779=CARTESIAN_POINT('Ctrl Pts',(18.3194319092408,1.24539814919584,-73.8611511405962));
#7780=CARTESIAN_POINT('Ctrl Pts',(18.3494610884929,1.20166394544274,-73.9081752849708));
#7781=CARTESIAN_POINT('Ctrl Pts',(18.3898353629508,1.10401830493097,-73.9998261607051));
#7782=CARTESIAN_POINT('Ctrl Pts',(18.4000002980237,1.05023400656726,-74.0446674528094));
#7783=CARTESIAN_POINT('Ctrl Pts',(18.4000002980237,0.999999999999825,-74.085683347418));
#7784=CARTESIAN_POINT('',(18.4000002980237,1.00000000000001,-19.5));
#7785=CARTESIAN_POINT('Origin',(11.2755364955332,-1.9,-19.5));
#7786=CARTESIAN_POINT('Origin',(-17.9999997019765,1.4,-19.5));
#7787=CARTESIAN_POINT('',(-17.9999997019765,1.39999999999981,-73.5058874503046));
#7788=CARTESIAN_POINT('',(-17.9999997019765,1.4,-19.5));
#7789=CARTESIAN_POINT('',(-13.2058871522811,1.39999999999981,-78.3));
#7790=CARTESIAN_POINT('',(-30.4029434271288,1.3999999999998,-61.1029437251523));
#7791=CARTESIAN_POINT('',(13.2058877483282,1.39999999999991,-78.3));
#7792=CARTESIAN_POINT('',(-8.99581285086509,1.39999999999983,-78.3));
#7793=CARTESIAN_POINT('',(21.4029440231759,1.39999999999998,-70.1029437251523));
#7794=CARTESIAN_POINT('Origin',(2.98023821343474E-7,-39.5,-19.4999999999999));
#7795=CARTESIAN_POINT('',(10.0142135623731,-1.4,-19.5));
#7796=CARTESIAN_POINT('',(10.8755364955332,-0.538677066839885,-19.5));
#7797=CARTESIAN_POINT('',(-1.95576110995152,-13.3699746723246,-19.5));
#7798=CARTESIAN_POINT('',(-10.0142135623731,-1.4,-19.5));
#7799=CARTESIAN_POINT('',(-4.92426391970002,-1.4,-19.5));
#7800=CARTESIAN_POINT('',(-10.8002588623581,-0.613954700014989,-19.5));
#7801=CARTESIAN_POINT('',(1.67696630809072,-13.0911798704638,-19.5));
#7802=CARTESIAN_POINT('',(-10.8941698333738,2.02136772307344,-19.5));
#7803=CARTESIAN_POINT('',(-10.1311996498526,-19.3890427011249,-19.4999999999999));
#7804=CARTESIAN_POINT('',(-11.4937892296667,2.60000000000003,-19.5));
#7805=CARTESIAN_POINT('Origin',(-11.4937892296667,2.00000000000003,-19.5));
#7806=CARTESIAN_POINT('',(-17.9999997019765,2.6,-19.5));
#7807=CARTESIAN_POINT('',(-8.99999970197642,2.60000000000004,-19.5));
#7808=CARTESIAN_POINT('',(-19.5999997019765,0.999999999999996,-19.5));
#7809=CARTESIAN_POINT('Origin',(-17.9999997019765,1.,-19.5));
#7810=CARTESIAN_POINT('',(-19.5999997019765,-76.,-19.4999999999997));
#7811=CARTESIAN_POINT('',(-19.5999997019765,-57.75,-19.4999999999998));
#7812=CARTESIAN_POINT('',(-13.9999997019765,-81.6,-19.4999999999997));
#7813=CARTESIAN_POINT('Origin',(-13.9999997019765,-76.,-19.4999999999997));
#7814=CARTESIAN_POINT('',(14.0000002980241,-81.5999999999999,-19.4999999999997));
#7815=CARTESIAN_POINT('',(7.00000029802406,-81.5999999999999,-19.4999999999997));
#7816=CARTESIAN_POINT('',(19.6000002980241,-75.9999999999999,-19.4999999999997));
#7817=CARTESIAN_POINT('Origin',(14.0000002980241,-75.9999999999999,-19.4999999999997));
#7818=CARTESIAN_POINT('',(19.6000002980237,1.00000000000002,-19.5));
#7819=CARTESIAN_POINT('',(19.6000002980238,-19.2499999999999,-19.4999999999999));
#7820=CARTESIAN_POINT('',(18.0000002980237,2.60000000000002,-19.5));
#7821=CARTESIAN_POINT('Origin',(18.0000002980237,1.00000000000002,-19.5));
#7822=CARTESIAN_POINT('',(11.4755364955332,2.60000000000012,-19.5));
#7823=CARTESIAN_POINT('',(-8.99999970197642,2.59999999999992,-19.5));
#7824=CARTESIAN_POINT('',(10.8755364955332,2.00000000000012,-19.5));
#7825=CARTESIAN_POINT('Origin',(11.4755364955332,2.00000000000012,-19.5));
#7826=CARTESIAN_POINT('',(10.8755364955333,-19.9364958209453,-19.4999999999999));
#7827=CARTESIAN_POINT('Origin',(1.81838766432803,-12.9497585142265,-19.7));
#7828=CARTESIAN_POINT('',(-10.4061180391693,-0.442410098254545,-19.9));
#7829=CARTESIAN_POINT('',(1.95980902056534,-12.8083371579892,-19.9));
#7830=CARTESIAN_POINT('',(-10.4061180391693,-0.442410098254545,-19.9));
#7831=CARTESIAN_POINT('',(-9.84852813742385,-1.,-19.9));
#7832=CARTESIAN_POINT('Origin',(-2.09718246618883,-13.2285533160873,-19.7));
#7833=CARTESIAN_POINT('',(10.8755364955332,-0.538677066839885,-19.5));
#7834=CARTESIAN_POINT('',(9.84852813742386,-1.,-19.9));
#7835=CARTESIAN_POINT('Origin',(10.6755364955333,-19.9364958209453,-19.6999999999999));
#7836=CARTESIAN_POINT('',(10.4755364955332,2.00000000000011,-19.9));
#7837=CARTESIAN_POINT('',(10.8755364955332,2.00000000000012,-19.5));
#7838=CARTESIAN_POINT('',(10.4755364955333,-19.9364958209453,-19.8999999999999));
#7839=CARTESIAN_POINT('Origin',(11.4755364955332,2.00000000000011,-19.7));
#7840=CARTESIAN_POINT('',(11.4755364955332,2.60000000000012,-19.5));
#7841=CARTESIAN_POINT('Origin',(11.4755364955332,2.00000000000011,-19.9));
#7842=CARTESIAN_POINT('Origin',(-8.99999970197642,2.79999999999998,-19.7));
#7843=CARTESIAN_POINT('',(18.0000002980237,2.60000000000002,-19.5));
#7844=CARTESIAN_POINT('Origin',(18.0000002980237,1.00000000000002,-19.7));
#7845=CARTESIAN_POINT('',(20.0000002980237,1.00000000000002,-19.9));
#7846=CARTESIAN_POINT('',(19.6000002980237,1.00000000000002,-19.5));
#7847=CARTESIAN_POINT('Origin',(18.0000002980237,1.00000000000001,-19.9));
#7848=CARTESIAN_POINT('Origin',(19.8000002980238,-19.2499999999999,-19.7));
#7849=CARTESIAN_POINT('',(20.0000002980241,-75.9999999999999,-19.8999999999999));
#7850=CARTESIAN_POINT('',(19.6000002980241,-75.9999999999999,-19.4999999999997));
#7851=CARTESIAN_POINT('',(20.0000002980238,-19.2499999999999,-19.9000000000001));
#7852=CARTESIAN_POINT('Origin',(14.0000002980241,-75.9999999999999,-19.6999999999999));
#7853=CARTESIAN_POINT('',(14.0000002980241,-81.9999999999999,-19.9));
#7854=CARTESIAN_POINT('',(14.0000002980241,-81.5999999999999,-19.4999999999997));
#7855=CARTESIAN_POINT('Origin',(14.0000002980241,-75.9999999999999,-19.9));
#7856=CARTESIAN_POINT('Origin',(7.00000029802406,-81.7999999999999,-19.6999999999999));
#7857=CARTESIAN_POINT('',(-13.9999997019765,-82.,-19.9));
#7858=CARTESIAN_POINT('',(-13.9999997019765,-81.6,-19.4999999999997));
#7859=CARTESIAN_POINT('',(7.00000029802406,-81.9999999999999,-19.9));
#7860=CARTESIAN_POINT('Origin',(-13.9999997019765,-76.,-19.6999999999999));
#7861=CARTESIAN_POINT('',(-19.9999997019765,-76.,-19.9));
#7862=CARTESIAN_POINT('',(-19.5999997019765,-76.,-19.4999999999997));
#7863=CARTESIAN_POINT('Origin',(-13.9999997019765,-76.,-19.9));
#7864=CARTESIAN_POINT('Origin',(-19.7999997019765,-57.75,-19.6999999999999));
#7865=CARTESIAN_POINT('',(-19.9999997019765,0.999999999999999,-19.9000000000001));
#7866=CARTESIAN_POINT('',(-19.5999997019765,0.999999999999996,-19.5));
#7867=CARTESIAN_POINT('',(-19.9999997019765,-57.75,-19.8999999999999));
#7868=CARTESIAN_POINT('Origin',(-17.9999997019765,1.,-19.7));
#7869=CARTESIAN_POINT('',(-17.9999997019765,2.6,-19.5));
#7870=CARTESIAN_POINT('Origin',(-17.9999997019765,0.999999999999999,-19.9));
#7871=CARTESIAN_POINT('Origin',(-8.99999970197642,2.80000000000004,-19.7));
#7872=CARTESIAN_POINT('',(-11.4937892296667,2.60000000000003,-19.5));
#7873=CARTESIAN_POINT('Origin',(-11.4937892296667,2.00000000000002,-19.7));
#7874=CARTESIAN_POINT('',(-10.4944235691785,2.03561287178905,-19.9));
#7875=CARTESIAN_POINT('',(-10.8941698333738,2.02136772307344,-19.5));
#7876=CARTESIAN_POINT('Origin',(-11.4937892296667,2.00000000000002,-19.9));
#7877=CARTESIAN_POINT('Origin',(-9.931326517755,-19.3819201267671,-19.6999999999999));
#7878=CARTESIAN_POINT('',(-9.73145338565737,-19.3747975524093,-19.8999999999999));
#7879=CARTESIAN_POINT('Origin',(-4.92426391970002,-1.2,-19.7));
#7880=CARTESIAN_POINT('Origin',(-19.9999997019765,-76.,-19.5));
#7881=CARTESIAN_POINT('',(-19.9999997019765,0.999999999999805,-74.8525275564409));
#7882=CARTESIAN_POINT('',(-19.9999997019765,1.,-19.5));
#7883=CARTESIAN_POINT('',(-19.9999997019765,0.599999999999805,-74.9));
#7884=CARTESIAN_POINT('Origin',(-19.9999997019765,0.599999999999809,-71.5058874503046));
#7885=CARTESIAN_POINT('',(-19.9999997019765,-75.8722126342376,-74.8999999999997));
#7886=CARTESIAN_POINT('',(-19.9999997019765,-37.5000000000002,-74.8999999999999));
#7887=CARTESIAN_POINT('',(-19.9999997019765,-76.0000000000002,-74.8991178079379));
#7888=CARTESIAN_POINT('Origin',(-19.9999997019765,-82.0000000000002,-62.6444252684745));
#7889=CARTESIAN_POINT('',(-19.9999997019765,-76.,-19.5));
#7890=CARTESIAN_POINT('Origin',(-17.9999997019765,1.,-19.5));
#7891=CARTESIAN_POINT('Ctrl Pts',(-19.9999997019765,0.999999999999795,-74.8525275564409));
#7892=CARTESIAN_POINT('Ctrl Pts',(-19.9999997019765,1.19833988690144,-74.8051152550015));
#7893=CARTESIAN_POINT('Ctrl Pts',(-19.9685215617052,1.41075760393972,-74.7470221450702));
#7894=CARTESIAN_POINT('Ctrl Pts',(-19.8408435587441,1.80937879744374,-74.6131543161982));
#7895=CARTESIAN_POINT('Ctrl Pts',(-19.7448743604438,1.99557465894883,-74.5371371324301));
#7896=CARTESIAN_POINT('Ctrl Pts',(-19.4524692367757,2.4114876377488,-74.3318413210033));
#7897=CARTESIAN_POINT('Ctrl Pts',(-19.1982914855046,2.63355873614192,-74.177750846093));
#7898=CARTESIAN_POINT('Ctrl Pts',(-18.6228875352577,2.92780403719581,-73.8478099610741));
#7899=CARTESIAN_POINT('Ctrl Pts',(-18.3018449440937,2.99999999999981,-73.6716588465281));
#7900=CARTESIAN_POINT('Ctrl Pts',(-17.9999997019765,2.99999999999981,-73.5058874503046));
#7901=CARTESIAN_POINT('Origin',(-11.4937892296667,2.00000000000003,-19.5));
#7902=CARTESIAN_POINT('',(-10.4944235691785,2.03561287178898,-38.9));
#7903=CARTESIAN_POINT('',(-10.4944235691785,2.03561287178905,-19.5));
#7904=CARTESIAN_POINT('Origin',(-11.4937892296667,1.99999999999996,-38.9));
#7905=CARTESIAN_POINT('Origin',(-10.4600571740643,1.07122574357808,-19.5));
#7906=CARTESIAN_POINT('',(-10.4061180391693,-0.442410098254612,-38.9));
#7907=CARTESIAN_POINT('',(-10.4061180391693,-0.442410098254544,-19.5));
#7908=CARTESIAN_POINT('',(-10.4521512686027,0.849370834482048,-38.9));
#7909=CARTESIAN_POINT('Origin',(-10.4061180391693,-0.442410098254544,-19.5));
#7910=CARTESIAN_POINT('Origin',(-4.18045511984459,-6.66807301757932,-38.9));
#7911=CARTESIAN_POINT('Origin',(6.00000000000003,-1.20000000000002,-25.5));
#7912=CARTESIAN_POINT('',(3.01141130485134,-1.40000000000002,-24.6763874629235));
#7913=CARTESIAN_POINT('',(3.792436272442,-1.40000000000002,-23.3236125370766));
#7914=CARTESIAN_POINT('Ctrl Pts',(3.01141130485134,-1.40000000000004,-24.6763874629235));
#7915=CARTESIAN_POINT('Ctrl Pts',(3.40192378864668,-1.20322580645164,-24.));
#7916=CARTESIAN_POINT('Ctrl Pts',(3.792436272442,-1.40000000000001,-23.3236125370766));
#7917=CARTESIAN_POINT('',(2.89999999999998,-1.40000000000007,-25.5));
#7918=CARTESIAN_POINT('Origin',(6.,-1.40000000000002,-25.5));
#7919=CARTESIAN_POINT('',(3.10000000000003,-1.20000000000002,-25.5));
#7920=CARTESIAN_POINT('',(3.01141130485135,-1.40000000000002,-26.3236125370766));
#7921=CARTESIAN_POINT('Origin',(6.,-1.40000000000002,-25.5));
#7922=CARTESIAN_POINT('',(3.79243627244201,-1.40000000000002,-27.6763874629234));
#7923=CARTESIAN_POINT('Ctrl Pts',(3.79243627244201,-1.40000000000006,-27.6763874629234));
#7924=CARTESIAN_POINT('Ctrl Pts',(3.40192378864668,-1.20322580645168,-27.));
#7925=CARTESIAN_POINT('Ctrl Pts',(3.01141130485136,-1.40000000000005,-26.3236125370766));
#7926=CARTESIAN_POINT('',(5.21897503240934,-1.40000000000002,-28.5));
#7927=CARTESIAN_POINT('Origin',(6.,-1.40000000000002,-25.5));
#7928=CARTESIAN_POINT('',(6.78102496759066,-1.40000000000002,-28.5));
#7929=CARTESIAN_POINT('Ctrl Pts',(6.78102496759065,-1.40000000000005,-28.5));
#7930=CARTESIAN_POINT('Ctrl Pts',(6.,-1.20322580645168,-28.5));
#7931=CARTESIAN_POINT('Ctrl Pts',(5.21897503240935,-1.40000000000006,-28.5));
#7932=CARTESIAN_POINT('',(8.20756372755798,-1.40000000000002,-27.6763874629235));
#7933=CARTESIAN_POINT('Origin',(6.,-1.40000000000002,-25.5));
#7934=CARTESIAN_POINT('',(8.98858869514864,-1.40000000000002,-26.3236125370766));
#7935=CARTESIAN_POINT('Ctrl Pts',(8.98858869514865,-1.4,-26.3236125370766));
#7936=CARTESIAN_POINT('Ctrl Pts',(8.59807621135332,-1.20322580645163,-27.));
#7937=CARTESIAN_POINT('Ctrl Pts',(8.20756372755798,-1.40000000000003,-27.6763874629235));
#7938=CARTESIAN_POINT('',(8.98858869514866,-1.40000000000002,-24.6763874629235));
#7939=CARTESIAN_POINT('Origin',(6.,-1.40000000000002,-25.5));
#7940=CARTESIAN_POINT('',(8.20756372755799,-1.40000000000002,-23.3236125370766));
#7941=CARTESIAN_POINT('Ctrl Pts',(8.20756372755799,-1.39999999999998,-23.3236125370766));
#7942=CARTESIAN_POINT('Ctrl Pts',(8.59807621135332,-1.20322580645159,-24.));
#7943=CARTESIAN_POINT('Ctrl Pts',(8.98858869514866,-1.39999999999999,-24.6763874629235));
#7944=CARTESIAN_POINT('',(6.78102496759066,-1.40000000000002,-22.5));
#7945=CARTESIAN_POINT('Origin',(6.,-1.40000000000002,-25.5));
#7946=CARTESIAN_POINT('',(5.21897503240934,-1.40000000000002,-22.5));
#7947=CARTESIAN_POINT('Ctrl Pts',(5.21897503240933,-1.39999999999999,-22.5));
#7948=CARTESIAN_POINT('Ctrl Pts',(6.,-1.20322580645159,-22.5));
#7949=CARTESIAN_POINT('Ctrl Pts',(6.78102496759067,-1.39999999999998,-22.5));
#7950=CARTESIAN_POINT('Origin',(6.,-1.40000000000002,-25.5));
#7951=CARTESIAN_POINT('Origin',(-6.00000000000003,-1.20000000000002,-25.5000000000001));
#7952=CARTESIAN_POINT('',(-8.98858869514866,-1.40000000000002,-24.6763874629235));
#7953=CARTESIAN_POINT('',(-8.20756372755797,-1.40000000000002,-23.3236125370766));
#7954=CARTESIAN_POINT('Ctrl Pts',(-8.98858869514866,-1.40000000000001,-24.6763874629235));
#7955=CARTESIAN_POINT('Ctrl Pts',(-8.59807621135332,-1.20322580645163,-24.));
#7956=CARTESIAN_POINT('Ctrl Pts',(-8.20756372755798,-1.40000000000004,-23.3236125370766));
#7957=CARTESIAN_POINT('',(-9.10000000000009,-1.40000000000008,-25.5000000000001));
#7958=CARTESIAN_POINT('Origin',(-6.,-1.40000000000002,-25.5));
#7959=CARTESIAN_POINT('',(-8.90000000000003,-1.20000000000002,-25.5000000000001));
#7960=CARTESIAN_POINT('',(-8.98858869514865,-1.40000000000002,-26.3236125370766));
#7961=CARTESIAN_POINT('Origin',(-6.,-1.40000000000002,-25.5));
#7962=CARTESIAN_POINT('',(-8.20756372755797,-1.40000000000002,-27.6763874629235));
#7963=CARTESIAN_POINT('Ctrl Pts',(-8.20756372755796,-1.39999999999996,-27.6763874629235));
#7964=CARTESIAN_POINT('Ctrl Pts',(-8.5980762113533,-1.20322580645156,-27.));
#7965=CARTESIAN_POINT('Ctrl Pts',(-8.98858869514865,-1.39999999999997,-26.3236125370766));
#7966=CARTESIAN_POINT('',(-6.78102496759068,-1.40000000000002,-28.5));
#7967=CARTESIAN_POINT('Origin',(-6.,-1.40000000000002,-25.5));
#7968=CARTESIAN_POINT('',(-5.21897503240932,-1.40000000000002,-28.5));
#7969=CARTESIAN_POINT('Ctrl Pts',(-5.2189750324093,-1.39999999999998,-28.5));
#7970=CARTESIAN_POINT('Ctrl Pts',(-6.,-1.20322580645156,-28.5));
#7971=CARTESIAN_POINT('Ctrl Pts',(-6.7810249675907,-1.39999999999996,-28.5));
#7972=CARTESIAN_POINT('',(-3.79243627244201,-1.40000000000002,-27.6763874629234));
#7973=CARTESIAN_POINT('Origin',(-6.,-1.40000000000002,-25.5));
#7974=CARTESIAN_POINT('',(-3.01141130485135,-1.40000000000002,-26.3236125370766));
#7975=CARTESIAN_POINT('Ctrl Pts',(-3.01141130485135,-1.40000000000003,-26.3236125370766));
#7976=CARTESIAN_POINT('Ctrl Pts',(-3.40192378864669,-1.20322580645163,-27.));
#7977=CARTESIAN_POINT('Ctrl Pts',(-3.79243627244202,-1.4,-27.6763874629234));
#7978=CARTESIAN_POINT('',(-3.01141130485135,-1.40000000000002,-24.6763874629234));
#7979=CARTESIAN_POINT('Origin',(-6.,-1.40000000000002,-25.5));
#7980=CARTESIAN_POINT('',(-3.79243627244201,-1.40000000000002,-23.3236125370766));
#7981=CARTESIAN_POINT('Ctrl Pts',(-3.79243627244201,-1.40000000000008,-23.3236125370766));
#7982=CARTESIAN_POINT('Ctrl Pts',(-3.40192378864668,-1.20322580645169,-24.));
#7983=CARTESIAN_POINT('Ctrl Pts',(-3.01141130485135,-1.40000000000006,-24.6763874629234));
#7984=CARTESIAN_POINT('',(-5.21897503240932,-1.40000000000002,-22.5));
#7985=CARTESIAN_POINT('Origin',(-6.,-1.40000000000002,-25.5));
#7986=CARTESIAN_POINT('',(-6.78102496759068,-1.40000000000002,-22.5));
#7987=CARTESIAN_POINT('Ctrl Pts',(-6.78102496759067,-1.40000000000007,-22.5));
#7988=CARTESIAN_POINT('Ctrl Pts',(-6.,-1.20322580645169,-22.5));
#7989=CARTESIAN_POINT('Ctrl Pts',(-5.21897503240933,-1.40000000000008,-22.5));
#7990=CARTESIAN_POINT('Origin',(-6.,-1.40000000000002,-25.5));
#7991=CARTESIAN_POINT('Origin',(8.92323626381865,-4.25000000000004,-24.2631937314617));
#7992=CARTESIAN_POINT('',(9.26715147108228,-4.40000000000004,-24.5588723439379));
#7993=CARTESIAN_POINT('',(8.44861619389502,-4.40000000000004,-23.1411276560621));
#7994=CARTESIAN_POINT('',(9.05314007438632,-4.40000000000004,-24.1881937314617));
#7995=CARTESIAN_POINT('',(8.20756372755799,-4.10000000000004,-23.3236125370766));
#7996=CARTESIAN_POINT('Ctrl Pts',(8.44861619389503,-4.40000000000004,-23.1411276560621));
#7997=CARTESIAN_POINT('Ctrl Pts',(8.36816280107442,-4.30005053209631,-23.201677227863));
#7998=CARTESIAN_POINT('Ctrl Pts',(8.28769545197745,-4.19991400079374,-23.2625767534818));
#7999=CARTESIAN_POINT('Ctrl Pts',(8.20756372755799,-4.10000000000004,-23.3236125370766));
#8000=CARTESIAN_POINT('',(8.98858869514866,-4.10000000000004,-24.6763874629235));
#8001=CARTESIAN_POINT('',(8.79333245325099,-4.10000000000004,-24.3381937314617));
#8002=CARTESIAN_POINT('Ctrl Pts',(8.98858869514866,-4.10000000000004,-24.6763874629234));
#8003=CARTESIAN_POINT('Ctrl Pts',(9.0815130964938,-4.19991400079637,-24.6375092457235));
#8004=CARTESIAN_POINT('Ctrl Pts',(9.17448730730962,-4.30005053210221,-24.5982722400385));
#8005=CARTESIAN_POINT('Ctrl Pts',(9.26715147108228,-4.40000000000004,-24.5588723439379));
#8006=CARTESIAN_POINT('Origin',(8.53272378002332,-4.25000000000004,-27.4131937314617));
#8007=CARTESIAN_POINT('',(8.98858869514864,-4.10000000000004,-26.3236125370766));
#8008=CARTESIAN_POINT('',(8.20756372755798,-4.10000000000004,-27.6763874629235));
#8009=CARTESIAN_POINT('',(8.40281996945565,-4.10000000000004,-27.3381937314617));
#8010=CARTESIAN_POINT('',(8.44861619389503,-4.40000000000004,-27.8588723439379));
#8011=CARTESIAN_POINT('Ctrl Pts',(8.20756372755799,-4.10000000000004,-27.6763874629234));
#8012=CARTESIAN_POINT('Ctrl Pts',(8.28769545197959,-4.19991400079641,-27.7374232465199));
#8013=CARTESIAN_POINT('Ctrl Pts',(8.36816280107924,-4.3000505321023,-27.7983227721407));
#8014=CARTESIAN_POINT('Ctrl Pts',(8.44861619389503,-4.40000000000004,-27.8588723439379));
#8015=CARTESIAN_POINT('',(9.26715147108227,-4.40000000000004,-26.4411276560621));
#8016=CARTESIAN_POINT('',(8.66262759059099,-4.40000000000004,-27.4881937314617));
#8017=CARTESIAN_POINT('Ctrl Pts',(8.98858869514865,-4.10000000000004,-26.3236125370766));
#8018=CARTESIAN_POINT('Ctrl Pts',(9.08151309649215,-4.1999140007946,-26.3624907542758));
#8019=CARTESIAN_POINT('Ctrl Pts',(9.17448730730594,-4.30005053209824,-26.40172775996));
#8020=CARTESIAN_POINT('Ctrl Pts',(9.26715147108227,-4.40000000000004,-26.4411276560621));
#8021=CARTESIAN_POINT('Origin',(6.,-4.25000000000004,-25.5));
#8022=CARTESIAN_POINT('',(6.78102496759066,-4.10000000000004,-28.5));
#8023=CARTESIAN_POINT('Origin',(6.,-4.10000000000004,-25.5));
#8024=CARTESIAN_POINT('',(6.81853527718725,-4.40000000000004,-28.8));
#8025=CARTESIAN_POINT('Ctrl Pts',(6.78102496759067,-4.10000000000004,-28.5));
#8026=CARTESIAN_POINT('Ctrl Pts',(6.79381764451412,-4.1999140007954,-28.5999140007954));
#8027=CARTESIAN_POINT('Ctrl Pts',(6.8063245062302,-4.30005053210001,-28.7000505321));
#8028=CARTESIAN_POINT('Ctrl Pts',(6.81853527718726,-4.40000000000004,-28.8));
#8029=CARTESIAN_POINT('Origin',(6.,-4.40000000000004,-25.5));
#8030=CARTESIAN_POINT('Origin',(5.60948751620467,-4.25000000000004,-28.65));
#8031=CARTESIAN_POINT('',(5.21897503240934,-4.10000000000004,-28.5));
#8032=CARTESIAN_POINT('',(5.60948751620467,-4.10000000000004,-28.5));
#8033=CARTESIAN_POINT('',(5.18146472281275,-4.40000000000004,-28.8));
#8034=CARTESIAN_POINT('Ctrl Pts',(5.21897503240934,-4.10000000000004,-28.5));
#8035=CARTESIAN_POINT('Ctrl Pts',(5.20618235548585,-4.19991400079563,-28.5999140007956));
#8036=CARTESIAN_POINT('Ctrl Pts',(5.19367549376974,-4.30005053210056,-28.7000505321005));
#8037=CARTESIAN_POINT('Ctrl Pts',(5.18146472281274,-4.40000000000004,-28.8));
#8038=CARTESIAN_POINT('',(5.60948751620467,-4.40000000000004,-28.8));
#8039=CARTESIAN_POINT('Origin',(6.,-4.25000000000004,-25.5));
#8040=CARTESIAN_POINT('',(3.79243627244201,-4.10000000000004,-27.6763874629234));
#8041=CARTESIAN_POINT('Origin',(6.,-4.10000000000004,-25.5));
#8042=CARTESIAN_POINT('',(3.55138380610496,-4.40000000000004,-27.8588723439379));
#8043=CARTESIAN_POINT('Ctrl Pts',(3.79243627244202,-4.10000000000004,-27.6763874629234));
#8044=CARTESIAN_POINT('Ctrl Pts',(3.71230454801906,-4.1999140007981,-27.7374232465209));
#8045=CARTESIAN_POINT('Ctrl Pts',(3.63183719891771,-4.30005053210611,-27.798322772143));
#8046=CARTESIAN_POINT('Ctrl Pts',(3.55138380610498,-4.40000000000004,-27.8588723439379));
#8047=CARTESIAN_POINT('Origin',(6.,-4.40000000000004,-25.5));
#8048=CARTESIAN_POINT('Origin',(3.07676373618135,-4.25000000000004,-26.7368062685383));
#8049=CARTESIAN_POINT('',(3.01141130485135,-4.10000000000004,-26.3236125370766));
#8050=CARTESIAN_POINT('',(3.20666754674902,-4.10000000000004,-26.6618062685383));
#8051=CARTESIAN_POINT('',(2.73284852891774,-4.40000000000004,-26.4411276560621));
#8052=CARTESIAN_POINT('Ctrl Pts',(3.01141130485135,-4.10000000000004,-26.3236125370766));
#8053=CARTESIAN_POINT('Ctrl Pts',(2.91848690350273,-4.19991400080011,-26.362490754278));
#8054=CARTESIAN_POINT('Ctrl Pts',(2.82551269268257,-4.30005053211064,-26.4017277599649));
#8055=CARTESIAN_POINT('Ctrl Pts',(2.73284852891773,-4.40000000000004,-26.4411276560621));
#8056=CARTESIAN_POINT('',(2.94685992561368,-4.40000000000004,-26.8118062685383));
#8057=CARTESIAN_POINT('Origin',(6.,-4.25000000000004,-25.5));
#8058=CARTESIAN_POINT('',(2.73284852891773,-4.40000000000004,-24.5588723439379));
#8059=CARTESIAN_POINT('Origin',(6.,-4.40000000000004,-25.5));
#8060=CARTESIAN_POINT('',(3.01141130485134,-4.10000000000004,-24.6763874629235));
#8061=CARTESIAN_POINT('Origin',(6.,-4.10000000000004,-25.5));
#8062=CARTESIAN_POINT('Ctrl Pts',(3.01141130485136,-4.10000000000004,-24.6763874629234));
#8063=CARTESIAN_POINT('Ctrl Pts',(2.91848690350659,-4.19991400079596,-24.6375092457236));
#8064=CARTESIAN_POINT('Ctrl Pts',(2.82551269269123,-4.30005053210131,-24.5982722400388));
#8065=CARTESIAN_POINT('Ctrl Pts',(2.73284852891774,-4.40000000000004,-24.5588723439379));
#8066=CARTESIAN_POINT('Origin',(3.46727621997668,-4.25000000000004,-23.5868062685383));
#8067=CARTESIAN_POINT('',(3.55138380610496,-4.40000000000004,-23.1411276560621));
#8068=CARTESIAN_POINT('',(3.33737240940902,-4.40000000000004,-23.5118062685383));
#8069=CARTESIAN_POINT('',(3.792436272442,-4.10000000000004,-23.3236125370766));
#8070=CARTESIAN_POINT('',(3.59718003054435,-4.10000000000004,-23.6618062685383));
#8071=CARTESIAN_POINT('Ctrl Pts',(3.79243627244201,-4.10000000000004,-23.3236125370766));
#8072=CARTESIAN_POINT('Ctrl Pts',(3.71230454802114,-4.1999140007955,-23.2625767534807));
#8073=CARTESIAN_POINT('Ctrl Pts',(3.6318371989224,-4.30005053210027,-23.2016772278606));
#8074=CARTESIAN_POINT('Ctrl Pts',(3.55138380610497,-4.40000000000004,-23.1411276560621));
#8075=CARTESIAN_POINT('Origin',(6.,-4.25000000000004,-25.5));
#8076=CARTESIAN_POINT('',(5.18146472281275,-4.40000000000004,-22.2));
#8077=CARTESIAN_POINT('Origin',(6.,-4.40000000000004,-25.5));
#8078=CARTESIAN_POINT('',(5.21897503240934,-4.10000000000004,-22.5));
#8079=CARTESIAN_POINT('Origin',(6.,-4.10000000000004,-25.5));
#8080=CARTESIAN_POINT('Ctrl Pts',(5.21897503240934,-4.10000000000004,-22.5));
#8081=CARTESIAN_POINT('Ctrl Pts',(5.20618235548577,-4.19991400079629,-22.4000859992038));
#8082=CARTESIAN_POINT('Ctrl Pts',(5.19367549376956,-4.30005053210203,-22.299949467898));
#8083=CARTESIAN_POINT('Ctrl Pts',(5.18146472281274,-4.40000000000004,-22.2));
#8084=CARTESIAN_POINT('Origin',(6.39051248379533,-4.25000000000004,-22.35));
#8085=CARTESIAN_POINT('',(6.81853527718726,-4.40000000000004,-22.2));
#8086=CARTESIAN_POINT('',(6.39051248379533,-4.40000000000004,-22.2));
#8087=CARTESIAN_POINT('',(6.78102496759066,-4.10000000000004,-22.5));
#8088=CARTESIAN_POINT('',(6.39051248379533,-4.10000000000004,-22.5));
#8089=CARTESIAN_POINT('Ctrl Pts',(6.78102496759067,-4.10000000000004,-22.5));
#8090=CARTESIAN_POINT('Ctrl Pts',(6.793817644514,-4.19991400079442,-22.4000859992056));
#8091=CARTESIAN_POINT('Ctrl Pts',(6.80632450622993,-4.30005053209784,-22.2999494679022));
#8092=CARTESIAN_POINT('Ctrl Pts',(6.81853527718726,-4.40000000000005,-22.2));
#8093=CARTESIAN_POINT('Origin',(6.,-4.25000000000004,-25.5));
#8094=CARTESIAN_POINT('Origin',(6.,-4.40000000000004,-25.5));
#8095=CARTESIAN_POINT('Origin',(6.,-4.10000000000004,-25.5));
#8096=CARTESIAN_POINT('Origin',(6.,-4.25000000000004,-25.5));
#8097=CARTESIAN_POINT('Origin',(6.,-4.40000000000004,-25.5));
#8098=CARTESIAN_POINT('Origin',(6.,-4.10000000000004,-25.5));
#8099=CARTESIAN_POINT('Origin',(6.,-3.00000000000002,-25.5));
#8100=CARTESIAN_POINT('',(3.01141130485135,-3.00000000000002,-26.3236125370766));
#8101=CARTESIAN_POINT('',(3.01141130485134,-3.00000000000002,-24.6763874629235));
#8102=CARTESIAN_POINT('Origin',(3.01141130485135,-3.00000000000002,-26.3236125370766));
#8103=CARTESIAN_POINT('',(3.79243627244201,-3.00000000000002,-27.6763874629234));
#8104=CARTESIAN_POINT('Origin',(6.,-3.00000000000002,-25.5));
#8105=CARTESIAN_POINT('',(5.21897503240934,-3.00000000000002,-28.5));
#8106=CARTESIAN_POINT('Origin',(5.21897503240934,-3.00000000000002,-28.5));
#8107=CARTESIAN_POINT('',(6.78102496759066,-3.00000000000002,-28.5));
#8108=CARTESIAN_POINT('Origin',(6.,-3.00000000000002,-25.5));
#8109=CARTESIAN_POINT('',(8.20756372755798,-3.00000000000002,-27.6763874629235));
#8110=CARTESIAN_POINT('Origin',(8.20756372755798,-3.00000000000002,-27.6763874629235));
#8111=CARTESIAN_POINT('',(8.98858869514864,-3.00000000000002,-26.3236125370766));
#8112=CARTESIAN_POINT('Origin',(6.,-4.40000000000004,-25.5));
#8113=CARTESIAN_POINT('',(6.,-4.40000000000004,-21.7887301627792));
#8114=CARTESIAN_POINT('Origin',(6.,-4.40000000000004,-25.5));
#8115=CARTESIAN_POINT('Origin',(-8.53272378002331,-4.25000000000004,-23.5868062685383));
#8116=CARTESIAN_POINT('',(-8.98858869514866,-4.10000000000004,-24.6763874629235));
#8117=CARTESIAN_POINT('',(-8.20756372755797,-4.10000000000004,-23.3236125370766));
#8118=CARTESIAN_POINT('',(-8.40281996945564,-4.10000000000004,-23.6618062685383));
#8119=CARTESIAN_POINT('',(-8.44861619389503,-4.40000000000004,-23.1411276560621));
#8120=CARTESIAN_POINT('Ctrl Pts',(-8.20756372755797,-4.10000000000004,-23.3236125370766));
#8121=CARTESIAN_POINT('Ctrl Pts',(-8.28769545198204,-4.19991400079949,-23.2625767534783));
#8122=CARTESIAN_POINT('Ctrl Pts',(-8.3681628010848,-4.30005053210923,-23.2016772278551));
#8123=CARTESIAN_POINT('Ctrl Pts',(-8.44861619389502,-4.40000000000004,-23.1411276560621));
#8124=CARTESIAN_POINT('',(-9.26715147108226,-4.40000000000004,-24.5588723439379));
#8125=CARTESIAN_POINT('',(-8.66262759059097,-4.40000000000004,-23.5118062685383));
#8126=CARTESIAN_POINT('Ctrl Pts',(-8.98858869514865,-4.10000000000004,-24.6763874629235));
#8127=CARTESIAN_POINT('Ctrl Pts',(-9.08151309649783,-4.1999140008007,-24.6375092457218));
#8128=CARTESIAN_POINT('Ctrl Pts',(-9.17448730731867,-4.30005053211197,-24.5982722400346));
#8129=CARTESIAN_POINT('Ctrl Pts',(-9.26715147108227,-4.40000000000004,-24.5588723439379));
#8130=CARTESIAN_POINT('Origin',(-6.,-4.25000000000004,-25.5));
#8131=CARTESIAN_POINT('',(-6.78102496759068,-4.10000000000004,-22.5));
#8132=CARTESIAN_POINT('Origin',(-6.,-4.10000000000004,-25.5));
#8133=CARTESIAN_POINT('',(-6.81853527718727,-4.40000000000004,-22.2));
#8134=CARTESIAN_POINT('Ctrl Pts',(-6.78102496759068,-4.10000000000004,-22.5));
#8135=CARTESIAN_POINT('Ctrl Pts',(-6.79381764451418,-4.19991400079576,-22.4000859992043));
#8136=CARTESIAN_POINT('Ctrl Pts',(-6.80632450623032,-4.30005053210088,-22.2999494678992));
#8137=CARTESIAN_POINT('Ctrl Pts',(-6.81853527718728,-4.40000000000004,-22.2));
#8138=CARTESIAN_POINT('Origin',(-6.,-4.40000000000004,-25.5));
#8139=CARTESIAN_POINT('Origin',(-5.60948751620466,-4.25000000000004,-22.35));
#8140=CARTESIAN_POINT('',(-5.21897503240932,-4.10000000000004,-22.5));
#8141=CARTESIAN_POINT('',(-5.60948751620466,-4.10000000000004,-22.5));
#8142=CARTESIAN_POINT('',(-5.18146472281272,-4.40000000000004,-22.2));
#8143=CARTESIAN_POINT('Ctrl Pts',(-5.21897503240932,-4.10000000000004,-22.5));
#8144=CARTESIAN_POINT('Ctrl Pts',(-5.20618235548577,-4.1999140007961,-22.400085999204));
#8145=CARTESIAN_POINT('Ctrl Pts',(-5.19367549376959,-4.30005053210163,-22.2999494678984));
#8146=CARTESIAN_POINT('Ctrl Pts',(-5.18146472281272,-4.40000000000004,-22.2));
#8147=CARTESIAN_POINT('',(-5.60948751620466,-4.40000000000004,-22.2));
#8148=CARTESIAN_POINT('Origin',(-3.07676373618135,-4.25000000000004,-24.2631937314617));
#8149=CARTESIAN_POINT('',(-3.79243627244201,-4.10000000000004,-23.3236125370766));
#8150=CARTESIAN_POINT('',(-3.01141130485135,-4.10000000000004,-24.6763874629234));
#8151=CARTESIAN_POINT('',(-3.20666754674902,-4.10000000000004,-24.3381937314617));
#8152=CARTESIAN_POINT('',(-2.73284852891773,-4.40000000000004,-24.5588723439379));
#8153=CARTESIAN_POINT('Ctrl Pts',(-3.01141130485135,-4.10000000000004,-24.6763874629234));
#8154=CARTESIAN_POINT('Ctrl Pts',(-2.91848690350713,-4.19991400079537,-24.6375092457239));
#8155=CARTESIAN_POINT('Ctrl Pts',(-2.82551269269246,-4.30005053209997,-24.5982722400393));
#8156=CARTESIAN_POINT('Ctrl Pts',(-2.73284852891773,-4.40000000000004,-24.5588723439379));
#8157=CARTESIAN_POINT('',(-3.55138380610497,-4.40000000000004,-23.1411276560621));
#8158=CARTESIAN_POINT('',(-2.94685992561369,-4.40000000000004,-24.1881937314617));
#8159=CARTESIAN_POINT('Ctrl Pts',(-3.55138380610498,-4.40000000000004,-23.1411276560621));
#8160=CARTESIAN_POINT('Ctrl Pts',(-3.63183719892153,-4.30005053210135,-23.2016772278599));
#8161=CARTESIAN_POINT('Ctrl Pts',(-3.71230454802075,-4.19991400079599,-23.2625767534804));
#8162=CARTESIAN_POINT('Ctrl Pts',(-3.79243627244202,-4.10000000000004,-23.3236125370766));
#8163=CARTESIAN_POINT('Origin',(-6.,-4.25000000000004,-25.5));
#8164=CARTESIAN_POINT('',(-2.73284852891772,-4.40000000000004,-26.4411276560621));
#8165=CARTESIAN_POINT('Origin',(-6.,-4.40000000000004,-25.5));
#8166=CARTESIAN_POINT('',(-3.01141130485135,-4.10000000000004,-26.3236125370766));
#8167=CARTESIAN_POINT('Origin',(-6.,-4.10000000000004,-25.5));
#8168=CARTESIAN_POINT('Ctrl Pts',(-3.01141130485135,-4.10000000000004,-26.3236125370766));
#8169=CARTESIAN_POINT('Ctrl Pts',(-2.91848690350987,-4.19991400079242,-26.362490754275));
#8170=CARTESIAN_POINT('Ctrl Pts',(-2.82551269269859,-4.30005053209335,-26.4017277599581));
#8171=CARTESIAN_POINT('Ctrl Pts',(-2.73284852891773,-4.40000000000004,-26.4411276560621));
#8172=CARTESIAN_POINT('Origin',(-3.46727621997668,-4.25000000000004,-27.4131937314617));
#8173=CARTESIAN_POINT('',(-3.55138380610497,-4.40000000000004,-27.8588723439379));
#8174=CARTESIAN_POINT('',(-3.33737240940901,-4.40000000000004,-27.4881937314617));
#8175=CARTESIAN_POINT('',(-3.79243627244201,-4.10000000000004,-27.6763874629234));
#8176=CARTESIAN_POINT('',(-3.59718003054435,-4.10000000000004,-27.3381937314617));
#8177=CARTESIAN_POINT('Ctrl Pts',(-3.79243627244202,-4.10000000000004,-27.6763874629235));
#8178=CARTESIAN_POINT('Ctrl Pts',(-3.71230454802139,-4.19991400079519,-27.7374232465191));
#8179=CARTESIAN_POINT('Ctrl Pts',(-3.63183719892297,-4.30005053209958,-27.798322772139));
#8180=CARTESIAN_POINT('Ctrl Pts',(-3.55138380610498,-4.40000000000004,-27.8588723439379));
#8181=CARTESIAN_POINT('Origin',(-6.,-4.25000000000004,-25.5));
#8182=CARTESIAN_POINT('Origin',(-6.,-4.10000000000004,-25.5));
#8183=CARTESIAN_POINT('Origin',(-6.,-4.40000000000004,-25.5));
#8184=CARTESIAN_POINT('Origin',(-6.,-4.25000000000004,-25.5));
#8185=CARTESIAN_POINT('',(-5.18146472281272,-4.40000000000004,-28.8));
#8186=CARTESIAN_POINT('Origin',(-6.,-4.40000000000004,-25.5));
#8187=CARTESIAN_POINT('',(-5.21897503240932,-4.10000000000004,-28.5));
#8188=CARTESIAN_POINT('Origin',(-6.,-4.10000000000004,-25.5));
#8189=CARTESIAN_POINT('Ctrl Pts',(-5.21897503240932,-4.10000000000004,-28.5));
#8190=CARTESIAN_POINT('Ctrl Pts',(-5.20618235548577,-4.19991400079609,-28.5999140007961));
#8191=CARTESIAN_POINT('Ctrl Pts',(-5.19367549376959,-4.30005053210161,-28.7000505321016));
#8192=CARTESIAN_POINT('Ctrl Pts',(-5.18146472281272,-4.40000000000004,-28.8));
#8193=CARTESIAN_POINT('Origin',(-6.39051248379534,-4.25000000000004,-28.65));
#8194=CARTESIAN_POINT('',(-6.81853527718727,-4.40000000000004,-28.8));
#8195=CARTESIAN_POINT('',(-6.39051248379534,-4.40000000000004,-28.8));
#8196=CARTESIAN_POINT('',(-6.78102496759068,-4.10000000000004,-28.5));
#8197=CARTESIAN_POINT('',(-6.39051248379534,-4.10000000000004,-28.5));
#8198=CARTESIAN_POINT('Ctrl Pts',(-6.78102496759069,-4.10000000000004,-28.5));
#8199=CARTESIAN_POINT('Ctrl Pts',(-6.79381764451419,-4.19991400079578,-28.5999140007957));
#8200=CARTESIAN_POINT('Ctrl Pts',(-6.80632450623033,-4.30005053210091,-28.7000505321009));
#8201=CARTESIAN_POINT('Ctrl Pts',(-6.81853527718728,-4.40000000000004,-28.8));
#8202=CARTESIAN_POINT('Origin',(-6.,-4.25000000000004,-25.5));
#8203=CARTESIAN_POINT('',(-8.44861619389505,-4.40000000000004,-27.8588723439379));
#8204=CARTESIAN_POINT('Origin',(-6.,-4.40000000000004,-25.5));
#8205=CARTESIAN_POINT('',(-8.20756372755797,-4.10000000000004,-27.6763874629235));
#8206=CARTESIAN_POINT('Origin',(-6.,-4.10000000000004,-25.5));
#8207=CARTESIAN_POINT('Ctrl Pts',(-8.20756372755798,-4.10000000000004,-27.6763874629235));
#8208=CARTESIAN_POINT('Ctrl Pts',(-8.28769545198477,-4.19991400080288,-27.7374232465238));
#8209=CARTESIAN_POINT('Ctrl Pts',(-8.36816280109096,-4.30005053211688,-27.7983227721495));
#8210=CARTESIAN_POINT('Ctrl Pts',(-8.44861619389503,-4.40000000000004,-27.8588723439379));
#8211=CARTESIAN_POINT('Origin',(-8.92323626381865,-4.25000000000004,-26.7368062685383));
#8212=CARTESIAN_POINT('',(-9.26715147108226,-4.40000000000004,-26.4411276560621));
#8213=CARTESIAN_POINT('',(-9.05314007438632,-4.40000000000004,-26.8118062685383));
#8214=CARTESIAN_POINT('',(-8.98858869514865,-4.10000000000004,-26.3236125370766));
#8215=CARTESIAN_POINT('',(-8.79333245325098,-4.10000000000004,-26.6618062685383));
#8216=CARTESIAN_POINT('Ctrl Pts',(-8.98858869514865,-4.10000000000004,-26.3236125370766));
#8217=CARTESIAN_POINT('Ctrl Pts',(-9.08151309649308,-4.19991400079561,-26.3624907542762));
#8218=CARTESIAN_POINT('Ctrl Pts',(-9.17448730730803,-4.3000505321005,-26.4017277599609));
#8219=CARTESIAN_POINT('Ctrl Pts',(-9.26715147108227,-4.40000000000004,-26.4411276560621));
#8220=CARTESIAN_POINT('Origin',(-6.,-4.25000000000004,-25.5));
#8221=CARTESIAN_POINT('Origin',(-6.,-4.40000000000004,-25.5));
#8222=CARTESIAN_POINT('Origin',(-6.,-4.10000000000004,-25.5));
#8223=CARTESIAN_POINT('Origin',(-6.,-3.00000000000002,-25.5));
#8224=CARTESIAN_POINT('',(-6.78102496759068,-3.00000000000002,-28.5));
#8225=CARTESIAN_POINT('',(-8.20756372755797,-3.00000000000002,-27.6763874629235));
#8226=CARTESIAN_POINT('Origin',(-6.78102496759068,-3.00000000000002,-28.5));
#8227=CARTESIAN_POINT('',(-5.21897503240932,-3.00000000000002,-28.5));
#8228=CARTESIAN_POINT('Origin',(-6.,-3.00000000000002,-25.5));
#8229=CARTESIAN_POINT('',(-3.79243627244201,-3.00000000000002,-27.6763874629234));
#8230=CARTESIAN_POINT('Origin',(-3.79243627244201,-3.00000000000002,-27.6763874629234));
#8231=CARTESIAN_POINT('',(-3.01141130485135,-3.00000000000002,-26.3236125370766));
#8232=CARTESIAN_POINT('Origin',(-6.,-3.00000000000002,-25.5));
#8233=CARTESIAN_POINT('',(-3.01141130485135,-3.00000000000002,-24.6763874629234));
#8234=CARTESIAN_POINT('Origin',(-3.01141130485135,-3.00000000000002,-24.6763874629234));
#8235=CARTESIAN_POINT('',(-3.79243627244201,-3.00000000000002,-23.3236125370766));
#8236=CARTESIAN_POINT('Origin',(-6.,-4.40000000000004,-25.5));
#8237=CARTESIAN_POINT('',(-6.,-4.40000000000004,-21.7887301627792));
#8238=CARTESIAN_POINT('Origin',(-6.,-4.40000000000004,-25.5));
#8239=CARTESIAN_POINT('Origin',(-8.98858869514865,-3.00000000000002,-26.3236125370766));
#8240=CARTESIAN_POINT('',(-8.98858869514865,-3.00000000000002,-26.3236125370766));
#8241=CARTESIAN_POINT('Origin',(-6.,-3.00000000000002,-25.5));
#8242=CARTESIAN_POINT('',(-8.98858869514866,-3.00000000000002,-24.6763874629235));
#8243=CARTESIAN_POINT('Origin',(-8.20756372755797,-3.00000000000002,-23.3236125370766));
#8244=CARTESIAN_POINT('',(-8.20756372755797,-3.00000000000002,-23.3236125370766));
#8245=CARTESIAN_POINT('Origin',(-6.,-3.00000000000002,-25.5));
#8246=CARTESIAN_POINT('',(-6.78102496759068,-3.00000000000002,-22.5));
#8247=CARTESIAN_POINT('Origin',(-5.21897503240932,-3.00000000000002,-22.5));
#8248=CARTESIAN_POINT('',(-5.21897503240932,-3.00000000000002,-22.5));
#8249=CARTESIAN_POINT('Origin',(-6.,-3.00000000000002,-25.5));
#8250=CARTESIAN_POINT('Origin',(8.98858869514866,-3.00000000000002,-24.6763874629235));
#8251=CARTESIAN_POINT('',(8.20756372755799,-3.00000000000002,-23.3236125370766));
#8252=CARTESIAN_POINT('',(8.98858869514866,-3.00000000000002,-24.6763874629235));
#8253=CARTESIAN_POINT('Origin',(6.,-3.00000000000002,-25.5));
#8254=CARTESIAN_POINT('Origin',(3.792436272442,-3.00000000000002,-23.3236125370766));
#8255=CARTESIAN_POINT('',(3.792436272442,-3.00000000000002,-23.3236125370766));
#8256=CARTESIAN_POINT('Origin',(6.,-3.00000000000002,-25.5));
#8257=CARTESIAN_POINT('',(5.21897503240934,-3.00000000000002,-22.5));
#8258=CARTESIAN_POINT('Origin',(6.78102496759066,-3.00000000000002,-22.5));
#8259=CARTESIAN_POINT('',(6.78102496759066,-3.00000000000002,-22.5));
#8260=CARTESIAN_POINT('Origin',(6.,-3.00000000000002,-25.5));
#8261=CARTESIAN_POINT('Origin',(6.,-1.00000000000004,-25.5));
#8262=CARTESIAN_POINT('',(10.1112698372208,-4.00000000000004,-25.5));
#8263=CARTESIAN_POINT('',(6.,-4.00000000000004,-21.3887301627792));
#8264=CARTESIAN_POINT('Origin',(6.,-4.00000000000004,-25.5));
#8265=CARTESIAN_POINT('',(10.1112698372208,-1.00000000000004,-25.5));
#8266=CARTESIAN_POINT('Origin',(6.,-4.00000000000004,-25.5));
#8267=CARTESIAN_POINT('Origin',(-6.,-1.00000000000004,-25.5));
#8268=CARTESIAN_POINT('',(-1.8887301627792,-4.00000000000004,-25.5));
#8269=CARTESIAN_POINT('',(-6.,-4.00000000000004,-21.3887301627792));
#8270=CARTESIAN_POINT('Origin',(-6.,-4.00000000000004,-25.5));
#8271=CARTESIAN_POINT('',(-1.8887301627792,-1.00000000000004,-25.5));
#8272=CARTESIAN_POINT('Origin',(-6.,-4.00000000000004,-25.5));
#8273=CARTESIAN_POINT('Origin',(-6.,-4.00000000000004,-25.5));
#8274=CARTESIAN_POINT('Origin',(-6.,-4.00000000000004,-21.7887301627792));
#8275=CARTESIAN_POINT('Origin',(6.,-4.00000000000004,-25.5));
#8276=CARTESIAN_POINT('Origin',(6.,-4.00000000000004,-21.7887301627792));
#8277=CARTESIAN_POINT('Origin',(5.89965812857287,-2.70000000000005,-36.3782313072021));
#8278=CARTESIAN_POINT('',(6.33160831940253,-3.10000000000005,-36.954164894975));
#8279=CARTESIAN_POINT('Origin',(5.89965812857287,-3.10000000000005,-36.3782313072021));
#8280=CARTESIAN_POINT('',(6.49965812857286,-2.70000000000005,-37.1782313072021));
#8281=CARTESIAN_POINT('Origin',(-0.100341871427084,-2.70000000000005,-28.3782313072022));
#8282=CARTESIAN_POINT('Origin',(-0.100341871427084,-3.10000000000005,-28.3782313072022));
#8283=CARTESIAN_POINT('Origin',(-0.100341871427214,-3.10000000000005,-37.378231307202));
#8284=CARTESIAN_POINT('Ctrl Pts',(6.09369487616316,-0.563997002676759,-38.5012583105133));
#8285=CARTESIAN_POINT('Ctrl Pts',(6.31817974279728,-1.17433534435255,-38.0225799600039));
#8286=CARTESIAN_POINT('Ctrl Pts',(6.54140372680397,-1.78612116220842,-37.5451574044904));
#8287=CARTESIAN_POINT('Ctrl Pts',(6.76386277982682,-2.39877768721558,-37.0684988750168));
#8288=CARTESIAN_POINT('Ctrl Pts',(5.95296377010689,-0.725661519947503,-38.6413900915582));
#8289=CARTESIAN_POINT('Ctrl Pts',(6.17837775129691,-1.33431921347336,-38.1618449423548));
#8290=CARTESIAN_POINT('Ctrl Pts',(6.40247938073455,-1.94484594435243,-37.6838270921915));
#8291=CARTESIAN_POINT('Ctrl Pts',(6.6256286301714,-2.55634342142205,-37.2065059242645));
#8292=CARTESIAN_POINT('Ctrl Pts',(5.54873096737982,-0.970783300120954,-38.7643600858095));
#8293=CARTESIAN_POINT('Ctrl Pts',(5.77845365424656,-1.57730050094806,-38.2855547893731));
#8294=CARTESIAN_POINT('Ctrl Pts',(6.00599552675043,-2.18599335830789,-37.807865062418));
#8295=CARTESIAN_POINT('Ctrl Pts',(6.23224069173492,-2.79601628671867,-37.3309649087737));
#8296=CARTESIAN_POINT('Ctrl Pts',(5.1050180707298,-1.010149103604,-38.606466228418));
#8297=CARTESIAN_POINT('Ctrl Pts',(5.33763671012028,-1.61886318636759,-38.1324193783864));
#8298=CARTESIAN_POINT('Ctrl Pts',(5.56759941271231,-2.22936709858131,-37.6586329738241));
#8299=CARTESIAN_POINT('Ctrl Pts',(5.79601548574436,-2.84089746103007,-37.1850627636588));
#8300=CARTESIAN_POINT('Ctrl Pts',(4.94603377679136,-0.986222491494409,-38.5014000671323));
#8301=CARTESIAN_POINT('Ctrl Pts',(5.17877145060706,-1.5965608331702,-38.0295264149743));
#8302=CARTESIAN_POINT('Ctrl Pts',(5.4089434536149,-2.20834665102607,-37.5575303276667));
#8303=CARTESIAN_POINT('Ctrl Pts',(5.63751485704588,-2.82100317603323,-37.0855192532765));
#8304=CARTESIAN_POINT('',(5.48012298525258,-2.40000000000046,-37.4099828961963));
#8305=CARTESIAN_POINT('Ctrl Pts',(5.48012739952313,-2.39999712283884,-37.4099837516722));
#8306=CARTESIAN_POINT('Ctrl Pts',(5.30505183073951,-1.93266154701195,-37.7702776345313));
#8307=CARTESIAN_POINT('Ctrl Pts',(5.12891476785387,-1.46591032501941,-38.1305484387092));
#8308=CARTESIAN_POINT('Ctrl Pts',(4.95128696314173,-0.999999994187398,-38.4907483730825));
#8309=CARTESIAN_POINT('',(6.76278845051246,-2.4,-37.0695685372376));
#8310=CARTESIAN_POINT('Ctrl Pts',(6.76278845051246,-2.4,-37.0695685372376));
#8311=CARTESIAN_POINT('Ctrl Pts',(6.65452636199786,-2.4,-37.2134099539873));
#8312=CARTESIAN_POINT('Ctrl Pts',(6.52468580613414,-2.40000000000899,-37.3318380798193));
#8313=CARTESIAN_POINT('Ctrl Pts',(6.27345538545588,-2.40000000000899,-37.4809817665647));
#8314=CARTESIAN_POINT('Ctrl Pts',(6.15293751017432,-2.40000000000654,-37.5276696515304));
#8315=CARTESIAN_POINT('Ctrl Pts',(5.92997884078456,-2.40000000000654,-37.5603355338761));
#8316=CARTESIAN_POINT('Ctrl Pts',(5.8315900976205,-2.39999999999955,-37.5572990281824));
#8317=CARTESIAN_POINT('Ctrl Pts',(5.68986112509382,-2.39999999999955,-37.5223362273659));
#8318=CARTESIAN_POINT('Ctrl Pts',(5.6448549706877,-2.4,-37.5061726884729));
#8319=CARTESIAN_POINT('Ctrl Pts',(5.55866197051719,-2.4,-37.4645122157573));
#8320=CARTESIAN_POINT('Ctrl Pts',(5.51800970204124,-2.4,-37.439266868926));
#8321=CARTESIAN_POINT('Ctrl Pts',(5.48012298525141,-2.4,-37.409982896197));
#8322=CARTESIAN_POINT('',(6.7623423129356,-2.39459033996456,-37.0717567347017));
#8323=CARTESIAN_POINT('Ctrl Pts',(6.76234231332242,-2.39459033950484,-37.071756734321));
#8324=CARTESIAN_POINT('Ctrl Pts',(6.76249168913984,-2.39639361978147,-37.0710276230755));
#8325=CARTESIAN_POINT('Ctrl Pts',(6.76264037616743,-2.39819682546591,-37.0702981911155));
#8326=CARTESIAN_POINT('Ctrl Pts',(6.76278837346914,-2.39999995239773,-37.0695684400969));
#8327=CARTESIAN_POINT('Ctrl Pts',(6.2537621356498,-0.999996700287991,-38.1597044474151));
#8328=CARTESIAN_POINT('Ctrl Pts',(6.42387601460433,-1.46418930769513,-37.7964698072569));
#8329=CARTESIAN_POINT('Ctrl Pts',(6.59333024675033,-1.92913816100298,-37.4338924519162));
#8330=CARTESIAN_POINT('Ctrl Pts',(6.76234231332228,-2.39459033950444,-37.0717567343213));
#8331=CARTESIAN_POINT('Origin',(7.03635386072293,-0.452094453300079,-37.2772653955422));
#8332=CARTESIAN_POINT('',(7.03635386072293,-0.452094453300079,-37.2772653955422));
#8333=CARTESIAN_POINT('Origin',(6.,-0.452094453300079,-36.5));
#8334=CARTESIAN_POINT('',(6.57118441328928,-2.4,-35.738420782281));
#8335=CARTESIAN_POINT('Origin',(6.,-2.4,-36.5));
#8336=CARTESIAN_POINT('',(6.7772653955422,-0.452094453300079,-35.4636461392771));
#8337=CARTESIAN_POINT('Origin',(2.22044604925031E-15,-0.452094453300079,
-44.5));
#8338=CARTESIAN_POINT('',(-6.57118441328928,-2.4,-35.738420782281));
#8339=CARTESIAN_POINT('Origin',(2.22044604925031E-15,-2.4,-44.5));
#8340=CARTESIAN_POINT('',(-6.77726539554221,-0.452094453300079,-35.4636461392771));
#8341=CARTESIAN_POINT('Origin',(2.22044604925031E-15,-2.59283628290596,
-44.5));
#8342=CARTESIAN_POINT('',(-5.48012298525259,-2.40000000000046,-37.4099828961963));
#8343=CARTESIAN_POINT('Ctrl Pts',(-4.9512869601112,-0.999999996161857,-38.4907483724797));
#8344=CARTESIAN_POINT('Ctrl Pts',(-5.12891466279204,-1.46591042463095,-38.130548396621));
#8345=CARTESIAN_POINT('Ctrl Pts',(-5.30505178079656,-1.93266158859363,-37.7702776184435));
#8346=CARTESIAN_POINT('Ctrl Pts',(-5.4801273838456,-2.39999714150049,-37.4099837428102));
#8347=CARTESIAN_POINT('Origin',(2.22044604925031E-15,-2.4,-44.5));
#8348=CARTESIAN_POINT('Origin',(-4.44089209850063E-15,-2.4,-35.7222912360003));
#8349=CARTESIAN_POINT('',(-6.76278845051315,-2.4,-37.0695685372366));
#8350=CARTESIAN_POINT('Ctrl Pts',(-5.48012299460789,-2.4,-37.409982903429));
#8351=CARTESIAN_POINT('Ctrl Pts',(-5.55266433734743,-2.4,-37.466052650526));
#8352=CARTESIAN_POINT('Ctrl Pts',(-5.63456361238905,-2.39999999999999,-37.5067132087745));
#8353=CARTESIAN_POINT('Ctrl Pts',(-5.81250662697978,-2.39999999999999,-37.5543162383387));
#8354=CARTESIAN_POINT('Ctrl Pts',(-5.90506095783792,-2.40000000000003,-37.5600056750204));
#8355=CARTESIAN_POINT('Ctrl Pts',(-6.10656264867447,-2.40000000000003,-37.5379725221999));
#8356=CARTESIAN_POINT('Ctrl Pts',(-6.21271770083779,-2.40000000000305,-37.5041254738442));
#8357=CARTESIAN_POINT('Ctrl Pts',(-6.39938484055033,-2.40000000000305,-37.4111737035402));
#8358=CARTESIAN_POINT('Ctrl Pts',(-6.48137685265562,-2.40000000000334,-37.35531432217));
#8359=CARTESIAN_POINT('Ctrl Pts',(-6.63265145302082,-2.40000000000334,-37.2253522400832));
#8360=CARTESIAN_POINT('Ctrl Pts',(-6.70192774947416,-2.4,-37.1504305414891));
#8361=CARTESIAN_POINT('Ctrl Pts',(-6.76278845051315,-2.4,-37.0695685372366));
#8362=CARTESIAN_POINT('Origin',(-6.,-2.4,-36.5));
#8363=CARTESIAN_POINT('Ctrl Pts',(-4.94702070236715,-0.988810685126616,
-38.4993990513129));
#8364=CARTESIAN_POINT('Ctrl Pts',(-5.17942201619425,-1.59829051029786,-38.0281920064544));
#8365=CARTESIAN_POINT('Ctrl Pts',(-5.40926653907781,-2.20921264044559,-37.5568631404588));
#8366=CARTESIAN_POINT('Ctrl Pts',(-5.63751485704605,-2.82100317603368,-37.0855192532762));
#8367=CARTESIAN_POINT('Ctrl Pts',(-5.15899895495127,-1.02070371208732,-38.639474983521));
#8368=CARTESIAN_POINT('Ctrl Pts',(-5.39124288048205,-1.62797858666113,-38.1653258364135));
#8369=CARTESIAN_POINT('Ctrl Pts',(-5.62080739409658,-2.2372667850898,-37.6916982178196));
#8370=CARTESIAN_POINT('Ctrl Pts',(-5.84884902864403,-2.8475288893628,-37.2182439337859));
#8371=CARTESIAN_POINT('Ctrl Pts',(-5.62572059381329,-0.945388217570696,
-38.7623183070201));
#8372=CARTESIAN_POINT('Ctrl Pts',(-5.8541999527559,-1.55118846566409,-38.2837411753359));
#8373=CARTESIAN_POINT('Ctrl Pts',(-6.08070400380265,-2.15912056915881,-37.8063781202288));
#8374=CARTESIAN_POINT('Ctrl Pts',(-6.30597685300399,-2.76837537212639,-37.3298506728159));
#8375=CARTESIAN_POINT('Ctrl Pts',(-5.98910155753268,-0.687828356137565,
-38.6043247208992));
#8376=CARTESIAN_POINT('Ctrl Pts',(-6.21396574007376,-1.29608116761921,-38.1257160669371));
#8377=CARTESIAN_POINT('Ctrl Pts',(-6.43752197815635,-1.90600890704969,-37.6484588627924));
#8378=CARTESIAN_POINT('Ctrl Pts',(-6.66018716758543,-2.51695198787089,-37.1720041619522));
#8379=CARTESIAN_POINT('Ctrl Pts',(-6.09464681306283,-0.566585196308967,
-38.4992284473659));
#8380=CARTESIAN_POINT('Ctrl Pts',(-6.31881073399782,-1.1760650214802,-38.0212303238273));
#8381=CARTESIAN_POINT('Ctrl Pts',(-6.54171817246534,-1.78698715162795,-37.5444836481091));
#8382=CARTESIAN_POINT('Ctrl Pts',(-6.76386277982699,-2.39877768721604,-37.0684988750165));
#8383=CARTESIAN_POINT('',(-6.7623423129356,-2.39459033996456,-37.0717567347017));
#8384=CARTESIAN_POINT('Ctrl Pts',(-6.76234231332146,-2.39459033950726,-37.0717567343216));
#8385=CARTESIAN_POINT('Ctrl Pts',(-6.59333024106637,-1.92913814648312,-37.4338924637619));
#8386=CARTESIAN_POINT('Ctrl Pts',(-6.42387596813419,-1.4641893695974,-37.7964698510253));
#8387=CARTESIAN_POINT('Ctrl Pts',(-6.25376210142051,-0.999996741469696,
-38.1597044809517));
#8388=CARTESIAN_POINT('Ctrl Pts',(-6.76278839341619,-2.39999999407741,-37.0695685029771));
#8389=CARTESIAN_POINT('Ctrl Pts',(-6.76264038274629,-2.39819683891678,-37.0702982115077));
#8390=CARTESIAN_POINT('Ctrl Pts',(-6.76249168905643,-2.39639361933316,-37.0710276224453));
#8391=CARTESIAN_POINT('Ctrl Pts',(-6.7623423133216,-2.39459033950765,-37.0717567343213));
#8392=CARTESIAN_POINT('Origin',(-6.,-0.452094453300079,-36.5));
#8393=CARTESIAN_POINT('',(-7.03635386072293,-0.452094453300079,-37.2772653955422));
#8394=CARTESIAN_POINT('Origin',(-6.40291700672242,-0.452094453300079,-38.1218478675429));
#8395=CARTESIAN_POINT('Origin',(-1.75116013729919,-60.2488395646769,-84.3955857037978));
#8396=CARTESIAN_POINT('',(14.0000002980241,-80.4,-74.2144017163153));
#8397=CARTESIAN_POINT('',(13.40358378216,-80.4000000000001,-74.2372583002028));
#8398=CARTESIAN_POINT('Origin',(18.4000002980241,-80.4,-64.2444252684745));
#8399=CARTESIAN_POINT('',(18.4000002980241,-76.0000000000001,-74.2144017163154));
#8400=CARTESIAN_POINT('Ctrl Pts',(18.4000002980241,-76.0000000000001,-74.2144017163153));
#8401=CARTESIAN_POINT('Ctrl Pts',(18.4000002980241,-76.108327551536,-74.2062459204258));
#8402=CARTESIAN_POINT('Ctrl Pts',(18.3959908984454,-76.2161234417612,-74.1997202901209));
#8403=CARTESIAN_POINT('Ctrl Pts',(18.3515743020016,-76.8199118592696,-74.1700341072527));
#8404=CARTESIAN_POINT('Ctrl Pts',(18.2225630714183,-77.3468616137152,-74.1713391323645));
#8405=CARTESIAN_POINT('Ctrl Pts',(17.7788584453662,-78.3160966510218,-74.1806892934055));
#8406=CARTESIAN_POINT('Ctrl Pts',(17.4641505192158,-78.75838945325,-74.1872026925066));
#8407=CARTESIAN_POINT('Ctrl Pts',(16.7201411039777,-79.5023988684881,-74.1872026925066));
#8408=CARTESIAN_POINT('Ctrl Pts',(16.2249109071049,-79.8410988559168,-74.1788433810355));
#8409=CARTESIAN_POINT('Ctrl Pts',(15.1406366178466,-80.2898970160138,-74.1706027095346));
#8410=CARTESIAN_POINT('Ctrl Pts',(14.5515792230344,-80.4000000000001,-74.1728742833996));
#8411=CARTESIAN_POINT('Ctrl Pts',(14.0000002980241,-80.4000000000001,-74.2144017163152));
#8412=CARTESIAN_POINT('',(18.4000002980241,-75.4035834841359,-74.2372583002028));
#8413=CARTESIAN_POINT('Origin',(18.4000002980241,-80.4,-64.2444252684745));
#8414=CARTESIAN_POINT('',(14.3372585982271,-71.340841784339,-78.2999999999998));
#8415=CARTESIAN_POINT('',(3.24525637856495,-60.2488395646769,-89.3920022196619));
#8416=CARTESIAN_POINT('',(9.34084208236303,-76.3372583002032,-78.2999999999997));
#8417=CARTESIAN_POINT('Origin',(4.34442556649883,-66.3444252684749,-78.2999999999998));
#8418=CARTESIAN_POINT('',(-1.75116013729917,-65.2452560805411,-89.3920022196619));
#8419=CARTESIAN_POINT('Origin',(14.0000002980241,-75.9999999999999,-19.5));
#8420=CARTESIAN_POINT('',(18.4000002980241,-75.9999999999999,-19.5));
#8421=CARTESIAN_POINT('',(14.0000002980241,-80.3999999999999,-19.5));
#8422=CARTESIAN_POINT('Origin',(18.4000002980237,1.00000000000001,-19.5));
#8423=CARTESIAN_POINT('',(18.4000002980237,0.59999999999995,-74.2372583002031));
#8424=CARTESIAN_POINT('Origin',(18.4000002980237,0.599999999999953,-73.1058874503046));
#8425=CARTESIAN_POINT('',(18.4000002980237,0.999999999999853,-74.2372583002031));
#8426=CARTESIAN_POINT('Origin',(16.3686294481252,0.999999999999861,-76.2686291501015));
#8427=CARTESIAN_POINT('',(14.3372585982267,0.59999999999992,-78.3));
#8428=CARTESIAN_POINT('',(21.9686294481251,0.599999999999977,-70.6686291501016));
#8429=CARTESIAN_POINT('',(14.3372585982267,0.999999999999869,-78.3));
#8430=CARTESIAN_POINT('Origin',(-2.33077698294941,-64.3307772809731,-80.3136479875016));
#8431=CARTESIAN_POINT('',(-18.3999997019764,-76.0000000000002,-74.2144017163154));
#8432=CARTESIAN_POINT('',(-18.3999997019765,-75.403583484136,-74.2372583002028));
#8433=CARTESIAN_POINT('Origin',(-18.3999997019765,-80.4000000000002,-64.2444252684745));
#8434=CARTESIAN_POINT('',(-13.9999997019765,-80.4000000000001,-74.2144017163154));
#8435=CARTESIAN_POINT('Ctrl Pts',(-13.9999997019765,-80.4000000000002,-74.2144017163152));
#8436=CARTESIAN_POINT('Ctrl Pts',(-14.1083272535124,-80.4000000000002,-74.2062459204258));
#8437=CARTESIAN_POINT('Ctrl Pts',(-14.2161231437376,-80.3959906004215,-74.1997202901209));
#8438=CARTESIAN_POINT('Ctrl Pts',(-14.819911561246,-80.3515740039776,-74.1700341072527));
#8439=CARTESIAN_POINT('Ctrl Pts',(-15.3468613156916,-80.2225627733944,-74.1713391323645));
#8440=CARTESIAN_POINT('Ctrl Pts',(-16.3160963529982,-79.7788581473423,-74.1806892934055));
#8441=CARTESIAN_POINT('Ctrl Pts',(-16.7583891552264,-79.4641502211919,-74.1872026925066));
#8442=CARTESIAN_POINT('Ctrl Pts',(-17.5023985704645,-78.7201408059538,-74.1872026925066));
#8443=CARTESIAN_POINT('Ctrl Pts',(-17.8410985578932,-78.224910609081,-74.1788433810355));
#8444=CARTESIAN_POINT('Ctrl Pts',(-18.2898967179902,-77.1406363198227,-74.1706027095346));
#8445=CARTESIAN_POINT('Ctrl Pts',(-18.3999997019765,-76.5515789250105,-74.1728742833996));
#8446=CARTESIAN_POINT('Ctrl Pts',(-18.3999997019765,-76.0000000000002,-74.2144017163153));
#8447=CARTESIAN_POINT('',(-13.4035831861123,-80.4000000000002,-74.2372583002028));
#8448=CARTESIAN_POINT('Origin',(-18.3999997019765,-80.4000000000002,-64.2444252684745));
#8449=CARTESIAN_POINT('',(-9.34084148631537,-76.3372583002032,-78.2999999999997));
#8450=CARTESIAN_POINT('',(-2.33077698294939,-69.3271937968372,-85.3100645033657));
#8451=CARTESIAN_POINT('',(-14.3372580021795,-71.3408417843391,-78.2999999999998));
#8452=CARTESIAN_POINT('Origin',(-4.34442497045123,-66.3444252684749,-78.2999999999998));
#8453=CARTESIAN_POINT('',(-7.32719349881355,-64.3307772809731,-85.3100645033658));
#8454=CARTESIAN_POINT('Origin',(-13.9999997019765,-76.,-19.5));
#8455=CARTESIAN_POINT('',(-13.9999997019765,-80.4,-19.5));
#8456=CARTESIAN_POINT('',(-18.3999997019765,-76.,-19.5));
#8457=CARTESIAN_POINT('Origin',(14.0000002980241,-80.3999999999999,-19.5));
#8458=CARTESIAN_POINT('',(10.5020937235798,-80.4000000000001,-74.2372583002028));
#8459=CARTESIAN_POINT('Origin',(7.00418714913536,-78.3686291501016,-76.2686291501013));
#8460=CARTESIAN_POINT('',(3.50628057469098,-76.3372583002032,-78.2999999999997));
#8461=CARTESIAN_POINT('Origin',(21.4029440231759,0.599999999999975,-70.1029437251523));
#8462=CARTESIAN_POINT('Origin',(13.2058877483282,0.599999999999914,-78.3));
#8463=CARTESIAN_POINT('Origin',(0.00837400024630064,0.999999999999812,-78.3));
#8464=CARTESIAN_POINT('',(-14.3372580021795,0.599999999999809,-78.3));
#8465=CARTESIAN_POINT('Origin',(-13.2058871522811,0.599999999999811,-78.3));
#8466=CARTESIAN_POINT('',(-14.3372580021795,-18.2500000000002,-78.2999999999999));
#8467=CARTESIAN_POINT('Origin',(-30.4029434271288,0.599999999999805,-61.1029437251523));
#8468=CARTESIAN_POINT('',(-18.3999997019765,0.999999999999807,-74.0856833474179));
#8469=CARTESIAN_POINT('Ctrl Pts',(-18.3999997019765,0.999999999999805,-74.0856833474179));
#8470=CARTESIAN_POINT('Ctrl Pts',(-18.3999997019765,1.05023400656725,-74.0446674528093));
#8471=CARTESIAN_POINT('Ctrl Pts',(-18.3898347669036,1.10401830493097,-73.999826160705));
#8472=CARTESIAN_POINT('Ctrl Pts',(-18.3494604924457,1.20166394544274,-73.9081752849706));
#8473=CARTESIAN_POINT('Ctrl Pts',(-18.3194313131937,1.24539814919584,-73.8611511405959));
#8474=CARTESIAN_POINT('Ctrl Pts',(-18.2501857839888,1.31634262571969,-73.7690240102748));
#8475=CARTESIAN_POINT('Ctrl Pts',(-18.2041556031986,1.34823936669973,-73.7162733616982));
#8476=CARTESIAN_POINT('Ctrl Pts',(-18.1038993308275,1.390070724245,-73.6097032934018));
#8477=CARTESIAN_POINT('Ctrl Pts',(-18.0498385935615,1.39999999999981,-73.5557263418897));
#8478=CARTESIAN_POINT('Ctrl Pts',(-17.9999997019765,1.39999999999981,-73.5058874503046));
#8479=CARTESIAN_POINT('',(-18.3999997019765,0.599999999999809,-74.2372583002031));
#8480=CARTESIAN_POINT('Origin',(-18.3999997019765,0.599999999999809,-73.1058874503046));
#8481=CARTESIAN_POINT('',(-30.968628852078,0.599999999999803,-61.6686291501015));
#8482=CARTESIAN_POINT('Origin',(-17.9999997019765,1.,-19.5));
#8483=CARTESIAN_POINT('',(-18.3999997019765,1.,-19.5));
#8484=CARTESIAN_POINT('Origin',(-18.3999997019765,-76.,-19.5));
#8485=CARTESIAN_POINT('',(-18.3999997019765,-56.7500000000002,-74.2372583002029));
#8486=CARTESIAN_POINT('Origin',(-16.368628852078,-37.5000000000002,-76.2686291501014));
#8487=CARTESIAN_POINT('Origin',(-1.75116013729919,-60.2488395646769,-84.3955857037978));
#8488=CARTESIAN_POINT('',(14.0000002980241,-82.0000000000001,-74.8991178079379));
#8489=CARTESIAN_POINT('',(13.8722129322615,-82.0000000000001,-74.8999999999997));
#8490=CARTESIAN_POINT('Origin',(20.0000002980241,-82.,-62.6444252684745));
#8491=CARTESIAN_POINT('',(8.87221293226152,-77.0000000000001,-79.8999999999997));
#8492=CARTESIAN_POINT('',(-1.75116013729916,-66.3766269304395,-90.5233730695604));
#8493=CARTESIAN_POINT('',(15.0000002980241,-70.8722126342374,-79.8999999999997));
#8494=CARTESIAN_POINT('Origin',(2.74442556649882,-64.7444252684749,-79.8999999999998));
#8495=CARTESIAN_POINT('',(20.0000002980241,-75.8722126342374,-74.8999999999997));
#8496=CARTESIAN_POINT('',(4.37662722846343,-60.2488395646769,-90.5233730695604));
#8497=CARTESIAN_POINT('',(20.0000002980241,-76.0000000000001,-74.8991178079379));
#8498=CARTESIAN_POINT('Origin',(20.0000002980242,-82.,-62.6444252684745));
#8499=CARTESIAN_POINT('Ctrl Pts',(20.0000002980241,-76.0000000000001,-74.8991178079379));
#8500=CARTESIAN_POINT('Ctrl Pts',(20.0000002980241,-76.1563387147987,-74.8969665584978));
#8501=CARTESIAN_POINT('Ctrl Pts',(19.9938739398684,-76.3117165018917,-74.8969413134419));
#8502=CARTESIAN_POINT('Ctrl Pts',(19.9294946275124,-77.1396256837855,-74.9047214952659));
#8503=CARTESIAN_POINT('Ctrl Pts',(19.7522324021621,-77.8530038198679,-74.9401784560739));
#8504=CARTESIAN_POINT('Ctrl Pts',(19.1480636810637,-79.1653184388376,-74.9963797121405));
#8505=CARTESIAN_POINT('Ctrl Pts',(18.7210183858943,-79.7642632863684,-75.0154236368347));
#8506=CARTESIAN_POINT('Ctrl Pts',(17.7642635843925,-80.7210180878703,-75.0154236368347));
#8507=CARTESIAN_POINT('Ctrl Pts',(17.1653187368616,-81.1480633830396,-74.9963797121405));
#8508=CARTESIAN_POINT('Ctrl Pts',(15.8530041178919,-81.7522321041381,-74.9401784560739));
#8509=CARTESIAN_POINT('Ctrl Pts',(15.1396259818096,-81.9294943294884,-74.9047214952659));
#8510=CARTESIAN_POINT('Ctrl Pts',(14.3117167999157,-81.9938736418444,-74.8969413134419));
#8511=CARTESIAN_POINT('Ctrl Pts',(14.1563390128228,-82.0000000000001,-74.8969665584978));
#8512=CARTESIAN_POINT('Ctrl Pts',(14.0000002980241,-82.0000000000001,-74.8991178079379));
#8513=CARTESIAN_POINT('Origin',(14.0000002980241,-75.9999999999999,-19.5));
#8514=CARTESIAN_POINT('',(14.0000002980241,-81.9999999999999,-19.5));
#8515=CARTESIAN_POINT('',(20.0000002980241,-75.9999999999999,-19.5));
#8516=CARTESIAN_POINT('Origin',(20.0000002980237,1.00000000000002,-19.5));
#8517=CARTESIAN_POINT('',(20.0000002980237,0.999999999999888,-74.9));
#8518=CARTESIAN_POINT('',(20.0000002980237,1.00000000000002,-19.5));
#8519=CARTESIAN_POINT('Origin',(17.5000002980237,0.999999999999864,-77.4));
#8520=CARTESIAN_POINT('',(15.0000002980237,0.999999999999841,-79.9));
#8521=CARTESIAN_POINT('Origin',(-2.33077698294941,-64.3307772809731,-80.3136479875016));
#8522=CARTESIAN_POINT('',(-14.9999997019765,-70.8722126342376,-79.8999999999997));
#8523=CARTESIAN_POINT('',(-8.45856434871203,-64.3307772809731,-86.4414353532642));
#8524=CARTESIAN_POINT('',(-8.87221233621385,-77.0000000000002,-79.8999999999997));
#8525=CARTESIAN_POINT('Origin',(-2.74442497045122,-64.7444252684749,-79.8999999999998));
#8526=CARTESIAN_POINT('',(-13.8722123362139,-82.0000000000002,-74.8999999999997));
#8527=CARTESIAN_POINT('',(-2.33077698294939,-70.4585646467357,-86.4414353532642));
#8528=CARTESIAN_POINT('',(-13.9999997019765,-82.0000000000002,-74.8991178079379));
#8529=CARTESIAN_POINT('Origin',(-19.9999997019765,-82.0000000000002,-62.6444252684745));
#8530=CARTESIAN_POINT('Ctrl Pts',(-13.9999997019765,-82.0000000000002,-74.8991178079379));
#8531=CARTESIAN_POINT('Ctrl Pts',(-14.7541758277143,-82.0000000000002,-74.888740205881));
#8532=CARTESIAN_POINT('Ctrl Pts',(-15.5569218352497,-81.8493928786796,-74.9267964476804));
#8533=CARTESIAN_POINT('Ctrl Pts',(-17.0344840914927,-81.2374906393563,-74.9912729495666));
#8534=CARTESIAN_POINT('Ctrl Pts',(-17.7093068521522,-80.775974224063,-75.0154236368347));
#8535=CARTESIAN_POINT('Ctrl Pts',(-18.7759739260393,-79.7093071501759,-75.0154236368347));
#8536=CARTESIAN_POINT('Ctrl Pts',(-19.2374903413326,-79.0344843895164,-74.9912729495666));
#8537=CARTESIAN_POINT('Ctrl Pts',(-19.8493925806559,-77.5569221332734,-74.9267964476804));
#8538=CARTESIAN_POINT('Ctrl Pts',(-19.9999997019765,-76.754176125738,-74.888740205881));
#8539=CARTESIAN_POINT('Ctrl Pts',(-19.9999997019765,-76.0000000000002,-74.8991178079379));
#8540=CARTESIAN_POINT('Origin',(-13.9999997019765,-76.,-19.5));
#8541=CARTESIAN_POINT('',(-13.9999997019765,-82.,-19.5));
#8542=CARTESIAN_POINT('Origin',(14.0000002980241,-81.9999999999999,-19.5));
#8543=CARTESIAN_POINT('',(7.00418714913538,-82.0000000000001,-74.8999999999997));
#8544=CARTESIAN_POINT('Origin',(7.00418714913537,-79.5000000000001,-77.3999999999997));
#8545=CARTESIAN_POINT('',(7.00418714913536,-77.0000000000001,-79.8999999999997));
#8546=CARTESIAN_POINT('Origin',(0.00837400024630064,0.999999999999806,-79.9));
#8547=CARTESIAN_POINT('',(-14.9999997019765,0.599999999999805,-79.9));
#8548=CARTESIAN_POINT('',(-14.9999997019765,-37.5000000000002,-79.8999999999999));
#8549=CARTESIAN_POINT('Origin',(-11.6058871522811,0.599999999999812,-79.9));
#8550=CARTESIAN_POINT('Origin',(-30.4029434271288,0.599999999999805,-61.1029437251523));
#8551=CARTESIAN_POINT('',(-32.0999997019765,0.599999999999799,-62.8));
#8552=CARTESIAN_POINT('Origin',(-17.4999997019765,-37.5000000000002,-77.3999999999999));
#8553=CARTESIAN_POINT('Ctrl Pts',(-4.48934603458963,2.99999999999996,-45.9));
#8554=CARTESIAN_POINT('Ctrl Pts',(-6.06113941202828,2.99999999999995,-45.9));
#8555=CARTESIAN_POINT('Ctrl Pts',(-8.6714026549815,2.99999999999995,-44.9825184065441));
#8556=CARTESIAN_POINT('Ctrl Pts',(-11.0146132325906,2.99999999999995,-42.0380468061656));
#8557=CARTESIAN_POINT('Ctrl Pts',(-11.4937892296667,2.99999999999995,-39.9471975511966));
#8558=CARTESIAN_POINT('Ctrl Pts',(-11.4937892296667,2.99999999999996,-38.9));
#8559=CARTESIAN_POINT('Ctrl Pts',(-4.48934603458963,2.99999999999996,-45.6008006996581));
#8560=CARTESIAN_POINT('Ctrl Pts',(-5.99375111644899,2.99993727402171,-45.6023558839641));
#8561=CARTESIAN_POINT('Ctrl Pts',(-8.49486637820577,3.00001493163739,-44.7260125088691));
#8562=CARTESIAN_POINT('Ctrl Pts',(-10.7414612022366,2.99993539246827,-41.9068870720375));
#8563=CARTESIAN_POINT('Ctrl Pts',(-11.2013747681662,2.99999999999995,-39.9032516619371));
#8564=CARTESIAN_POINT('Ctrl Pts',(-11.2013747681662,2.99999999999996,-38.9));
#8565=CARTESIAN_POINT('Ctrl Pts',(-4.48934603458963,2.74880176697547,-45.0828829243173));
#8566=CARTESIAN_POINT('Ctrl Pts',(-5.87799786236019,2.75152847291711,-45.0869136984091));
#8567=CARTESIAN_POINT('Ctrl Pts',(-8.18899610705703,2.75596261623151,-44.2828875746886));
#8568=CARTESIAN_POINT('Ctrl Pts',(-10.2690709405762,2.75993156653607,-41.6795402114814));
#8569=CARTESIAN_POINT('Ctrl Pts',(-10.6947164788336,2.76071875397412,-39.8276421408212));
#8570=CARTESIAN_POINT('Ctrl Pts',(-10.6947164788336,2.76071875397412,-38.9));
#8571=CARTESIAN_POINT('Ctrl Pts',(-4.48934603458963,2.22439947525638,-44.9));
#8572=CARTESIAN_POINT('Ctrl Pts',(-5.83670001846942,2.23126572745843,-44.9018102288842));
#8573=CARTESIAN_POINT('Ctrl Pts',(-8.07704989914999,2.24258047889865,-44.1179028075644));
#8574=CARTESIAN_POINT('Ctrl Pts',(-10.0901606456953,2.2527323946559,-41.5932498159192));
#8575=CARTESIAN_POINT('Ctrl Pts',(-10.5022338582235,2.25478460037926,-39.7986563722979));
#8576=CARTESIAN_POINT('Ctrl Pts',(-10.5022338582235,2.25478460037926,-38.9));
#8577=CARTESIAN_POINT('Ctrl Pts',(-4.48934603458963,1.99999999999996,-44.9));
#8578=CARTESIAN_POINT('Ctrl Pts',(-5.83688228222546,2.00799150974179,-44.9));
#8579=CARTESIAN_POINT('Ctrl Pts',(-8.07472370988359,2.02126293869308,-44.1135872056092));
#8580=CARTESIAN_POINT('Ctrl Pts',(-10.0836144677244,2.03317658486752,-41.5897544052848));
#8581=CARTESIAN_POINT('Ctrl Pts',(-10.4944235691785,2.03561287178898,-39.7975979010257));
#8582=CARTESIAN_POINT('Ctrl Pts',(-10.4944235691785,2.03561287178898,-38.9));
#8583=CARTESIAN_POINT('',(-4.48934603458963,1.99999999999996,-44.9));
#8584=CARTESIAN_POINT('Origin',(-4.48934603458963,1.99999999999996,-45.9));
#8585=CARTESIAN_POINT('Origin',(-4.48934603458963,1.99999999999998,-38.9));
#8586=CARTESIAN_POINT('Origin',(-8.99581285086509,1.99999999999994,-45.9));
#8587=CARTESIAN_POINT('',(4.4755364955332,2.,-44.9));
#8588=CARTESIAN_POINT('Origin',(4.4755364955332,2.,-45.9));
#8589=CARTESIAN_POINT('',(-8.99581285086509,1.99999999999995,-44.9));
#8590=CARTESIAN_POINT('Origin',(4.4755364955332,2.00000000000004,-38.9));
#8591=CARTESIAN_POINT('',(10.4755364955332,2.00000000000007,-38.9));
#8592=CARTESIAN_POINT('Origin',(11.4755364955332,2.00000000000007,-38.9));
#8593=CARTESIAN_POINT('Origin',(4.4755364955332,2.00000000000004,-38.9));
#8594=CARTESIAN_POINT('Origin',(11.4755364955332,2.00000000000012,-19.5));
#8595=CARTESIAN_POINT('',(10.4755364955332,2.00000000000011,-19.5));
#8596=CARTESIAN_POINT('Origin',(4.47553649553321,0.313504179054615,-38.9));
#8597=CARTESIAN_POINT('',(10.4755364955332,0.313504179054644,-38.9));
#8598=CARTESIAN_POINT('',(4.47553649553321,0.313504179054594,-44.9));
#8599=CARTESIAN_POINT('Origin',(0.00837400024630064,0.999999999999926,-44.9));
#8600=CARTESIAN_POINT('',(-4.45595730567369,1.06304806521618,-44.9));
#8601=CARTESIAN_POINT('Origin',(-4.45595730567369,1.0630480652162,-38.9));
#8602=CARTESIAN_POINT('Origin',(10.4755364955332,-0.372991641890643,-19.5));
#8603=CARTESIAN_POINT('Origin',(18.0000002980237,1.00000000000002,-19.5));
#8604=UNCERTAINTY_MEASURE_WITH_UNIT(LENGTH_MEASURE(0.01),#8608,
'DISTANCE_ACCURACY_VALUE',
'Maximum model space distance between geometric entities at asserted c
onnectivities');
#8605=UNCERTAINTY_MEASURE_WITH_UNIT(LENGTH_MEASURE(0.01),#8608,
'DISTANCE_ACCURACY_VALUE',
'Maximum model space distance between geometric entities at asserted c
onnectivities');
#8606=(
GEOMETRIC_REPRESENTATION_CONTEXT(3)
GLOBAL_UNCERTAINTY_ASSIGNED_CONTEXT((#8604))
GLOBAL_UNIT_ASSIGNED_CONTEXT((#8608,#8610,#8611))
REPRESENTATION_CONTEXT('','3D')
);
#8607=(
GEOMETRIC_REPRESENTATION_CONTEXT(3)
GLOBAL_UNCERTAINTY_ASSIGNED_CONTEXT((#8605))
GLOBAL_UNIT_ASSIGNED_CONTEXT((#8608,#8610,#8611))
REPRESENTATION_CONTEXT('','3D')
);
#8608=(
LENGTH_UNIT()
NAMED_UNIT(*)
SI_UNIT(.MILLI.,.METRE.)
);
#8609=(
LENGTH_UNIT()
NAMED_UNIT(*)
SI_UNIT($,.METRE.)
);
#8610=(
NAMED_UNIT(*)
PLANE_ANGLE_UNIT()
SI_UNIT($,.RADIAN.)
);
#8611=(
NAMED_UNIT(*)
SI_UNIT($,.STERADIAN.)
SOLID_ANGLE_UNIT()
);
#8612=SHAPE_DEFINITION_REPRESENTATION(#8613,#8614);
#8613=PRODUCT_DEFINITION_SHAPE('',$,#8616);
#8614=SHAPE_REPRESENTATION('',(#4621),#8606);
#8615=PRODUCT_DEFINITION_CONTEXT('part definition',#8620,'design');
#8616=PRODUCT_DEFINITION('(Unsaved)','(Unsaved)',#8617,#8615);
#8617=PRODUCT_DEFINITION_FORMATION('',$,#8622);
#8618=PRODUCT_RELATED_PRODUCT_CATEGORY('(Unsaved)','(Unsaved)',(#8622));
#8619=APPLICATION_PROTOCOL_DEFINITION('international standard',
'automotive_design',2009,#8620);
#8620=APPLICATION_CONTEXT(
'Core Data for Automotive Mechanical Design Process');
#8621=PRODUCT_CONTEXT('part definition',#8620,'mechanical');
#8622=PRODUCT('(Unsaved)','(Unsaved)',$,(#8621));
#8623=PRESENTATION_STYLE_ASSIGNMENT((#8624));
#8624=SURFACE_STYLE_USAGE(.BOTH.,#8625);
#8625=SURFACE_SIDE_STYLE('',(#8626));
#8626=SURFACE_STYLE_FILL_AREA(#8627);
#8627=FILL_AREA_STYLE('Steel - Satin',(#8628));
#8628=FILL_AREA_STYLE_COLOUR('Steel - Satin',#8629);
#8629=COLOUR_RGB('Steel - Satin',0.627450980392157,0.627450980392157,0.627450980392157);
ENDSEC;
END-ISO-10303-21;
