ISO-10303-21;
HEADER;
/* Generated by software containing ST-Developer
 * from STEP Tools, Inc. (www.steptools.com) 
 */

FILE_DESCRIPTION(
/* description */ (''),
/* implementation_level */ '2;1');

FILE_NAME(
/* name */ 'URBI_OFS v4.step',
/* time_stamp */ '2025-10-14T15:17:28+02:00',
/* author */ (''),
/* organization */ (''),
/* preprocessor_version */ 'ST-DEVELOPER v20.1',
/* originating_system */ 'Autodesk Translation Framework v14.17.0.0',
/* authorisation */ '');

FILE_SCHEMA (('AUTOMOTIVE_DESIGN { 1 0 10303 214 3 1 1 }'));
ENDSEC;

DATA;
#10=MECHANICAL_DESIGN_GEOMETRIC_PRESENTATION_REPRESENTATION('',(#42,#43),
#10941);
#11=ITEM_DEFINED_TRANSFORMATION($,$,#5221,#5668);
#12=ITEM_DEFINED_TRANSFORMATION($,$,#5442,#5669);
#13=ITEM_DEFINED_TRANSFORMATION($,$,#5667,#5670);
#14=(
REPRESENTATION_RELATIONSHIP($,$,#10958,#10957)
REPRESENTATION_RELATIONSHIP_WITH_TRANSFORMATION(#11)
SHAPE_REPRESENTATION_RELATIONSHIP()
);
#15=(
REPRESENTATION_RELATIONSHIP($,$,#10959,#10957)
REPRESENTATION_RELATIONSHIP_WITH_TRANSFORMATION(#12)
SHAPE_REPRESENTATION_RELATIONSHIP()
);
#16=(
REPRESENTATION_RELATIONSHIP($,$,#10960,#10957)
REPRESENTATION_RELATIONSHIP_WITH_TRANSFORMATION(#13)
SHAPE_REPRESENTATION_RELATIONSHIP()
);
#17=CONTEXT_DEPENDENT_SHAPE_REPRESENTATION(#14,#10954);
#18=CONTEXT_DEPENDENT_SHAPE_REPRESENTATION(#15,#10955);
#19=CONTEXT_DEPENDENT_SHAPE_REPRESENTATION(#16,#10956);
#20=NEXT_ASSEMBLY_USAGE_OCCURRENCE('URBI-OPTOTAPFS:1',
'URBI-OPTOTAPFS:1','URBI-OPTOTAPFS:1',#10962,#10963,'URBI-OPTOTAPFS:1');
#21=NEXT_ASSEMBLY_USAGE_OCCURRENCE('URBI-CHEAPPOFS:1',
'URBI-CHEAPPOFS:1','URBI-CHEAPPOFS:1',#10962,#10964,'URBI-CHEAPPOFS:1');
#22=NEXT_ASSEMBLY_USAGE_OCCURRENCE('Component52:1','Component52:1',
'Component52:1',#10962,#10965,'Component52:1');
#23=DERIVED_UNIT_ELEMENT(#25,1.);
#24=DERIVED_UNIT_ELEMENT(#10943,-3.);
#25=(
MASS_UNIT()
NAMED_UNIT(*)
SI_UNIT(.KILO.,.GRAM.)
);
#26=DERIVED_UNIT((#23,#24));
#27=MEASURE_REPRESENTATION_ITEM('density measure',
POSITIVE_RATIO_MEASURE(7850.),#26);
#28=PROPERTY_DEFINITION_REPRESENTATION(#33,#30);
#29=PROPERTY_DEFINITION_REPRESENTATION(#34,#31);
#30=REPRESENTATION('material name',(#32),#10940);
#31=REPRESENTATION('density',(#27),#10940);
#32=DESCRIPTIVE_REPRESENTATION_ITEM('Steel','Steel');
#33=PROPERTY_DEFINITION('material property','material name',#10965);
#34=PROPERTY_DEFINITION('material property','density of part',#10965);
#35=(
BOUNDED_SURFACE()
B_SPLINE_SURFACE(1,2,((#10634,#10635,#10636),(#10637,#10638,#10639)),
 .UNSPECIFIED.,.F.,.F.,.F.)
B_SPLINE_SURFACE_WITH_KNOTS((2,2),(3,3),(0.249827085599633,1.17154679923233),
(1.88248258342551,2.90395111203318),.UNSPECIFIED.)
GEOMETRIC_REPRESENTATION_ITEM()
RATIONAL_B_SPLINE_SURFACE(((1.,0.872385821284129,1.),(1.,0.872385821284129,
1.)))
REPRESENTATION_ITEM('')
SURFACE()
);
#36=(
BOUNDED_SURFACE()
B_SPLINE_SURFACE(1,2,((#10649,#10650,#10651),(#10652,#10653,#10654)),
 .UNSPECIFIED.,.F.,.F.,.F.)
B_SPLINE_SURFACE_WITH_KNOTS((2,2),(3,3),(0.232872591131538,1.08911144315454),
(-0.213321899857073,0.764911432920715),.UNSPECIFIED.)
GEOMETRIC_REPRESENTATION_ITEM()
RATIONAL_B_SPLINE_SURFACE(((1.,0.882748233988782,1.),(1.,0.882748233988782,
1.)))
REPRESENTATION_ITEM('')
SURFACE()
);
#37=(
BOUNDED_SURFACE()
B_SPLINE_SURFACE(1,2,((#10678,#10679,#10680),(#10681,#10682,#10683)),
 .UNSPECIFIED.,.F.,.F.,.F.)
B_SPLINE_SURFACE_WITH_KNOTS((2,2),(3,3),(0.249827085599635,2.0328814121566),
(0.904249250639546,1.88248258341743),.UNSPECIFIED.)
GEOMETRIC_REPRESENTATION_ITEM()
RATIONAL_B_SPLINE_SURFACE(((1.,0.88274823398876,1.),(1.,0.88274823398876,
1.)))
REPRESENTATION_ITEM('')
SURFACE()
);
#38=SHAPE_REPRESENTATION_RELATIONSHIP('SRR','None',#10958,#40);
#39=SHAPE_REPRESENTATION_RELATIONSHIP('SRR','None',#10959,#41);
#40=ADVANCED_BREP_SHAPE_REPRESENTATION('',(#44),#10938);
#41=ADVANCED_BREP_SHAPE_REPRESENTATION('',(#45),#10939);
#42=STYLED_ITEM('',(#10982),#44);
#43=STYLED_ITEM('',(#10982),#45);
#44=MANIFOLD_SOLID_BREP('Body1',#5218);
#45=MANIFOLD_SOLID_BREP('Body1',#5219);
#46=TOROIDAL_SURFACE('',#5417,4.,1.);
#47=TOROIDAL_SURFACE('',#5511,4.,1.);
#48=(
BOUNDED_CURVE()
B_SPLINE_CURVE(2,(#7928,#7929,#7930,#7931),.UNSPECIFIED.,.F.,.F.)
B_SPLINE_CURVE_WITH_KNOTS((3,1,3),(256.350027662604,292.376477850853,323.945147794152),
 .UNSPECIFIED.)
CURVE()
GEOMETRIC_REPRESENTATION_ITEM()
RATIONAL_B_SPLINE_CURVE((177.717182048127,182.844879907349,188.621359803065,
189.745837864907))
REPRESENTATION_ITEM('')
);
#49=(
BOUNDED_CURVE()
B_SPLINE_CURVE(2,(#7941,#7942,#7943),.UNSPECIFIED.,.F.,.F.)
B_SPLINE_CURVE_WITH_KNOTS((3,3),(369.071390505626,436.666510636701),
 .UNSPECIFIED.)
CURVE()
GEOMETRIC_REPRESENTATION_ITEM()
RATIONAL_B_SPLINE_CURVE((189.745837869231,187.33809532469,177.717182051002))
REPRESENTATION_ITEM('')
);
#50=CYLINDRICAL_SURFACE('',#5244,1.);
#51=CYLINDRICAL_SURFACE('',#5247,1.);
#52=CYLINDRICAL_SURFACE('',#5249,1.);
#53=CYLINDRICAL_SURFACE('',#5251,1.);
#54=CYLINDRICAL_SURFACE('',#5257,0.4);
#55=CYLINDRICAL_SURFACE('',#5287,1.);
#56=CYLINDRICAL_SURFACE('',#5289,1.);
#57=CYLINDRICAL_SURFACE('',#5295,3.);
#58=CYLINDRICAL_SURFACE('',#5345,6.20000000000066);
#59=CYLINDRICAL_SURFACE('',#5348,0.600000000025958);
#60=CYLINDRICAL_SURFACE('',#5373,2.3);
#61=CYLINDRICAL_SURFACE('',#5374,1.6);
#62=CYLINDRICAL_SURFACE('',#5375,1.);
#63=CYLINDRICAL_SURFACE('',#5379,1.);
#64=CYLINDRICAL_SURFACE('',#5383,1.);
#65=CYLINDRICAL_SURFACE('',#5387,1.);
#66=CYLINDRICAL_SURFACE('',#5391,1.);
#67=CYLINDRICAL_SURFACE('',#5393,6.85109979683684);
#68=CYLINDRICAL_SURFACE('',#5395,3.99999999997461);
#69=CYLINDRICAL_SURFACE('',#5397,3.99999999999085);
#70=CYLINDRICAL_SURFACE('',#5399,3.9999999999912);
#71=CYLINDRICAL_SURFACE('',#5404,2.);
#72=CYLINDRICAL_SURFACE('',#5407,2.);
#73=CYLINDRICAL_SURFACE('',#5410,5.);
#74=CYLINDRICAL_SURFACE('',#5413,1.);
#75=CYLINDRICAL_SURFACE('',#5415,1.);
#76=CYLINDRICAL_SURFACE('',#5423,2.1);
#77=CYLINDRICAL_SURFACE('',#5425,2.);
#78=CYLINDRICAL_SURFACE('',#5428,2.);
#79=CYLINDRICAL_SURFACE('',#5438,3.99999999999233);
#80=CYLINDRICAL_SURFACE('',#5441,4.0000000000162);
#81=CYLINDRICAL_SURFACE('',#5447,1.7);
#82=CYLINDRICAL_SURFACE('',#5456,1.);
#83=CYLINDRICAL_SURFACE('',#5477,1.);
#84=CYLINDRICAL_SURFACE('',#5488,3.);
#85=CYLINDRICAL_SURFACE('',#5501,2.);
#86=CYLINDRICAL_SURFACE('',#5503,2.);
#87=CYLINDRICAL_SURFACE('',#5505,2.1);
#88=CYLINDRICAL_SURFACE('',#5515,1.);
#89=CYLINDRICAL_SURFACE('',#5516,1.);
#90=CYLINDRICAL_SURFACE('',#5518,5.);
#91=CYLINDRICAL_SURFACE('',#5520,2.);
#92=CYLINDRICAL_SURFACE('',#5522,2.);
#93=CYLINDRICAL_SURFACE('',#5524,4.99999999999999);
#94=CYLINDRICAL_SURFACE('',#5547,6.20000000000065);
#95=CYLINDRICAL_SURFACE('',#5550,2.56614060161483);
#96=CYLINDRICAL_SURFACE('',#5561,1.4);
#97=CYLINDRICAL_SURFACE('',#5563,1.4);
#98=CYLINDRICAL_SURFACE('',#5604,0.2);
#99=CYLINDRICAL_SURFACE('',#5607,0.2);
#100=CYLINDRICAL_SURFACE('',#5609,0.2);
#101=CYLINDRICAL_SURFACE('',#5615,0.2);
#102=CYLINDRICAL_SURFACE('',#5617,0.2);
#103=CYLINDRICAL_SURFACE('',#5619,2.3);
#104=CYLINDRICAL_SURFACE('',#5629,6.85109979683631);
#105=CYLINDRICAL_SURFACE('',#5630,4.00000000001619);
#106=CYLINDRICAL_SURFACE('',#5634,0.2);
#107=CYLINDRICAL_SURFACE('',#5636,3.99999999997468);
#108=CYLINDRICAL_SURFACE('',#5640,3.99999999999084);
#109=CYLINDRICAL_SURFACE('',#5643,3.99999999999119);
#110=CYLINDRICAL_SURFACE('',#5646,0.599999999972687);
#111=CYLINDRICAL_SURFACE('',#5647,0.60000000002595);
#112=CYLINDRICAL_SURFACE('',#5656,1.);
#113=CYLINDRICAL_SURFACE('',#5659,1.);
#114=CYLINDRICAL_SURFACE('',#5661,1.);
#115=CYLINDRICAL_SURFACE('',#5662,1.);
#116=CYLINDRICAL_SURFACE('',#5664,1.);
#117=CYLINDRICAL_SURFACE('',#5666,1.);
#118=FACE_BOUND('',#814,.T.);
#119=FACE_BOUND('',#815,.T.);
#120=FACE_BOUND('',#840,.T.);
#121=FACE_BOUND('',#850,.T.);
#122=FACE_BOUND('',#851,.T.);
#123=FACE_BOUND('',#899,.T.);
#124=FACE_BOUND('',#943,.T.);
#125=FACE_BOUND('',#970,.T.);
#126=FACE_BOUND('',#971,.T.);
#127=FACE_BOUND('',#972,.T.);
#128=FACE_BOUND('',#976,.T.);
#129=FACE_BOUND('',#996,.T.);
#130=FACE_BOUND('',#1078,.T.);
#131=FACE_BOUND('',#1079,.T.);
#132=PLANE('',#5226);
#133=PLANE('',#5231);
#134=PLANE('',#5232);
#135=PLANE('',#5233);
#136=PLANE('',#5236);
#137=PLANE('',#5242);
#138=PLANE('',#5255);
#139=PLANE('',#5258);
#140=PLANE('',#5261);
#141=PLANE('',#5262);
#142=PLANE('',#5263);
#143=PLANE('',#5268);
#144=PLANE('',#5269);
#145=PLANE('',#5273);
#146=PLANE('',#5277);
#147=PLANE('',#5281);
#148=PLANE('',#5286);
#149=PLANE('',#5291);
#150=PLANE('',#5292);
#151=PLANE('',#5293);
#152=PLANE('',#5294);
#153=PLANE('',#5297);
#154=PLANE('',#5311);
#155=PLANE('',#5315);
#156=PLANE('',#5320);
#157=PLANE('',#5321);
#158=PLANE('',#5325);
#159=PLANE('',#5329);
#160=PLANE('',#5330);
#161=PLANE('',#5331);
#162=PLANE('',#5332);
#163=PLANE('',#5333);
#164=PLANE('',#5334);
#165=PLANE('',#5335);
#166=PLANE('',#5336);
#167=PLANE('',#5337);
#168=PLANE('',#5340);
#169=PLANE('',#5343);
#170=PLANE('',#5344);
#171=PLANE('',#5347);
#172=PLANE('',#5350);
#173=PLANE('',#5351);
#174=PLANE('',#5352);
#175=PLANE('',#5353);
#176=PLANE('',#5354);
#177=PLANE('',#5355);
#178=PLANE('',#5357);
#179=PLANE('',#5358);
#180=PLANE('',#5359);
#181=PLANE('',#5361);
#182=PLANE('',#5362);
#183=PLANE('',#5363);
#184=PLANE('',#5364);
#185=PLANE('',#5365);
#186=PLANE('',#5367);
#187=PLANE('',#5370);
#188=PLANE('',#5392);
#189=PLANE('',#5394);
#190=PLANE('',#5396);
#191=PLANE('',#5398);
#192=PLANE('',#5400);
#193=PLANE('',#5401);
#194=PLANE('',#5402);
#195=PLANE('',#5403);
#196=PLANE('',#5406);
#197=PLANE('',#5409);
#198=PLANE('',#5412);
#199=PLANE('',#5419);
#200=PLANE('',#5424);
#201=PLANE('',#5427);
#202=PLANE('',#5432);
#203=PLANE('',#5433);
#204=PLANE('',#5436);
#205=PLANE('',#5437);
#206=PLANE('',#5439);
#207=PLANE('',#5440);
#208=PLANE('',#5451);
#209=PLANE('',#5454);
#210=PLANE('',#5460);
#211=PLANE('',#5461);
#212=PLANE('',#5476);
#213=PLANE('',#5480);
#214=PLANE('',#5486);
#215=PLANE('',#5487);
#216=PLANE('',#5489);
#217=PLANE('',#5490);
#218=PLANE('',#5495);
#219=PLANE('',#5496);
#220=PLANE('',#5502);
#221=PLANE('',#5504);
#222=PLANE('',#5509);
#223=PLANE('',#5517);
#224=PLANE('',#5519);
#225=PLANE('',#5521);
#226=PLANE('',#5523);
#227=PLANE('',#5526);
#228=PLANE('',#5528);
#229=PLANE('',#5530);
#230=PLANE('',#5533);
#231=PLANE('',#5536);
#232=PLANE('',#5537);
#233=PLANE('',#5538);
#234=PLANE('',#5539);
#235=PLANE('',#5544);
#236=PLANE('',#5545);
#237=PLANE('',#5546);
#238=PLANE('',#5549);
#239=PLANE('',#5552);
#240=PLANE('',#5553);
#241=PLANE('',#5554);
#242=PLANE('',#5556);
#243=PLANE('',#5558);
#244=PLANE('',#5560);
#245=PLANE('',#5567);
#246=PLANE('',#5570);
#247=PLANE('',#5573);
#248=PLANE('',#5575);
#249=PLANE('',#5576);
#250=PLANE('',#5577);
#251=PLANE('',#5578);
#252=PLANE('',#5579);
#253=PLANE('',#5580);
#254=PLANE('',#5585);
#255=PLANE('',#5588);
#256=PLANE('',#5593);
#257=PLANE('',#5596);
#258=PLANE('',#5597);
#259=PLANE('',#5598);
#260=PLANE('',#5599);
#261=PLANE('',#5600);
#262=PLANE('',#5601);
#263=PLANE('',#5602);
#264=PLANE('',#5603);
#265=PLANE('',#5616);
#266=PLANE('',#5621);
#267=PLANE('',#5622);
#268=PLANE('',#5626);
#269=PLANE('',#5627);
#270=PLANE('',#5628);
#271=PLANE('',#5633);
#272=PLANE('',#5635);
#273=PLANE('',#5639);
#274=PLANE('',#5642);
#275=PLANE('',#5645);
#276=PLANE('',#5648);
#277=PLANE('',#5650);
#278=PLANE('',#5651);
#279=PLANE('',#5652);
#280=PLANE('',#5653);
#281=PLANE('',#5663);
#282=PLANE('',#5665);
#283=ELLIPSE('',#5225,16.2551316869398,8.26967815022861);
#284=ELLIPSE('',#5230,16.255131687068,8.26967815029406);
#285=ELLIPSE('',#5234,0.657071852681829,0.4);
#286=ELLIPSE('',#5235,5.05461730213454,1.);
#287=ELLIPSE('',#5243,5.05461725873383,1.);
#288=ELLIPSE('',#5246,1.03752725413837,1.);
#289=ELLIPSE('',#5248,1.38242809925156,1.);
#290=ELLIPSE('',#5250,1.44829740952271,1.);
#291=ELLIPSE('',#5253,1.10970812603635,0.999999999999998);
#292=ELLIPSE('',#5256,4.30756938003639,3.9999999999912);
#293=ELLIPSE('',#5259,33.2200884977111,3.5999999999912);
#294=ELLIPSE('',#5260,33.2658124776136,3.9999999999912);
#295=ELLIPSE('',#5302,13.3473358128549,5.);
#296=ELLIPSE('',#5303,1.07853474267647,1.);
#297=ELLIPSE('',#5304,1.07853474267646,1.);
#298=ELLIPSE('',#5305,4.31413898088871,3.99999999999233);
#299=ELLIPSE('',#5306,4.31413898091444,4.0000000000162);
#300=ELLIPSE('',#5307,5.01554205002151,4.9999999999912);
#301=ELLIPSE('',#5308,5.01696486711309,4.99999999999085);
#302=ELLIPSE('',#5309,5.01696486827989,4.99999999997461);
#303=ELLIPSE('',#5310,7.8755042373232,7.85109979683684);
#304=ELLIPSE('',#5324,3.15854015444296,2.15175560223885);
#305=ELLIPSE('',#5327,3.15854015444293,2.15175560223883);
#306=ELLIPSE('',#5377,4.01941066022764,3.9999999999912);
#307=ELLIPSE('',#5382,4.0211859541515,3.99999999999085);
#308=ELLIPSE('',#5386,4.02118595561127,3.99999999997461);
#309=ELLIPSE('',#5390,6.87905279805454,6.85109979683683);
#310=ELLIPSE('',#5444,9.47637960205199,4.77488296604315);
#311=ELLIPSE('',#5448,1.89818826218593,1.7);
#312=ELLIPSE('',#5450,1.89818826218593,1.7);
#313=ELLIPSE('',#5455,2.56813706060449,2.3);
#314=ELLIPSE('',#5457,1.4142135623731,1.);
#315=ELLIPSE('',#5468,9.35400281308752,6.85109979683631);
#316=ELLIPSE('',#5469,6.9201334360093,1.);
#317=ELLIPSE('',#5470,5.79895776072681,1.);
#318=ELLIPSE('',#5471,6.12120782975073,4.00000000001619);
#319=ELLIPSE('',#5472,0.223316266139521,0.2);
#320=ELLIPSE('',#5473,13.3473358128549,5.);
#321=ELLIPSE('',#5474,1.07853474267647,1.);
#322=ELLIPSE('',#5475,1.07853474267646,1.);
#323=ELLIPSE('',#5478,1.4142135623731,1.);
#324=ELLIPSE('',#5527,6.92013343600931,1.);
#325=ELLIPSE('',#5529,5.79895776072686,1.);
#326=ELLIPSE('',#5535,2.25100288011429,1.);
#327=ELLIPSE('',#5555,1.97989898732235,1.4);
#328=ELLIPSE('',#5559,4.33890758952676,3.99999999999119);
#329=ELLIPSE('',#5562,2.97969776293249,1.4);
#330=ELLIPSE('',#5605,0.282842712469398,0.2);
#331=ELLIPSE('',#5606,0.216478440057649,0.2);
#332=ELLIPSE('',#5610,0.282842712474618,0.2);
#333=ELLIPSE('',#5611,0.216478440058479,0.2);
#334=ELLIPSE('',#5612,9.80773604892546,3.79999999999119);
#335=ELLIPSE('',#5614,9.88694525146106,3.99999999999119);
#336=ELLIPSE('',#5631,9.88694525150453,4.0000000000162);
#337=ELLIPSE('',#5632,9.80773604896876,3.80000000001619);
#338=ELLIPSE('',#5637,4.33890758950981,3.99999999997468);
#339=ELLIPSE('',#5638,4.33890758950981,3.99999999997468);
#340=ELLIPSE('',#5641,4.33890758952736,3.99999999999084);
#341=ELLIPSE('',#5644,4.33890758952676,3.99999999999119);
#342=ELLIPSE('',#5649,200.495415197257,3.64988150138124);
#343=CIRCLE('',#5223,3.00099999999233);
#344=CIRCLE('',#5224,3.99999999999233);
#345=CIRCLE('',#5228,4.0000000000162);
#346=CIRCLE('',#5229,3.0010000000162);
#347=CIRCLE('',#5237,6.40000000000067);
#348=CIRCLE('',#5238,0.800000000025957);
#349=CIRCLE('',#5239,2.3);
#350=CIRCLE('',#5240,1.89358222275243);
#351=CIRCLE('',#5241,1.89358222275244);
#352=CIRCLE('',#5245,0.999999999999996);
#353=CIRCLE('',#5252,0.999999999999998);
#354=CIRCLE('',#5254,0.400000000000001);
#355=CIRCLE('',#5264,0.400000000025959);
#356=CIRCLE('',#5265,6.00000000000066);
#357=CIRCLE('',#5266,2.65325429898927);
#358=CIRCLE('',#5267,2.65325429898927);
#359=CIRCLE('',#5271,0.6);
#360=CIRCLE('',#5272,1.);
#361=CIRCLE('',#5275,3.4);
#362=CIRCLE('',#5276,3.);
#363=CIRCLE('',#5279,1.);
#364=CIRCLE('',#5280,0.6);
#365=CIRCLE('',#5282,1.60000000000001);
#366=CIRCLE('',#5283,1.60000000000001);
#367=CIRCLE('',#5284,1.60000000000001);
#368=CIRCLE('',#5285,1.60000000000001);
#369=CIRCLE('',#5288,1.);
#370=CIRCLE('',#5290,1.);
#371=CIRCLE('',#5296,3.);
#372=CIRCLE('',#5298,2.);
#373=CIRCLE('',#5299,2.);
#374=CIRCLE('',#5300,2.);
#375=CIRCLE('',#5301,2.);
#376=CIRCLE('',#5313,1.48882494687151);
#377=CIRCLE('',#5314,1.22042091820638);
#378=CIRCLE('',#5317,1.48882494687152);
#379=CIRCLE('',#5318,1.22042091820638);
#380=CIRCLE('',#5323,2.38530510655814);
#381=CIRCLE('',#5328,2.38530510655814);
#382=CIRCLE('',#5339,6.20000000000066);
#383=CIRCLE('',#5342,0.600000000025958);
#384=CIRCLE('',#5346,6.20000000000066);
#385=CIRCLE('',#5349,0.600000000025958);
#386=CIRCLE('',#5369,1.6);
#387=CIRCLE('',#5371,2.3);
#388=CIRCLE('',#5372,1.6);
#389=CIRCLE('',#5376,0.999999999999995);
#390=CIRCLE('',#5378,0.999999999999999);
#391=CIRCLE('',#5380,1.);
#392=CIRCLE('',#5381,0.999999999999997);
#393=CIRCLE('',#5384,0.999999999999999);
#394=CIRCLE('',#5385,0.999999999999999);
#395=CIRCLE('',#5388,0.999999999999999);
#396=CIRCLE('',#5389,0.999999999999997);
#397=CIRCLE('',#5405,2.);
#398=CIRCLE('',#5408,2.);
#399=CIRCLE('',#5411,5.);
#400=CIRCLE('',#5414,0.999999999999986);
#401=CIRCLE('',#5416,1.);
#402=CIRCLE('',#5418,4.);
#403=CIRCLE('',#5420,2.5);
#404=CIRCLE('',#5422,2.1);
#405=CIRCLE('',#5426,2.);
#406=CIRCLE('',#5429,2.);
#407=CIRCLE('',#5445,1.7);
#408=CIRCLE('',#5446,1.7);
#409=CIRCLE('',#5449,1.7);
#410=CIRCLE('',#5452,2.3);
#411=CIRCLE('',#5453,2.3);
#412=CIRCLE('',#5458,1.);
#413=CIRCLE('',#5459,1.);
#414=CIRCLE('',#5462,2.);
#415=CIRCLE('',#5463,2.);
#416=CIRCLE('',#5464,2.);
#417=CIRCLE('',#5465,2.);
#418=CIRCLE('',#5466,1.);
#419=CIRCLE('',#5467,3.);
#420=CIRCLE('',#5479,1.);
#421=CIRCLE('',#5481,3.);
#422=CIRCLE('',#5482,1.60000000000001);
#423=CIRCLE('',#5483,1.60000000000001);
#424=CIRCLE('',#5484,1.60000000000001);
#425=CIRCLE('',#5485,1.60000000000001);
#426=CIRCLE('',#5492,2.);
#427=CIRCLE('',#5494,2.);
#428=CIRCLE('',#5498,2.);
#429=CIRCLE('',#5500,2.);
#430=CIRCLE('',#5506,2.1);
#431=CIRCLE('',#5508,2.5);
#432=CIRCLE('',#5510,4.);
#433=CIRCLE('',#5512,1.);
#434=CIRCLE('',#5513,5.);
#435=CIRCLE('',#5514,0.999999999999986);
#436=CIRCLE('',#5525,4.99999999999999);
#437=CIRCLE('',#5531,1.5);
#438=CIRCLE('',#5532,1.5);
#439=CIRCLE('',#5534,0.2);
#440=CIRCLE('',#5540,6.20000000000065);
#441=CIRCLE('',#5541,2.56614060161483);
#442=CIRCLE('',#5542,0.599999999972687);
#443=CIRCLE('',#5543,0.60000000002595);
#444=CIRCLE('',#5548,6.20000000000065);
#445=CIRCLE('',#5551,2.56614060161483);
#446=CIRCLE('',#5557,1.4);
#447=CIRCLE('',#5564,1.4);
#448=CIRCLE('',#5565,2.92782494523688);
#449=CIRCLE('',#5566,7.1182285911723);
#450=CIRCLE('',#5568,7.11822859116928);
#451=CIRCLE('',#5569,4.15594750283942);
#452=CIRCLE('',#5571,4.15594750284234);
#453=CIRCLE('',#5572,4.15594750285303);
#454=CIRCLE('',#5574,4.15594750286357);
#455=CIRCLE('',#5581,0.345299461620747);
#456=CIRCLE('',#5582,0.345299461620747);
#457=CIRCLE('',#5584,0.922649730810374);
#458=CIRCLE('',#5587,0.922649730810374);
#459=CIRCLE('',#5589,1.38402389477973);
#460=CIRCLE('',#5590,1.38402389477973);
#461=CIRCLE('',#5592,1.89358222275241);
#462=CIRCLE('',#5595,1.89358222275241);
#463=CIRCLE('',#5608,0.200000000000004);
#464=CIRCLE('',#5613,0.2);
#465=CIRCLE('',#5618,0.2);
#466=CIRCLE('',#5620,2.3);
#467=CIRCLE('',#5623,0.60000000002595);
#468=CIRCLE('',#5624,0.599999999972687);
#469=CIRCLE('',#5625,0.2);
#470=CIRCLE('',#5654,1.);
#471=CIRCLE('',#5655,1.);
#472=CIRCLE('',#5657,0.999999999999998);
#473=CIRCLE('',#5658,1.00000000000001);
#474=CIRCLE('',#5660,0.999999999999999);
#475=CONICAL_SURFACE('',#5222,3.50049999999233,0.785398163397447);
#476=CONICAL_SURFACE('',#5227,3.5005000000162,0.785398163397445);
#477=CONICAL_SURFACE('',#5270,0.8,0.785398163397447);
#478=CONICAL_SURFACE('',#5274,3.2,0.785398163397448);
#479=CONICAL_SURFACE('',#5278,0.8,0.785398163397447);
#480=CONICAL_SURFACE('',#5312,1.35462293253894,0.959931088596876);
#481=CONICAL_SURFACE('',#5316,1.35462293253895,0.95993108859689);
#482=CONICAL_SURFACE('',#5319,1.90603073792145,0.349065850398866);
#483=CONICAL_SURFACE('',#5322,2.38530510655814,0.261799387799149);
#484=CONICAL_SURFACE('',#5326,2.38530510655814,0.261799387799149);
#485=CONICAL_SURFACE('',#5338,6.10000000000066,0.785398163397489);
#486=CONICAL_SURFACE('',#5341,0.500000000025958,0.785398163397529);
#487=CONICAL_SURFACE('',#5356,6.30000000000067,0.78539816339744);
#488=CONICAL_SURFACE('',#5360,0.700000000025957,0.785398163397296);
#489=CONICAL_SURFACE('',#5366,1.90603073792143,0.349065850398866);
#490=CONICAL_SURFACE('',#5368,0.8,1.02974425867665);
#491=CONICAL_SURFACE('',#5421,2.3,0.785398163397445);
#492=CONICAL_SURFACE('',#5430,1.8,0.785398163397438);
#493=CONICAL_SURFACE('',#5431,1.8,0.785398163397438);
#494=CONICAL_SURFACE('',#5434,1.8,0.785398163397027);
#495=CONICAL_SURFACE('',#5435,1.8,0.785398163397027);
#496=CONICAL_SURFACE('',#5443,0.85,1.02974425867665);
#497=CONICAL_SURFACE('',#5491,1.8,0.785398163397027);
#498=CONICAL_SURFACE('',#5493,1.8,0.785398163397027);
#499=CONICAL_SURFACE('',#5497,1.8,0.785398163397438);
#500=CONICAL_SURFACE('',#5499,1.8,0.785398163397438);
#501=CONICAL_SURFACE('',#5507,2.3,0.785398163397445);
#502=CONICAL_SURFACE('',#5583,1.5,0.523598775598299);
#503=CONICAL_SURFACE('',#5586,1.5,0.523598775598299);
#504=CONICAL_SURFACE('',#5591,1.90603073792141,0.349065850398866);
#505=CONICAL_SURFACE('',#5594,1.90603073792141,0.349065850398866);
#506=FACE_OUTER_BOUND('',#805,.T.);
#507=FACE_OUTER_BOUND('',#806,.T.);
#508=FACE_OUTER_BOUND('',#807,.T.);
#509=FACE_OUTER_BOUND('',#808,.T.);
#510=FACE_OUTER_BOUND('',#809,.T.);
#511=FACE_OUTER_BOUND('',#810,.T.);
#512=FACE_OUTER_BOUND('',#811,.T.);
#513=FACE_OUTER_BOUND('',#812,.T.);
#514=FACE_OUTER_BOUND('',#813,.T.);
#515=FACE_OUTER_BOUND('',#816,.T.);
#516=FACE_OUTER_BOUND('',#817,.T.);
#517=FACE_OUTER_BOUND('',#818,.T.);
#518=FACE_OUTER_BOUND('',#819,.T.);
#519=FACE_OUTER_BOUND('',#820,.T.);
#520=FACE_OUTER_BOUND('',#821,.T.);
#521=FACE_OUTER_BOUND('',#822,.T.);
#522=FACE_OUTER_BOUND('',#823,.T.);
#523=FACE_OUTER_BOUND('',#824,.T.);
#524=FACE_OUTER_BOUND('',#825,.T.);
#525=FACE_OUTER_BOUND('',#826,.T.);
#526=FACE_OUTER_BOUND('',#827,.T.);
#527=FACE_OUTER_BOUND('',#828,.T.);
#528=FACE_OUTER_BOUND('',#829,.T.);
#529=FACE_OUTER_BOUND('',#830,.T.);
#530=FACE_OUTER_BOUND('',#831,.T.);
#531=FACE_OUTER_BOUND('',#832,.T.);
#532=FACE_OUTER_BOUND('',#833,.T.);
#533=FACE_OUTER_BOUND('',#834,.T.);
#534=FACE_OUTER_BOUND('',#835,.T.);
#535=FACE_OUTER_BOUND('',#836,.T.);
#536=FACE_OUTER_BOUND('',#837,.T.);
#537=FACE_OUTER_BOUND('',#838,.T.);
#538=FACE_OUTER_BOUND('',#839,.T.);
#539=FACE_OUTER_BOUND('',#841,.T.);
#540=FACE_OUTER_BOUND('',#842,.T.);
#541=FACE_OUTER_BOUND('',#843,.T.);
#542=FACE_OUTER_BOUND('',#844,.T.);
#543=FACE_OUTER_BOUND('',#845,.T.);
#544=FACE_OUTER_BOUND('',#846,.T.);
#545=FACE_OUTER_BOUND('',#847,.T.);
#546=FACE_OUTER_BOUND('',#848,.T.);
#547=FACE_OUTER_BOUND('',#849,.T.);
#548=FACE_OUTER_BOUND('',#852,.T.);
#549=FACE_OUTER_BOUND('',#853,.T.);
#550=FACE_OUTER_BOUND('',#854,.T.);
#551=FACE_OUTER_BOUND('',#855,.T.);
#552=FACE_OUTER_BOUND('',#856,.T.);
#553=FACE_OUTER_BOUND('',#857,.T.);
#554=FACE_OUTER_BOUND('',#858,.T.);
#555=FACE_OUTER_BOUND('',#859,.T.);
#556=FACE_OUTER_BOUND('',#860,.T.);
#557=FACE_OUTER_BOUND('',#861,.T.);
#558=FACE_OUTER_BOUND('',#862,.T.);
#559=FACE_OUTER_BOUND('',#863,.T.);
#560=FACE_OUTER_BOUND('',#864,.T.);
#561=FACE_OUTER_BOUND('',#865,.T.);
#562=FACE_OUTER_BOUND('',#866,.T.);
#563=FACE_OUTER_BOUND('',#867,.T.);
#564=FACE_OUTER_BOUND('',#868,.T.);
#565=FACE_OUTER_BOUND('',#869,.T.);
#566=FACE_OUTER_BOUND('',#870,.T.);
#567=FACE_OUTER_BOUND('',#871,.T.);
#568=FACE_OUTER_BOUND('',#872,.T.);
#569=FACE_OUTER_BOUND('',#873,.T.);
#570=FACE_OUTER_BOUND('',#874,.T.);
#571=FACE_OUTER_BOUND('',#875,.T.);
#572=FACE_OUTER_BOUND('',#876,.T.);
#573=FACE_OUTER_BOUND('',#877,.T.);
#574=FACE_OUTER_BOUND('',#878,.T.);
#575=FACE_OUTER_BOUND('',#879,.T.);
#576=FACE_OUTER_BOUND('',#880,.T.);
#577=FACE_OUTER_BOUND('',#881,.T.);
#578=FACE_OUTER_BOUND('',#882,.T.);
#579=FACE_OUTER_BOUND('',#883,.T.);
#580=FACE_OUTER_BOUND('',#884,.T.);
#581=FACE_OUTER_BOUND('',#885,.T.);
#582=FACE_OUTER_BOUND('',#886,.T.);
#583=FACE_OUTER_BOUND('',#887,.T.);
#584=FACE_OUTER_BOUND('',#888,.T.);
#585=FACE_OUTER_BOUND('',#889,.T.);
#586=FACE_OUTER_BOUND('',#890,.T.);
#587=FACE_OUTER_BOUND('',#891,.T.);
#588=FACE_OUTER_BOUND('',#892,.T.);
#589=FACE_OUTER_BOUND('',#893,.T.);
#590=FACE_OUTER_BOUND('',#894,.T.);
#591=FACE_OUTER_BOUND('',#895,.T.);
#592=FACE_OUTER_BOUND('',#896,.T.);
#593=FACE_OUTER_BOUND('',#897,.T.);
#594=FACE_OUTER_BOUND('',#898,.T.);
#595=FACE_OUTER_BOUND('',#900,.T.);
#596=FACE_OUTER_BOUND('',#901,.T.);
#597=FACE_OUTER_BOUND('',#902,.T.);
#598=FACE_OUTER_BOUND('',#903,.T.);
#599=FACE_OUTER_BOUND('',#904,.T.);
#600=FACE_OUTER_BOUND('',#905,.T.);
#601=FACE_OUTER_BOUND('',#906,.T.);
#602=FACE_OUTER_BOUND('',#907,.T.);
#603=FACE_OUTER_BOUND('',#908,.T.);
#604=FACE_OUTER_BOUND('',#909,.T.);
#605=FACE_OUTER_BOUND('',#910,.T.);
#606=FACE_OUTER_BOUND('',#911,.T.);
#607=FACE_OUTER_BOUND('',#912,.T.);
#608=FACE_OUTER_BOUND('',#913,.T.);
#609=FACE_OUTER_BOUND('',#914,.T.);
#610=FACE_OUTER_BOUND('',#915,.T.);
#611=FACE_OUTER_BOUND('',#916,.T.);
#612=FACE_OUTER_BOUND('',#917,.T.);
#613=FACE_OUTER_BOUND('',#918,.T.);
#614=FACE_OUTER_BOUND('',#919,.T.);
#615=FACE_OUTER_BOUND('',#920,.T.);
#616=FACE_OUTER_BOUND('',#921,.T.);
#617=FACE_OUTER_BOUND('',#922,.T.);
#618=FACE_OUTER_BOUND('',#923,.T.);
#619=FACE_OUTER_BOUND('',#924,.T.);
#620=FACE_OUTER_BOUND('',#925,.T.);
#621=FACE_OUTER_BOUND('',#926,.T.);
#622=FACE_OUTER_BOUND('',#927,.T.);
#623=FACE_OUTER_BOUND('',#928,.T.);
#624=FACE_OUTER_BOUND('',#929,.T.);
#625=FACE_OUTER_BOUND('',#930,.T.);
#626=FACE_OUTER_BOUND('',#931,.T.);
#627=FACE_OUTER_BOUND('',#932,.T.);
#628=FACE_OUTER_BOUND('',#933,.T.);
#629=FACE_OUTER_BOUND('',#934,.T.);
#630=FACE_OUTER_BOUND('',#935,.T.);
#631=FACE_OUTER_BOUND('',#936,.T.);
#632=FACE_OUTER_BOUND('',#937,.T.);
#633=FACE_OUTER_BOUND('',#938,.T.);
#634=FACE_OUTER_BOUND('',#939,.T.);
#635=FACE_OUTER_BOUND('',#940,.T.);
#636=FACE_OUTER_BOUND('',#941,.T.);
#637=FACE_OUTER_BOUND('',#942,.T.);
#638=FACE_OUTER_BOUND('',#944,.T.);
#639=FACE_OUTER_BOUND('',#945,.T.);
#640=FACE_OUTER_BOUND('',#946,.T.);
#641=FACE_OUTER_BOUND('',#947,.T.);
#642=FACE_OUTER_BOUND('',#948,.T.);
#643=FACE_OUTER_BOUND('',#949,.T.);
#644=FACE_OUTER_BOUND('',#950,.T.);
#645=FACE_OUTER_BOUND('',#951,.T.);
#646=FACE_OUTER_BOUND('',#952,.T.);
#647=FACE_OUTER_BOUND('',#953,.T.);
#648=FACE_OUTER_BOUND('',#954,.T.);
#649=FACE_OUTER_BOUND('',#955,.T.);
#650=FACE_OUTER_BOUND('',#956,.T.);
#651=FACE_OUTER_BOUND('',#957,.T.);
#652=FACE_OUTER_BOUND('',#958,.T.);
#653=FACE_OUTER_BOUND('',#959,.T.);
#654=FACE_OUTER_BOUND('',#960,.T.);
#655=FACE_OUTER_BOUND('',#961,.T.);
#656=FACE_OUTER_BOUND('',#962,.T.);
#657=FACE_OUTER_BOUND('',#963,.T.);
#658=FACE_OUTER_BOUND('',#964,.T.);
#659=FACE_OUTER_BOUND('',#965,.T.);
#660=FACE_OUTER_BOUND('',#966,.T.);
#661=FACE_OUTER_BOUND('',#967,.T.);
#662=FACE_OUTER_BOUND('',#968,.T.);
#663=FACE_OUTER_BOUND('',#969,.T.);
#664=FACE_OUTER_BOUND('',#973,.T.);
#665=FACE_OUTER_BOUND('',#974,.T.);
#666=FACE_OUTER_BOUND('',#975,.T.);
#667=FACE_OUTER_BOUND('',#977,.T.);
#668=FACE_OUTER_BOUND('',#978,.T.);
#669=FACE_OUTER_BOUND('',#979,.T.);
#670=FACE_OUTER_BOUND('',#980,.T.);
#671=FACE_OUTER_BOUND('',#981,.T.);
#672=FACE_OUTER_BOUND('',#982,.T.);
#673=FACE_OUTER_BOUND('',#983,.T.);
#674=FACE_OUTER_BOUND('',#984,.T.);
#675=FACE_OUTER_BOUND('',#985,.T.);
#676=FACE_OUTER_BOUND('',#986,.T.);
#677=FACE_OUTER_BOUND('',#987,.T.);
#678=FACE_OUTER_BOUND('',#988,.T.);
#679=FACE_OUTER_BOUND('',#989,.T.);
#680=FACE_OUTER_BOUND('',#990,.T.);
#681=FACE_OUTER_BOUND('',#991,.T.);
#682=FACE_OUTER_BOUND('',#992,.T.);
#683=FACE_OUTER_BOUND('',#993,.T.);
#684=FACE_OUTER_BOUND('',#994,.T.);
#685=FACE_OUTER_BOUND('',#995,.T.);
#686=FACE_OUTER_BOUND('',#997,.T.);
#687=FACE_OUTER_BOUND('',#998,.T.);
#688=FACE_OUTER_BOUND('',#999,.T.);
#689=FACE_OUTER_BOUND('',#1000,.T.);
#690=FACE_OUTER_BOUND('',#1001,.T.);
#691=FACE_OUTER_BOUND('',#1002,.T.);
#692=FACE_OUTER_BOUND('',#1003,.T.);
#693=FACE_OUTER_BOUND('',#1004,.T.);
#694=FACE_OUTER_BOUND('',#1005,.T.);
#695=FACE_OUTER_BOUND('',#1006,.T.);
#696=FACE_OUTER_BOUND('',#1007,.T.);
#697=FACE_OUTER_BOUND('',#1008,.T.);
#698=FACE_OUTER_BOUND('',#1009,.T.);
#699=FACE_OUTER_BOUND('',#1010,.T.);
#700=FACE_OUTER_BOUND('',#1011,.T.);
#701=FACE_OUTER_BOUND('',#1012,.T.);
#702=FACE_OUTER_BOUND('',#1013,.T.);
#703=FACE_OUTER_BOUND('',#1014,.T.);
#704=FACE_OUTER_BOUND('',#1015,.T.);
#705=FACE_OUTER_BOUND('',#1016,.T.);
#706=FACE_OUTER_BOUND('',#1017,.T.);
#707=FACE_OUTER_BOUND('',#1018,.T.);
#708=FACE_OUTER_BOUND('',#1019,.T.);
#709=FACE_OUTER_BOUND('',#1020,.T.);
#710=FACE_OUTER_BOUND('',#1021,.T.);
#711=FACE_OUTER_BOUND('',#1022,.T.);
#712=FACE_OUTER_BOUND('',#1023,.T.);
#713=FACE_OUTER_BOUND('',#1024,.T.);
#714=FACE_OUTER_BOUND('',#1025,.T.);
#715=FACE_OUTER_BOUND('',#1026,.T.);
#716=FACE_OUTER_BOUND('',#1027,.T.);
#717=FACE_OUTER_BOUND('',#1028,.T.);
#718=FACE_OUTER_BOUND('',#1029,.T.);
#719=FACE_OUTER_BOUND('',#1030,.T.);
#720=FACE_OUTER_BOUND('',#1031,.T.);
#721=FACE_OUTER_BOUND('',#1032,.T.);
#722=FACE_OUTER_BOUND('',#1033,.T.);
#723=FACE_OUTER_BOUND('',#1034,.T.);
#724=FACE_OUTER_BOUND('',#1035,.T.);
#725=FACE_OUTER_BOUND('',#1036,.T.);
#726=FACE_OUTER_BOUND('',#1037,.T.);
#727=FACE_OUTER_BOUND('',#1038,.T.);
#728=FACE_OUTER_BOUND('',#1039,.T.);
#729=FACE_OUTER_BOUND('',#1040,.T.);
#730=FACE_OUTER_BOUND('',#1041,.T.);
#731=FACE_OUTER_BOUND('',#1042,.T.);
#732=FACE_OUTER_BOUND('',#1043,.T.);
#733=FACE_OUTER_BOUND('',#1044,.T.);
#734=FACE_OUTER_BOUND('',#1045,.T.);
#735=FACE_OUTER_BOUND('',#1046,.T.);
#736=FACE_OUTER_BOUND('',#1047,.T.);
#737=FACE_OUTER_BOUND('',#1048,.T.);
#738=FACE_OUTER_BOUND('',#1049,.T.);
#739=FACE_OUTER_BOUND('',#1050,.T.);
#740=FACE_OUTER_BOUND('',#1051,.T.);
#741=FACE_OUTER_BOUND('',#1052,.T.);
#742=FACE_OUTER_BOUND('',#1053,.T.);
#743=FACE_OUTER_BOUND('',#1054,.T.);
#744=FACE_OUTER_BOUND('',#1055,.T.);
#745=FACE_OUTER_BOUND('',#1056,.T.);
#746=FACE_OUTER_BOUND('',#1057,.T.);
#747=FACE_OUTER_BOUND('',#1058,.T.);
#748=FACE_OUTER_BOUND('',#1059,.T.);
#749=FACE_OUTER_BOUND('',#1060,.T.);
#750=FACE_OUTER_BOUND('',#1061,.T.);
#751=FACE_OUTER_BOUND('',#1062,.T.);
#752=FACE_OUTER_BOUND('',#1063,.T.);
#753=FACE_OUTER_BOUND('',#1064,.T.);
#754=FACE_OUTER_BOUND('',#1065,.T.);
#755=FACE_OUTER_BOUND('',#1066,.T.);
#756=FACE_OUTER_BOUND('',#1067,.T.);
#757=FACE_OUTER_BOUND('',#1068,.T.);
#758=FACE_OUTER_BOUND('',#1069,.T.);
#759=FACE_OUTER_BOUND('',#1070,.T.);
#760=FACE_OUTER_BOUND('',#1071,.T.);
#761=FACE_OUTER_BOUND('',#1072,.T.);
#762=FACE_OUTER_BOUND('',#1073,.T.);
#763=FACE_OUTER_BOUND('',#1074,.T.);
#764=FACE_OUTER_BOUND('',#1075,.T.);
#765=FACE_OUTER_BOUND('',#1076,.T.);
#766=FACE_OUTER_BOUND('',#1077,.T.);
#767=FACE_OUTER_BOUND('',#1080,.T.);
#768=FACE_OUTER_BOUND('',#1081,.T.);
#769=FACE_OUTER_BOUND('',#1082,.T.);
#770=FACE_OUTER_BOUND('',#1083,.T.);
#771=FACE_OUTER_BOUND('',#1084,.T.);
#772=FACE_OUTER_BOUND('',#1085,.T.);
#773=FACE_OUTER_BOUND('',#1086,.T.);
#774=FACE_OUTER_BOUND('',#1087,.T.);
#775=FACE_OUTER_BOUND('',#1088,.T.);
#776=FACE_OUTER_BOUND('',#1089,.T.);
#777=FACE_OUTER_BOUND('',#1090,.T.);
#778=FACE_OUTER_BOUND('',#1091,.T.);
#779=FACE_OUTER_BOUND('',#1092,.T.);
#780=FACE_OUTER_BOUND('',#1093,.T.);
#781=FACE_OUTER_BOUND('',#1094,.T.);
#782=FACE_OUTER_BOUND('',#1095,.T.);
#783=FACE_OUTER_BOUND('',#1096,.T.);
#784=FACE_OUTER_BOUND('',#1097,.T.);
#785=FACE_OUTER_BOUND('',#1098,.T.);
#786=FACE_OUTER_BOUND('',#1099,.T.);
#787=FACE_OUTER_BOUND('',#1100,.T.);
#788=FACE_OUTER_BOUND('',#1101,.T.);
#789=FACE_OUTER_BOUND('',#1102,.T.);
#790=FACE_OUTER_BOUND('',#1103,.T.);
#791=FACE_OUTER_BOUND('',#1104,.T.);
#792=FACE_OUTER_BOUND('',#1105,.T.);
#793=FACE_OUTER_BOUND('',#1106,.T.);
#794=FACE_OUTER_BOUND('',#1107,.T.);
#795=FACE_OUTER_BOUND('',#1108,.T.);
#796=FACE_OUTER_BOUND('',#1109,.T.);
#797=FACE_OUTER_BOUND('',#1110,.T.);
#798=FACE_OUTER_BOUND('',#1111,.T.);
#799=FACE_OUTER_BOUND('',#1112,.T.);
#800=FACE_OUTER_BOUND('',#1113,.T.);
#801=FACE_OUTER_BOUND('',#1114,.T.);
#802=FACE_OUTER_BOUND('',#1115,.T.);
#803=FACE_OUTER_BOUND('',#1116,.T.);
#804=FACE_OUTER_BOUND('',#1117,.T.);
#805=EDGE_LOOP('',(#3369,#3370,#3371,#3372,#3373));
#806=EDGE_LOOP('',(#3374,#3375,#3376,#3377,#3378));
#807=EDGE_LOOP('',(#3379,#3380,#3381,#3382));
#808=EDGE_LOOP('',(#3383,#3384,#3385,#3386,#3387));
#809=EDGE_LOOP('',(#3388,#3389,#3390,#3391));
#810=EDGE_LOOP('',(#3392,#3393,#3394,#3395,#3396));
#811=EDGE_LOOP('',(#3397,#3398,#3399,#3400));
#812=EDGE_LOOP('',(#3401,#3402,#3403,#3404,#3405,#3406,#3407,#3408,#3409,
#3410,#3411));
#813=EDGE_LOOP('',(#3412,#3413,#3414,#3415,#3416,#3417,#3418,#3419,#3420,
#3421,#3422,#3423,#3424,#3425,#3426,#3427,#3428,#3429,#3430,#3431,#3432,
#3433,#3434,#3435,#3436,#3437,#3438,#3439,#3440,#3441,#3442));
#814=EDGE_LOOP('',(#3443));
#815=EDGE_LOOP('',(#3444,#3445,#3446,#3447));
#816=EDGE_LOOP('',(#3448,#3449,#3450,#3451,#3452,#3453,#3454,#3455,#3456));
#817=EDGE_LOOP('',(#3457,#3458,#3459,#3460));
#818=EDGE_LOOP('',(#3461,#3462,#3463,#3464));
#819=EDGE_LOOP('',(#3465,#3466,#3467,#3468));
#820=EDGE_LOOP('',(#3469,#3470,#3471,#3472));
#821=EDGE_LOOP('',(#3473,#3474,#3475,#3476));
#822=EDGE_LOOP('',(#3477,#3478,#3479,#3480,#3481,#3482));
#823=EDGE_LOOP('',(#3483,#3484,#3485));
#824=EDGE_LOOP('',(#3486,#3487,#3488,#3489,#3490,#3491,#3492,#3493));
#825=EDGE_LOOP('',(#3494,#3495,#3496,#3497,#3498));
#826=EDGE_LOOP('',(#3499,#3500,#3501,#3502,#3503,#3504));
#827=EDGE_LOOP('',(#3505,#3506,#3507,#3508));
#828=EDGE_LOOP('',(#3509,#3510,#3511,#3512,#3513));
#829=EDGE_LOOP('',(#3514,#3515,#3516,#3517,#3518,#3519));
#830=EDGE_LOOP('',(#3520,#3521,#3522,#3523,#3524,#3525));
#831=EDGE_LOOP('',(#3526,#3527,#3528,#3529,#3530,#3531,#3532,#3533,#3534,
#3535,#3536,#3537,#3538,#3539,#3540,#3541));
#832=EDGE_LOOP('',(#3542,#3543,#3544));
#833=EDGE_LOOP('',(#3545,#3546,#3547));
#834=EDGE_LOOP('',(#3548,#3549,#3550,#3551));
#835=EDGE_LOOP('',(#3552,#3553,#3554,#3555));
#836=EDGE_LOOP('',(#3556,#3557,#3558,#3559));
#837=EDGE_LOOP('',(#3560,#3561,#3562,#3563));
#838=EDGE_LOOP('',(#3564,#3565,#3566,#3567));
#839=EDGE_LOOP('',(#3568,#3569,#3570,#3571,#3572,#3573,#3574,#3575,#3576,
#3577,#3578,#3579,#3580,#3581));
#840=EDGE_LOOP('',(#3582));
#841=EDGE_LOOP('',(#3583,#3584,#3585,#3586));
#842=EDGE_LOOP('',(#3587,#3588,#3589,#3590));
#843=EDGE_LOOP('',(#3591,#3592,#3593,#3594));
#844=EDGE_LOOP('',(#3595,#3596,#3597,#3598));
#845=EDGE_LOOP('',(#3599,#3600,#3601,#3602));
#846=EDGE_LOOP('',(#3603,#3604,#3605,#3606));
#847=EDGE_LOOP('',(#3607,#3608,#3609,#3610));
#848=EDGE_LOOP('',(#3611,#3612,#3613,#3614));
#849=EDGE_LOOP('',(#3615,#3616,#3617,#3618,#3619,#3620,#3621,#3622,#3623,
#3624,#3625,#3626,#3627,#3628));
#850=EDGE_LOOP('',(#3629,#3630,#3631,#3632,#3633,#3634));
#851=EDGE_LOOP('',(#3635,#3636,#3637,#3638,#3639,#3640,#3641,#3642,#3643,
#3644,#3645,#3646,#3647,#3648,#3649,#3650,#3651,#3652));
#852=EDGE_LOOP('',(#3653,#3654,#3655,#3656));
#853=EDGE_LOOP('',(#3657,#3658,#3659,#3660));
#854=EDGE_LOOP('',(#3661,#3662,#3663,#3664));
#855=EDGE_LOOP('',(#3665,#3666,#3667,#3668));
#856=EDGE_LOOP('',(#3669,#3670,#3671,#3672));
#857=EDGE_LOOP('',(#3673,#3674,#3675,#3676));
#858=EDGE_LOOP('',(#3677,#3678,#3679,#3680));
#859=EDGE_LOOP('',(#3681,#3682,#3683,#3684,#3685));
#860=EDGE_LOOP('',(#3686,#3687,#3688,#3689));
#861=EDGE_LOOP('',(#3690,#3691,#3692,#3693,#3694));
#862=EDGE_LOOP('',(#3695,#3696,#3697,#3698));
#863=EDGE_LOOP('',(#3699,#3700,#3701,#3702));
#864=EDGE_LOOP('',(#3703,#3704,#3705,#3706));
#865=EDGE_LOOP('',(#3707,#3708,#3709,#3710,#3711,#3712,#3713,#3714));
#866=EDGE_LOOP('',(#3715,#3716,#3717,#3718));
#867=EDGE_LOOP('',(#3719,#3720,#3721,#3722));
#868=EDGE_LOOP('',(#3723,#3724,#3725));
#869=EDGE_LOOP('',(#3726,#3727,#3728,#3729));
#870=EDGE_LOOP('',(#3730,#3731,#3732,#3733));
#871=EDGE_LOOP('',(#3734,#3735,#3736,#3737));
#872=EDGE_LOOP('',(#3738,#3739,#3740,#3741));
#873=EDGE_LOOP('',(#3742,#3743,#3744,#3745));
#874=EDGE_LOOP('',(#3746,#3747,#3748,#3749));
#875=EDGE_LOOP('',(#3750,#3751,#3752,#3753));
#876=EDGE_LOOP('',(#3754,#3755,#3756,#3757));
#877=EDGE_LOOP('',(#3758,#3759,#3760,#3761));
#878=EDGE_LOOP('',(#3762,#3763,#3764,#3765));
#879=EDGE_LOOP('',(#3766,#3767,#3768,#3769));
#880=EDGE_LOOP('',(#3770,#3771,#3772,#3773));
#881=EDGE_LOOP('',(#3774,#3775,#3776,#3777));
#882=EDGE_LOOP('',(#3778,#3779,#3780,#3781));
#883=EDGE_LOOP('',(#3782,#3783,#3784,#3785));
#884=EDGE_LOOP('',(#3786,#3787,#3788,#3789));
#885=EDGE_LOOP('',(#3790,#3791,#3792,#3793));
#886=EDGE_LOOP('',(#3794,#3795,#3796,#3797));
#887=EDGE_LOOP('',(#3798,#3799,#3800,#3801));
#888=EDGE_LOOP('',(#3802,#3803,#3804,#3805));
#889=EDGE_LOOP('',(#3806,#3807,#3808,#3809));
#890=EDGE_LOOP('',(#3810,#3811,#3812,#3813));
#891=EDGE_LOOP('',(#3814,#3815,#3816,#3817));
#892=EDGE_LOOP('',(#3818,#3819,#3820,#3821));
#893=EDGE_LOOP('',(#3822,#3823,#3824,#3825));
#894=EDGE_LOOP('',(#3826,#3827,#3828,#3829,#3830));
#895=EDGE_LOOP('',(#3831,#3832,#3833,#3834));
#896=EDGE_LOOP('',(#3835,#3836,#3837,#3838));
#897=EDGE_LOOP('',(#3839,#3840,#3841));
#898=EDGE_LOOP('',(#3842));
#899=EDGE_LOOP('',(#3843));
#900=EDGE_LOOP('',(#3844,#3845,#3846,#3847));
#901=EDGE_LOOP('',(#3848,#3849,#3850,#3851));
#902=EDGE_LOOP('',(#3852,#3853,#3854,#3855,#3856,#3857));
#903=EDGE_LOOP('',(#3858,#3859,#3860,#3861,#3862,#3863));
#904=EDGE_LOOP('',(#3864,#3865,#3866,#3867));
#905=EDGE_LOOP('',(#3868,#3869,#3870,#3871));
#906=EDGE_LOOP('',(#3872,#3873,#3874,#3875));
#907=EDGE_LOOP('',(#3876,#3877,#3878,#3879));
#908=EDGE_LOOP('',(#3880,#3881,#3882,#3883));
#909=EDGE_LOOP('',(#3884,#3885,#3886,#3887));
#910=EDGE_LOOP('',(#3888,#3889,#3890,#3891));
#911=EDGE_LOOP('',(#3892,#3893,#3894));
#912=EDGE_LOOP('',(#3895,#3896,#3897,#3898,#3899));
#913=EDGE_LOOP('',(#3900,#3901,#3902,#3903,#3904));
#914=EDGE_LOOP('',(#3905,#3906,#3907,#3908,#3909));
#915=EDGE_LOOP('',(#3910,#3911,#3912,#3913,#3914,#3915));
#916=EDGE_LOOP('',(#3916,#3917,#3918,#3919,#3920));
#917=EDGE_LOOP('',(#3921,#3922,#3923,#3924,#3925));
#918=EDGE_LOOP('',(#3926,#3927,#3928,#3929,#3930,#3931));
#919=EDGE_LOOP('',(#3932,#3933,#3934,#3935));
#920=EDGE_LOOP('',(#3936,#3937,#3938,#3939));
#921=EDGE_LOOP('',(#3940,#3941,#3942,#3943));
#922=EDGE_LOOP('',(#3944,#3945,#3946,#3947));
#923=EDGE_LOOP('',(#3948,#3949,#3950,#3951));
#924=EDGE_LOOP('',(#3952,#3953,#3954,#3955));
#925=EDGE_LOOP('',(#3956,#3957,#3958,#3959));
#926=EDGE_LOOP('',(#3960,#3961,#3962,#3963));
#927=EDGE_LOOP('',(#3964,#3965,#3966,#3967));
#928=EDGE_LOOP('',(#3968,#3969,#3970,#3971));
#929=EDGE_LOOP('',(#3972,#3973,#3974,#3975));
#930=EDGE_LOOP('',(#3976,#3977,#3978,#3979));
#931=EDGE_LOOP('',(#3980,#3981,#3982,#3983));
#932=EDGE_LOOP('',(#3984,#3985,#3986,#3987));
#933=EDGE_LOOP('',(#3988,#3989,#3990,#3991));
#934=EDGE_LOOP('',(#3992,#3993,#3994,#3995));
#935=EDGE_LOOP('',(#3996,#3997,#3998,#3999));
#936=EDGE_LOOP('',(#4000,#4001,#4002));
#937=EDGE_LOOP('',(#4003,#4004,#4005,#4006));
#938=EDGE_LOOP('',(#4007,#4008,#4009));
#939=EDGE_LOOP('',(#4010,#4011,#4012,#4013));
#940=EDGE_LOOP('',(#4014,#4015,#4016,#4017));
#941=EDGE_LOOP('',(#4018,#4019,#4020,#4021));
#942=EDGE_LOOP('',(#4022,#4023,#4024,#4025));
#943=EDGE_LOOP('',(#4026));
#944=EDGE_LOOP('',(#4027,#4028,#4029,#4030));
#945=EDGE_LOOP('',(#4031,#4032,#4033,#4034));
#946=EDGE_LOOP('',(#4035,#4036,#4037,#4038));
#947=EDGE_LOOP('',(#4039,#4040,#4041,#4042));
#948=EDGE_LOOP('',(#4043,#4044,#4045,#4046));
#949=EDGE_LOOP('',(#4047,#4048,#4049,#4050));
#950=EDGE_LOOP('',(#4051,#4052,#4053,#4054));
#951=EDGE_LOOP('',(#4055,#4056,#4057,#4058));
#952=EDGE_LOOP('',(#4059,#4060,#4061,#4062));
#953=EDGE_LOOP('',(#4063,#4064,#4065,#4066));
#954=EDGE_LOOP('',(#4067,#4068,#4069,#4070));
#955=EDGE_LOOP('',(#4071,#4072,#4073,#4074));
#956=EDGE_LOOP('',(#4075,#4076,#4077,#4078));
#957=EDGE_LOOP('',(#4079,#4080,#4081,#4082));
#958=EDGE_LOOP('',(#4083,#4084,#4085,#4086));
#959=EDGE_LOOP('',(#4087,#4088,#4089,#4090,#4091));
#960=EDGE_LOOP('',(#4092,#4093,#4094));
#961=EDGE_LOOP('',(#4095,#4096,#4097));
#962=EDGE_LOOP('',(#4098,#4099,#4100,#4101,#4102));
#963=EDGE_LOOP('',(#4103,#4104,#4105,#4106,#4107));
#964=EDGE_LOOP('',(#4108,#4109,#4110,#4111,#4112));
#965=EDGE_LOOP('',(#4113,#4114,#4115,#4116,#4117));
#966=EDGE_LOOP('',(#4118,#4119,#4120,#4121,#4122,#4123));
#967=EDGE_LOOP('',(#4124,#4125,#4126,#4127,#4128));
#968=EDGE_LOOP('',(#4129,#4130,#4131,#4132));
#969=EDGE_LOOP('',(#4133,#4134,#4135,#4136,#4137,#4138,#4139,#4140,#4141,
#4142,#4143,#4144,#4145,#4146));
#970=EDGE_LOOP('',(#4147,#4148,#4149,#4150,#4151,#4152,#4153,#4154,#4155,
#4156,#4157,#4158,#4159,#4160,#4161,#4162,#4163,#4164,#4165,#4166,#4167,
#4168,#4169,#4170,#4171,#4172,#4173,#4174,#4175,#4176));
#971=EDGE_LOOP('',(#4177,#4178));
#972=EDGE_LOOP('',(#4179,#4180,#4181,#4182,#4183,#4184));
#973=EDGE_LOOP('',(#4185,#4186,#4187,#4188));
#974=EDGE_LOOP('',(#4189,#4190,#4191,#4192,#4193));
#975=EDGE_LOOP('',(#4194,#4195,#4196,#4197,#4198,#4199,#4200,#4201,#4202,
#4203,#4204,#4205,#4206,#4207));
#976=EDGE_LOOP('',(#4208));
#977=EDGE_LOOP('',(#4209,#4210,#4211,#4212));
#978=EDGE_LOOP('',(#4213,#4214,#4215,#4216));
#979=EDGE_LOOP('',(#4217,#4218,#4219,#4220));
#980=EDGE_LOOP('',(#4221,#4222,#4223,#4224));
#981=EDGE_LOOP('',(#4225,#4226,#4227,#4228));
#982=EDGE_LOOP('',(#4229,#4230,#4231,#4232));
#983=EDGE_LOOP('',(#4233,#4234,#4235,#4236));
#984=EDGE_LOOP('',(#4237,#4238,#4239,#4240));
#985=EDGE_LOOP('',(#4241,#4242,#4243,#4244));
#986=EDGE_LOOP('',(#4245,#4246,#4247,#4248));
#987=EDGE_LOOP('',(#4249,#4250,#4251,#4252));
#988=EDGE_LOOP('',(#4253,#4254,#4255,#4256));
#989=EDGE_LOOP('',(#4257,#4258,#4259,#4260));
#990=EDGE_LOOP('',(#4261,#4262,#4263,#4264));
#991=EDGE_LOOP('',(#4265,#4266,#4267,#4268));
#992=EDGE_LOOP('',(#4269,#4270,#4271,#4272));
#993=EDGE_LOOP('',(#4273,#4274,#4275,#4276));
#994=EDGE_LOOP('',(#4277,#4278,#4279,#4280));
#995=EDGE_LOOP('',(#4281,#4282,#4283,#4284));
#996=EDGE_LOOP('',(#4285));
#997=EDGE_LOOP('',(#4286,#4287,#4288,#4289));
#998=EDGE_LOOP('',(#4290,#4291,#4292,#4293));
#999=EDGE_LOOP('',(#4294,#4295,#4296,#4297));
#1000=EDGE_LOOP('',(#4298,#4299,#4300));
#1001=EDGE_LOOP('',(#4301,#4302,#4303,#4304));
#1002=EDGE_LOOP('',(#4305,#4306,#4307));
#1003=EDGE_LOOP('',(#4308,#4309,#4310,#4311));
#1004=EDGE_LOOP('',(#4312,#4313,#4314,#4315));
#1005=EDGE_LOOP('',(#4316,#4317,#4318,#4319));
#1006=EDGE_LOOP('',(#4320,#4321,#4322,#4323));
#1007=EDGE_LOOP('',(#4324,#4325,#4326,#4327,#4328,#4329));
#1008=EDGE_LOOP('',(#4330,#4331,#4332,#4333));
#1009=EDGE_LOOP('',(#4334,#4335,#4336,#4337));
#1010=EDGE_LOOP('',(#4338,#4339,#4340,#4341,#4342,#4343,#4344,#4345,#4346,
#4347,#4348));
#1011=EDGE_LOOP('',(#4349,#4350,#4351,#4352,#4353,#4354,#4355,#4356,#4357));
#1012=EDGE_LOOP('',(#4358,#4359,#4360));
#1013=EDGE_LOOP('',(#4361,#4362,#4363,#4364));
#1014=EDGE_LOOP('',(#4365,#4366,#4367,#4368,#4369,#4370));
#1015=EDGE_LOOP('',(#4371,#4372,#4373));
#1016=EDGE_LOOP('',(#4374,#4375,#4376,#4377));
#1017=EDGE_LOOP('',(#4378,#4379,#4380,#4381,#4382,#4383,#4384,#4385,#4386,
#4387,#4388,#4389,#4390,#4391));
#1018=EDGE_LOOP('',(#4392,#4393,#4394,#4395));
#1019=EDGE_LOOP('',(#4396,#4397,#4398,#4399));
#1020=EDGE_LOOP('',(#4400,#4401,#4402,#4403));
#1021=EDGE_LOOP('',(#4404,#4405,#4406,#4407));
#1022=EDGE_LOOP('',(#4408,#4409,#4410,#4411));
#1023=EDGE_LOOP('',(#4412,#4413,#4414,#4415));
#1024=EDGE_LOOP('',(#4416,#4417,#4418,#4419));
#1025=EDGE_LOOP('',(#4420,#4421,#4422,#4423));
#1026=EDGE_LOOP('',(#4424,#4425,#4426,#4427,#4428,#4429));
#1027=EDGE_LOOP('',(#4430,#4431,#4432,#4433));
#1028=EDGE_LOOP('',(#4434,#4435,#4436,#4437,#4438));
#1029=EDGE_LOOP('',(#4439,#4440,#4441,#4442,#4443));
#1030=EDGE_LOOP('',(#4444,#4445,#4446,#4447,#4448));
#1031=EDGE_LOOP('',(#4449,#4450,#4451,#4452,#4453));
#1032=EDGE_LOOP('',(#4454,#4455,#4456,#4457));
#1033=EDGE_LOOP('',(#4458,#4459,#4460,#4461));
#1034=EDGE_LOOP('',(#4462,#4463,#4464,#4465));
#1035=EDGE_LOOP('',(#4466,#4467,#4468,#4469));
#1036=EDGE_LOOP('',(#4470,#4471,#4472,#4473));
#1037=EDGE_LOOP('',(#4474,#4475,#4476,#4477));
#1038=EDGE_LOOP('',(#4478,#4479,#4480,#4481));
#1039=EDGE_LOOP('',(#4482,#4483,#4484,#4485));
#1040=EDGE_LOOP('',(#4486,#4487,#4488,#4489));
#1041=EDGE_LOOP('',(#4490,#4491,#4492,#4493));
#1042=EDGE_LOOP('',(#4494,#4495,#4496,#4497));
#1043=EDGE_LOOP('',(#4498,#4499,#4500,#4501));
#1044=EDGE_LOOP('',(#4502,#4503,#4504,#4505));
#1045=EDGE_LOOP('',(#4506,#4507,#4508,#4509));
#1046=EDGE_LOOP('',(#4510,#4511,#4512,#4513));
#1047=EDGE_LOOP('',(#4514,#4515,#4516));
#1048=EDGE_LOOP('',(#4517,#4518,#4519,#4520));
#1049=EDGE_LOOP('',(#4521,#4522,#4523,#4524,#4525));
#1050=EDGE_LOOP('',(#4526,#4527,#4528,#4529,#4530));
#1051=EDGE_LOOP('',(#4531,#4532,#4533,#4534));
#1052=EDGE_LOOP('',(#4535,#4536,#4537,#4538));
#1053=EDGE_LOOP('',(#4539,#4540,#4541,#4542,#4543,#4544));
#1054=EDGE_LOOP('',(#4545,#4546,#4547,#4548));
#1055=EDGE_LOOP('',(#4549,#4550,#4551,#4552,#4553,#4554));
#1056=EDGE_LOOP('',(#4555,#4556,#4557,#4558));
#1057=EDGE_LOOP('',(#4559,#4560,#4561,#4562));
#1058=EDGE_LOOP('',(#4563,#4564,#4565,#4566));
#1059=EDGE_LOOP('',(#4567,#4568,#4569,#4570));
#1060=EDGE_LOOP('',(#4571,#4572,#4573,#4574));
#1061=EDGE_LOOP('',(#4575,#4576,#4577,#4578));
#1062=EDGE_LOOP('',(#4579,#4580,#4581,#4582));
#1063=EDGE_LOOP('',(#4583,#4584,#4585,#4586));
#1064=EDGE_LOOP('',(#4587,#4588,#4589,#4590));
#1065=EDGE_LOOP('',(#4591,#4592,#4593,#4594,#4595,#4596));
#1066=EDGE_LOOP('',(#4597,#4598,#4599));
#1067=EDGE_LOOP('',(#4600,#4601,#4602,#4603));
#1068=EDGE_LOOP('',(#4604,#4605,#4606,#4607));
#1069=EDGE_LOOP('',(#4608,#4609,#4610,#4611));
#1070=EDGE_LOOP('',(#4612,#4613,#4614,#4615));
#1071=EDGE_LOOP('',(#4616,#4617,#4618,#4619));
#1072=EDGE_LOOP('',(#4620,#4621,#4622,#4623));
#1073=EDGE_LOOP('',(#4624,#4625,#4626,#4627,#4628,#4629));
#1074=EDGE_LOOP('',(#4630,#4631,#4632,#4633));
#1075=EDGE_LOOP('',(#4634,#4635,#4636,#4637,#4638,#4639));
#1076=EDGE_LOOP('',(#4640,#4641,#4642,#4643));
#1077=EDGE_LOOP('',(#4644,#4645,#4646,#4647,#4648,#4649,#4650,#4651,#4652,
#4653,#4654,#4655,#4656,#4657,#4658,#4659,#4660,#4661,#4662,#4663,#4664,
#4665,#4666,#4667,#4668,#4669,#4670,#4671,#4672,#4673,#4674,#4675,#4676,
#4677,#4678,#4679,#4680,#4681,#4682,#4683,#4684,#4685,#4686,#4687,#4688));
#1078=EDGE_LOOP('',(#4689));
#1079=EDGE_LOOP('',(#4690,#4691,#4692,#4693));
#1080=EDGE_LOOP('',(#4694,#4695,#4696,#4697));
#1081=EDGE_LOOP('',(#4698,#4699,#4700));
#1082=EDGE_LOOP('',(#4701,#4702,#4703,#4704));
#1083=EDGE_LOOP('',(#4705,#4706,#4707,#4708,#4709,#4710));
#1084=EDGE_LOOP('',(#4711,#4712,#4713,#4714,#4715,#4716));
#1085=EDGE_LOOP('',(#4717,#4718,#4719,#4720));
#1086=EDGE_LOOP('',(#4721,#4722,#4723,#4724,#4725,#4726));
#1087=EDGE_LOOP('',(#4727,#4728,#4729,#4730));
#1088=EDGE_LOOP('',(#4731,#4732,#4733,#4734,#4735,#4736,#4737));
#1089=EDGE_LOOP('',(#4738,#4739,#4740,#4741,#4742,#4743,#4744));
#1090=EDGE_LOOP('',(#4745,#4746,#4747,#4748));
#1091=EDGE_LOOP('',(#4749,#4750,#4751,#4752,#4753,#4754));
#1092=EDGE_LOOP('',(#4755,#4756,#4757,#4758,#4759,#4760,#4761));
#1093=EDGE_LOOP('',(#4762,#4763,#4764,#4765,#4766,#4767,#4768));
#1094=EDGE_LOOP('',(#4769,#4770,#4771,#4772));
#1095=EDGE_LOOP('',(#4773,#4774,#4775,#4776));
#1096=EDGE_LOOP('',(#4777,#4778,#4779,#4780));
#1097=EDGE_LOOP('',(#4781,#4782,#4783,#4784));
#1098=EDGE_LOOP('',(#4785,#4786,#4787,#4788));
#1099=EDGE_LOOP('',(#4789,#4790,#4791,#4792,#4793,#4794,#4795));
#1100=EDGE_LOOP('',(#4796,#4797,#4798,#4799));
#1101=EDGE_LOOP('',(#4800,#4801,#4802,#4803));
#1102=EDGE_LOOP('',(#4804,#4805,#4806,#4807));
#1103=EDGE_LOOP('',(#4808,#4809,#4810));
#1104=EDGE_LOOP('',(#4811,#4812,#4813));
#1105=EDGE_LOOP('',(#4814,#4815,#4816,#4817));
#1106=EDGE_LOOP('',(#4818,#4819,#4820,#4821,#4822));
#1107=EDGE_LOOP('',(#4823,#4824,#4825,#4826));
#1108=EDGE_LOOP('',(#4827,#4828,#4829,#4830));
#1109=EDGE_LOOP('',(#4831,#4832,#4833,#4834));
#1110=EDGE_LOOP('',(#4835,#4836,#4837,#4838));
#1111=EDGE_LOOP('',(#4839,#4840,#4841,#4842,#4843));
#1112=EDGE_LOOP('',(#4844,#4845,#4846,#4847));
#1113=EDGE_LOOP('',(#4848,#4849,#4850,#4851,#4852,#4853,#4854,#4855));
#1114=EDGE_LOOP('',(#4856,#4857,#4858,#4859,#4860));
#1115=EDGE_LOOP('',(#4861,#4862,#4863,#4864,#4865,#4866));
#1116=EDGE_LOOP('',(#4867,#4868,#4869));
#1117=EDGE_LOOP('',(#4870,#4871,#4872,#4873,#4874));
#1118=LINE('',#7069,#1589);
#1119=LINE('',#7107,#1590);
#1120=LINE('',#7137,#1591);
#1121=LINE('',#7138,#1592);
#1122=LINE('',#7139,#1593);
#1123=LINE('',#7148,#1594);
#1124=LINE('',#7150,#1595);
#1125=LINE('',#7152,#1596);
#1126=LINE('',#7153,#1597);
#1127=LINE('',#7186,#1598);
#1128=LINE('',#7187,#1599);
#1129=LINE('',#7188,#1600);
#1130=LINE('',#7191,#1601);
#1131=LINE('',#7193,#1602);
#1132=LINE('',#7195,#1603);
#1133=LINE('',#7197,#1604);
#1134=LINE('',#7201,#1605);
#1135=LINE('',#7205,#1606);
#1136=LINE('',#7223,#1607);
#1137=LINE('',#7240,#1608);
#1138=LINE('',#7257,#1609);
#1139=LINE('',#7269,#1610);
#1140=LINE('',#7271,#1611);
#1141=LINE('',#7273,#1612);
#1142=LINE('',#7275,#1613);
#1143=LINE('',#7277,#1614);
#1144=LINE('',#7281,#1615);
#1145=LINE('',#7285,#1616);
#1146=LINE('',#7287,#1617);
#1147=LINE('',#7289,#1618);
#1148=LINE('',#7290,#1619);
#1149=LINE('',#7295,#1620);
#1150=LINE('',#7299,#1621);
#1151=LINE('',#7303,#1622);
#1152=LINE('',#7307,#1623);
#1153=LINE('',#7308,#1624);
#1154=LINE('',#7312,#1625);
#1155=LINE('',#7316,#1626);
#1156=LINE('',#7386,#1627);
#1157=LINE('',#7388,#1628);
#1158=LINE('',#7392,#1629);
#1159=LINE('',#7394,#1630);
#1160=LINE('',#7398,#1631);
#1161=LINE('',#7401,#1632);
#1162=LINE('',#7558,#1633);
#1163=LINE('',#7559,#1634);
#1164=LINE('',#7562,#1635);
#1165=LINE('',#7564,#1636);
#1166=LINE('',#7565,#1637);
#1167=LINE('',#7683,#1638);
#1168=LINE('',#7690,#1639);
#1169=LINE('',#7691,#1640);
#1170=LINE('',#7694,#1641);
#1171=LINE('',#7696,#1642);
#1172=LINE('',#7698,#1643);
#1173=LINE('',#7699,#1644);
#1174=LINE('',#7702,#1645);
#1175=LINE('',#7704,#1646);
#1176=LINE('',#7706,#1647);
#1177=LINE('',#7708,#1648);
#1178=LINE('',#7712,#1649);
#1179=LINE('',#7716,#1650);
#1180=LINE('',#7718,#1651);
#1181=LINE('',#7722,#1652);
#1182=LINE('',#7726,#1653);
#1183=LINE('',#7728,#1654);
#1184=LINE('',#7729,#1655);
#1185=LINE('',#7731,#1656);
#1186=LINE('',#7733,#1657);
#1187=LINE('',#7737,#1658);
#1188=LINE('',#7741,#1659);
#1189=LINE('',#7745,#1660);
#1190=LINE('',#7747,#1661);
#1191=LINE('',#7748,#1662);
#1192=LINE('',#7753,#1663);
#1193=LINE('',#7757,#1664);
#1194=LINE('',#7759,#1665);
#1195=LINE('',#7760,#1666);
#1196=LINE('',#7764,#1667);
#1197=LINE('',#7769,#1668);
#1198=LINE('',#7773,#1669);
#1199=LINE('',#7777,#1670);
#1200=LINE('',#7781,#1671);
#1201=LINE('',#7784,#1672);
#1202=LINE('',#7806,#1673);
#1203=LINE('',#7807,#1674);
#1204=LINE('',#7810,#1675);
#1205=LINE('',#7813,#1676);
#1206=LINE('',#7816,#1677);
#1207=LINE('',#7819,#1678);
#1208=LINE('',#7822,#1679);
#1209=LINE('',#7824,#1680);
#1210=LINE('',#7825,#1681);
#1211=LINE('',#7827,#1682);
#1212=LINE('',#7830,#1683);
#1213=LINE('',#7831,#1684);
#1214=LINE('',#7834,#1685);
#1215=LINE('',#7835,#1686);
#1216=LINE('',#7842,#1687);
#1217=LINE('',#7846,#1688);
#1218=LINE('',#7850,#1689);
#1219=LINE('',#7853,#1690);
#1220=LINE('',#7856,#1691);
#1221=LINE('',#7860,#1692);
#1222=LINE('',#7864,#1693);
#1223=LINE('',#7867,#1694);
#1224=LINE('',#7871,#1695);
#1225=LINE('',#7874,#1696);
#1226=LINE('',#7876,#1697);
#1227=LINE('',#7880,#1698);
#1228=LINE('',#7884,#1699);
#1229=LINE('',#7888,#1700);
#1230=LINE('',#7891,#1701);
#1231=LINE('',#7895,#1702);
#1232=LINE('',#7897,#1703);
#1233=LINE('',#7899,#1704);
#1234=LINE('',#7900,#1705);
#1235=LINE('',#7904,#1706);
#1236=LINE('',#7910,#1707);
#1237=LINE('',#7911,#1708);
#1238=LINE('',#7912,#1709);
#1239=LINE('',#7917,#1710);
#1240=LINE('',#7918,#1711);
#1241=LINE('',#7920,#1712);
#1242=LINE('',#7924,#1713);
#1243=LINE('',#7935,#1714);
#1244=LINE('',#7936,#1715);
#1245=LINE('',#7946,#1716);
#1246=LINE('',#7949,#1717);
#1247=LINE('',#7950,#1718);
#1248=LINE('',#7953,#1719);
#1249=LINE('',#7954,#1720);
#1250=LINE('',#7958,#1721);
#1251=LINE('',#7959,#1722);
#1252=LINE('',#7960,#1723);
#1253=LINE('',#7963,#1724);
#1254=LINE('',#7965,#1725);
#1255=LINE('',#7966,#1726);
#1256=LINE('',#7968,#1727);
#1257=LINE('',#7970,#1728);
#1258=LINE('',#7972,#1729);
#1259=LINE('',#7975,#1730);
#1260=LINE('',#7989,#1731);
#1261=LINE('',#7990,#1732);
#1262=LINE('',#7993,#1733);
#1263=LINE('',#7996,#1734);
#1264=LINE('',#7999,#1735);
#1265=LINE('',#8000,#1736);
#1266=LINE('',#8003,#1737);
#1267=LINE('',#8007,#1738);
#1268=LINE('',#8008,#1739);
#1269=LINE('',#8011,#1740);
#1270=LINE('',#8015,#1741);
#1271=LINE('',#8016,#1742);
#1272=LINE('',#8019,#1743);
#1273=LINE('',#8020,#1744);
#1274=LINE('',#8022,#1745);
#1275=LINE('',#8024,#1746);
#1276=LINE('',#8025,#1747);
#1277=LINE('',#8027,#1748);
#1278=LINE('',#8029,#1749);
#1279=LINE('',#8040,#1750);
#1280=LINE('',#8042,#1751);
#1281=LINE('',#8045,#1752);
#1282=LINE('',#8046,#1753);
#1283=LINE('',#8048,#1754);
#1284=LINE('',#8051,#1755);
#1285=LINE('',#8054,#1756);
#1286=LINE('',#8057,#1757);
#1287=LINE('',#8063,#1758);
#1288=LINE('',#8070,#1759);
#1289=LINE('',#8072,#1760);
#1290=LINE('',#8106,#1761);
#1291=LINE('',#8138,#1762);
#1292=LINE('',#8170,#1763);
#1293=LINE('',#8200,#1764);
#1294=LINE('',#8202,#1765);
#1295=LINE('',#8205,#1766);
#1296=LINE('',#8218,#1767);
#1297=LINE('',#8220,#1768);
#1298=LINE('',#8227,#1769);
#1299=LINE('',#8239,#1770);
#1300=LINE('',#8246,#1771);
#1301=LINE('',#8253,#1772);
#1302=LINE('',#8264,#1773);
#1303=LINE('',#8270,#1774);
#1304=LINE('',#8273,#1775);
#1305=LINE('',#8274,#1776);
#1306=LINE('',#8307,#1777);
#1307=LINE('',#8308,#1778);
#1308=LINE('',#8326,#1779);
#1309=LINE('',#8327,#1780);
#1310=LINE('',#8360,#1781);
#1311=LINE('',#8361,#1782);
#1312=LINE('',#8379,#1783);
#1313=LINE('',#8380,#1784);
#1314=LINE('',#8417,#1785);
#1315=LINE('',#8418,#1786);
#1316=LINE('',#8452,#1787);
#1317=LINE('',#8456,#1788);
#1318=LINE('',#8459,#1789);
#1319=LINE('',#8460,#1790);
#1320=LINE('',#8464,#1791);
#1321=LINE('',#8467,#1792);
#1322=LINE('',#8468,#1793);
#1323=LINE('',#8472,#1794);
#1324=LINE('',#8474,#1795);
#1325=LINE('',#8477,#1796);
#1326=LINE('',#8482,#1797);
#1327=LINE('',#8491,#1798);
#1328=LINE('',#8494,#1799);
#1329=LINE('',#8961,#1800);
#1330=LINE('',#8962,#1801);
#1331=LINE('',#8966,#1802);
#1332=LINE('',#8969,#1803);
#1333=LINE('',#8970,#1804);
#1334=LINE('',#8974,#1805);
#1335=LINE('',#8976,#1806);
#1336=LINE('',#8978,#1807);
#1337=LINE('',#8980,#1808);
#1338=LINE('',#8982,#1809);
#1339=LINE('',#8984,#1810);
#1340=LINE('',#8987,#1811);
#1341=LINE('',#8988,#1812);
#1342=LINE('',#8990,#1813);
#1343=LINE('',#8993,#1814);
#1344=LINE('',#9003,#1815);
#1345=LINE('',#9013,#1816);
#1346=LINE('',#9018,#1817);
#1347=LINE('',#9026,#1818);
#1348=LINE('',#9030,#1819);
#1349=LINE('',#9034,#1820);
#1350=LINE('',#9036,#1821);
#1351=LINE('',#9037,#1822);
#1352=LINE('',#9040,#1823);
#1353=LINE('',#9044,#1824);
#1354=LINE('',#9048,#1825);
#1355=LINE('',#9052,#1826);
#1356=LINE('',#9056,#1827);
#1357=LINE('',#9060,#1828);
#1358=LINE('',#9064,#1829);
#1359=LINE('',#9072,#1830);
#1360=LINE('',#9079,#1831);
#1361=LINE('',#9087,#1832);
#1362=LINE('',#9097,#1833);
#1363=LINE('',#9101,#1834);
#1364=LINE('',#9103,#1835);
#1365=LINE('',#9105,#1836);
#1366=LINE('',#9109,#1837);
#1367=LINE('',#9127,#1838);
#1368=LINE('',#9131,#1839);
#1369=LINE('',#9133,#1840);
#1370=LINE('',#9135,#1841);
#1371=LINE('',#9152,#1842);
#1372=LINE('',#9156,#1843);
#1373=LINE('',#9158,#1844);
#1374=LINE('',#9159,#1845);
#1375=LINE('',#9170,#1846);
#1376=LINE('',#9174,#1847);
#1377=LINE('',#9178,#1848);
#1378=LINE('',#9182,#1849);
#1379=LINE('',#9183,#1850);
#1380=LINE('',#9186,#1851);
#1381=LINE('',#9191,#1852);
#1382=LINE('',#9195,#1853);
#1383=LINE('',#9197,#1854);
#1384=LINE('',#9201,#1855);
#1385=LINE('',#9205,#1856);
#1386=LINE('',#9209,#1857);
#1387=LINE('',#9212,#1858);
#1388=LINE('',#9234,#1859);
#1389=LINE('',#9235,#1860);
#1390=LINE('',#9237,#1861);
#1391=LINE('',#9239,#1862);
#1392=LINE('',#9243,#1863);
#1393=LINE('',#9245,#1864);
#1394=LINE('',#9246,#1865);
#1395=LINE('',#9249,#1866);
#1396=LINE('',#9254,#1867);
#1397=LINE('',#9257,#1868);
#1398=LINE('',#9258,#1869);
#1399=LINE('',#9261,#1870);
#1400=LINE('',#9262,#1871);
#1401=LINE('',#9267,#1872);
#1402=LINE('',#9269,#1873);
#1403=LINE('',#9271,#1874);
#1404=LINE('',#9273,#1875);
#1405=LINE('',#9275,#1876);
#1406=LINE('',#9744,#1877);
#1407=LINE('',#9747,#1878);
#1408=LINE('',#9751,#1879);
#1409=LINE('',#9753,#1880);
#1410=LINE('',#9762,#1881);
#1411=LINE('',#9764,#1882);
#1412=LINE('',#9766,#1883);
#1413=LINE('',#9768,#1884);
#1414=LINE('',#9771,#1885);
#1415=LINE('',#9773,#1886);
#1416=LINE('',#9784,#1887);
#1417=LINE('',#9788,#1888);
#1418=LINE('',#9801,#1889);
#1419=LINE('',#9810,#1890);
#1420=LINE('',#9822,#1891);
#1421=LINE('',#9823,#1892);
#1422=LINE('',#9825,#1893);
#1423=LINE('',#9827,#1894);
#1424=LINE('',#9829,#1895);
#1425=LINE('',#9833,#1896);
#1426=LINE('',#9837,#1897);
#1427=LINE('',#9839,#1898);
#1428=LINE('',#9840,#1899);
#1429=LINE('',#9843,#1900);
#1430=LINE('',#9844,#1901);
#1431=LINE('',#9848,#1902);
#1432=LINE('',#9885,#1903);
#1433=LINE('',#9888,#1904);
#1434=LINE('',#9913,#1905);
#1435=LINE('',#9914,#1906);
#1436=LINE('',#9916,#1907);
#1437=LINE('',#9937,#1908);
#1438=LINE('',#9941,#1909);
#1439=LINE('',#9945,#1910);
#1440=LINE('',#9947,#1911);
#1441=LINE('',#9949,#1912);
#1442=LINE('',#9951,#1913);
#1443=LINE('',#9953,#1914);
#1444=LINE('',#9955,#1915);
#1445=LINE('',#9959,#1916);
#1446=LINE('',#9961,#1917);
#1447=LINE('',#9965,#1918);
#1448=LINE('',#9970,#1919);
#1449=LINE('',#9971,#1920);
#1450=LINE('',#9972,#1921);
#1451=LINE('',#9975,#1922);
#1452=LINE('',#9976,#1923);
#1453=LINE('',#9979,#1924);
#1454=LINE('',#9980,#1925);
#1455=LINE('',#9984,#1926);
#1456=LINE('',#9988,#1927);
#1457=LINE('',#9989,#1928);
#1458=LINE('',#9990,#1929);
#1459=LINE('',#9994,#1930);
#1460=LINE('',#9997,#1931);
#1461=LINE('',#9998,#1932);
#1462=LINE('',#10001,#1933);
#1463=LINE('',#10002,#1934);
#1464=LINE('',#10005,#1935);
#1465=LINE('',#10007,#1936);
#1466=LINE('',#10011,#1937);
#1467=LINE('',#10012,#1938);
#1468=LINE('',#10016,#1939);
#1469=LINE('',#10019,#1940);
#1470=LINE('',#10021,#1941);
#1471=LINE('',#10026,#1942);
#1472=LINE('',#10028,#1943);
#1473=LINE('',#10029,#1944);
#1474=LINE('',#10030,#1945);
#1475=LINE('',#10042,#1946);
#1476=LINE('',#10071,#1947);
#1477=LINE('',#10081,#1948);
#1478=LINE('',#10082,#1949);
#1479=LINE('',#10101,#1950);
#1480=LINE('',#10108,#1951);
#1481=LINE('',#10158,#1952);
#1482=LINE('',#10162,#1953);
#1483=LINE('',#10163,#1954);
#1484=LINE('',#10165,#1955);
#1485=LINE('',#10166,#1956);
#1486=LINE('',#10185,#1957);
#1487=LINE('',#10189,#1958);
#1488=LINE('',#10190,#1959);
#1489=LINE('',#10239,#1960);
#1490=LINE('',#10243,#1961);
#1491=LINE('',#10244,#1962);
#1492=LINE('',#10246,#1963);
#1493=LINE('',#10247,#1964);
#1494=LINE('',#10266,#1965);
#1495=LINE('',#10270,#1966);
#1496=LINE('',#10271,#1967);
#1497=LINE('',#10314,#1968);
#1498=LINE('',#10318,#1969);
#1499=LINE('',#10319,#1970);
#1500=LINE('',#10321,#1971);
#1501=LINE('',#10322,#1972);
#1502=LINE('',#10341,#1973);
#1503=LINE('',#10345,#1974);
#1504=LINE('',#10346,#1975);
#1505=LINE('',#10373,#1976);
#1506=LINE('',#10374,#1977);
#1507=LINE('',#10376,#1978);
#1508=LINE('',#10377,#1979);
#1509=LINE('',#10381,#1980);
#1510=LINE('',#10382,#1981);
#1511=LINE('',#10383,#1982);
#1512=LINE('',#10387,#1983);
#1513=LINE('',#10388,#1984);
#1514=LINE('',#10389,#1985);
#1515=LINE('',#10392,#1986);
#1516=LINE('',#10393,#1987);
#1517=LINE('',#10397,#1988);
#1518=LINE('',#10401,#1989);
#1519=LINE('',#10407,#1990);
#1520=LINE('',#10408,#1991);
#1521=LINE('',#10409,#1992);
#1522=LINE('',#10411,#1993);
#1523=LINE('',#10414,#1994);
#1524=LINE('',#10417,#1995);
#1525=LINE('',#10421,#1996);
#1526=LINE('',#10425,#1997);
#1527=LINE('',#10429,#1998);
#1528=LINE('',#10432,#1999);
#1529=LINE('',#10435,#2000);
#1530=LINE('',#10436,#2001);
#1531=LINE('',#10440,#2002);
#1532=LINE('',#10442,#2003);
#1533=LINE('',#10444,#2004);
#1534=LINE('',#10447,#2005);
#1535=LINE('',#10448,#2006);
#1536=LINE('',#10451,#2007);
#1537=LINE('',#10452,#2008);
#1538=LINE('',#10453,#2009);
#1539=LINE('',#10455,#2010);
#1540=LINE('',#10460,#2011);
#1541=LINE('',#10461,#2012);
#1542=LINE('',#10462,#2013);
#1543=LINE('',#10465,#2014);
#1544=LINE('',#10466,#2015);
#1545=LINE('',#10471,#2016);
#1546=LINE('',#10475,#2017);
#1547=LINE('',#10480,#2018);
#1548=LINE('',#10508,#2019);
#1549=LINE('',#10511,#2020);
#1550=LINE('',#10512,#2021);
#1551=LINE('',#10517,#2022);
#1552=LINE('',#10521,#2023);
#1553=LINE('',#10523,#2024);
#1554=LINE('',#10524,#2025);
#1555=LINE('',#10526,#2026);
#1556=LINE('',#10528,#2027);
#1557=LINE('',#10532,#2028);
#1558=LINE('',#10535,#2029);
#1559=LINE('',#10536,#2030);
#1560=LINE('',#10538,#2031);
#1561=LINE('',#10540,#2032);
#1562=LINE('',#10542,#2033);
#1563=LINE('',#10544,#2034);
#1564=LINE('',#10577,#2035);
#1565=LINE('',#10604,#2036);
#1566=LINE('',#10606,#2037);
#1567=LINE('',#10607,#2038);
#1568=LINE('',#10612,#2039);
#1569=LINE('',#10616,#2040);
#1570=LINE('',#10617,#2041);
#1571=LINE('',#10621,#2042);
#1572=LINE('',#10624,#2043);
#1573=LINE('',#10625,#2044);
#1574=LINE('',#10629,#2045);
#1575=LINE('',#10632,#2046);
#1576=LINE('',#10647,#2047);
#1577=LINE('',#10648,#2048);
#1578=LINE('',#10662,#2049);
#1579=LINE('',#10676,#2050);
#1580=LINE('',#10677,#2051);
#1581=LINE('',#10689,#2052);
#1582=LINE('',#10691,#2053);
#1583=LINE('',#10693,#2054);
#1584=LINE('',#10695,#2055);
#1585=LINE('',#10897,#2056);
#1586=LINE('',#10898,#2057);
#1587=LINE('',#10924,#2058);
#1588=LINE('',#10926,#2059);
#1589=VECTOR('',#5675,10.);
#1590=VECTOR('',#5680,10.);
#1591=VECTOR('',#5687,10.);
#1592=VECTOR('',#5688,10.);
#1593=VECTOR('',#5689,10.);
#1594=VECTOR('',#5700,10.);
#1595=VECTOR('',#5701,10.);
#1596=VECTOR('',#5702,10.);
#1597=VECTOR('',#5703,10.);
#1598=VECTOR('',#5706,10.);
#1599=VECTOR('',#5707,10.);
#1600=VECTOR('',#5708,10.);
#1601=VECTOR('',#5711,10.);
#1602=VECTOR('',#5712,10.);
#1603=VECTOR('',#5713,10.);
#1604=VECTOR('',#5714,10.);
#1605=VECTOR('',#5717,10.);
#1606=VECTOR('',#5722,10.);
#1607=VECTOR('',#5723,10.);
#1608=VECTOR('',#5724,10.);
#1609=VECTOR('',#5725,10.);
#1610=VECTOR('',#5726,10.);
#1611=VECTOR('',#5727,10.);
#1612=VECTOR('',#5728,10.);
#1613=VECTOR('',#5729,10.);
#1614=VECTOR('',#5730,10.);
#1615=VECTOR('',#5733,10.);
#1616=VECTOR('',#5736,10.);
#1617=VECTOR('',#5737,10.);
#1618=VECTOR('',#5738,10.);
#1619=VECTOR('',#5739,10.);
#1620=VECTOR('',#5742,10.);
#1621=VECTOR('',#5745,10.);
#1622=VECTOR('',#5750,10.);
#1623=VECTOR('',#5753,10.);
#1624=VECTOR('',#5754,10.);
#1625=VECTOR('',#5757,10.);
#1626=VECTOR('',#5760,10.);
#1627=VECTOR('',#5765,10.);
#1628=VECTOR('',#5766,10.);
#1629=VECTOR('',#5771,10.);
#1630=VECTOR('',#5772,10.);
#1631=VECTOR('',#5777,10.);
#1632=VECTOR('',#5780,10.);
#1633=VECTOR('',#5791,10.);
#1634=VECTOR('',#5792,10.);
#1635=VECTOR('',#5795,10.);
#1636=VECTOR('',#5796,10.);
#1637=VECTOR('',#5797,10.);
#1638=VECTOR('',#5802,10.);
#1639=VECTOR('',#5805,10.);
#1640=VECTOR('',#5806,10.);
#1641=VECTOR('',#5809,10.);
#1642=VECTOR('',#5810,10.);
#1643=VECTOR('',#5811,10.);
#1644=VECTOR('',#5812,10.);
#1645=VECTOR('',#5815,10.);
#1646=VECTOR('',#5816,10.);
#1647=VECTOR('',#5817,10.);
#1648=VECTOR('',#5818,10.);
#1649=VECTOR('',#5821,10.);
#1650=VECTOR('',#5824,10.);
#1651=VECTOR('',#5825,10.);
#1652=VECTOR('',#5828,10.);
#1653=VECTOR('',#5831,10.);
#1654=VECTOR('',#5832,10.);
#1655=VECTOR('',#5833,10.);
#1656=VECTOR('',#5836,10.);
#1657=VECTOR('',#5839,10.);
#1658=VECTOR('',#5842,10.);
#1659=VECTOR('',#5845,10.);
#1660=VECTOR('',#5850,10.);
#1661=VECTOR('',#5851,10.);
#1662=VECTOR('',#5852,10.);
#1663=VECTOR('',#5857,10.);
#1664=VECTOR('',#5862,10.);
#1665=VECTOR('',#5863,10.);
#1666=VECTOR('',#5864,10.);
#1667=VECTOR('',#5867,10.);
#1668=VECTOR('',#5874,10.);
#1669=VECTOR('',#5877,10.);
#1670=VECTOR('',#5880,10.);
#1671=VECTOR('',#5883,10.);
#1672=VECTOR('',#5886,10.);
#1673=VECTOR('',#5889,10.);
#1674=VECTOR('',#5890,10.);
#1675=VECTOR('',#5893,10.);
#1676=VECTOR('',#5896,10.);
#1677=VECTOR('',#5899,10.);
#1678=VECTOR('',#5902,10.);
#1679=VECTOR('',#5905,10.);
#1680=VECTOR('',#5906,10.);
#1681=VECTOR('',#5907,1000.);
#1682=VECTOR('',#5910,10.);
#1683=VECTOR('',#5913,10.);
#1684=VECTOR('',#5914,10.);
#1685=VECTOR('',#5917,10.);
#1686=VECTOR('',#5918,10.);
#1687=VECTOR('',#5927,1000.);
#1688=VECTOR('',#5930,1000.);
#1689=VECTOR('',#5933,1000.);
#1690=VECTOR('',#5936,1000.);
#1691=VECTOR('',#5937,10.);
#1692=VECTOR('',#5940,10.);
#1693=VECTOR('',#5943,10.);
#1694=VECTOR('',#5946,10.);
#1695=VECTOR('',#5949,10.);
#1696=VECTOR('',#5952,10.);
#1697=VECTOR('',#5953,10.);
#1698=VECTOR('',#5956,10.);
#1699=VECTOR('',#5959,10.);
#1700=VECTOR('',#5962,10.);
#1701=VECTOR('',#5965,10.);
#1702=VECTOR('',#5968,10.);
#1703=VECTOR('',#5969,10.);
#1704=VECTOR('',#5970,10.);
#1705=VECTOR('',#5971,10.);
#1706=VECTOR('',#5974,10.);
#1707=VECTOR('',#5981,10.);
#1708=VECTOR('',#5982,10.);
#1709=VECTOR('',#5983,10.);
#1710=VECTOR('',#5992,10.);
#1711=VECTOR('',#5993,10.);
#1712=VECTOR('',#5996,10.);
#1713=VECTOR('',#6001,10.);
#1714=VECTOR('',#6008,10.);
#1715=VECTOR('',#6009,10.);
#1716=VECTOR('',#6018,10.);
#1717=VECTOR('',#6021,10.);
#1718=VECTOR('',#6022,10.);
#1719=VECTOR('',#6025,10.);
#1720=VECTOR('',#6026,10.);
#1721=VECTOR('',#6029,10.);
#1722=VECTOR('',#6030,10.);
#1723=VECTOR('',#6031,10.);
#1724=VECTOR('',#6034,10.);
#1725=VECTOR('',#6035,10.);
#1726=VECTOR('',#6036,10.);
#1727=VECTOR('',#6039,10.);
#1728=VECTOR('',#6042,10.);
#1729=VECTOR('',#6045,10.);
#1730=VECTOR('',#6048,10.);
#1731=VECTOR('',#6055,10.);
#1732=VECTOR('',#6056,10.);
#1733=VECTOR('',#6059,10.);
#1734=VECTOR('',#6064,10.);
#1735=VECTOR('',#6067,10.);
#1736=VECTOR('',#6068,10.);
#1737=VECTOR('',#6071,10.);
#1738=VECTOR('',#6076,10.);
#1739=VECTOR('',#6077,10.);
#1740=VECTOR('',#6080,10.);
#1741=VECTOR('',#6085,10.);
#1742=VECTOR('',#6086,10.);
#1743=VECTOR('',#6089,10.);
#1744=VECTOR('',#6090,10.);
#1745=VECTOR('',#6093,10.);
#1746=VECTOR('',#6096,10.);
#1747=VECTOR('',#6097,10.);
#1748=VECTOR('',#6100,10.);
#1749=VECTOR('',#6103,10.);
#1750=VECTOR('',#6108,10.);
#1751=VECTOR('',#6111,10.);
#1752=VECTOR('',#6114,10.);
#1753=VECTOR('',#6115,10.);
#1754=VECTOR('',#6118,10.);
#1755=VECTOR('',#6123,10.);
#1756=VECTOR('',#6128,10.);
#1757=VECTOR('',#6133,10.);
#1758=VECTOR('',#6140,0.8);
#1759=VECTOR('',#6149,2.3);
#1760=VECTOR('',#6152,1.6);
#1761=VECTOR('',#6165,10.);
#1762=VECTOR('',#6174,10.);
#1763=VECTOR('',#6183,10.);
#1764=VECTOR('',#6190,10.);
#1765=VECTOR('',#6193,10.);
#1766=VECTOR('',#6196,10.);
#1767=VECTOR('',#6199,10.);
#1768=VECTOR('',#6200,10.);
#1769=VECTOR('',#6203,10.);
#1770=VECTOR('',#6206,10.);
#1771=VECTOR('',#6207,10.);
#1772=VECTOR('',#6210,10.);
#1773=VECTOR('',#6213,10.);
#1774=VECTOR('',#6214,10.);
#1775=VECTOR('',#6219,10.);
#1776=VECTOR('',#6220,10.);
#1777=VECTOR('',#6221,10.);
#1778=VECTOR('',#6222,10.);
#1779=VECTOR('',#6225,10.);
#1780=VECTOR('',#6226,10.);
#1781=VECTOR('',#6227,10.);
#1782=VECTOR('',#6228,10.);
#1783=VECTOR('',#6231,10.);
#1784=VECTOR('',#6232,10.);
#1785=VECTOR('',#6233,10.);
#1786=VECTOR('',#6234,10.);
#1787=VECTOR('',#6237,10.);
#1788=VECTOR('',#6242,10.);
#1789=VECTOR('',#6245,10.);
#1790=VECTOR('',#6246,10.);
#1791=VECTOR('',#6251,10.);
#1792=VECTOR('',#6254,10.);
#1793=VECTOR('',#6255,10.);
#1794=VECTOR('',#6260,5.);
#1795=VECTOR('',#6263,10.);
#1796=VECTOR('',#6266,10.);
#1797=VECTOR('',#6273,10.);
#1798=VECTOR('',#6286,2.3);
#1799=VECTOR('',#6289,2.1);
#1800=VECTOR('',#6292,10.);
#1801=VECTOR('',#6293,10.);
#1802=VECTOR('',#6298,10.);
#1803=VECTOR('',#6301,10.);
#1804=VECTOR('',#6302,10.);
#1805=VECTOR('',#6309,10.);
#1806=VECTOR('',#6312,10.);
#1807=VECTOR('',#6315,10.);
#1808=VECTOR('',#6318,10.);
#1809=VECTOR('',#6321,10.);
#1810=VECTOR('',#6324,10.);
#1811=VECTOR('',#6329,10.);
#1812=VECTOR('',#6330,10.);
#1813=VECTOR('',#6333,10.);
#1814=VECTOR('',#6338,10.);
#1815=VECTOR('',#6349,0.85);
#1816=VECTOR('',#6362,10.);
#1817=VECTOR('',#6367,10.);
#1818=VECTOR('',#6376,10.);
#1819=VECTOR('',#6379,10.);
#1820=VECTOR('',#6384,10.);
#1821=VECTOR('',#6385,10.);
#1822=VECTOR('',#6386,10.);
#1823=VECTOR('',#6389,1000.);
#1824=VECTOR('',#6392,1000.);
#1825=VECTOR('',#6395,1000.);
#1826=VECTOR('',#6398,1000.);
#1827=VECTOR('',#6401,1000.);
#1828=VECTOR('',#6404,10.);
#1829=VECTOR('',#6407,10.);
#1830=VECTOR('',#6408,10.);
#1831=VECTOR('',#6409,10.);
#1832=VECTOR('',#6410,10.);
#1833=VECTOR('',#6411,10.);
#1834=VECTOR('',#6414,10.);
#1835=VECTOR('',#6415,10.);
#1836=VECTOR('',#6416,10.);
#1837=VECTOR('',#6419,10.);
#1838=VECTOR('',#6420,10.);
#1839=VECTOR('',#6423,10.);
#1840=VECTOR('',#6424,10.);
#1841=VECTOR('',#6425,10.);
#1842=VECTOR('',#6428,10.);
#1843=VECTOR('',#6431,10.);
#1844=VECTOR('',#6432,10.);
#1845=VECTOR('',#6433,10.);
#1846=VECTOR('',#6434,10.);
#1847=VECTOR('',#6437,10.);
#1848=VECTOR('',#6440,10.);
#1849=VECTOR('',#6445,10.);
#1850=VECTOR('',#6446,10.);
#1851=VECTOR('',#6449,10.);
#1852=VECTOR('',#6454,10.);
#1853=VECTOR('',#6459,10.);
#1854=VECTOR('',#6460,10.);
#1855=VECTOR('',#6463,10.);
#1856=VECTOR('',#6466,10.);
#1857=VECTOR('',#6469,10.);
#1858=VECTOR('',#6472,10.);
#1859=VECTOR('',#6475,10.);
#1860=VECTOR('',#6476,10.);
#1861=VECTOR('',#6479,10.);
#1862=VECTOR('',#6482,10.);
#1863=VECTOR('',#6487,10.);
#1864=VECTOR('',#6488,10.);
#1865=VECTOR('',#6489,10.);
#1866=VECTOR('',#6492,10.);
#1867=VECTOR('',#6499,10.);
#1868=VECTOR('',#6502,10.);
#1869=VECTOR('',#6503,10.);
#1870=VECTOR('',#6506,10.);
#1871=VECTOR('',#6507,10.);
#1872=VECTOR('',#6516,10.);
#1873=VECTOR('',#6519,10.);
#1874=VECTOR('',#6522,10.);
#1875=VECTOR('',#6525,10.);
#1876=VECTOR('',#6528,10.);
#1877=VECTOR('',#6533,2.1);
#1878=VECTOR('',#6536,2.3);
#1879=VECTOR('',#6541,10.);
#1880=VECTOR('',#6542,10.);
#1881=VECTOR('',#6555,10.);
#1882=VECTOR('',#6558,10.);
#1883=VECTOR('',#6561,5.);
#1884=VECTOR('',#6564,10.);
#1885=VECTOR('',#6569,10.);
#1886=VECTOR('',#6572,10.);
#1887=VECTOR('',#6579,10.);
#1888=VECTOR('',#6582,10.);
#1889=VECTOR('',#6585,10.);
#1890=VECTOR('',#6590,10.);
#1891=VECTOR('',#6595,10.);
#1892=VECTOR('',#6596,10.);
#1893=VECTOR('',#6597,10.);
#1894=VECTOR('',#6598,10.);
#1895=VECTOR('',#6599,10.);
#1896=VECTOR('',#6602,10.);
#1897=VECTOR('',#6605,10.);
#1898=VECTOR('',#6606,10.);
#1899=VECTOR('',#6607,10.);
#1900=VECTOR('',#6610,10.);
#1901=VECTOR('',#6611,10.);
#1902=VECTOR('',#6614,10.);
#1903=VECTOR('',#6615,10.);
#1904=VECTOR('',#6620,10.);
#1905=VECTOR('',#6623,10.);
#1906=VECTOR('',#6624,10.);
#1907=VECTOR('',#6627,10.);
#1908=VECTOR('',#6628,10.);
#1909=VECTOR('',#6631,10.);
#1910=VECTOR('',#6634,10.);
#1911=VECTOR('',#6635,10.);
#1912=VECTOR('',#6636,10.);
#1913=VECTOR('',#6637,10.);
#1914=VECTOR('',#6638,10.);
#1915=VECTOR('',#6639,10.);
#1916=VECTOR('',#6642,10.);
#1917=VECTOR('',#6643,10.);
#1918=VECTOR('',#6646,10.);
#1919=VECTOR('',#6651,10.);
#1920=VECTOR('',#6652,10.);
#1921=VECTOR('',#6653,10.);
#1922=VECTOR('',#6656,10.);
#1923=VECTOR('',#6657,10.);
#1924=VECTOR('',#6660,10.);
#1925=VECTOR('',#6661,10.);
#1926=VECTOR('',#6666,10.);
#1927=VECTOR('',#6669,10.);
#1928=VECTOR('',#6670,10.);
#1929=VECTOR('',#6671,10.);
#1930=VECTOR('',#6676,10.);
#1931=VECTOR('',#6679,10.);
#1932=VECTOR('',#6680,10.);
#1933=VECTOR('',#6683,10.);
#1934=VECTOR('',#6684,10.);
#1935=VECTOR('',#6687,10.);
#1936=VECTOR('',#6688,10.);
#1937=VECTOR('',#6691,10.);
#1938=VECTOR('',#6692,10.);
#1939=VECTOR('',#6697,10.);
#1940=VECTOR('',#6700,10.);
#1941=VECTOR('',#6701,10.);
#1942=VECTOR('',#6706,10.);
#1943=VECTOR('',#6707,10.);
#1944=VECTOR('',#6708,10.);
#1945=VECTOR('',#6709,10.);
#1946=VECTOR('',#6718,10.);
#1947=VECTOR('',#6719,10.);
#1948=VECTOR('',#6720,10.);
#1949=VECTOR('',#6721,10.);
#1950=VECTOR('',#6722,10.);
#1951=VECTOR('',#6723,10.);
#1952=VECTOR('',#6726,10.);
#1953=VECTOR('',#6729,10.);
#1954=VECTOR('',#6730,10.);
#1955=VECTOR('',#6733,10.);
#1956=VECTOR('',#6734,10.);
#1957=VECTOR('',#6735,10.);
#1958=VECTOR('',#6738,10.);
#1959=VECTOR('',#6739,10.);
#1960=VECTOR('',#6740,10.);
#1961=VECTOR('',#6743,10.);
#1962=VECTOR('',#6744,10.);
#1963=VECTOR('',#6747,10.);
#1964=VECTOR('',#6748,10.);
#1965=VECTOR('',#6749,10.);
#1966=VECTOR('',#6752,10.);
#1967=VECTOR('',#6753,10.);
#1968=VECTOR('',#6754,10.);
#1969=VECTOR('',#6757,10.);
#1970=VECTOR('',#6758,10.);
#1971=VECTOR('',#6761,10.);
#1972=VECTOR('',#6762,10.);
#1973=VECTOR('',#6763,10.);
#1974=VECTOR('',#6766,10.);
#1975=VECTOR('',#6767,10.);
#1976=VECTOR('',#6770,9.99999999999999);
#1977=VECTOR('',#6771,10.);
#1978=VECTOR('',#6774,10.);
#1979=VECTOR('',#6775,10.);
#1980=VECTOR('',#6778,10.);
#1981=VECTOR('',#6779,10.);
#1982=VECTOR('',#6780,10.);
#1983=VECTOR('',#6783,10.);
#1984=VECTOR('',#6784,10.);
#1985=VECTOR('',#6785,10.);
#1986=VECTOR('',#6788,10.);
#1987=VECTOR('',#6789,10.);
#1988=VECTOR('',#6792,10.);
#1989=VECTOR('',#6795,10.);
#1990=VECTOR('',#6802,10.);
#1991=VECTOR('',#6803,10.);
#1992=VECTOR('',#6804,10.);
#1993=VECTOR('',#6807,10.);
#1994=VECTOR('',#6810,10.);
#1995=VECTOR('',#6813,10.);
#1996=VECTOR('',#6816,10.);
#1997=VECTOR('',#6819,10.);
#1998=VECTOR('',#6824,10.);
#1999=VECTOR('',#6827,10.);
#2000=VECTOR('',#6830,10.);
#2001=VECTOR('',#6831,10.);
#2002=VECTOR('',#6836,10.);
#2003=VECTOR('',#6839,10.);
#2004=VECTOR('',#6842,10.);
#2005=VECTOR('',#6845,10.);
#2006=VECTOR('',#6846,10.);
#2007=VECTOR('',#6849,10.);
#2008=VECTOR('',#6850,10.);
#2009=VECTOR('',#6851,10.);
#2010=VECTOR('',#6854,10.);
#2011=VECTOR('',#6859,10.);
#2012=VECTOR('',#6860,10.);
#2013=VECTOR('',#6861,10.);
#2014=VECTOR('',#6864,10.);
#2015=VECTOR('',#6865,10.);
#2016=VECTOR('',#6870,10.);
#2017=VECTOR('',#6875,10.);
#2018=VECTOR('',#6880,10.);
#2019=VECTOR('',#6893,10.);
#2020=VECTOR('',#6896,10.);
#2021=VECTOR('',#6897,10.);
#2022=VECTOR('',#6904,2.3);
#2023=VECTOR('',#6909,10.);
#2024=VECTOR('',#6910,10.);
#2025=VECTOR('',#6911,10.);
#2026=VECTOR('',#6914,10.);
#2027=VECTOR('',#6915,10.);
#2028=VECTOR('',#6920,10.);
#2029=VECTOR('',#6923,10.);
#2030=VECTOR('',#6924,10.);
#2031=VECTOR('',#6927,10.);
#2032=VECTOR('',#6930,10.);
#2033=VECTOR('',#6933,10.);
#2034=VECTOR('',#6936,10.);
#2035=VECTOR('',#6945,10.);
#2036=VECTOR('',#6950,10.);
#2037=VECTOR('',#6951,10.);
#2038=VECTOR('',#6952,10.);
#2039=VECTOR('',#6957,10.);
#2040=VECTOR('',#6962,10.);
#2041=VECTOR('',#6963,10.);
#2042=VECTOR('',#6968,10.);
#2043=VECTOR('',#6971,10.);
#2044=VECTOR('',#6972,10.);
#2045=VECTOR('',#6979,10.);
#2046=VECTOR('',#6984,0.60000000002595);
#2047=VECTOR('',#6987,10.);
#2048=VECTOR('',#6988,10.);
#2049=VECTOR('',#6989,10.);
#2050=VECTOR('',#6994,10.);
#2051=VECTOR('',#6995,10.);
#2052=VECTOR('',#6996,10.);
#2053=VECTOR('',#6999,10.);
#2054=VECTOR('',#7002,10.);
#2055=VECTOR('',#7005,10.);
#2056=VECTOR('',#7026,10.);
#2057=VECTOR('',#7027,10.);
#2058=VECTOR('',#7030,10.);
#2059=VECTOR('',#7033,10.);
#2060=B_SPLINE_CURVE_WITH_KNOTS('',3,(#7064,#7065,#7066,#7067),
 .UNSPECIFIED.,.F.,.F.,(4,4),(5.89900203998548,6.28318530717697),
 .UNSPECIFIED.);
#2061=B_SPLINE_CURVE_WITH_KNOTS('',3,(#7071,#7072,#7073,#7074),
 .UNSPECIFIED.,.F.,.F.,(4,4),(-6.28318530717697,-5.50306962091177),
 .UNSPECIFIED.);
#2062=B_SPLINE_CURVE_WITH_KNOTS('',3,(#7076,#7077,#7078,#7079,#7080,#7081,
#7082,#7083,#7084,#7085,#7086,#7087,#7088,#7089,#7090,#7091,#7092,#7093,
#7094,#7095,#7096,#7097),.UNSPECIFIED.,.F.,.F.,(4,3,3,3,3,3,3,4),(0.,0.0274115325208615,
0.0542979722324864,0.0678933147025391,0.0873734090421133,0.106583116626798,
0.125603813883602,0.135607576458251),.UNSPECIFIED.);
#2063=B_SPLINE_CURVE_WITH_KNOTS('',3,(#7098,#7099,#7100,#7101),
 .UNSPECIFIED.,.F.,.F.,(4,4),(5.74600079381873,5.89900203998548),
 .UNSPECIFIED.);
#2064=B_SPLINE_CURVE_WITH_KNOTS('',3,(#7111,#7112,#7113,#7114,#7115,#7116,
#7117,#7118,#7119,#7120,#7121,#7122,#7123,#7124,#7125,#7126,#7127,#7128,
#7129,#7130,#7131,#7132),.UNSPECIFIED.,.F.,.F.,(4,3,3,3,3,3,3,4),(-0.134679539471675,
-0.107499129083389,-0.0808424006891384,-0.0663593662673828,-0.0470431652196392,
-0.0279936025208028,-0.00912920703446817,0.),.UNSPECIFIED.);
#2065=B_SPLINE_CURVE_WITH_KNOTS('',3,(#7170,#7171,#7172,#7173),
 .UNSPECIFIED.,.F.,.F.,(4,4),(-7.06330099344998,-6.28318530717944),
 .UNSPECIFIED.);
#2066=B_SPLINE_CURVE_WITH_KNOTS('',3,(#7175,#7176,#7177,#7178),
 .UNSPECIFIED.,.F.,.F.,(4,4),(6.28318530717944,6.66736857439123),
 .UNSPECIFIED.);
#2067=B_SPLINE_CURVE_WITH_KNOTS('',3,(#7179,#7180,#7181,#7182),
 .UNSPECIFIED.,.F.,.F.,(4,4),(-6.82036982064831,-6.66736857439123),
 .UNSPECIFIED.);
#2068=B_SPLINE_CURVE_WITH_KNOTS('',3,(#7207,#7208,#7209,#7210),
 .UNSPECIFIED.,.F.,.F.,(4,4),(0.0445592389009769,0.0731970017094248),
 .UNSPECIFIED.);
#2069=B_SPLINE_CURVE_WITH_KNOTS('',3,(#7212,#7213,#7214,#7215,#7216),
 .UNSPECIFIED.,.F.,.F.,(4,1,4),(-1.85309507117601,-1.40131769971266,-0.798947871094871),
 .UNSPECIFIED.);
#2070=B_SPLINE_CURVE_WITH_KNOTS('',3,(#7218,#7219,#7220,#7221),
 .UNSPECIFIED.,.F.,.F.,(4,4),(-1.9054175158397,-1.85309507117601),
 .UNSPECIFIED.);
#2071=B_SPLINE_CURVE_WITH_KNOTS('',3,(#7225,#7226,#7227,#7228),
 .UNSPECIFIED.,.F.,.F.,(4,4),(0.00720135844098149,0.0374040662648955),
 .UNSPECIFIED.);
#2072=B_SPLINE_CURVE_WITH_KNOTS('',3,(#7230,#7231,#7232,#7233),
 .UNSPECIFIED.,.F.,.F.,(4,4),(0.145018832235472,1.16920313177979),
 .UNSPECIFIED.);
#2073=B_SPLINE_CURVE_WITH_KNOTS('',3,(#7235,#7236,#7237,#7238),
 .UNSPECIFIED.,.F.,.F.,(4,4),(0.133177126545958,0.145018832235972),
 .UNSPECIFIED.);
#2074=B_SPLINE_CURVE_WITH_KNOTS('',3,(#7242,#7243,#7244,#7245),
 .UNSPECIFIED.,.F.,.F.,(4,4),(-0.145018832235819,-0.133177126545863),
 .UNSPECIFIED.);
#2075=B_SPLINE_CURVE_WITH_KNOTS('',3,(#7247,#7248,#7249,#7250),
 .UNSPECIFIED.,.F.,.F.,(4,4),(-1.16920313177979,-0.145018832235319),
 .UNSPECIFIED.);
#2076=B_SPLINE_CURVE_WITH_KNOTS('',3,(#7252,#7253,#7254,#7255),
 .UNSPECIFIED.,.F.,.F.,(4,4),(1.52144166054793,1.55164436837185),
 .UNSPECIFIED.);
#2077=B_SPLINE_CURVE_WITH_KNOTS('',3,(#7259,#7260,#7261,#7262),
 .UNSPECIFIED.,.F.,.F.,(4,4),(1.81492072609046,1.9054175158387),
 .UNSPECIFIED.);
#2078=B_SPLINE_CURVE_WITH_KNOTS('',3,(#7264,#7265,#7266,#7267),
 .UNSPECIFIED.,.F.,.F.,(4,4),(1.44276163136739,1.81492072609045),
 .UNSPECIFIED.);
#2079=B_SPLINE_CURVE_WITH_KNOTS('',3,(#7360,#7361,#7362,#7363,#7364,#7365,
#7366,#7367,#7368,#7369),.UNSPECIFIED.,.F.,.F.,(4,2,2,2,4),(-0.000450832745575418,
0.,0.0840555177961884,0.143644338720271,0.218771606224962),
 .UNSPECIFIED.);
#2080=B_SPLINE_CURVE_WITH_KNOTS('',3,(#7370,#7371,#7372,#7373,#7374,#7375),
 .UNSPECIFIED.,.F.,.F.,(4,1,1,4),(0.189303742651123,0.22635209391647,0.282940117395674,
0.396116164354082),.UNSPECIFIED.);
#2081=B_SPLINE_CURVE_WITH_KNOTS('',3,(#7376,#7377,#7378,#7379,#7380,#7381,
#7382,#7383),.UNSPECIFIED.,.F.,.F.,(4,1,1,1,1,4),(-0.396116164354082,-0.282940117395674,
-0.22635209391647,-0.169764070437267,-0.113176046958063,3.45001804902267E-13),
 .UNSPECIFIED.);
#2082=B_SPLINE_CURVE_WITH_KNOTS('',3,(#7434,#7435,#7436,#7437,#7438,#7439,
#7440,#7441,#7442,#7443,#7444,#7445,#7446,#7447,#7448,#7449,#7450,#7451,
#7452,#7453,#7454,#7455,#7456,#7457,#7458),.UNSPECIFIED.,.F.,.F.,(4,3,3,
3,3,3,3,3,4),(-0.000706144592073139,-6.50521303491303E-19,0.00618191170904058,
0.0128089154419443,0.0168457979260212,0.0242635218002749,0.0303385803437658,
0.0345021476974514,0.0365306592760211),.UNSPECIFIED.);
#2083=B_SPLINE_CURVE_WITH_KNOTS('',3,(#7459,#7460,#7461,#7462,#7463,#7464,
#7465,#7466,#7467,#7468,#7469,#7470,#7471,#7472,#7473,#7474,#7475,#7476,
#7477,#7478,#7479,#7480,#7481,#7482,#7483,#7484,#7485,#7486,#7487,#7488,
#7489,#7490,#7491,#7492,#7493,#7494,#7495,#7496,#7497,#7498),
 .UNSPECIFIED.,.F.,.F.,(4,3,3,3,3,3,3,3,3,3,3,3,3,4),(-1.06916140783838,
-1.05120630869629,-1.04361122777377,-1.03236534594824,-1.01376744241294,
-0.994595698118483,-0.986448466480255,-0.982258503499136,-0.962699109420699,
-0.942408204989863,-0.94087757196321,-0.919767282710681,-0.898345150570048,
-0.890290516789295),.UNSPECIFIED.);
#2084=B_SPLINE_CURVE_WITH_KNOTS('',3,(#7500,#7501,#7502,#7503),
 .UNSPECIFIED.,.F.,.F.,(4,4),(0.890290516789295,0.962861729445372),
 .UNSPECIFIED.);
#2085=B_SPLINE_CURVE_WITH_KNOTS('',3,(#7505,#7506,#7507,#7508,#7509,#7510),
 .UNSPECIFIED.,.F.,.F.,(4,2,4),(0.,0.0521183178040967,0.0679164150875484),
 .UNSPECIFIED.);
#2086=B_SPLINE_CURVE_WITH_KNOTS('',3,(#7511,#7512,#7513,#7514,#7515,#7516,
#7517,#7518,#7519,#7520,#7521,#7522,#7523,#7524,#7525,#7526,#7527,#7528,
#7529,#7530),.UNSPECIFIED.,.F.,.F.,(4,2,2,2,2,2,2,2,2,4),(0.0604408247627854,
0.0774547017976301,0.103470258278665,0.120616469472786,0.122602402818456,
0.123316273818178,0.123763449766859,0.124191052002493,0.124803959171619,
0.125883136828127),.UNSPECIFIED.);
#2087=B_SPLINE_CURVE_WITH_KNOTS('',3,(#7553,#7554,#7555,#7556),
 .UNSPECIFIED.,.F.,.F.,(4,4),(-0.102652849117365,0.),.UNSPECIFIED.);
#2088=B_SPLINE_CURVE_WITH_KNOTS('',3,(#7597,#7598,#7599,#7600,#7601,#7602,
#7603,#7604,#7605,#7606,#7607,#7608,#7609,#7610,#7611,#7612,#7613,#7614,
#7615,#7616,#7617,#7618,#7619,#7620,#7621,#7622,#7623,#7624,#7625,#7626,
#7627,#7628,#7629,#7630,#7631,#7632,#7633,#7634,#7635,#7636,#7637,#7638,
#7639,#7640,#7641,#7642,#7643,#7644,#7645,#7646,#7647,#7648,#7649,#7650,
#7651,#7652,#7653,#7654,#7655,#7656,#7657,#7658,#7659,#7660),
 .UNSPECIFIED.,.F.,.F.,(4,3,3,3,3,3,3,3,3,3,3,3,3,3,3,3,3,3,3,3,3,4),(0.,
0.00743351409236019,0.014950584336303,0.0179703479657637,0.0259040912795748,
0.0335566726848651,0.0364921922627239,0.0415327704462692,0.0493170444758935,
0.0571675933340117,0.0647100208202133,0.066964282314711,0.0726103584348466,
0.0805517783174514,0.0874181285432206,0.0948264832816392,0.0998020868977451,
0.103762030793568,0.110610682583104,0.11510042538261,0.122678267936908,
0.126090783666525),.UNSPECIFIED.);
#2089=B_SPLINE_CURVE_WITH_KNOTS('',3,(#7678,#7679,#7680,#7681),
 .UNSPECIFIED.,.F.,.F.,(4,4),(-0.0628534133202232,0.),.UNSPECIFIED.);
#2090=B_SPLINE_CURVE_WITH_KNOTS('',3,(#7684,#7685,#7686,#7687),
 .UNSPECIFIED.,.F.,.F.,(4,4),(-1.81492072609045,-1.33175529578583),
 .UNSPECIFIED.);
#2091=B_SPLINE_CURVE_WITH_KNOTS('',3,(#7786,#7787,#7788,#7789,#7790,#7791,
#7792,#7793,#7794,#7795,#7796,#7797,#7798,#7799,#7800,#7801,#7802,#7803),
 .UNSPECIFIED.,.T.,.F.,(4,1,1,1,1,1,1,1,1,1,1,1,1,1,1,4),(-3.14159265358979,
-2.91719317833338,-2.69279370307697,-2.24399475256414,-1.34639685153848,
-0.448798950512828,-0.299199300341885,-0.149599650170943,0.149599650170943,
0.448798950512828,0.897597901025655,1.34639685153848,2.24399475256414,2.69279370307697,
2.91719317833338,3.14159265358979),.UNSPECIFIED.);
#2092=B_SPLINE_CURVE_WITH_KNOTS('',3,(#7976,#7977,#7978,#7979),
 .UNSPECIFIED.,.F.,.F.,(4,4),(0.,0.0285165899048406),.UNSPECIFIED.);
#2093=B_SPLINE_CURVE_WITH_KNOTS('',3,(#7983,#7984,#7985,#7986),
 .UNSPECIFIED.,.F.,.F.,(4,4),(0.,0.028359391851766),.UNSPECIFIED.);
#2094=B_SPLINE_CURVE_WITH_KNOTS('',3,(#8030,#8031,#8032,#8033),
 .UNSPECIFIED.,.F.,.F.,(4,4),(0.,0.0283570476467892),.UNSPECIFIED.);
#2095=B_SPLINE_CURVE_WITH_KNOTS('',3,(#8035,#8036,#8037,#8038),
 .UNSPECIFIED.,.F.,.F.,(4,4),(0.,0.0285090707025189),.UNSPECIFIED.);
#2096=B_SPLINE_CURVE_WITH_KNOTS('',3,(#8207,#8208,#8209,#8210,#8211),
 .UNSPECIFIED.,.F.,.F.,(4,1,4),(0.798947871094871,1.40131769971266,1.85309507117601),
 .UNSPECIFIED.);
#2097=B_SPLINE_CURVE_WITH_KNOTS('',3,(#8212,#8213,#8214,#8215),
 .UNSPECIFIED.,.F.,.F.,(4,4),(-0.0731970017094248,-0.0445592389009769),
 .UNSPECIFIED.);
#2098=B_SPLINE_CURVE_WITH_KNOTS('',3,(#8221,#8222,#8223,#8224),
 .UNSPECIFIED.,.F.,.F.,(4,4),(1.85309507117601,1.9054175158397),
 .UNSPECIFIED.);
#2099=B_SPLINE_CURVE_WITH_KNOTS('',3,(#8229,#8230,#8231,#8232),
 .UNSPECIFIED.,.F.,.F.,(4,4),(-1.16920313177979,-0.145018832235472),
 .UNSPECIFIED.);
#2100=B_SPLINE_CURVE_WITH_KNOTS('',3,(#8233,#8234,#8235,#8236),
 .UNSPECIFIED.,.F.,.F.,(4,4),(-0.0374040662648955,-0.00720135844098149),
 .UNSPECIFIED.);
#2101=B_SPLINE_CURVE_WITH_KNOTS('',3,(#8241,#8242,#8243,#8244),
 .UNSPECIFIED.,.F.,.F.,(4,4),(0.133177126545863,0.145018832235819),
 .UNSPECIFIED.);
#2102=B_SPLINE_CURVE_WITH_KNOTS('',3,(#8247,#8248,#8249,#8250),
 .UNSPECIFIED.,.F.,.F.,(4,4),(-0.145018832235972,-0.133177126545958),
 .UNSPECIFIED.);
#2103=B_SPLINE_CURVE_WITH_KNOTS('',3,(#8255,#8256,#8257,#8258),
 .UNSPECIFIED.,.F.,.F.,(4,4),(-1.55164436837185,-1.52144166054793),
 .UNSPECIFIED.);
#2104=B_SPLINE_CURVE_WITH_KNOTS('',3,(#8259,#8260,#8261,#8262),
 .UNSPECIFIED.,.F.,.F.,(4,4),(0.145018832235319,1.16920313177979),
 .UNSPECIFIED.);
#2105=B_SPLINE_CURVE_WITH_KNOTS('',3,(#8266,#8267,#8268,#8269),
 .UNSPECIFIED.,.F.,.F.,(4,4),(-1.9054175158387,-1.81492072609046),
 .UNSPECIFIED.);
#2106=B_SPLINE_CURVE_WITH_KNOTS('',3,(#8495,#8496,#8497,#8498,#8499,#8500,
#8501,#8502,#8503,#8504,#8505,#8506,#8507,#8508,#8509,#8510,#8511,#8512,
#8513,#8514,#8515,#8516,#8517,#8518,#8519,#8520,#8521,#8522,#8523,#8524,
#8525,#8526,#8527,#8528,#8529,#8530,#8531,#8532,#8533,#8534,#8535,#8536,
#8537,#8538,#8539,#8540,#8541,#8542,#8543,#8544,#8545,#8546,#8547,#8548,
#8549,#8550,#8551,#8552,#8553,#8554,#8555,#8556,#8557,#8558,#8559,#8560,
#8561,#8562,#8563,#8564,#8565,#8566,#8567,#8568,#8569,#8570,#8571,#8572,
#8573,#8574,#8575,#8576,#8577,#8578,#8579,#8580,#8581,#8582,#8583,#8584,
#8585,#8586,#8587,#8588,#8589,#8590,#8591,#8592,#8593,#8594,#8595,#8596,
#8597,#8598,#8599,#8600,#8601,#8602,#8603,#8604,#8605,#8606,#8607,#8608,
#8609,#8610,#8611,#8612,#8613,#8614,#8615,#8616,#8617,#8618,#8619,#8620,
#8621,#8622,#8623,#8624,#8625,#8626,#8627,#8628,#8629,#8630,#8631,#8632,
#8633,#8634,#8635,#8636,#8637,#8638,#8639,#8640,#8641,#8642,#8643,#8644,
#8645,#8646,#8647,#8648,#8649,#8650,#8651,#8652,#8653,#8654,#8655,#8656,
#8657,#8658,#8659,#8660,#8661,#8662,#8663,#8664,#8665,#8666,#8667,#8668,
#8669,#8670,#8671,#8672,#8673,#8674,#8675,#8676,#8677,#8678,#8679,#8680,
#8681,#8682,#8683,#8684,#8685,#8686,#8687,#8688,#8689,#8690,#8691,#8692,
#8693,#8694,#8695,#8696,#8697,#8698,#8699,#8700,#8701,#8702,#8703,#8704,
#8705,#8706,#8707,#8708,#8709,#8710,#8711,#8712,#8713,#8714,#8715,#8716,
#8717,#8718,#8719,#8720,#8721,#8722,#8723,#8724,#8725,#8726,#8727,#8728,
#8729,#8730,#8731,#8732,#8733,#8734,#8735,#8736,#8737,#8738,#8739,#8740,
#8741,#8742,#8743,#8744,#8745,#8746,#8747,#8748,#8749,#8750,#8751,#8752,
#8753,#8754,#8755,#8756,#8757,#8758,#8759,#8760,#8761,#8762,#8763,#8764,
#8765,#8766,#8767,#8768,#8769,#8770,#8771,#8772,#8773,#8774,#8775,#8776,
#8777,#8778,#8779,#8780,#8781,#8782,#8783,#8784,#8785,#8786,#8787,#8788,
#8789,#8790,#8791,#8792,#8793,#8794,#8795,#8796,#8797,#8798,#8799,#8800,
#8801,#8802,#8803,#8804,#8805,#8806,#8807,#8808,#8809,#8810,#8811,#8812,
#8813,#8814,#8815,#8816,#8817,#8818,#8819,#8820,#8821,#8822,#8823,#8824,
#8825,#8826,#8827,#8828,#8829,#8830,#8831,#8832,#8833,#8834,#8835,#8836,
#8837,#8838,#8839,#8840,#8841,#8842,#8843,#8844,#8845,#8846,#8847,#8848,
#8849,#8850,#8851,#8852,#8853,#8854,#8855,#8856,#8857,#8858,#8859,#8860,
#8861,#8862,#8863,#8864,#8865,#8866,#8867,#8868,#8869,#8870,#8871,#8872,
#8873,#8874,#8875,#8876,#8877,#8878,#8879,#8880,#8881,#8882),
 .UNSPECIFIED.,.T.,.F.,(4,3,3,3,3,3,3,3,3,3,3,3,3,3,3,3,3,3,3,3,3,3,3,3,
3,3,3,3,3,3,3,3,3,3,3,3,3,3,3,3,3,3,3,3,3,3,3,3,3,3,3,3,3,3,3,3,3,3,3,3,
3,3,3,3,3,3,3,3,3,3,3,3,3,3,3,3,3,3,3,3,3,3,3,3,3,3,3,3,3,3,3,3,3,3,3,3,
3,3,3,3,3,3,3,3,3,3,3,3,3,3,3,3,3,3,3,3,3,3,3,3,3,3,3,3,3,3,3,3,3,4),(-3.14159265358979,
-3.09051990587325,-3.05730631855526,-3.00922000701965,-2.96664876682335,
-2.91713255248843,-2.91712268222605,-2.8676646617726,-2.83939311693277,
-2.78506338392369,-2.72922453066108,-2.70407768801355,-2.69320093060542,
-2.6931766737073,-2.61927708689801,-2.61533199738367,-2.53472208708263,
-2.5239511304496,-2.43501237675462,-2.24430914719832,-2.2442894187556,-2.18275777765654,
-2.08975460189788,-2.03705029842743,-2.02189116325284,-1.90353099812478,
-1.85700496599098,-1.74613175017668,-1.69814814301636,-1.58292067469452,
-1.55177567886486,-1.53929132004173,-1.42051863699307,-1.35837431029088,
-1.34655768964121,-1.34655056655399,-1.23995641831196,-1.19099472765372,
-1.09328328863432,-1.05069899394512,-0.98911906221693,-0.897480814928263,
-0.811672105992435,-0.798287567143506,-0.717331710222771,-0.703355046701703,
-0.624451430636094,-0.615237758871179,-0.582377247666977,-0.519045055268704,
-0.515447006073995,-0.453161846351944,-0.448516764481014,-0.448513591392257,
-0.38280014575636,-0.313724795207995,-0.245340893530422,-0.240757649149269,
-0.190623899887516,-0.149068270834511,-0.14906644269073,-0.0953169163249334,
-0.0919119921180496,-0.0371816937715439,-0.0293640929604977,0.0259268634813236,
0.0392007737068076,0.0476415317073909,0.101217900505824,0.123110617795143,
0.149971031164745,0.230816079611631,0.299448182438077,0.299448732739116,
0.305834864378194,0.362782228469562,0.399066011845527,0.448739293794242,
0.448741539902835,0.539250867298093,0.569706259484461,0.652927773708074,
0.714205860697942,0.794462104548614,0.854294899684985,0.91099142067152,
0.997757581483372,1.05604377971865,1.1516560996572,1.21166569169447,1.30286717066538,
1.3462929509477,1.34630282284109,1.44606008315879,1.49310275174289,1.52993228215522,
1.62278062767837,1.63416548661373,1.69404618659456,1.79375272357522,1.8592774878594,
1.96277217786669,2.00604063714268,2.12546285666843,2.20991700077239,2.23556086233262,
2.24487542840093,2.24488507619418,2.36045575527324,2.38592732748359,2.47602643435231,
2.54531348790244,2.55969827811998,2.57658134186157,2.65399875339781,2.69276601851567,
2.6927764850924,2.75055504823354,2.7711720324343,2.82404350262084,2.84971142610372,
2.87070715348313,2.91721558245584,2.91721800050522,2.97160884216917,3.02277380835684,
3.03740592277954,3.08074626833804,3.12153039365068,3.14159265358979),
 .UNSPECIFIED.);
#2107=B_SPLINE_CURVE_WITH_KNOTS('',3,(#8955,#8956,#8957,#8958),
 .UNSPECIFIED.,.F.,.F.,(4,4),(-6.21728146396605E-14,1.),.UNSPECIFIED.);
#2108=B_SPLINE_CURVE_WITH_KNOTS('',3,(#9066,#9067,#9068,#9069,#9070),
 .UNSPECIFIED.,.F.,.F.,(4,1,4),(-3.10577182459192,-2.81549302850347,-2.59778393143714),
 .UNSPECIFIED.);
#2109=B_SPLINE_CURVE_WITH_KNOTS('',3,(#9074,#9075,#9076,#9077),
 .UNSPECIFIED.,.F.,.F.,(4,4),(-0.485848855584072,0.),.UNSPECIFIED.);
#2110=B_SPLINE_CURVE_WITH_KNOTS('',3,(#9081,#9082,#9083,#9084,#9085),
 .UNSPECIFIED.,.F.,.F.,(4,1,4),(-3.52675572641559,-3.29371826693905,-3.11894017233164),
 .UNSPECIFIED.);
#2111=B_SPLINE_CURVE_WITH_KNOTS('',3,(#9089,#9090,#9091,#9092,#9093,#9094,
#9095),.UNSPECIFIED.,.F.,.F.,(4,1,1,1,4),(-0.265410841225637,-0.240575093587681,
-0.230952089844174,-0.153968059896116,0.),.UNSPECIFIED.);
#2112=B_SPLINE_CURVE_WITH_KNOTS('',3,(#9111,#9112,#9113,#9114),
 .UNSPECIFIED.,.F.,.F.,(4,4),(1.71041555073633,1.73317044760959),
 .UNSPECIFIED.);
#2113=B_SPLINE_CURVE_WITH_KNOTS('',3,(#9116,#9117,#9118,#9119,#9120),
 .UNSPECIFIED.,.F.,.F.,(4,1,4),(-0.571361631408083,-0.122562680895255,0.475835919788516),
 .UNSPECIFIED.);
#2114=B_SPLINE_CURVE_WITH_KNOTS('',3,(#9122,#9123,#9124,#9125),
 .UNSPECIFIED.,.F.,.F.,(4,4),(1.56862896412578,1.59549174090178),
 .UNSPECIFIED.);
#2115=B_SPLINE_CURVE_WITH_KNOTS('',3,(#9139,#9140,#9141,#9142,#9143,#9144,
#9145,#9146,#9147,#9148,#9149,#9150),.UNSPECIFIED.,.F.,.F.,(4,2,2,2,2,4),
(9.57353733431219E-6,0.00847447191831286,0.0165257901697491,0.0252999522494067,
0.0342883287004979,0.0463556864204241),.UNSPECIFIED.);
#2116=B_SPLINE_CURVE_WITH_KNOTS('',3,(#9162,#9163,#9164,#9165,#9166,#9167),
 .UNSPECIFIED.,.F.,.F.,(4,2,4),(-0.00714429369587709,-0.00357176663266083,
0.),.UNSPECIFIED.);
#2117=B_SPLINE_CURVE_WITH_KNOTS('',3,(#9214,#9215,#9216,#9217,#9218,#9219,
#9220,#9221,#9222,#9223,#9224,#9225,#9226,#9227,#9228,#9229,#9230,#9231),
 .UNSPECIFIED.,.T.,.F.,(4,1,1,1,1,1,1,1,1,1,1,1,1,1,1,4),(-3.14159265358979,
-2.91719317833338,-2.69279370307697,-2.24399475256414,-1.34639685153848,
-0.448798950512828,-0.299199300341885,-0.149599650170943,0.149599650170943,
0.448798950512828,0.897597901025655,1.34639685153848,2.24399475256414,2.69279370307697,
2.91719317833338,3.14159265358979),.UNSPECIFIED.);
#2118=B_SPLINE_CURVE_WITH_KNOTS('',3,(#9349,#9350,#9351,#9352),
 .UNSPECIFIED.,.F.,.F.,(4,4),(-6.21728146396605E-14,1.),.UNSPECIFIED.);
#2119=B_SPLINE_CURVE_WITH_KNOTS('',3,(#9353,#9354,#9355,#9356,#9357,#9358,
#9359,#9360,#9361,#9362,#9363,#9364,#9365,#9366,#9367,#9368,#9369,#9370,
#9371,#9372,#9373,#9374,#9375,#9376,#9377,#9378,#9379,#9380,#9381,#9382,
#9383,#9384,#9385,#9386,#9387,#9388,#9389,#9390,#9391,#9392,#9393,#9394,
#9395,#9396,#9397,#9398,#9399,#9400,#9401,#9402,#9403,#9404,#9405,#9406,
#9407,#9408,#9409,#9410,#9411,#9412,#9413,#9414,#9415,#9416,#9417,#9418,
#9419,#9420,#9421,#9422,#9423,#9424,#9425,#9426,#9427,#9428,#9429,#9430,
#9431,#9432,#9433,#9434,#9435,#9436,#9437,#9438,#9439,#9440,#9441,#9442,
#9443,#9444,#9445,#9446,#9447,#9448,#9449,#9450,#9451,#9452,#9453,#9454,
#9455,#9456,#9457,#9458,#9459,#9460,#9461,#9462,#9463,#9464,#9465,#9466,
#9467,#9468,#9469,#9470,#9471,#9472,#9473,#9474,#9475,#9476,#9477,#9478,
#9479,#9480,#9481,#9482,#9483,#9484,#9485,#9486,#9487,#9488,#9489,#9490,
#9491,#9492,#9493,#9494,#9495,#9496,#9497,#9498,#9499,#9500,#9501,#9502,
#9503,#9504,#9505,#9506,#9507,#9508,#9509,#9510,#9511,#9512,#9513,#9514,
#9515,#9516,#9517,#9518,#9519,#9520,#9521,#9522,#9523,#9524,#9525,#9526,
#9527,#9528,#9529,#9530,#9531,#9532,#9533,#9534,#9535,#9536,#9537,#9538,
#9539,#9540,#9541,#9542,#9543,#9544,#9545,#9546,#9547,#9548,#9549,#9550,
#9551,#9552,#9553,#9554,#9555,#9556,#9557,#9558,#9559,#9560,#9561,#9562,
#9563,#9564,#9565,#9566,#9567,#9568,#9569,#9570,#9571,#9572,#9573,#9574,
#9575,#9576,#9577,#9578,#9579,#9580,#9581,#9582,#9583,#9584,#9585,#9586,
#9587,#9588,#9589,#9590,#9591,#9592,#9593,#9594,#9595,#9596,#9597,#9598,
#9599,#9600,#9601,#9602,#9603,#9604,#9605,#9606,#9607,#9608,#9609,#9610,
#9611,#9612,#9613,#9614,#9615,#9616,#9617,#9618,#9619,#9620,#9621,#9622,
#9623,#9624,#9625,#9626,#9627,#9628,#9629,#9630,#9631,#9632,#9633,#9634,
#9635,#9636,#9637,#9638,#9639,#9640,#9641,#9642,#9643,#9644,#9645,#9646,
#9647,#9648,#9649,#9650,#9651,#9652,#9653,#9654,#9655,#9656,#9657,#9658,
#9659,#9660,#9661,#9662,#9663,#9664,#9665,#9666,#9667,#9668,#9669,#9670,
#9671,#9672,#9673,#9674,#9675,#9676,#9677,#9678,#9679,#9680,#9681,#9682,
#9683,#9684,#9685,#9686,#9687,#9688,#9689,#9690,#9691,#9692,#9693,#9694,
#9695,#9696,#9697,#9698,#9699,#9700,#9701,#9702,#9703,#9704,#9705,#9706,
#9707,#9708,#9709,#9710,#9711,#9712,#9713,#9714,#9715,#9716,#9717,#9718,
#9719,#9720,#9721,#9722,#9723,#9724,#9725,#9726,#9727,#9728,#9729,#9730,
#9731,#9732,#9733,#9734,#9735,#9736,#9737,#9738,#9739,#9740),
 .UNSPECIFIED.,.T.,.F.,(4,3,3,3,3,3,3,3,3,3,3,3,3,3,3,3,3,3,3,3,3,3,3,3,
3,3,3,3,3,3,3,3,3,3,3,3,3,3,3,3,3,3,3,3,3,3,3,3,3,3,3,3,3,3,3,3,3,3,3,3,
3,3,3,3,3,3,3,3,3,3,3,3,3,3,3,3,3,3,3,3,3,3,3,3,3,3,3,3,3,3,3,3,3,3,3,3,
3,3,3,3,3,3,3,3,3,3,3,3,3,3,3,3,3,3,3,3,3,3,3,3,3,3,3,3,3,3,3,3,3,4),(-3.14159265358979,
-3.09051990587325,-3.05730631855526,-3.00922000701965,-2.96664876682335,
-2.91713255248843,-2.91712268222605,-2.8676646617726,-2.83939311693277,
-2.78506338392369,-2.72922453066108,-2.70407768801355,-2.69320093060542,
-2.6931766737073,-2.61927708689801,-2.61533199738367,-2.53472208708263,
-2.5239511304496,-2.43501237675462,-2.24430914719832,-2.2442894187556,-2.18275777765654,
-2.08975460189788,-2.03705029842743,-2.02189116325284,-1.90353099812478,
-1.85700496599098,-1.74613175017668,-1.69814814301636,-1.58292067469452,
-1.55177567886486,-1.53929132004173,-1.42051863699307,-1.35837431029088,
-1.34655768964121,-1.34655056655399,-1.23995641831196,-1.19099472765372,
-1.09328328863432,-1.05069899394512,-0.98911906221693,-0.897480814928263,
-0.811672105992435,-0.798287567143506,-0.717331710222771,-0.703355046701703,
-0.624451430636094,-0.615237758871179,-0.582377247666977,-0.519045055268704,
-0.515447006073995,-0.453161846351944,-0.448516764481014,-0.448513591392257,
-0.38280014575636,-0.313724795207995,-0.245340893530422,-0.240757649149269,
-0.190623899887516,-0.149068270834511,-0.14906644269073,-0.0953169163249334,
-0.0919119921180496,-0.0371816937715439,-0.0293640929604977,0.0259268634813236,
0.0392007737068076,0.0476415317073909,0.101217900505824,0.123110617795143,
0.149971031164745,0.230816079611631,0.299448182438077,0.299448732739116,
0.305834864378194,0.362782228469562,0.399066011845527,0.448739293794242,
0.448741539902835,0.539250867298093,0.569706259484461,0.652927773708074,
0.714205860697942,0.794462104548614,0.854294899684985,0.91099142067152,
0.997757581483372,1.05604377971865,1.1516560996572,1.21166569169447,1.30286717066538,
1.3462929509477,1.34630282284109,1.44606008315879,1.49310275174289,1.52993228215522,
1.62278062767837,1.63416548661373,1.69404618659456,1.79375272357522,1.8592774878594,
1.96277217786669,2.00604063714268,2.12546285666843,2.20991700077239,2.23556086233262,
2.24487542840093,2.24488507619418,2.36045575527324,2.38592732748359,2.47602643435231,
2.54531348790244,2.55969827811998,2.57658134186157,2.65399875339781,2.69276601851567,
2.6927764850924,2.75055504823354,2.7711720324343,2.82404350262084,2.84971142610372,
2.87070715348313,2.91721558245584,2.91721800050522,2.97160884216917,3.02277380835684,
3.03740592277954,3.08074626833804,3.12153039365068,3.14159265358979),
 .UNSPECIFIED.);
#2120=B_SPLINE_CURVE_WITH_KNOTS('',3,(#9779,#9780,#9781,#9782),
 .UNSPECIFIED.,.F.,.F.,(4,4),(-1.73317044760959,-1.71041555073633),
 .UNSPECIFIED.);
#2121=B_SPLINE_CURVE_WITH_KNOTS('',3,(#9790,#9791,#9792,#9793),
 .UNSPECIFIED.,.F.,.F.,(4,4),(-1.59549174090178,-1.56862896412578),
 .UNSPECIFIED.);
#2122=B_SPLINE_CURVE_WITH_KNOTS('',3,(#9794,#9795,#9796,#9797,#9798),
 .UNSPECIFIED.,.F.,.F.,(4,1,4),(-0.475835919788516,0.122562680895255,0.571361631408083),
 .UNSPECIFIED.);
#2123=B_SPLINE_CURVE_WITH_KNOTS('',3,(#9803,#9804,#9805,#9806),
 .UNSPECIFIED.,.F.,.F.,(4,4),(-0.321685965033099,-0.31687964074724),
 .UNSPECIFIED.);
#2124=B_SPLINE_CURVE_WITH_KNOTS('',3,(#9813,#9814,#9815,#9816,#9817,#9818),
 .UNSPECIFIED.,.F.,.F.,(4,2,4),(-0.273244712189687,-0.271252737567764,-0.252963103421536),
 .UNSPECIFIED.);
#2125=B_SPLINE_CURVE_WITH_KNOTS('',3,(#9850,#9851,#9852,#9853,#9854,#9855,
#9856,#9857,#9858,#9859,#9860,#9861,#9862,#9863,#9864,#9865,#9866,#9867,
#9868,#9869,#9870,#9871,#9872,#9873,#9874,#9875,#9876,#9877,#9878,#9879,
#9880,#9881,#9882,#9883),.UNSPECIFIED.,.F.,.F.,(4,3,3,3,3,3,3,3,3,3,3,4),
(7.39020312484367E-13,0.00399472467383435,0.00781032117539815,0.0118179504957978,
0.0156220219268928,0.0163121087635908,0.0203155043030705,0.0234363076050571,
0.0274451423535579,0.0280246994475717,0.0319883783981494,0.0326137439793996),
 .UNSPECIFIED.);
#2126=B_SPLINE_CURVE_WITH_KNOTS('',3,(#9907,#9908,#9909,#9910,#9911,#9912),
 .UNSPECIFIED.,.F.,.F.,(4,2,4),(-0.0298419933592211,0.,0.00137725303879099),
 .UNSPECIFIED.);
#2127=B_SPLINE_CURVE_WITH_KNOTS('',3,(#10033,#10034,#10035,#10036),
 .UNSPECIFIED.,.F.,.F.,(4,4),(0.207541369178341,0.252072026968941),
 .UNSPECIFIED.);
#2128=B_SPLINE_CURVE_WITH_KNOTS('',3,(#10043,#10044,#10045,#10046,#10047,
#10048,#10049,#10050,#10051,#10052),.UNSPECIFIED.,.F.,.F.,(4,2,2,2,4),(-0.266710122818754,
-0.266491443932856,-0.21165461505723,-0.158651106153692,-0.142036113026571),
 .UNSPECIFIED.);
#2129=B_SPLINE_CURVE_WITH_KNOTS('',3,(#10073,#10074,#10075,#10076,#10077,
#10078,#10079),.UNSPECIFIED.,.F.,.F.,(4,3,4),(-0.0716701059139751,-0.0379806508452164,
-0.0296424433688825),.UNSPECIFIED.);
#2130=B_SPLINE_CURVE_WITH_KNOTS('',3,(#10103,#10104,#10105,#10106),
 .UNSPECIFIED.,.F.,.F.,(4,4),(-0.542120158422342,-0.489116666390596),
 .UNSPECIFIED.);
#2131=B_SPLINE_CURVE_WITH_KNOTS('',3,(#10130,#10131,#10132,#10133,#10134),
 .UNSPECIFIED.,.F.,.F.,(4,1,4),(0.542120158422342,0.982981373439152,1.5707963267949),
 .UNSPECIFIED.);
#2132=B_SPLINE_CURVE_WITH_KNOTS('',3,(#10135,#10136,#10137,#10138,#10139),
 .UNSPECIFIED.,.F.,.F.,(4,1,4),(-1.5707963267949,-0.982981373439152,-0.542120158422342),
 .UNSPECIFIED.);
#2133=B_SPLINE_CURVE_WITH_KNOTS('',3,(#10211,#10212,#10213,#10214,#10215),
 .UNSPECIFIED.,.F.,.F.,(4,1,4),(-0.48911666638955,0.0698738094842209,0.489116666389549),
 .UNSPECIFIED.);
#2134=B_SPLINE_CURVE_WITH_KNOTS('',3,(#10216,#10217,#10218,#10219,#10220),
 .UNSPECIFIED.,.F.,.F.,(4,1,4),(-0.489116666389549,-0.0698738094842209,
0.48911666638955),.UNSPECIFIED.);
#2135=B_SPLINE_CURVE_WITH_KNOTS('',3,(#10288,#10289,#10290,#10291),
 .UNSPECIFIED.,.F.,.F.,(4,4),(-0.489116666388891,0.489116666388892),
 .UNSPECIFIED.);
#2136=B_SPLINE_CURVE_WITH_KNOTS('',3,(#10292,#10293,#10294,#10295),
 .UNSPECIFIED.,.F.,.F.,(4,4),(-0.489116666388892,0.489116666388891),
 .UNSPECIFIED.);
#2137=B_SPLINE_CURVE_WITH_KNOTS('',3,(#10363,#10364,#10365,#10366),
 .UNSPECIFIED.,.F.,.F.,(4,4),(-0.48911666638894,0.489116666388939),
 .UNSPECIFIED.);
#2138=B_SPLINE_CURVE_WITH_KNOTS('',3,(#10367,#10368,#10369,#10370),
 .UNSPECIFIED.,.F.,.F.,(4,4),(-0.489116666388939,0.48911666638894),
 .UNSPECIFIED.);
#2139=B_SPLINE_CURVE_WITH_KNOTS('',3,(#10581,#10582,#10583,#10584,#10585,
#10586,#10587,#10588,#10589,#10590,#10591,#10592,#10593,#10594,#10595,#10596,
#10597,#10598,#10599,#10600,#10601,#10602),.UNSPECIFIED.,.F.,.F.,(4,3,3,
3,3,3,3,4),(0.,0.0133953865076389,0.0154170150019706,0.0198122024805595,
0.0307740462736209,0.0439179452363723,0.0459914924061961,0.0461270587465798),
 .UNSPECIFIED.);
#2140=B_SPLINE_CURVE_WITH_KNOTS('',3,(#10642,#10643,#10644,#10645,#10646),
 .UNSPECIFIED.,.F.,.F.,(4,1,4),(2.60106064423129,2.81549302850347,3.10577182459192),
 .UNSPECIFIED.);
#2141=B_SPLINE_CURVE_WITH_KNOTS('',3,(#10657,#10658,#10659,#10660,#10661),
 .UNSPECIFIED.,.F.,.F.,(4,1,4),(3.11894017233164,3.29371826693905,3.5172438093473),
 .UNSPECIFIED.);
#2142=B_SPLINE_CURVE_WITH_KNOTS('',3,(#10666,#10667,#10668,#10669),
 .UNSPECIFIED.,.F.,.F.,(4,4),(0.065323008023534,0.0674169254092387),
 .UNSPECIFIED.);
#2143=B_SPLINE_CURVE_WITH_KNOTS('',3,(#10670,#10671,#10672,#10673),
 .UNSPECIFIED.,.F.,.F.,(4,4),(-3.51741644508415,-3.5172438093473),
 .UNSPECIFIED.);
#2144=B_SPLINE_CURVE_WITH_KNOTS('',3,(#10685,#10686,#10687,#10688),
 .UNSPECIFIED.,.F.,.F.,(4,4),(0.,0.485848855584072),.UNSPECIFIED.);
#2145=B_SPLINE_CURVE_WITH_KNOTS('',3,(#10758,#10759,#10760,#10761,#10762,
#10763,#10764,#10765,#10766,#10767,#10768,#10769,#10770,#10771,#10772,#10773,
#10774,#10775,#10776,#10777,#10778,#10779,#10780,#10781,#10782,#10783,#10784,
#10785,#10786,#10787,#10788,#10789,#10790,#10791,#10792,#10793,#10794,#10795,
#10796,#10797,#10798,#10799,#10800),.UNSPECIFIED.,.F.,.F.,(4,3,3,3,3,3,
3,3,3,3,3,3,3,3,4),(-0.157821877114108,-0.157351713200889,-0.144266761358592,
-0.130680212598084,-0.117093663837575,-0.103645315149172,-0.0903314501971797,
-0.0779352923167156,-0.067579019063457,-0.0543168552039394,-0.0409160456204408,
-0.0389260525198454,-0.0255643456755902,-0.0123446343865898,0.),
 .UNSPECIFIED.);
#2146=B_SPLINE_CURVE_WITH_KNOTS('',3,(#10851,#10852,#10853,#10854,#10855,
#10856,#10857,#10858,#10859,#10860,#10861,#10862,#10863,#10864,#10865,#10866,
#10867,#10868,#10869,#10870,#10871,#10872,#10873,#10874,#10875,#10876,#10877,
#10878,#10879,#10880,#10881,#10882,#10883,#10884,#10885,#10886,#10887,#10888,
#10889,#10890,#10891,#10892,#10893),.UNSPECIFIED.,.F.,.F.,(4,3,3,3,3,3,
3,3,3,3,3,3,3,3,4),(-0.157055585271986,-0.14389076469345,-0.130488631253524,
-0.118007996549607,-0.104613287618484,-0.0913610085579375,-0.0895069637210728,
-0.078949979908017,-0.0657040564384403,-0.0522286978276319,-0.0398729842970588,
-0.0263967951506534,-0.0131983975753267,0.,0.00055597833311391),
 .UNSPECIFIED.);
#2147=B_SPLINE_CURVE_WITH_KNOTS('',3,(#10917,#10918,#10919,#10920,#10921,
#10922,#10923),.UNSPECIFIED.,.F.,.F.,(4,3,4),(-1.46369135903366,-1.46216526323972,
-1.45685796447767),.UNSPECIFIED.);
#2148=VERTEX_POINT('',#7062);
#2149=VERTEX_POINT('',#7063);
#2150=VERTEX_POINT('',#7068);
#2151=VERTEX_POINT('',#7070);
#2152=VERTEX_POINT('',#7075);
#2153=VERTEX_POINT('',#7103);
#2154=VERTEX_POINT('',#7104);
#2155=VERTEX_POINT('',#7106);
#2156=VERTEX_POINT('',#7108);
#2157=VERTEX_POINT('',#7110);
#2158=VERTEX_POINT('',#7135);
#2159=VERTEX_POINT('',#7136);
#2160=VERTEX_POINT('',#7142);
#2161=VERTEX_POINT('',#7146);
#2162=VERTEX_POINT('',#7147);
#2163=VERTEX_POINT('',#7149);
#2164=VERTEX_POINT('',#7151);
#2165=VERTEX_POINT('',#7174);
#2166=VERTEX_POINT('',#7184);
#2167=VERTEX_POINT('',#7185);
#2168=VERTEX_POINT('',#7190);
#2169=VERTEX_POINT('',#7192);
#2170=VERTEX_POINT('',#7194);
#2171=VERTEX_POINT('',#7196);
#2172=VERTEX_POINT('',#7198);
#2173=VERTEX_POINT('',#7200);
#2174=VERTEX_POINT('',#7204);
#2175=VERTEX_POINT('',#7206);
#2176=VERTEX_POINT('',#7211);
#2177=VERTEX_POINT('',#7217);
#2178=VERTEX_POINT('',#7222);
#2179=VERTEX_POINT('',#7224);
#2180=VERTEX_POINT('',#7229);
#2181=VERTEX_POINT('',#7234);
#2182=VERTEX_POINT('',#7239);
#2183=VERTEX_POINT('',#7241);
#2184=VERTEX_POINT('',#7246);
#2185=VERTEX_POINT('',#7251);
#2186=VERTEX_POINT('',#7256);
#2187=VERTEX_POINT('',#7258);
#2188=VERTEX_POINT('',#7263);
#2189=VERTEX_POINT('',#7268);
#2190=VERTEX_POINT('',#7270);
#2191=VERTEX_POINT('',#7272);
#2192=VERTEX_POINT('',#7274);
#2193=VERTEX_POINT('',#7276);
#2194=VERTEX_POINT('',#7278);
#2195=VERTEX_POINT('',#7280);
#2196=VERTEX_POINT('',#7282);
#2197=VERTEX_POINT('',#7284);
#2198=VERTEX_POINT('',#7286);
#2199=VERTEX_POINT('',#7288);
#2200=VERTEX_POINT('',#7291);
#2201=VERTEX_POINT('',#7293);
#2202=VERTEX_POINT('',#7294);
#2203=VERTEX_POINT('',#7296);
#2204=VERTEX_POINT('',#7298);
#2205=VERTEX_POINT('',#7302);
#2206=VERTEX_POINT('',#7304);
#2207=VERTEX_POINT('',#7306);
#2208=VERTEX_POINT('',#7310);
#2209=VERTEX_POINT('',#7311);
#2210=VERTEX_POINT('',#7313);
#2211=VERTEX_POINT('',#7315);
#2212=VERTEX_POINT('',#7358);
#2213=VERTEX_POINT('',#7359);
#2214=VERTEX_POINT('',#7385);
#2215=VERTEX_POINT('',#7387);
#2216=VERTEX_POINT('',#7391);
#2217=VERTEX_POINT('',#7393);
#2218=VERTEX_POINT('',#7397);
#2219=VERTEX_POINT('',#7399);
#2220=VERTEX_POINT('',#7432);
#2221=VERTEX_POINT('',#7433);
#2222=VERTEX_POINT('',#7499);
#2223=VERTEX_POINT('',#7504);
#2224=VERTEX_POINT('',#7547);
#2225=VERTEX_POINT('',#7551);
#2226=VERTEX_POINT('',#7561);
#2227=VERTEX_POINT('',#7563);
#2228=VERTEX_POINT('',#7594);
#2229=VERTEX_POINT('',#7596);
#2230=VERTEX_POINT('',#7682);
#2231=VERTEX_POINT('',#7689);
#2232=VERTEX_POINT('',#7693);
#2233=VERTEX_POINT('',#7695);
#2234=VERTEX_POINT('',#7697);
#2235=VERTEX_POINT('',#7701);
#2236=VERTEX_POINT('',#7703);
#2237=VERTEX_POINT('',#7705);
#2238=VERTEX_POINT('',#7707);
#2239=VERTEX_POINT('',#7709);
#2240=VERTEX_POINT('',#7711);
#2241=VERTEX_POINT('',#7713);
#2242=VERTEX_POINT('',#7715);
#2243=VERTEX_POINT('',#7717);
#2244=VERTEX_POINT('',#7719);
#2245=VERTEX_POINT('',#7721);
#2246=VERTEX_POINT('',#7723);
#2247=VERTEX_POINT('',#7725);
#2248=VERTEX_POINT('',#7727);
#2249=VERTEX_POINT('',#7735);
#2250=VERTEX_POINT('',#7736);
#2251=VERTEX_POINT('',#7738);
#2252=VERTEX_POINT('',#7740);
#2253=VERTEX_POINT('',#7744);
#2254=VERTEX_POINT('',#7746);
#2255=VERTEX_POINT('',#7750);
#2256=VERTEX_POINT('',#7752);
#2257=VERTEX_POINT('',#7756);
#2258=VERTEX_POINT('',#7758);
#2259=VERTEX_POINT('',#7762);
#2260=VERTEX_POINT('',#7763);
#2261=VERTEX_POINT('',#7768);
#2262=VERTEX_POINT('',#7770);
#2263=VERTEX_POINT('',#7772);
#2264=VERTEX_POINT('',#7774);
#2265=VERTEX_POINT('',#7776);
#2266=VERTEX_POINT('',#7778);
#2267=VERTEX_POINT('',#7780);
#2268=VERTEX_POINT('',#7782);
#2269=VERTEX_POINT('',#7785);
#2270=VERTEX_POINT('',#7805);
#2271=VERTEX_POINT('',#7809);
#2272=VERTEX_POINT('',#7811);
#2273=VERTEX_POINT('',#7815);
#2274=VERTEX_POINT('',#7817);
#2275=VERTEX_POINT('',#7821);
#2276=VERTEX_POINT('',#7823);
#2277=VERTEX_POINT('',#7829);
#2278=VERTEX_POINT('',#7833);
#2279=VERTEX_POINT('',#7839);
#2280=VERTEX_POINT('',#7841);
#2281=VERTEX_POINT('',#7843);
#2282=VERTEX_POINT('',#7845);
#2283=VERTEX_POINT('',#7847);
#2284=VERTEX_POINT('',#7849);
#2285=VERTEX_POINT('',#7851);
#2286=VERTEX_POINT('',#7854);
#2287=VERTEX_POINT('',#7855);
#2288=VERTEX_POINT('',#7857);
#2289=VERTEX_POINT('',#7859);
#2290=VERTEX_POINT('',#7861);
#2291=VERTEX_POINT('',#7863);
#2292=VERTEX_POINT('',#7866);
#2293=VERTEX_POINT('',#7868);
#2294=VERTEX_POINT('',#7870);
#2295=VERTEX_POINT('',#7872);
#2296=VERTEX_POINT('',#7875);
#2297=VERTEX_POINT('',#7877);
#2298=VERTEX_POINT('',#7879);
#2299=VERTEX_POINT('',#7881);
#2300=VERTEX_POINT('',#7883);
#2301=VERTEX_POINT('',#7885);
#2302=VERTEX_POINT('',#7887);
#2303=VERTEX_POINT('',#7889);
#2304=VERTEX_POINT('',#7893);
#2305=VERTEX_POINT('',#7894);
#2306=VERTEX_POINT('',#7896);
#2307=VERTEX_POINT('',#7898);
#2308=VERTEX_POINT('',#7902);
#2309=VERTEX_POINT('',#7903);
#2310=VERTEX_POINT('',#7908);
#2311=VERTEX_POINT('',#7909);
#2312=VERTEX_POINT('',#7923);
#2313=VERTEX_POINT('',#7925);
#2314=VERTEX_POINT('',#7927);
#2315=VERTEX_POINT('',#7934);
#2316=VERTEX_POINT('',#7938);
#2317=VERTEX_POINT('',#7940);
#2318=VERTEX_POINT('',#7948);
#2319=VERTEX_POINT('',#7952);
#2320=VERTEX_POINT('',#7956);
#2321=VERTEX_POINT('',#7957);
#2322=VERTEX_POINT('',#7962);
#2323=VERTEX_POINT('',#7964);
#2324=VERTEX_POINT('',#7974);
#2325=VERTEX_POINT('',#7981);
#2326=VERTEX_POINT('',#7988);
#2327=VERTEX_POINT('',#7992);
#2328=VERTEX_POINT('',#7998);
#2329=VERTEX_POINT('',#8002);
#2330=VERTEX_POINT('',#8006);
#2331=VERTEX_POINT('',#8010);
#2332=VERTEX_POINT('',#8014);
#2333=VERTEX_POINT('',#8018);
#2334=VERTEX_POINT('',#8044);
#2335=VERTEX_POINT('',#8060);
#2336=VERTEX_POINT('',#8062);
#2337=VERTEX_POINT('',#8065);
#2338=VERTEX_POINT('',#8067);
#2339=VERTEX_POINT('',#8100);
#2340=VERTEX_POINT('',#8104);
#2341=VERTEX_POINT('',#8132);
#2342=VERTEX_POINT('',#8136);
#2343=VERTEX_POINT('',#8164);
#2344=VERTEX_POINT('',#8168);
#2345=VERTEX_POINT('',#8196);
#2346=VERTEX_POINT('',#8204);
#2347=VERTEX_POINT('',#8206);
#2348=VERTEX_POINT('',#8217);
#2349=VERTEX_POINT('',#8219);
#2350=VERTEX_POINT('',#8226);
#2351=VERTEX_POINT('',#8228);
#2352=VERTEX_POINT('',#8238);
#2353=VERTEX_POINT('',#8240);
#2354=VERTEX_POINT('',#8245);
#2355=VERTEX_POINT('',#8252);
#2356=VERTEX_POINT('',#8254);
#2357=VERTEX_POINT('',#8265);
#2358=VERTEX_POINT('',#8454);
#2359=VERTEX_POINT('',#8458);
#2360=VERTEX_POINT('',#8462);
#2361=VERTEX_POINT('',#8466);
#2362=VERTEX_POINT('',#8470);
#2363=VERTEX_POINT('',#8476);
#2364=VERTEX_POINT('',#8480);
#2365=VERTEX_POINT('',#8486);
#2366=VERTEX_POINT('',#8489);
#2367=VERTEX_POINT('',#8493);
#2368=VERTEX_POINT('',#8960);
#2369=VERTEX_POINT('',#8964);
#2370=VERTEX_POINT('',#8968);
#2371=VERTEX_POINT('',#8997);
#2372=VERTEX_POINT('',#8998);
#2373=VERTEX_POINT('',#9000);
#2374=VERTEX_POINT('',#9002);
#2375=VERTEX_POINT('',#9006);
#2376=VERTEX_POINT('',#9008);
#2377=VERTEX_POINT('',#9012);
#2378=VERTEX_POINT('',#9014);
#2379=VERTEX_POINT('',#9016);
#2380=VERTEX_POINT('',#9022);
#2381=VERTEX_POINT('',#9023);
#2382=VERTEX_POINT('',#9025);
#2383=VERTEX_POINT('',#9027);
#2384=VERTEX_POINT('',#9029);
#2385=VERTEX_POINT('',#9033);
#2386=VERTEX_POINT('',#9035);
#2387=VERTEX_POINT('',#9039);
#2388=VERTEX_POINT('',#9041);
#2389=VERTEX_POINT('',#9043);
#2390=VERTEX_POINT('',#9045);
#2391=VERTEX_POINT('',#9047);
#2392=VERTEX_POINT('',#9049);
#2393=VERTEX_POINT('',#9051);
#2394=VERTEX_POINT('',#9053);
#2395=VERTEX_POINT('',#9055);
#2396=VERTEX_POINT('',#9057);
#2397=VERTEX_POINT('',#9059);
#2398=VERTEX_POINT('',#9062);
#2399=VERTEX_POINT('',#9063);
#2400=VERTEX_POINT('',#9065);
#2401=VERTEX_POINT('',#9071);
#2402=VERTEX_POINT('',#9073);
#2403=VERTEX_POINT('',#9078);
#2404=VERTEX_POINT('',#9080);
#2405=VERTEX_POINT('',#9086);
#2406=VERTEX_POINT('',#9088);
#2407=VERTEX_POINT('',#9096);
#2408=VERTEX_POINT('',#9098);
#2409=VERTEX_POINT('',#9100);
#2410=VERTEX_POINT('',#9102);
#2411=VERTEX_POINT('',#9104);
#2412=VERTEX_POINT('',#9106);
#2413=VERTEX_POINT('',#9108);
#2414=VERTEX_POINT('',#9110);
#2415=VERTEX_POINT('',#9115);
#2416=VERTEX_POINT('',#9121);
#2417=VERTEX_POINT('',#9126);
#2418=VERTEX_POINT('',#9128);
#2419=VERTEX_POINT('',#9130);
#2420=VERTEX_POINT('',#9132);
#2421=VERTEX_POINT('',#9134);
#2422=VERTEX_POINT('',#9136);
#2423=VERTEX_POINT('',#9138);
#2424=VERTEX_POINT('',#9151);
#2425=VERTEX_POINT('',#9153);
#2426=VERTEX_POINT('',#9155);
#2427=VERTEX_POINT('',#9157);
#2428=VERTEX_POINT('',#9160);
#2429=VERTEX_POINT('',#9161);
#2430=VERTEX_POINT('',#9168);
#2431=VERTEX_POINT('',#9169);
#2432=VERTEX_POINT('',#9171);
#2433=VERTEX_POINT('',#9173);
#2434=VERTEX_POINT('',#9175);
#2435=VERTEX_POINT('',#9177);
#2436=VERTEX_POINT('',#9181);
#2437=VERTEX_POINT('',#9185);
#2438=VERTEX_POINT('',#9187);
#2439=VERTEX_POINT('',#9189);
#2440=VERTEX_POINT('',#9193);
#2441=VERTEX_POINT('',#9196);
#2442=VERTEX_POINT('',#9198);
#2443=VERTEX_POINT('',#9200);
#2444=VERTEX_POINT('',#9202);
#2445=VERTEX_POINT('',#9204);
#2446=VERTEX_POINT('',#9206);
#2447=VERTEX_POINT('',#9208);
#2448=VERTEX_POINT('',#9210);
#2449=VERTEX_POINT('',#9213);
#2450=VERTEX_POINT('',#9233);
#2451=VERTEX_POINT('',#9242);
#2452=VERTEX_POINT('',#9244);
#2453=VERTEX_POINT('',#9248);
#2454=VERTEX_POINT('',#9252);
#2455=VERTEX_POINT('',#9256);
#2456=VERTEX_POINT('',#9260);
#2457=VERTEX_POINT('',#9348);
#2458=VERTEX_POINT('',#9742);
#2459=VERTEX_POINT('',#9746);
#2460=VERTEX_POINT('',#9750);
#2461=VERTEX_POINT('',#9752);
#2462=VERTEX_POINT('',#9756);
#2463=VERTEX_POINT('',#9758);
#2464=VERTEX_POINT('',#9777);
#2465=VERTEX_POINT('',#9778);
#2466=VERTEX_POINT('',#9783);
#2467=VERTEX_POINT('',#9785);
#2468=VERTEX_POINT('',#9787);
#2469=VERTEX_POINT('',#9789);
#2470=VERTEX_POINT('',#9800);
#2471=VERTEX_POINT('',#9802);
#2472=VERTEX_POINT('',#9809);
#2473=VERTEX_POINT('',#9811);
#2474=VERTEX_POINT('',#9820);
#2475=VERTEX_POINT('',#9821);
#2476=VERTEX_POINT('',#9824);
#2477=VERTEX_POINT('',#9826);
#2478=VERTEX_POINT('',#9828);
#2479=VERTEX_POINT('',#9830);
#2480=VERTEX_POINT('',#9832);
#2481=VERTEX_POINT('',#9834);
#2482=VERTEX_POINT('',#9836);
#2483=VERTEX_POINT('',#9838);
#2484=VERTEX_POINT('',#9842);
#2485=VERTEX_POINT('',#9845);
#2486=VERTEX_POINT('',#9847);
#2487=VERTEX_POINT('',#9849);
#2488=VERTEX_POINT('',#9884);
#2489=VERTEX_POINT('',#9906);
#2490=VERTEX_POINT('',#9939);
#2491=VERTEX_POINT('',#9940);
#2492=VERTEX_POINT('',#9942);
#2493=VERTEX_POINT('',#9944);
#2494=VERTEX_POINT('',#9946);
#2495=VERTEX_POINT('',#9948);
#2496=VERTEX_POINT('',#9950);
#2497=VERTEX_POINT('',#9952);
#2498=VERTEX_POINT('',#9954);
#2499=VERTEX_POINT('',#9956);
#2500=VERTEX_POINT('',#9958);
#2501=VERTEX_POINT('',#9960);
#2502=VERTEX_POINT('',#9962);
#2503=VERTEX_POINT('',#9964);
#2504=VERTEX_POINT('',#9968);
#2505=VERTEX_POINT('',#9969);
#2506=VERTEX_POINT('',#9974);
#2507=VERTEX_POINT('',#9978);
#2508=VERTEX_POINT('',#9982);
#2509=VERTEX_POINT('',#9986);
#2510=VERTEX_POINT('',#9987);
#2511=VERTEX_POINT('',#9992);
#2512=VERTEX_POINT('',#9996);
#2513=VERTEX_POINT('',#10000);
#2514=VERTEX_POINT('',#10004);
#2515=VERTEX_POINT('',#10006);
#2516=VERTEX_POINT('',#10008);
#2517=VERTEX_POINT('',#10010);
#2518=VERTEX_POINT('',#10014);
#2519=VERTEX_POINT('',#10018);
#2520=VERTEX_POINT('',#10020);
#2521=VERTEX_POINT('',#10024);
#2522=VERTEX_POINT('',#10025);
#2523=VERTEX_POINT('',#10027);
#2524=VERTEX_POINT('',#10032);
#2525=VERTEX_POINT('',#10039);
#2526=VERTEX_POINT('',#10040);
#2527=VERTEX_POINT('',#10069);
#2528=VERTEX_POINT('',#10070);
#2529=VERTEX_POINT('',#10072);
#2530=VERTEX_POINT('',#10080);
#2531=VERTEX_POINT('',#10099);
#2532=VERTEX_POINT('',#10100);
#2533=VERTEX_POINT('',#10102);
#2534=VERTEX_POINT('',#10107);
#2535=VERTEX_POINT('',#10156);
#2536=VERTEX_POINT('',#10157);
#2537=VERTEX_POINT('',#10159);
#2538=VERTEX_POINT('',#10161);
#2539=VERTEX_POINT('',#10183);
#2540=VERTEX_POINT('',#10184);
#2541=VERTEX_POINT('',#10186);
#2542=VERTEX_POINT('',#10188);
#2543=VERTEX_POINT('',#10237);
#2544=VERTEX_POINT('',#10238);
#2545=VERTEX_POINT('',#10240);
#2546=VERTEX_POINT('',#10242);
#2547=VERTEX_POINT('',#10264);
#2548=VERTEX_POINT('',#10265);
#2549=VERTEX_POINT('',#10267);
#2550=VERTEX_POINT('',#10269);
#2551=VERTEX_POINT('',#10312);
#2552=VERTEX_POINT('',#10313);
#2553=VERTEX_POINT('',#10315);
#2554=VERTEX_POINT('',#10317);
#2555=VERTEX_POINT('',#10339);
#2556=VERTEX_POINT('',#10340);
#2557=VERTEX_POINT('',#10342);
#2558=VERTEX_POINT('',#10344);
#2559=VERTEX_POINT('',#10372);
#2560=VERTEX_POINT('',#10379);
#2561=VERTEX_POINT('',#10380);
#2562=VERTEX_POINT('',#10385);
#2563=VERTEX_POINT('',#10386);
#2564=VERTEX_POINT('',#10391);
#2565=VERTEX_POINT('',#10395);
#2566=VERTEX_POINT('',#10396);
#2567=VERTEX_POINT('',#10398);
#2568=VERTEX_POINT('',#10400);
#2569=VERTEX_POINT('',#10404);
#2570=VERTEX_POINT('',#10405);
#2571=VERTEX_POINT('',#10413);
#2572=VERTEX_POINT('',#10415);
#2573=VERTEX_POINT('',#10419);
#2574=VERTEX_POINT('',#10420);
#2575=VERTEX_POINT('',#10422);
#2576=VERTEX_POINT('',#10424);
#2577=VERTEX_POINT('',#10428);
#2578=VERTEX_POINT('',#10430);
#2579=VERTEX_POINT('',#10434);
#2580=VERTEX_POINT('',#10438);
#2581=VERTEX_POINT('',#10446);
#2582=VERTEX_POINT('',#10450);
#2583=VERTEX_POINT('',#10458);
#2584=VERTEX_POINT('',#10459);
#2585=VERTEX_POINT('',#10464);
#2586=VERTEX_POINT('',#10468);
#2587=VERTEX_POINT('',#10470);
#2588=VERTEX_POINT('',#10474);
#2589=VERTEX_POINT('',#10478);
#2590=VERTEX_POINT('',#10479);
#2591=VERTEX_POINT('',#10503);
#2592=VERTEX_POINT('',#10510);
#2593=VERTEX_POINT('',#10516);
#2594=VERTEX_POINT('',#10520);
#2595=VERTEX_POINT('',#10522);
#2596=VERTEX_POINT('',#10527);
#2597=VERTEX_POINT('',#10530);
#2598=VERTEX_POINT('',#10533);
#2599=VERTEX_POINT('',#10580);
#2600=VERTEX_POINT('',#10603);
#2601=VERTEX_POINT('',#10605);
#2602=VERTEX_POINT('',#10609);
#2603=VERTEX_POINT('',#10610);
#2604=VERTEX_POINT('',#10615);
#2605=VERTEX_POINT('',#10619);
#2606=VERTEX_POINT('',#10623);
#2607=VERTEX_POINT('',#10640);
#2608=VERTEX_POINT('',#10641);
#2609=VERTEX_POINT('',#10655);
#2610=VERTEX_POINT('',#10656);
#2611=VERTEX_POINT('',#10663);
#2612=VERTEX_POINT('',#10665);
#2613=VERTEX_POINT('',#10675);
#2614=VERTEX_POINT('',#10684);
#2615=VERTEX_POINT('',#10916);
#2616=EDGE_CURVE('',#2148,#2149,#2060,.T.);
#2617=EDGE_CURVE('',#2149,#2150,#1118,.T.);
#2618=EDGE_CURVE('',#2150,#2151,#2061,.T.);
#2619=EDGE_CURVE('',#2151,#2152,#2062,.T.);
#2620=EDGE_CURVE('',#2152,#2148,#2063,.T.);
#2621=EDGE_CURVE('',#2153,#2154,#343,.T.);
#2622=EDGE_CURVE('',#2154,#2155,#1119,.T.);
#2623=EDGE_CURVE('',#2155,#2156,#344,.T.);
#2624=EDGE_CURVE('',#2156,#2157,#2064,.T.);
#2625=EDGE_CURVE('',#2157,#2153,#283,.T.);
#2626=EDGE_CURVE('',#2158,#2159,#1120,.T.);
#2627=EDGE_CURVE('',#2159,#2155,#1121,.T.);
#2628=EDGE_CURVE('',#2154,#2158,#1122,.T.);
#2629=EDGE_CURVE('',#2151,#2159,#345,.T.);
#2630=EDGE_CURVE('',#2158,#2160,#346,.T.);
#2631=EDGE_CURVE('',#2160,#2152,#284,.T.);
#2632=EDGE_CURVE('',#2161,#2162,#1123,.T.);
#2633=EDGE_CURVE('',#2162,#2163,#1124,.T.);
#2634=EDGE_CURVE('',#2163,#2164,#1125,.T.);
#2635=EDGE_CURVE('',#2164,#2161,#1126,.T.);
#2636=EDGE_CURVE('',#2156,#2164,#2065,.T.);
#2637=EDGE_CURVE('',#2163,#2165,#2066,.T.);
#2638=EDGE_CURVE('',#2157,#2165,#2067,.T.);
#2639=EDGE_CURVE('',#2166,#2167,#1127,.T.);
#2640=EDGE_CURVE('',#2167,#2150,#1128,.T.);
#2641=EDGE_CURVE('',#2149,#2166,#1129,.T.);
#2642=EDGE_CURVE('',#2166,#2168,#1130,.T.);
#2643=EDGE_CURVE('',#2160,#2169,#1131,.T.);
#2644=EDGE_CURVE('',#2170,#2169,#1132,.T.);
#2645=EDGE_CURVE('',#2170,#2171,#1133,.T.);
#2646=EDGE_CURVE('',#2172,#2171,#285,.T.);
#2647=EDGE_CURVE('',#2172,#2173,#1134,.T.);
#2648=EDGE_CURVE('',#2168,#2173,#286,.T.);
#2649=EDGE_CURVE('',#2174,#2153,#1135,.T.);
#2650=EDGE_CURVE('',#2175,#2174,#2068,.T.);
#2651=EDGE_CURVE('',#2176,#2175,#2069,.T.);
#2652=EDGE_CURVE('',#2177,#2176,#2070,.T.);
#2653=EDGE_CURVE('',#2178,#2177,#1136,.T.);
#2654=EDGE_CURVE('',#2179,#2178,#2071,.T.);
#2655=EDGE_CURVE('',#2180,#2179,#2072,.T.);
#2656=EDGE_CURVE('',#2181,#2180,#2073,.T.);
#2657=EDGE_CURVE('',#2182,#2181,#1137,.T.);
#2658=EDGE_CURVE('',#2183,#2182,#2074,.T.);
#2659=EDGE_CURVE('',#2184,#2183,#2075,.T.);
#2660=EDGE_CURVE('',#2185,#2184,#2076,.T.);
#2661=EDGE_CURVE('',#2186,#2185,#1138,.T.);
#2662=EDGE_CURVE('',#2187,#2186,#2077,.T.);
#2663=EDGE_CURVE('',#2188,#2187,#2078,.T.);
#2664=EDGE_CURVE('',#2188,#2189,#1139,.T.);
#2665=EDGE_CURVE('',#2190,#2189,#1140,.T.);
#2666=EDGE_CURVE('',#2191,#2190,#1141,.T.);
#2667=EDGE_CURVE('',#2192,#2191,#1142,.T.);
#2668=EDGE_CURVE('',#2193,#2192,#1143,.T.);
#2669=EDGE_CURVE('',#2194,#2193,#347,.T.);
#2670=EDGE_CURVE('',#2195,#2194,#1144,.T.);
#2671=EDGE_CURVE('',#2196,#2195,#348,.T.);
#2672=EDGE_CURVE('',#2197,#2196,#1145,.T.);
#2673=EDGE_CURVE('',#2198,#2197,#1146,.T.);
#2674=EDGE_CURVE('',#2199,#2198,#1147,.T.);
#2675=EDGE_CURVE('',#2169,#2199,#1148,.T.);
#2676=EDGE_CURVE('',#2200,#2200,#349,.T.);
#2677=EDGE_CURVE('',#2201,#2202,#1149,.F.);
#2678=EDGE_CURVE('',#2202,#2203,#350,.F.);
#2679=EDGE_CURVE('',#2203,#2204,#1150,.F.);
#2680=EDGE_CURVE('',#2204,#2201,#351,.F.);
#2681=EDGE_CURVE('',#2162,#2205,#1151,.F.);
#2682=EDGE_CURVE('',#2206,#2205,#287,.T.);
#2683=EDGE_CURVE('',#2206,#2207,#1152,.T.);
#2684=EDGE_CURVE('',#2207,#2174,#1153,.T.);
#2685=EDGE_CURVE('',#2208,#2209,#1154,.T.);
#2686=EDGE_CURVE('',#2209,#2210,#352,.T.);
#2687=EDGE_CURVE('',#2210,#2211,#1155,.T.);
#2688=EDGE_CURVE('',#2211,#2208,#288,.T.);
#2689=EDGE_CURVE('',#2212,#2213,#2079,.T.);
#2690=EDGE_CURVE('',#2213,#2210,#2080,.T.);
#2691=EDGE_CURVE('',#2209,#2212,#2081,.T.);
#2692=EDGE_CURVE('',#2214,#2208,#1156,.T.);
#2693=EDGE_CURVE('',#2211,#2215,#1157,.T.);
#2694=EDGE_CURVE('',#2215,#2214,#289,.T.);
#2695=EDGE_CURVE('',#2216,#2214,#1158,.T.);
#2696=EDGE_CURVE('',#2215,#2217,#1159,.T.);
#2697=EDGE_CURVE('',#2217,#2216,#290,.T.);
#2698=EDGE_CURVE('',#2217,#2218,#1160,.T.);
#2699=EDGE_CURVE('',#2218,#2219,#353,.T.);
#2700=EDGE_CURVE('',#2219,#2216,#1161,.T.);
#2701=EDGE_CURVE('',#2220,#2221,#2082,.T.);
#2702=EDGE_CURVE('',#2220,#2219,#2083,.T.);
#2703=EDGE_CURVE('',#2218,#2222,#2084,.T.);
#2704=EDGE_CURVE('',#2222,#2223,#2085,.T.);
#2705=EDGE_CURVE('',#2223,#2221,#2086,.T.);
#2706=EDGE_CURVE('',#2221,#2224,#291,.T.);
#2707=EDGE_CURVE('',#2220,#2224,#354,.T.);
#2708=EDGE_CURVE('',#2225,#2213,#292,.T.);
#2709=EDGE_CURVE('',#2222,#2225,#2087,.T.);
#2710=EDGE_CURVE('',#2224,#2172,#1162,.T.);
#2711=EDGE_CURVE('',#2171,#2219,#1163,.T.);
#2712=EDGE_CURVE('',#2226,#2170,#1164,.T.);
#2713=EDGE_CURVE('',#2226,#2227,#1165,.T.);
#2714=EDGE_CURVE('',#2227,#2216,#1166,.T.);
#2715=EDGE_CURVE('',#2209,#2228,#293,.T.);
#2716=EDGE_CURVE('',#2228,#2229,#2088,.T.);
#2717=EDGE_CURVE('',#2229,#2212,#294,.T.);
#2718=EDGE_CURVE('',#2228,#2188,#2089,.T.);
#2719=EDGE_CURVE('',#2187,#2230,#1167,.T.);
#2720=EDGE_CURVE('',#2230,#2229,#2090,.T.);
#2721=EDGE_CURVE('',#2231,#2208,#1168,.T.);
#2722=EDGE_CURVE('',#2189,#2231,#1169,.F.);
#2723=EDGE_CURVE('',#2232,#2227,#1170,.T.);
#2724=EDGE_CURVE('',#2233,#2232,#1171,.T.);
#2725=EDGE_CURVE('',#2234,#2233,#1172,.T.);
#2726=EDGE_CURVE('',#2234,#2214,#1173,.T.);
#2727=EDGE_CURVE('',#2235,#2232,#1174,.T.);
#2728=EDGE_CURVE('',#2236,#2235,#1175,.T.);
#2729=EDGE_CURVE('',#2237,#2236,#1176,.T.);
#2730=EDGE_CURVE('',#2238,#2237,#1177,.T.);
#2731=EDGE_CURVE('',#2239,#2238,#355,.T.);
#2732=EDGE_CURVE('',#2240,#2239,#1178,.T.);
#2733=EDGE_CURVE('',#2241,#2240,#356,.T.);
#2734=EDGE_CURVE('',#2242,#2241,#1179,.T.);
#2735=EDGE_CURVE('',#2243,#2242,#1180,.T.);
#2736=EDGE_CURVE('',#2243,#2244,#357,.T.);
#2737=EDGE_CURVE('',#2244,#2245,#1181,.T.);
#2738=EDGE_CURVE('',#2245,#2246,#358,.T.);
#2739=EDGE_CURVE('',#2247,#2246,#1182,.T.);
#2740=EDGE_CURVE('',#2248,#2247,#1183,.T.);
#2741=EDGE_CURVE('',#2233,#2248,#1184,.T.);
#2742=EDGE_CURVE('',#2235,#2227,#1185,.T.);
#2743=EDGE_CURVE('',#2173,#2224,#1186,.T.);
#2744=EDGE_CURVE('',#2249,#2250,#1187,.T.);
#2745=EDGE_CURVE('',#2249,#2251,#359,.T.);
#2746=EDGE_CURVE('',#2251,#2252,#1188,.T.);
#2747=EDGE_CURVE('',#2252,#2250,#360,.T.);
#2748=EDGE_CURVE('',#2251,#2253,#1189,.T.);
#2749=EDGE_CURVE('',#2253,#2254,#1190,.T.);
#2750=EDGE_CURVE('',#2254,#2252,#1191,.T.);
#2751=EDGE_CURVE('',#2253,#2255,#361,.T.);
#2752=EDGE_CURVE('',#2255,#2256,#1192,.T.);
#2753=EDGE_CURVE('',#2256,#2254,#362,.T.);
#2754=EDGE_CURVE('',#2255,#2257,#1193,.T.);
#2755=EDGE_CURVE('',#2257,#2258,#1194,.T.);
#2756=EDGE_CURVE('',#2258,#2256,#1195,.T.);
#2757=EDGE_CURVE('',#2259,#2260,#1196,.T.);
#2758=EDGE_CURVE('',#2260,#2258,#363,.T.);
#2759=EDGE_CURVE('',#2257,#2259,#364,.T.);
#2760=EDGE_CURVE('',#2261,#2249,#1197,.T.);
#2761=EDGE_CURVE('',#2262,#2261,#365,.T.);
#2762=EDGE_CURVE('',#2263,#2262,#1198,.T.);
#2763=EDGE_CURVE('',#2264,#2263,#366,.T.);
#2764=EDGE_CURVE('',#2265,#2264,#1199,.T.);
#2765=EDGE_CURVE('',#2266,#2265,#367,.T.);
#2766=EDGE_CURVE('',#2267,#2266,#1200,.T.);
#2767=EDGE_CURVE('',#2268,#2267,#368,.T.);
#2768=EDGE_CURVE('',#2259,#2268,#1201,.T.);
#2769=EDGE_CURVE('',#2269,#2269,#2091,.T.);
#2770=EDGE_CURVE('',#2250,#2270,#1202,.T.);
#2771=EDGE_CURVE('',#2261,#2270,#1203,.T.);
#2772=EDGE_CURVE('',#2252,#2271,#1204,.T.);
#2773=EDGE_CURVE('',#2271,#2272,#369,.T.);
#2774=EDGE_CURVE('',#2272,#2250,#1205,.T.);
#2775=EDGE_CURVE('',#2260,#2273,#1206,.T.);
#2776=EDGE_CURVE('',#2273,#2274,#370,.T.);
#2777=EDGE_CURVE('',#2274,#2258,#1207,.T.);
#2778=EDGE_CURVE('',#2275,#2260,#1208,.T.);
#2779=EDGE_CURVE('',#2276,#2275,#1209,.T.);
#2780=EDGE_CURVE('',#2273,#2276,#1210,.T.);
#2781=EDGE_CURVE('',#2275,#2268,#1211,.T.);
#2782=EDGE_CURVE('',#2277,#2254,#1212,.T.);
#2783=EDGE_CURVE('',#2271,#2277,#1213,.T.);
#2784=EDGE_CURVE('',#2278,#2274,#1214,.T.);
#2785=EDGE_CURVE('',#2278,#2256,#1215,.T.);
#2786=EDGE_CURVE('',#2277,#2278,#371,.T.);
#2787=EDGE_CURVE('',#2279,#2276,#372,.T.);
#2788=EDGE_CURVE('',#2280,#2279,#1216,.T.);
#2789=EDGE_CURVE('',#2281,#2280,#373,.T.);
#2790=EDGE_CURVE('',#2281,#2282,#1217,.T.);
#2791=EDGE_CURVE('',#2283,#2282,#374,.T.);
#2792=EDGE_CURVE('',#2284,#2283,#1218,.T.);
#2793=EDGE_CURVE('',#2285,#2284,#375,.T.);
#2794=EDGE_CURVE('',#2285,#2272,#1219,.T.);
#2795=EDGE_CURVE('',#2286,#2287,#1220,.T.);
#2796=EDGE_CURVE('',#2288,#2287,#295,.F.);
#2797=EDGE_CURVE('',#2288,#2289,#1221,.T.);
#2798=EDGE_CURVE('',#2290,#2289,#296,.F.);
#2799=EDGE_CURVE('',#2290,#2291,#1222,.T.);
#2800=EDGE_CURVE('',#2286,#2291,#297,.F.);
#2801=EDGE_CURVE('',#2161,#2292,#1223,.T.);
#2802=EDGE_CURVE('',#2292,#2293,#298,.T.);
#2803=EDGE_CURVE('',#2293,#2294,#1224,.T.);
#2804=EDGE_CURVE('',#2294,#2295,#299,.T.);
#2805=EDGE_CURVE('',#2295,#2167,#1225,.T.);
#2806=EDGE_CURVE('',#2296,#2168,#1226,.T.);
#2807=EDGE_CURVE('',#2297,#2296,#300,.T.);
#2808=EDGE_CURVE('',#2298,#2297,#1227,.T.);
#2809=EDGE_CURVE('',#2299,#2298,#301,.T.);
#2810=EDGE_CURVE('',#2300,#2299,#1228,.T.);
#2811=EDGE_CURVE('',#2301,#2300,#302,.T.);
#2812=EDGE_CURVE('',#2302,#2301,#1229,.T.);
#2813=EDGE_CURVE('',#2303,#2302,#303,.T.);
#2814=EDGE_CURVE('',#2205,#2303,#1230,.T.);
#2815=EDGE_CURVE('',#2304,#2305,#1231,.T.);
#2816=EDGE_CURVE('',#2305,#2306,#1232,.T.);
#2817=EDGE_CURVE('',#2306,#2307,#1233,.T.);
#2818=EDGE_CURVE('',#2307,#2304,#1234,.T.);
#2819=EDGE_CURVE('',#2308,#2309,#1235,.T.);
#2820=EDGE_CURVE('',#2309,#2305,#376,.T.);
#2821=EDGE_CURVE('',#2304,#2308,#377,.T.);
#2822=EDGE_CURVE('',#2310,#2311,#1236,.T.);
#2823=EDGE_CURVE('',#2311,#2309,#1237,.T.);
#2824=EDGE_CURVE('',#2308,#2310,#1238,.T.);
#2825=EDGE_CURVE('',#2306,#2311,#378,.T.);
#2826=EDGE_CURVE('',#2310,#2307,#379,.T.);
#2827=EDGE_CURVE('',#2201,#2306,#1239,.T.);
#2828=EDGE_CURVE('',#2204,#2311,#1240,.T.);
#2829=EDGE_CURVE('',#2202,#2305,#1241,.T.);
#2830=EDGE_CURVE('',#2245,#2312,#1242,.T.);
#2831=EDGE_CURVE('',#2312,#2313,#380,.T.);
#2832=EDGE_CURVE('',#2314,#2313,#48,.T.);
#2833=EDGE_CURVE('',#2246,#2314,#304,.T.);
#2834=EDGE_CURVE('',#2244,#2315,#1243,.T.);
#2835=EDGE_CURVE('',#2315,#2312,#1244,.T.);
#2836=EDGE_CURVE('',#2316,#2243,#305,.T.);
#2837=EDGE_CURVE('',#2316,#2317,#49,.F.);
#2838=EDGE_CURVE('',#2317,#2315,#381,.T.);
#2839=EDGE_CURVE('',#2313,#2317,#1245,.T.);
#2840=EDGE_CURVE('',#2242,#2318,#1246,.T.);
#2841=EDGE_CURVE('',#2318,#2316,#1247,.T.);
#2842=EDGE_CURVE('',#2314,#2319,#1248,.T.);
#2843=EDGE_CURVE('',#2247,#2319,#1249,.T.);
#2844=EDGE_CURVE('',#2320,#2321,#1250,.T.);
#2845=EDGE_CURVE('',#2320,#2319,#1251,.T.);
#2846=EDGE_CURVE('',#2321,#2318,#1252,.T.);
#2847=EDGE_CURVE('',#2236,#2322,#1253,.T.);
#2848=EDGE_CURVE('',#2322,#2323,#1254,.T.);
#2849=EDGE_CURVE('',#2237,#2323,#1255,.T.);
#2850=EDGE_CURVE('',#2227,#2322,#1256,.T.);
#2851=EDGE_CURVE('',#2248,#2234,#1257,.T.);
#2852=EDGE_CURVE('',#2319,#2234,#1258,.T.);
#2853=EDGE_CURVE('',#2324,#2318,#1259,.T.);
#2854=EDGE_CURVE('',#2241,#2324,#2092,.T.);
#2855=EDGE_CURVE('',#2325,#2324,#382,.T.);
#2856=EDGE_CURVE('',#2240,#2325,#2093,.T.);
#2857=EDGE_CURVE('',#2239,#2326,#1260,.T.);
#2858=EDGE_CURVE('',#2326,#2325,#1261,.T.);
#2859=EDGE_CURVE('',#2238,#2327,#1262,.T.);
#2860=EDGE_CURVE('',#2327,#2326,#383,.T.);
#2861=EDGE_CURVE('',#2323,#2327,#1263,.T.);
#2862=EDGE_CURVE('',#2328,#2324,#1264,.T.);
#2863=EDGE_CURVE('',#2321,#2328,#1265,.T.);
#2864=EDGE_CURVE('',#2329,#2325,#1266,.T.);
#2865=EDGE_CURVE('',#2328,#2329,#384,.T.);
#2866=EDGE_CURVE('',#2330,#2326,#1267,.T.);
#2867=EDGE_CURVE('',#2329,#2330,#1268,.T.);
#2868=EDGE_CURVE('',#2331,#2327,#1269,.T.);
#2869=EDGE_CURVE('',#2330,#2331,#385,.T.);
#2870=EDGE_CURVE('',#2332,#2323,#1270,.T.);
#2871=EDGE_CURVE('',#2331,#2332,#1271,.T.);
#2872=EDGE_CURVE('',#2333,#2322,#1272,.T.);
#2873=EDGE_CURVE('',#2332,#2333,#1273,.T.);
#2874=EDGE_CURVE('',#2199,#2226,#1274,.T.);
#2875=EDGE_CURVE('',#2198,#2333,#1275,.T.);
#2876=EDGE_CURVE('',#2333,#2226,#1276,.T.);
#2877=EDGE_CURVE('',#2197,#2332,#1277,.T.);
#2878=EDGE_CURVE('',#2330,#2195,#1278,.T.);
#2879=EDGE_CURVE('',#2194,#2329,#2094,.T.);
#2880=EDGE_CURVE('',#2193,#2328,#2095,.T.);
#2881=EDGE_CURVE('',#2192,#2321,#1279,.T.);
#2882=EDGE_CURVE('',#2191,#2320,#1280,.T.);
#2883=EDGE_CURVE('',#2334,#2320,#1281,.T.);
#2884=EDGE_CURVE('',#2190,#2334,#1282,.T.);
#2885=EDGE_CURVE('',#2331,#2196,#1283,.T.);
#2886=EDGE_CURVE('',#2231,#2334,#1284,.T.);
#2887=EDGE_CURVE('',#2334,#2234,#1285,.T.);
#2888=EDGE_CURVE('',#2203,#2309,#1286,.T.);
#2889=EDGE_CURVE('',#2335,#2335,#386,.T.);
#2890=EDGE_CURVE('',#2335,#2336,#1287,.T.);
#2891=EDGE_CURVE('',#2337,#2337,#387,.T.);
#2892=EDGE_CURVE('',#2338,#2338,#388,.T.);
#2893=EDGE_CURVE('',#2200,#2337,#1288,.T.);
#2894=EDGE_CURVE('',#2338,#2335,#1289,.T.);
#2895=EDGE_CURVE('',#2223,#2296,#389,.T.);
#2896=EDGE_CURVE('',#2225,#2339,#306,.T.);
#2897=EDGE_CURVE('',#2339,#2297,#390,.T.);
#2898=EDGE_CURVE('',#2340,#2298,#391,.T.);
#2899=EDGE_CURVE('',#2339,#2340,#1290,.T.);
#2900=EDGE_CURVE('',#2341,#2299,#392,.T.);
#2901=EDGE_CURVE('',#2340,#2341,#307,.T.);
#2902=EDGE_CURVE('',#2342,#2300,#393,.T.);
#2903=EDGE_CURVE('',#2341,#2342,#1291,.T.);
#2904=EDGE_CURVE('',#2343,#2301,#394,.T.);
#2905=EDGE_CURVE('',#2342,#2343,#308,.T.);
#2906=EDGE_CURVE('',#2344,#2302,#395,.T.);
#2907=EDGE_CURVE('',#2343,#2344,#1292,.T.);
#2908=EDGE_CURVE('',#2345,#2303,#396,.T.);
#2909=EDGE_CURVE('',#2344,#2345,#309,.T.);
#2910=EDGE_CURVE('',#2345,#2206,#1293,.T.);
#2911=EDGE_CURVE('',#2207,#2345,#1294,.T.);
#2912=EDGE_CURVE('',#2344,#2346,#1295,.T.);
#2913=EDGE_CURVE('',#2347,#2346,#2096,.T.);
#2914=EDGE_CURVE('',#2207,#2347,#2097,.T.);
#2915=EDGE_CURVE('',#2348,#2343,#1296,.T.);
#2916=EDGE_CURVE('',#2349,#2348,#1297,.T.);
#2917=EDGE_CURVE('',#2346,#2349,#2098,.T.);
#2918=EDGE_CURVE('',#2342,#2350,#1298,.T.);
#2919=EDGE_CURVE('',#2351,#2350,#2099,.T.);
#2920=EDGE_CURVE('',#2348,#2351,#2100,.T.);
#2921=EDGE_CURVE('',#2352,#2341,#1299,.T.);
#2922=EDGE_CURVE('',#2353,#2352,#2101,.T.);
#2923=EDGE_CURVE('',#2354,#2353,#1300,.T.);
#2924=EDGE_CURVE('',#2350,#2354,#2102,.T.);
#2925=EDGE_CURVE('',#2340,#2355,#1301,.T.);
#2926=EDGE_CURVE('',#2356,#2355,#2103,.T.);
#2927=EDGE_CURVE('',#2352,#2356,#2104,.T.);
#2928=EDGE_CURVE('',#2230,#2339,#1302,.T.);
#2929=EDGE_CURVE('',#2357,#2230,#2105,.T.);
#2930=EDGE_CURVE('',#2355,#2357,#1303,.T.);
#2931=EDGE_CURVE('',#2185,#2355,#1304,.T.);
#2932=EDGE_CURVE('',#2357,#2186,#1305,.T.);
#2933=EDGE_CURVE('',#2183,#2352,#1306,.T.);
#2934=EDGE_CURVE('',#2356,#2184,#1307,.T.);
#2935=EDGE_CURVE('',#2181,#2354,#1308,.T.);
#2936=EDGE_CURVE('',#2353,#2182,#1309,.T.);
#2937=EDGE_CURVE('',#2350,#2180,#1310,.T.);
#2938=EDGE_CURVE('',#2179,#2351,#1311,.T.);
#2939=EDGE_CURVE('',#2348,#2178,#1312,.T.);
#2940=EDGE_CURVE('',#2177,#2349,#1313,.T.);
#2941=EDGE_CURVE('',#2346,#2176,#1314,.T.);
#2942=EDGE_CURVE('',#2175,#2347,#1315,.T.);
#2943=EDGE_CURVE('',#2270,#2285,#1316,.T.);
#2944=EDGE_CURVE('',#2270,#2358,#397,.T.);
#2945=EDGE_CURVE('',#2284,#2358,#1317,.T.);
#2946=EDGE_CURVE('',#2358,#2359,#1318,.T.);
#2947=EDGE_CURVE('',#2359,#2283,#1319,.T.);
#2948=EDGE_CURVE('',#2359,#2360,#398,.T.);
#2949=EDGE_CURVE('',#2282,#2360,#1320,.T.);
#2950=EDGE_CURVE('',#2289,#2361,#1321,.T.);
#2951=EDGE_CURVE('',#2361,#2288,#1322,.T.);
#2952=EDGE_CURVE('',#2361,#2362,#399,.T.);
#2953=EDGE_CURVE('',#2362,#2287,#1323,.T.);
#2954=EDGE_CURVE('',#2362,#2286,#1324,.T.);
#2955=EDGE_CURVE('',#2291,#2363,#1325,.T.);
#2956=EDGE_CURVE('',#2362,#2363,#400,.T.);
#2957=EDGE_CURVE('',#2364,#2361,#401,.T.);
#2958=EDGE_CURVE('',#2364,#2290,#1326,.T.);
#2959=EDGE_CURVE('',#2363,#2364,#402,.T.);
#2960=EDGE_CURVE('',#2365,#2365,#403,.T.);
#2961=EDGE_CURVE('',#2366,#2366,#404,.T.);
#2962=EDGE_CURVE('',#2366,#2365,#1327,.T.);
#2963=EDGE_CURVE('',#2366,#2367,#1328,.T.);
#2964=EDGE_CURVE('',#2367,#2367,#2106,.T.);
#2965=EDGE_CURVE('',#2367,#2269,#2107,.T.);
#2966=EDGE_CURVE('',#2360,#2368,#1329,.T.);
#2967=EDGE_CURVE('',#2368,#2281,#1330,.T.);
#2968=EDGE_CURVE('',#2368,#2369,#405,.T.);
#2969=EDGE_CURVE('',#2280,#2369,#1331,.T.);
#2970=EDGE_CURVE('',#2369,#2370,#1332,.T.);
#2971=EDGE_CURVE('',#2370,#2279,#1333,.T.);
#2972=EDGE_CURVE('',#2370,#2275,#406,.T.);
#2973=EDGE_CURVE('',#2370,#2267,#1334,.T.);
#2974=EDGE_CURVE('',#2262,#2358,#1335,.T.);
#2975=EDGE_CURVE('',#2369,#2266,#1336,.T.);
#2976=EDGE_CURVE('',#2263,#2359,#1337,.T.);
#2977=EDGE_CURVE('',#2368,#2265,#1338,.T.);
#2978=EDGE_CURVE('',#2264,#2360,#1339,.T.);
#2979=EDGE_CURVE('',#2159,#2294,#1340,.T.);
#2980=EDGE_CURVE('',#2155,#2293,#1341,.T.);
#2981=EDGE_CURVE('',#2164,#2292,#1342,.T.);
#2982=EDGE_CURVE('',#2150,#2295,#1343,.T.);
#2983=EDGE_CURVE('',#2371,#2372,#310,.T.);
#2984=EDGE_CURVE('',#2373,#2371,#407,.T.);
#2985=EDGE_CURVE('',#2373,#2374,#1344,.T.);
#2986=EDGE_CURVE('',#2372,#2373,#408,.T.);
#2987=EDGE_CURVE('',#2375,#2371,#311,.T.);
#2988=EDGE_CURVE('',#2376,#2375,#409,.T.);
#2989=EDGE_CURVE('',#2372,#2376,#312,.T.);
#2990=EDGE_CURVE('',#2377,#2375,#1345,.T.);
#2991=EDGE_CURVE('',#2378,#2377,#410,.T.);
#2992=EDGE_CURVE('',#2379,#2378,#411,.T.);
#2993=EDGE_CURVE('',#2376,#2379,#1346,.T.);
#2994=EDGE_CURVE('',#2379,#2377,#313,.F.);
#2995=EDGE_CURVE('',#2380,#2381,#314,.T.);
#2996=EDGE_CURVE('',#2381,#2382,#1347,.T.);
#2997=EDGE_CURVE('',#2382,#2383,#412,.T.);
#2998=EDGE_CURVE('',#2383,#2384,#1348,.T.);
#2999=EDGE_CURVE('',#2384,#2380,#413,.T.);
#3000=EDGE_CURVE('',#2385,#2383,#1349,.T.);
#3001=EDGE_CURVE('',#2385,#2386,#1350,.T.);
#3002=EDGE_CURVE('',#2384,#2386,#1351,.T.);
#3003=EDGE_CURVE('',#2382,#2387,#1352,.T.);
#3004=EDGE_CURVE('',#2388,#2387,#414,.T.);
#3005=EDGE_CURVE('',#2389,#2388,#1353,.T.);
#3006=EDGE_CURVE('',#2390,#2389,#415,.T.);
#3007=EDGE_CURVE('',#2390,#2391,#1354,.T.);
#3008=EDGE_CURVE('',#2392,#2391,#416,.T.);
#3009=EDGE_CURVE('',#2393,#2392,#1355,.T.);
#3010=EDGE_CURVE('',#2394,#2393,#417,.T.);
#3011=EDGE_CURVE('',#2394,#2395,#1356,.T.);
#3012=EDGE_CURVE('',#2396,#2395,#418,.T.);
#3013=EDGE_CURVE('',#2396,#2397,#1357,.T.);
#3014=EDGE_CURVE('',#2397,#2385,#419,.T.);
#3015=EDGE_CURVE('',#2398,#2399,#1358,.T.);
#3016=EDGE_CURVE('',#2400,#2398,#2108,.T.);
#3017=EDGE_CURVE('',#2401,#2400,#1359,.T.);
#3018=EDGE_CURVE('',#2402,#2401,#2109,.T.);
#3019=EDGE_CURVE('',#2403,#2402,#1360,.T.);
#3020=EDGE_CURVE('',#2404,#2403,#2110,.T.);
#3021=EDGE_CURVE('',#2405,#2404,#1361,.T.);
#3022=EDGE_CURVE('',#2406,#2405,#2111,.T.);
#3023=EDGE_CURVE('',#2406,#2407,#1362,.T.);
#3024=EDGE_CURVE('',#2407,#2408,#315,.T.);
#3025=EDGE_CURVE('',#2408,#2409,#1363,.T.);
#3026=EDGE_CURVE('',#2409,#2410,#1364,.T.);
#3027=EDGE_CURVE('',#2410,#2411,#1365,.T.);
#3028=EDGE_CURVE('',#2412,#2411,#316,.T.);
#3029=EDGE_CURVE('',#2413,#2412,#1366,.T.);
#3030=EDGE_CURVE('',#2414,#2413,#2112,.T.);
#3031=EDGE_CURVE('',#2415,#2414,#2113,.T.);
#3032=EDGE_CURVE('',#2416,#2415,#2114,.T.);
#3033=EDGE_CURVE('',#2417,#2416,#1367,.T.);
#3034=EDGE_CURVE('',#2418,#2417,#317,.T.);
#3035=EDGE_CURVE('',#2418,#2419,#1368,.T.);
#3036=EDGE_CURVE('',#2419,#2420,#1369,.T.);
#3037=EDGE_CURVE('',#2420,#2421,#1370,.T.);
#3038=EDGE_CURVE('',#2421,#2422,#318,.T.);
#3039=EDGE_CURVE('',#2422,#2423,#2115,.T.);
#3040=EDGE_CURVE('',#2423,#2424,#1371,.T.);
#3041=EDGE_CURVE('',#2424,#2425,#319,.T.);
#3042=EDGE_CURVE('',#2425,#2426,#1372,.T.);
#3043=EDGE_CURVE('',#2426,#2427,#1373,.T.);
#3044=EDGE_CURVE('',#2427,#2399,#1374,.T.);
#3045=EDGE_CURVE('',#2428,#2429,#2116,.T.);
#3046=EDGE_CURVE('',#2430,#2431,#1375,.T.);
#3047=EDGE_CURVE('',#2432,#2431,#320,.F.);
#3048=EDGE_CURVE('',#2432,#2433,#1376,.T.);
#3049=EDGE_CURVE('',#2434,#2433,#321,.F.);
#3050=EDGE_CURVE('',#2434,#2435,#1377,.T.);
#3051=EDGE_CURVE('',#2430,#2435,#322,.F.);
#3052=EDGE_CURVE('',#2436,#2381,#1378,.T.);
#3053=EDGE_CURVE('',#2387,#2436,#1379,.T.);
#3054=EDGE_CURVE('',#2395,#2437,#1380,.T.);
#3055=EDGE_CURVE('',#2437,#2438,#323,.T.);
#3056=EDGE_CURVE('',#2438,#2439,#420,.T.);
#3057=EDGE_CURVE('',#2439,#2396,#1381,.T.);
#3058=EDGE_CURVE('',#2386,#2440,#421,.T.);
#3059=EDGE_CURVE('',#2440,#2439,#1382,.T.);
#3060=EDGE_CURVE('',#2441,#2438,#1383,.T.);
#3061=EDGE_CURVE('',#2442,#2441,#422,.T.);
#3062=EDGE_CURVE('',#2443,#2442,#1384,.T.);
#3063=EDGE_CURVE('',#2444,#2443,#423,.T.);
#3064=EDGE_CURVE('',#2445,#2444,#1385,.T.);
#3065=EDGE_CURVE('',#2446,#2445,#424,.T.);
#3066=EDGE_CURVE('',#2447,#2446,#1386,.T.);
#3067=EDGE_CURVE('',#2448,#2447,#425,.T.);
#3068=EDGE_CURVE('',#2380,#2448,#1387,.T.);
#3069=EDGE_CURVE('',#2449,#2449,#2117,.T.);
#3070=EDGE_CURVE('',#2437,#2450,#1388,.T.);
#3071=EDGE_CURVE('',#2441,#2450,#1389,.T.);
#3072=EDGE_CURVE('',#2450,#2394,#1390,.T.);
#3073=EDGE_CURVE('',#2397,#2440,#1391,.T.);
#3074=EDGE_CURVE('',#2451,#2445,#1392,.T.);
#3075=EDGE_CURVE('',#2444,#2452,#1393,.T.);
#3076=EDGE_CURVE('',#2452,#2451,#1394,.T.);
#3077=EDGE_CURVE('',#2443,#2453,#1395,.T.);
#3078=EDGE_CURVE('',#2453,#2452,#426,.T.);
#3079=EDGE_CURVE('',#2451,#2454,#427,.T.);
#3080=EDGE_CURVE('',#2454,#2446,#1396,.T.);
#3081=EDGE_CURVE('',#2442,#2455,#1397,.T.);
#3082=EDGE_CURVE('',#2455,#2453,#1398,.T.);
#3083=EDGE_CURVE('',#2456,#2447,#1399,.T.);
#3084=EDGE_CURVE('',#2454,#2456,#1400,.T.);
#3085=EDGE_CURVE('',#2450,#2455,#428,.T.);
#3086=EDGE_CURVE('',#2456,#2436,#429,.T.);
#3087=EDGE_CURVE('',#2436,#2448,#1401,.T.);
#3088=EDGE_CURVE('',#2456,#2388,#1402,.T.);
#3089=EDGE_CURVE('',#2389,#2454,#1403,.T.);
#3090=EDGE_CURVE('',#2451,#2390,#1404,.T.);
#3091=EDGE_CURVE('',#2391,#2452,#1405,.T.);
#3092=EDGE_CURVE('',#2457,#2449,#2118,.T.);
#3093=EDGE_CURVE('',#2457,#2457,#2119,.T.);
#3094=EDGE_CURVE('',#2458,#2458,#430,.T.);
#3095=EDGE_CURVE('',#2458,#2457,#1406,.T.);
#3096=EDGE_CURVE('',#2458,#2459,#1407,.T.);
#3097=EDGE_CURVE('',#2459,#2459,#431,.T.);
#3098=EDGE_CURVE('',#2435,#2460,#1408,.T.);
#3099=EDGE_CURVE('',#2461,#2434,#1409,.T.);
#3100=EDGE_CURVE('',#2460,#2461,#432,.T.);
#3101=EDGE_CURVE('',#2461,#2462,#433,.T.);
#3102=EDGE_CURVE('',#2462,#2463,#434,.T.);
#3103=EDGE_CURVE('',#2463,#2460,#435,.T.);
#3104=EDGE_CURVE('',#2433,#2462,#1410,.T.);
#3105=EDGE_CURVE('',#2463,#2430,#1411,.T.);
#3106=EDGE_CURVE('',#2463,#2431,#1412,.T.);
#3107=EDGE_CURVE('',#2462,#2432,#1413,.T.);
#3108=EDGE_CURVE('',#2453,#2392,#1414,.T.);
#3109=EDGE_CURVE('',#2393,#2455,#1415,.T.);
#3110=EDGE_CURVE('',#2464,#2465,#2120,.T.);
#3111=EDGE_CURVE('',#2466,#2464,#1416,.T.);
#3112=EDGE_CURVE('',#2467,#2466,#436,.T.);
#3113=EDGE_CURVE('',#2467,#2468,#1417,.T.);
#3114=EDGE_CURVE('',#2469,#2468,#2121,.T.);
#3115=EDGE_CURVE('',#2465,#2469,#2122,.T.);
#3116=EDGE_CURVE('',#2466,#2470,#1418,.T.);
#3117=EDGE_CURVE('',#2471,#2464,#2123,.T.);
#3118=EDGE_CURVE('',#2470,#2471,#324,.T.);
#3119=EDGE_CURVE('',#2472,#2467,#1419,.T.);
#3120=EDGE_CURVE('',#2472,#2473,#325,.F.);
#3121=EDGE_CURVE('',#2468,#2473,#2124,.T.);
#3122=EDGE_CURVE('',#2474,#2475,#1420,.T.);
#3123=EDGE_CURVE('',#2425,#2474,#1421,.T.);
#3124=EDGE_CURVE('',#2476,#2425,#1422,.T.);
#3125=EDGE_CURVE('',#2476,#2477,#1423,.T.);
#3126=EDGE_CURVE('',#2477,#2478,#1424,.T.);
#3127=EDGE_CURVE('',#2478,#2479,#437,.T.);
#3128=EDGE_CURVE('',#2479,#2480,#1425,.T.);
#3129=EDGE_CURVE('',#2480,#2481,#438,.T.);
#3130=EDGE_CURVE('',#2481,#2482,#1426,.T.);
#3131=EDGE_CURVE('',#2482,#2483,#1427,.T.);
#3132=EDGE_CURVE('',#2475,#2483,#1428,.T.);
#3133=EDGE_CURVE('',#2427,#2484,#1429,.T.);
#3134=EDGE_CURVE('',#2474,#2484,#1430,.T.);
#3135=EDGE_CURVE('',#2485,#2475,#439,.T.);
#3136=EDGE_CURVE('',#2485,#2486,#1431,.T.);
#3137=EDGE_CURVE('',#2487,#2486,#2125,.T.);
#3138=EDGE_CURVE('',#2487,#2488,#1432,.T.);
#3139=EDGE_CURVE('',#2399,#2488,#326,.T.);
#3140=EDGE_CURVE('',#2484,#2426,#1433,.T.);
#3141=EDGE_CURVE('',#2473,#2489,#2126,.T.);
#3142=EDGE_CURVE('',#2416,#2489,#1434,.T.);
#3143=EDGE_CURVE('',#2469,#2415,#1435,.T.);
#3144=EDGE_CURVE('',#2417,#2489,#1436,.T.);
#3145=EDGE_CURVE('',#2414,#2465,#1437,.T.);
#3146=EDGE_CURVE('',#2490,#2491,#1438,.T.);
#3147=EDGE_CURVE('',#2492,#2490,#440,.T.);
#3148=EDGE_CURVE('',#2493,#2492,#1439,.T.);
#3149=EDGE_CURVE('',#2494,#2493,#1440,.T.);
#3150=EDGE_CURVE('',#2495,#2494,#1441,.T.);
#3151=EDGE_CURVE('',#2495,#2496,#1442,.T.);
#3152=EDGE_CURVE('',#2497,#2496,#1443,.T.);
#3153=EDGE_CURVE('',#2498,#2497,#1444,.T.);
#3154=EDGE_CURVE('',#2499,#2498,#441,.T.);
#3155=EDGE_CURVE('',#2500,#2499,#1445,.T.);
#3156=EDGE_CURVE('',#2501,#2500,#1446,.T.);
#3157=EDGE_CURVE('',#2501,#2502,#442,.T.);
#3158=EDGE_CURVE('',#2502,#2503,#1447,.T.);
#3159=EDGE_CURVE('',#2503,#2491,#443,.T.);
#3160=EDGE_CURVE('',#2504,#2505,#1448,.T.);
#3161=EDGE_CURVE('',#2504,#2495,#1449,.T.);
#3162=EDGE_CURVE('',#2505,#2494,#1450,.T.);
#3163=EDGE_CURVE('',#2505,#2506,#1451,.T.);
#3164=EDGE_CURVE('',#2506,#2493,#1452,.T.);
#3165=EDGE_CURVE('',#2506,#2507,#1453,.T.);
#3166=EDGE_CURVE('',#2507,#2492,#1454,.T.);
#3167=EDGE_CURVE('',#2507,#2508,#444,.T.);
#3168=EDGE_CURVE('',#2508,#2490,#1455,.T.);
#3169=EDGE_CURVE('',#2509,#2510,#1456,.T.);
#3170=EDGE_CURVE('',#2509,#2500,#1457,.T.);
#3171=EDGE_CURVE('',#2510,#2499,#1458,.T.);
#3172=EDGE_CURVE('',#2510,#2511,#445,.T.);
#3173=EDGE_CURVE('',#2511,#2498,#1459,.T.);
#3174=EDGE_CURVE('',#2511,#2512,#1460,.T.);
#3175=EDGE_CURVE('',#2512,#2497,#1461,.T.);
#3176=EDGE_CURVE('',#2512,#2513,#1462,.T.);
#3177=EDGE_CURVE('',#2513,#2496,#1463,.T.);
#3178=EDGE_CURVE('',#2514,#2504,#1464,.T.);
#3179=EDGE_CURVE('',#2514,#2515,#1465,.T.);
#3180=EDGE_CURVE('',#2516,#2515,#327,.T.);
#3181=EDGE_CURVE('',#2516,#2517,#1466,.T.);
#3182=EDGE_CURVE('',#2495,#2517,#1467,.T.);
#3183=EDGE_CURVE('',#2518,#2496,#446,.T.);
#3184=EDGE_CURVE('',#2517,#2518,#1468,.T.);
#3185=EDGE_CURVE('',#2518,#2519,#1469,.T.);
#3186=EDGE_CURVE('',#2520,#2516,#1470,.T.);
#3187=EDGE_CURVE('',#2519,#2520,#328,.T.);
#3188=EDGE_CURVE('',#2521,#2522,#1471,.T.);
#3189=EDGE_CURVE('',#2523,#2521,#1472,.T.);
#3190=EDGE_CURVE('',#2515,#2523,#1473,.T.);
#3191=EDGE_CURVE('',#2522,#2514,#1474,.T.);
#3192=EDGE_CURVE('',#2520,#2524,#2127,.F.);
#3193=EDGE_CURVE('',#2523,#2524,#329,.T.);
#3194=EDGE_CURVE('',#2525,#2526,#447,.F.);
#3195=EDGE_CURVE('',#2525,#2496,#1475,.T.);
#3196=EDGE_CURVE('',#2526,#2519,#2128,.F.);
#3197=EDGE_CURVE('',#2527,#2528,#1476,.T.);
#3198=EDGE_CURVE('',#2527,#2529,#2129,.T.);
#3199=EDGE_CURVE('',#2530,#2529,#1477,.T.);
#3200=EDGE_CURVE('',#2530,#2528,#1478,.T.);
#3201=EDGE_CURVE('',#2531,#2532,#1479,.T.);
#3202=EDGE_CURVE('',#2531,#2533,#2130,.T.);
#3203=EDGE_CURVE('',#2534,#2533,#1480,.T.);
#3204=EDGE_CURVE('',#2534,#2532,#448,.T.);
#3205=EDGE_CURVE('',#2532,#2530,#2131,.T.);
#3206=EDGE_CURVE('',#2529,#2531,#2132,.T.);
#3207=EDGE_CURVE('',#2535,#2536,#1481,.T.);
#3208=EDGE_CURVE('',#2535,#2537,#449,.T.);
#3209=EDGE_CURVE('',#2538,#2537,#1482,.T.);
#3210=EDGE_CURVE('',#2538,#2536,#1483,.T.);
#3211=EDGE_CURVE('',#2409,#2535,#1484,.T.);
#3212=EDGE_CURVE('',#2536,#2410,#1485,.T.);
#3213=EDGE_CURVE('',#2539,#2540,#1486,.T.);
#3214=EDGE_CURVE('',#2539,#2541,#450,.T.);
#3215=EDGE_CURVE('',#2542,#2541,#1487,.T.);
#3216=EDGE_CURVE('',#2542,#2540,#1488,.T.);
#3217=EDGE_CURVE('',#2537,#2539,#2133,.T.);
#3218=EDGE_CURVE('',#2540,#2538,#2134,.T.);
#3219=EDGE_CURVE('',#2543,#2544,#1489,.T.);
#3220=EDGE_CURVE('',#2543,#2545,#451,.T.);
#3221=EDGE_CURVE('',#2546,#2545,#1490,.T.);
#3222=EDGE_CURVE('',#2546,#2544,#1491,.T.);
#3223=EDGE_CURVE('',#2544,#2542,#1492,.T.);
#3224=EDGE_CURVE('',#2541,#2543,#1493,.T.);
#3225=EDGE_CURVE('',#2547,#2548,#1494,.T.);
#3226=EDGE_CURVE('',#2547,#2549,#452,.T.);
#3227=EDGE_CURVE('',#2550,#2549,#1495,.T.);
#3228=EDGE_CURVE('',#2550,#2548,#1496,.T.);
#3229=EDGE_CURVE('',#2545,#2547,#2135,.T.);
#3230=EDGE_CURVE('',#2548,#2546,#2136,.T.);
#3231=EDGE_CURVE('',#2551,#2552,#1497,.T.);
#3232=EDGE_CURVE('',#2551,#2553,#453,.T.);
#3233=EDGE_CURVE('',#2554,#2553,#1498,.T.);
#3234=EDGE_CURVE('',#2554,#2552,#1499,.T.);
#3235=EDGE_CURVE('',#2552,#2550,#1500,.T.);
#3236=EDGE_CURVE('',#2549,#2551,#1501,.T.);
#3237=EDGE_CURVE('',#2555,#2556,#1502,.T.);
#3238=EDGE_CURVE('',#2555,#2557,#454,.T.);
#3239=EDGE_CURVE('',#2558,#2557,#1503,.T.);
#3240=EDGE_CURVE('',#2558,#2556,#1504,.T.);
#3241=EDGE_CURVE('',#2553,#2555,#2137,.T.);
#3242=EDGE_CURVE('',#2556,#2554,#2138,.T.);
#3243=EDGE_CURVE('',#2559,#2522,#1505,.T.);
#3244=EDGE_CURVE('',#2559,#2521,#1506,.T.);
#3245=EDGE_CURVE('',#2522,#2558,#1507,.T.);
#3246=EDGE_CURVE('',#2557,#2559,#1508,.T.);
#3247=EDGE_CURVE('',#2560,#2561,#1509,.T.);
#3248=EDGE_CURVE('',#2513,#2560,#1510,.T.);
#3249=EDGE_CURVE('',#2561,#2525,#1511,.T.);
#3250=EDGE_CURVE('',#2562,#2563,#1512,.T.);
#3251=EDGE_CURVE('',#2561,#2562,#1513,.T.);
#3252=EDGE_CURVE('',#2526,#2563,#1514,.F.);
#3253=EDGE_CURVE('',#2564,#2562,#1515,.T.);
#3254=EDGE_CURVE('',#2564,#2560,#1516,.T.);
#3255=EDGE_CURVE('',#2565,#2566,#1517,.T.);
#3256=EDGE_CURVE('',#2566,#2567,#455,.T.);
#3257=EDGE_CURVE('',#2567,#2568,#1518,.T.);
#3258=EDGE_CURVE('',#2568,#2565,#456,.T.);
#3259=EDGE_CURVE('',#2569,#2570,#457,.T.);
#3260=EDGE_CURVE('',#2570,#2565,#1519,.T.);
#3261=EDGE_CURVE('',#2479,#2568,#1520,.T.);
#3262=EDGE_CURVE('',#2569,#2478,#1521,.T.);
#3263=EDGE_CURVE('',#2480,#2567,#1522,.T.);
#3264=EDGE_CURVE('',#2571,#2566,#1523,.T.);
#3265=EDGE_CURVE('',#2571,#2572,#458,.T.);
#3266=EDGE_CURVE('',#2572,#2481,#1524,.T.);
#3267=EDGE_CURVE('',#2573,#2574,#1525,.F.);
#3268=EDGE_CURVE('',#2575,#2573,#459,.F.);
#3269=EDGE_CURVE('',#2576,#2575,#1526,.F.);
#3270=EDGE_CURVE('',#2574,#2576,#460,.F.);
#3271=EDGE_CURVE('',#2577,#2573,#1527,.T.);
#3272=EDGE_CURVE('',#2578,#2577,#461,.F.);
#3273=EDGE_CURVE('',#2578,#2575,#1528,.T.);
#3274=EDGE_CURVE('',#2579,#2578,#1529,.F.);
#3275=EDGE_CURVE('',#2579,#2576,#1530,.T.);
#3276=EDGE_CURVE('',#2580,#2579,#462,.F.);
#3277=EDGE_CURVE('',#2580,#2574,#1531,.T.);
#3278=EDGE_CURVE('',#2577,#2580,#1532,.F.);
#3279=EDGE_CURVE('',#2570,#2571,#1533,.T.);
#3280=EDGE_CURVE('',#2581,#2572,#1534,.T.);
#3281=EDGE_CURVE('',#2482,#2581,#1535,.T.);
#3282=EDGE_CURVE('',#2582,#2581,#1536,.T.);
#3283=EDGE_CURVE('',#2477,#2582,#1537,.T.);
#3284=EDGE_CURVE('',#2477,#2482,#1538,.T.);
#3285=EDGE_CURVE('',#2569,#2582,#1539,.T.);
#3286=EDGE_CURVE('',#2583,#2584,#1540,.T.);
#3287=EDGE_CURVE('',#2527,#2583,#1541,.T.);
#3288=EDGE_CURVE('',#2584,#2527,#1542,.T.);
#3289=EDGE_CURVE('',#2584,#2585,#1543,.T.);
#3290=EDGE_CURVE('',#2528,#2585,#1544,.T.);
#3291=EDGE_CURVE('',#2585,#2586,#330,.T.);
#3292=EDGE_CURVE('',#2586,#2587,#1545,.T.);
#3293=EDGE_CURVE('',#2584,#2587,#331,.T.);
#3294=EDGE_CURVE('',#2587,#2588,#1546,.T.);
#3295=EDGE_CURVE('',#2588,#2583,#463,.T.);
#3296=EDGE_CURVE('',#2589,#2590,#1547,.T.);
#3297=EDGE_CURVE('',#2590,#2564,#332,.T.);
#3298=EDGE_CURVE('',#2589,#2562,#333,.T.);
#3299=EDGE_CURVE('',#2486,#2591,#334,.T.);
#3300=EDGE_CURVE('',#2563,#2591,#464,.T.);
#3301=EDGE_CURVE('',#2563,#2487,#335,.T.);
#3302=EDGE_CURVE('',#2591,#2589,#1548,.T.);
#3303=EDGE_CURVE('',#2592,#2485,#1549,.T.);
#3304=EDGE_CURVE('',#2590,#2592,#1550,.T.);
#3305=EDGE_CURVE('',#2483,#2592,#465,.T.);
#3306=EDGE_CURVE('',#2378,#2593,#1551,.T.);
#3307=EDGE_CURVE('',#2593,#2593,#466,.T.);
#3308=EDGE_CURVE('',#2594,#2502,#1552,.T.);
#3309=EDGE_CURVE('',#2595,#2594,#1553,.T.);
#3310=EDGE_CURVE('',#2595,#2503,#1554,.T.);
#3311=EDGE_CURVE('',#2419,#2410,#1555,.T.);
#3312=EDGE_CURVE('',#2508,#2596,#1556,.T.);
#3313=EDGE_CURVE('',#2596,#2595,#467,.T.);
#3314=EDGE_CURVE('',#2594,#2597,#468,.T.);
#3315=EDGE_CURVE('',#2597,#2509,#1557,.T.);
#3316=EDGE_CURVE('',#2598,#2476,#469,.T.);
#3317=EDGE_CURVE('',#2586,#2598,#1558,.T.);
#3318=EDGE_CURVE('',#2419,#2534,#1559,.T.);
#3319=EDGE_CURVE('',#2533,#2420,#1560,.T.);
#3320=EDGE_CURVE('',#2535,#2408,#1561,.T.);
#3321=EDGE_CURVE('',#2421,#2531,#1562,.T.);
#3322=EDGE_CURVE('',#2407,#2541,#1563,.T.);
#3323=EDGE_CURVE('',#2422,#2583,#336,.T.);
#3324=EDGE_CURVE('',#2588,#2423,#337,.T.);
#3325=EDGE_CURVE('',#2424,#2598,#1564,.T.);
#3326=EDGE_CURVE('',#2406,#2599,#2139,.T.);
#3327=EDGE_CURVE('',#2600,#2599,#1565,.T.);
#3328=EDGE_CURVE('',#2601,#2600,#1566,.T.);
#3329=EDGE_CURVE('',#2543,#2601,#1567,.T.);
#3330=EDGE_CURVE('',#2602,#2603,#338,.T.);
#3331=EDGE_CURVE('',#2602,#2549,#1568,.T.);
#3332=EDGE_CURVE('',#2603,#2601,#339,.T.);
#3333=EDGE_CURVE('',#2604,#2602,#1569,.T.);
#3334=EDGE_CURVE('',#2551,#2604,#1570,.T.);
#3335=EDGE_CURVE('',#2605,#2604,#340,.T.);
#3336=EDGE_CURVE('',#2605,#2557,#1571,.T.);
#3337=EDGE_CURVE('',#2606,#2605,#1572,.T.);
#3338=EDGE_CURVE('',#2524,#2606,#1573,.T.);
#3339=EDGE_CURVE('',#2606,#2487,#341,.T.);
#3340=EDGE_CURVE('',#2597,#2501,#1574,.T.);
#3341=EDGE_CURVE('',#2596,#2491,#1575,.T.);
#3342=EDGE_CURVE('',#2607,#2608,#2140,.T.);
#3343=EDGE_CURVE('',#2607,#2487,#1576,.T.);
#3344=EDGE_CURVE('',#2608,#2606,#1577,.T.);
#3345=EDGE_CURVE('',#2609,#2610,#2141,.T.);
#3346=EDGE_CURVE('',#2609,#2602,#1578,.T.);
#3347=EDGE_CURVE('',#2601,#2611,#342,.T.);
#3348=EDGE_CURVE('',#2612,#2611,#2142,.T.);
#3349=EDGE_CURVE('',#2612,#2610,#2143,.T.);
#3350=EDGE_CURVE('',#2613,#2609,#1579,.T.);
#3351=EDGE_CURVE('',#2613,#2604,#1580,.T.);
#3352=EDGE_CURVE('',#2614,#2613,#2144,.T.);
#3353=EDGE_CURVE('',#2614,#2605,#1581,.T.);
#3354=EDGE_CURVE('',#2608,#2614,#1582,.T.);
#3355=EDGE_CURVE('',#2611,#2600,#1583,.T.);
#3356=EDGE_CURVE('',#2488,#2607,#1584,.T.);
#3357=EDGE_CURVE('',#2600,#2405,#470,.T.);
#3358=EDGE_CURVE('',#2609,#2403,#471,.T.);
#3359=EDGE_CURVE('',#2404,#2612,#2145,.T.);
#3360=EDGE_CURVE('',#2613,#2402,#472,.T.);
#3361=EDGE_CURVE('',#2614,#2401,#473,.T.);
#3362=EDGE_CURVE('',#2608,#2400,#474,.T.);
#3363=EDGE_CURVE('',#2607,#2398,#2146,.T.);
#3364=EDGE_CURVE('',#2411,#2470,#1585,.T.);
#3365=EDGE_CURVE('',#2472,#2418,#1586,.T.);
#3366=EDGE_CURVE('',#2615,#2471,#2147,.T.);
#3367=EDGE_CURVE('',#2615,#2413,#1587,.T.);
#3368=EDGE_CURVE('',#2615,#2412,#1588,.T.);
#3369=ORIENTED_EDGE('',*,*,#2616,.T.);
#3370=ORIENTED_EDGE('',*,*,#2617,.T.);
#3371=ORIENTED_EDGE('',*,*,#2618,.T.);
#3372=ORIENTED_EDGE('',*,*,#2619,.T.);
#3373=ORIENTED_EDGE('',*,*,#2620,.T.);
#3374=ORIENTED_EDGE('',*,*,#2621,.T.);
#3375=ORIENTED_EDGE('',*,*,#2622,.T.);
#3376=ORIENTED_EDGE('',*,*,#2623,.T.);
#3377=ORIENTED_EDGE('',*,*,#2624,.T.);
#3378=ORIENTED_EDGE('',*,*,#2625,.T.);
#3379=ORIENTED_EDGE('',*,*,#2626,.T.);
#3380=ORIENTED_EDGE('',*,*,#2627,.T.);
#3381=ORIENTED_EDGE('',*,*,#2622,.F.);
#3382=ORIENTED_EDGE('',*,*,#2628,.T.);
#3383=ORIENTED_EDGE('',*,*,#2629,.T.);
#3384=ORIENTED_EDGE('',*,*,#2626,.F.);
#3385=ORIENTED_EDGE('',*,*,#2630,.T.);
#3386=ORIENTED_EDGE('',*,*,#2631,.T.);
#3387=ORIENTED_EDGE('',*,*,#2619,.F.);
#3388=ORIENTED_EDGE('',*,*,#2632,.T.);
#3389=ORIENTED_EDGE('',*,*,#2633,.T.);
#3390=ORIENTED_EDGE('',*,*,#2634,.T.);
#3391=ORIENTED_EDGE('',*,*,#2635,.T.);
#3392=ORIENTED_EDGE('',*,*,#2636,.T.);
#3393=ORIENTED_EDGE('',*,*,#2634,.F.);
#3394=ORIENTED_EDGE('',*,*,#2637,.T.);
#3395=ORIENTED_EDGE('',*,*,#2638,.F.);
#3396=ORIENTED_EDGE('',*,*,#2624,.F.);
#3397=ORIENTED_EDGE('',*,*,#2639,.T.);
#3398=ORIENTED_EDGE('',*,*,#2640,.T.);
#3399=ORIENTED_EDGE('',*,*,#2617,.F.);
#3400=ORIENTED_EDGE('',*,*,#2641,.T.);
#3401=ORIENTED_EDGE('',*,*,#2642,.F.);
#3402=ORIENTED_EDGE('',*,*,#2641,.F.);
#3403=ORIENTED_EDGE('',*,*,#2616,.F.);
#3404=ORIENTED_EDGE('',*,*,#2620,.F.);
#3405=ORIENTED_EDGE('',*,*,#2631,.F.);
#3406=ORIENTED_EDGE('',*,*,#2643,.T.);
#3407=ORIENTED_EDGE('',*,*,#2644,.F.);
#3408=ORIENTED_EDGE('',*,*,#2645,.T.);
#3409=ORIENTED_EDGE('',*,*,#2646,.F.);
#3410=ORIENTED_EDGE('',*,*,#2647,.T.);
#3411=ORIENTED_EDGE('',*,*,#2648,.F.);
#3412=ORIENTED_EDGE('',*,*,#2630,.F.);
#3413=ORIENTED_EDGE('',*,*,#2628,.F.);
#3414=ORIENTED_EDGE('',*,*,#2621,.F.);
#3415=ORIENTED_EDGE('',*,*,#2649,.F.);
#3416=ORIENTED_EDGE('',*,*,#2650,.F.);
#3417=ORIENTED_EDGE('',*,*,#2651,.F.);
#3418=ORIENTED_EDGE('',*,*,#2652,.F.);
#3419=ORIENTED_EDGE('',*,*,#2653,.F.);
#3420=ORIENTED_EDGE('',*,*,#2654,.F.);
#3421=ORIENTED_EDGE('',*,*,#2655,.F.);
#3422=ORIENTED_EDGE('',*,*,#2656,.F.);
#3423=ORIENTED_EDGE('',*,*,#2657,.F.);
#3424=ORIENTED_EDGE('',*,*,#2658,.F.);
#3425=ORIENTED_EDGE('',*,*,#2659,.F.);
#3426=ORIENTED_EDGE('',*,*,#2660,.F.);
#3427=ORIENTED_EDGE('',*,*,#2661,.F.);
#3428=ORIENTED_EDGE('',*,*,#2662,.F.);
#3429=ORIENTED_EDGE('',*,*,#2663,.F.);
#3430=ORIENTED_EDGE('',*,*,#2664,.T.);
#3431=ORIENTED_EDGE('',*,*,#2665,.F.);
#3432=ORIENTED_EDGE('',*,*,#2666,.F.);
#3433=ORIENTED_EDGE('',*,*,#2667,.F.);
#3434=ORIENTED_EDGE('',*,*,#2668,.F.);
#3435=ORIENTED_EDGE('',*,*,#2669,.F.);
#3436=ORIENTED_EDGE('',*,*,#2670,.F.);
#3437=ORIENTED_EDGE('',*,*,#2671,.F.);
#3438=ORIENTED_EDGE('',*,*,#2672,.F.);
#3439=ORIENTED_EDGE('',*,*,#2673,.F.);
#3440=ORIENTED_EDGE('',*,*,#2674,.F.);
#3441=ORIENTED_EDGE('',*,*,#2675,.F.);
#3442=ORIENTED_EDGE('',*,*,#2643,.F.);
#3443=ORIENTED_EDGE('',*,*,#2676,.T.);
#3444=ORIENTED_EDGE('',*,*,#2677,.T.);
#3445=ORIENTED_EDGE('',*,*,#2678,.T.);
#3446=ORIENTED_EDGE('',*,*,#2679,.T.);
#3447=ORIENTED_EDGE('',*,*,#2680,.T.);
#3448=ORIENTED_EDGE('',*,*,#2637,.F.);
#3449=ORIENTED_EDGE('',*,*,#2633,.F.);
#3450=ORIENTED_EDGE('',*,*,#2681,.T.);
#3451=ORIENTED_EDGE('',*,*,#2682,.F.);
#3452=ORIENTED_EDGE('',*,*,#2683,.T.);
#3453=ORIENTED_EDGE('',*,*,#2684,.T.);
#3454=ORIENTED_EDGE('',*,*,#2649,.T.);
#3455=ORIENTED_EDGE('',*,*,#2625,.F.);
#3456=ORIENTED_EDGE('',*,*,#2638,.T.);
#3457=ORIENTED_EDGE('',*,*,#2685,.T.);
#3458=ORIENTED_EDGE('',*,*,#2686,.T.);
#3459=ORIENTED_EDGE('',*,*,#2687,.T.);
#3460=ORIENTED_EDGE('',*,*,#2688,.T.);
#3461=ORIENTED_EDGE('',*,*,#2689,.T.);
#3462=ORIENTED_EDGE('',*,*,#2690,.T.);
#3463=ORIENTED_EDGE('',*,*,#2686,.F.);
#3464=ORIENTED_EDGE('',*,*,#2691,.T.);
#3465=ORIENTED_EDGE('',*,*,#2692,.T.);
#3466=ORIENTED_EDGE('',*,*,#2688,.F.);
#3467=ORIENTED_EDGE('',*,*,#2693,.T.);
#3468=ORIENTED_EDGE('',*,*,#2694,.T.);
#3469=ORIENTED_EDGE('',*,*,#2695,.T.);
#3470=ORIENTED_EDGE('',*,*,#2694,.F.);
#3471=ORIENTED_EDGE('',*,*,#2696,.T.);
#3472=ORIENTED_EDGE('',*,*,#2697,.T.);
#3473=ORIENTED_EDGE('',*,*,#2698,.T.);
#3474=ORIENTED_EDGE('',*,*,#2699,.T.);
#3475=ORIENTED_EDGE('',*,*,#2700,.T.);
#3476=ORIENTED_EDGE('',*,*,#2697,.F.);
#3477=ORIENTED_EDGE('',*,*,#2701,.F.);
#3478=ORIENTED_EDGE('',*,*,#2702,.T.);
#3479=ORIENTED_EDGE('',*,*,#2699,.F.);
#3480=ORIENTED_EDGE('',*,*,#2703,.T.);
#3481=ORIENTED_EDGE('',*,*,#2704,.T.);
#3482=ORIENTED_EDGE('',*,*,#2705,.T.);
#3483=ORIENTED_EDGE('',*,*,#2701,.T.);
#3484=ORIENTED_EDGE('',*,*,#2706,.T.);
#3485=ORIENTED_EDGE('',*,*,#2707,.F.);
#3486=ORIENTED_EDGE('',*,*,#2703,.F.);
#3487=ORIENTED_EDGE('',*,*,#2698,.F.);
#3488=ORIENTED_EDGE('',*,*,#2696,.F.);
#3489=ORIENTED_EDGE('',*,*,#2693,.F.);
#3490=ORIENTED_EDGE('',*,*,#2687,.F.);
#3491=ORIENTED_EDGE('',*,*,#2690,.F.);
#3492=ORIENTED_EDGE('',*,*,#2708,.F.);
#3493=ORIENTED_EDGE('',*,*,#2709,.F.);
#3494=ORIENTED_EDGE('',*,*,#2702,.F.);
#3495=ORIENTED_EDGE('',*,*,#2707,.T.);
#3496=ORIENTED_EDGE('',*,*,#2710,.T.);
#3497=ORIENTED_EDGE('',*,*,#2646,.T.);
#3498=ORIENTED_EDGE('',*,*,#2711,.T.);
#3499=ORIENTED_EDGE('',*,*,#2700,.F.);
#3500=ORIENTED_EDGE('',*,*,#2711,.F.);
#3501=ORIENTED_EDGE('',*,*,#2645,.F.);
#3502=ORIENTED_EDGE('',*,*,#2712,.F.);
#3503=ORIENTED_EDGE('',*,*,#2713,.T.);
#3504=ORIENTED_EDGE('',*,*,#2714,.T.);
#3505=ORIENTED_EDGE('',*,*,#2691,.F.);
#3506=ORIENTED_EDGE('',*,*,#2715,.T.);
#3507=ORIENTED_EDGE('',*,*,#2716,.T.);
#3508=ORIENTED_EDGE('',*,*,#2717,.T.);
#3509=ORIENTED_EDGE('',*,*,#2716,.F.);
#3510=ORIENTED_EDGE('',*,*,#2718,.T.);
#3511=ORIENTED_EDGE('',*,*,#2663,.T.);
#3512=ORIENTED_EDGE('',*,*,#2719,.T.);
#3513=ORIENTED_EDGE('',*,*,#2720,.T.);
#3514=ORIENTED_EDGE('',*,*,#2685,.F.);
#3515=ORIENTED_EDGE('',*,*,#2721,.F.);
#3516=ORIENTED_EDGE('',*,*,#2722,.F.);
#3517=ORIENTED_EDGE('',*,*,#2664,.F.);
#3518=ORIENTED_EDGE('',*,*,#2718,.F.);
#3519=ORIENTED_EDGE('',*,*,#2715,.F.);
#3520=ORIENTED_EDGE('',*,*,#2695,.F.);
#3521=ORIENTED_EDGE('',*,*,#2714,.F.);
#3522=ORIENTED_EDGE('',*,*,#2723,.F.);
#3523=ORIENTED_EDGE('',*,*,#2724,.F.);
#3524=ORIENTED_EDGE('',*,*,#2725,.F.);
#3525=ORIENTED_EDGE('',*,*,#2726,.T.);
#3526=ORIENTED_EDGE('',*,*,#2724,.T.);
#3527=ORIENTED_EDGE('',*,*,#2727,.F.);
#3528=ORIENTED_EDGE('',*,*,#2728,.F.);
#3529=ORIENTED_EDGE('',*,*,#2729,.F.);
#3530=ORIENTED_EDGE('',*,*,#2730,.F.);
#3531=ORIENTED_EDGE('',*,*,#2731,.F.);
#3532=ORIENTED_EDGE('',*,*,#2732,.F.);
#3533=ORIENTED_EDGE('',*,*,#2733,.F.);
#3534=ORIENTED_EDGE('',*,*,#2734,.F.);
#3535=ORIENTED_EDGE('',*,*,#2735,.F.);
#3536=ORIENTED_EDGE('',*,*,#2736,.T.);
#3537=ORIENTED_EDGE('',*,*,#2737,.T.);
#3538=ORIENTED_EDGE('',*,*,#2738,.T.);
#3539=ORIENTED_EDGE('',*,*,#2739,.F.);
#3540=ORIENTED_EDGE('',*,*,#2740,.F.);
#3541=ORIENTED_EDGE('',*,*,#2741,.F.);
#3542=ORIENTED_EDGE('',*,*,#2723,.T.);
#3543=ORIENTED_EDGE('',*,*,#2742,.F.);
#3544=ORIENTED_EDGE('',*,*,#2727,.T.);
#3545=ORIENTED_EDGE('',*,*,#2710,.F.);
#3546=ORIENTED_EDGE('',*,*,#2743,.F.);
#3547=ORIENTED_EDGE('',*,*,#2647,.F.);
#3548=ORIENTED_EDGE('',*,*,#2744,.F.);
#3549=ORIENTED_EDGE('',*,*,#2745,.T.);
#3550=ORIENTED_EDGE('',*,*,#2746,.T.);
#3551=ORIENTED_EDGE('',*,*,#2747,.T.);
#3552=ORIENTED_EDGE('',*,*,#2746,.F.);
#3553=ORIENTED_EDGE('',*,*,#2748,.T.);
#3554=ORIENTED_EDGE('',*,*,#2749,.T.);
#3555=ORIENTED_EDGE('',*,*,#2750,.T.);
#3556=ORIENTED_EDGE('',*,*,#2749,.F.);
#3557=ORIENTED_EDGE('',*,*,#2751,.T.);
#3558=ORIENTED_EDGE('',*,*,#2752,.T.);
#3559=ORIENTED_EDGE('',*,*,#2753,.T.);
#3560=ORIENTED_EDGE('',*,*,#2752,.F.);
#3561=ORIENTED_EDGE('',*,*,#2754,.T.);
#3562=ORIENTED_EDGE('',*,*,#2755,.T.);
#3563=ORIENTED_EDGE('',*,*,#2756,.T.);
#3564=ORIENTED_EDGE('',*,*,#2757,.T.);
#3565=ORIENTED_EDGE('',*,*,#2758,.T.);
#3566=ORIENTED_EDGE('',*,*,#2755,.F.);
#3567=ORIENTED_EDGE('',*,*,#2759,.T.);
#3568=ORIENTED_EDGE('',*,*,#2759,.F.);
#3569=ORIENTED_EDGE('',*,*,#2754,.F.);
#3570=ORIENTED_EDGE('',*,*,#2751,.F.);
#3571=ORIENTED_EDGE('',*,*,#2748,.F.);
#3572=ORIENTED_EDGE('',*,*,#2745,.F.);
#3573=ORIENTED_EDGE('',*,*,#2760,.F.);
#3574=ORIENTED_EDGE('',*,*,#2761,.F.);
#3575=ORIENTED_EDGE('',*,*,#2762,.F.);
#3576=ORIENTED_EDGE('',*,*,#2763,.F.);
#3577=ORIENTED_EDGE('',*,*,#2764,.F.);
#3578=ORIENTED_EDGE('',*,*,#2765,.F.);
#3579=ORIENTED_EDGE('',*,*,#2766,.F.);
#3580=ORIENTED_EDGE('',*,*,#2767,.F.);
#3581=ORIENTED_EDGE('',*,*,#2768,.F.);
#3582=ORIENTED_EDGE('',*,*,#2769,.F.);
#3583=ORIENTED_EDGE('',*,*,#2744,.T.);
#3584=ORIENTED_EDGE('',*,*,#2770,.T.);
#3585=ORIENTED_EDGE('',*,*,#2771,.F.);
#3586=ORIENTED_EDGE('',*,*,#2760,.T.);
#3587=ORIENTED_EDGE('',*,*,#2747,.F.);
#3588=ORIENTED_EDGE('',*,*,#2772,.T.);
#3589=ORIENTED_EDGE('',*,*,#2773,.T.);
#3590=ORIENTED_EDGE('',*,*,#2774,.T.);
#3591=ORIENTED_EDGE('',*,*,#2758,.F.);
#3592=ORIENTED_EDGE('',*,*,#2775,.T.);
#3593=ORIENTED_EDGE('',*,*,#2776,.T.);
#3594=ORIENTED_EDGE('',*,*,#2777,.T.);
#3595=ORIENTED_EDGE('',*,*,#2775,.F.);
#3596=ORIENTED_EDGE('',*,*,#2778,.F.);
#3597=ORIENTED_EDGE('',*,*,#2779,.F.);
#3598=ORIENTED_EDGE('',*,*,#2780,.F.);
#3599=ORIENTED_EDGE('',*,*,#2757,.F.);
#3600=ORIENTED_EDGE('',*,*,#2768,.T.);
#3601=ORIENTED_EDGE('',*,*,#2781,.F.);
#3602=ORIENTED_EDGE('',*,*,#2778,.T.);
#3603=ORIENTED_EDGE('',*,*,#2750,.F.);
#3604=ORIENTED_EDGE('',*,*,#2782,.F.);
#3605=ORIENTED_EDGE('',*,*,#2783,.F.);
#3606=ORIENTED_EDGE('',*,*,#2772,.F.);
#3607=ORIENTED_EDGE('',*,*,#2756,.F.);
#3608=ORIENTED_EDGE('',*,*,#2777,.F.);
#3609=ORIENTED_EDGE('',*,*,#2784,.F.);
#3610=ORIENTED_EDGE('',*,*,#2785,.T.);
#3611=ORIENTED_EDGE('',*,*,#2753,.F.);
#3612=ORIENTED_EDGE('',*,*,#2785,.F.);
#3613=ORIENTED_EDGE('',*,*,#2786,.F.);
#3614=ORIENTED_EDGE('',*,*,#2782,.T.);
#3615=ORIENTED_EDGE('',*,*,#2776,.F.);
#3616=ORIENTED_EDGE('',*,*,#2780,.T.);
#3617=ORIENTED_EDGE('',*,*,#2787,.F.);
#3618=ORIENTED_EDGE('',*,*,#2788,.F.);
#3619=ORIENTED_EDGE('',*,*,#2789,.F.);
#3620=ORIENTED_EDGE('',*,*,#2790,.T.);
#3621=ORIENTED_EDGE('',*,*,#2791,.F.);
#3622=ORIENTED_EDGE('',*,*,#2792,.F.);
#3623=ORIENTED_EDGE('',*,*,#2793,.F.);
#3624=ORIENTED_EDGE('',*,*,#2794,.T.);
#3625=ORIENTED_EDGE('',*,*,#2773,.F.);
#3626=ORIENTED_EDGE('',*,*,#2783,.T.);
#3627=ORIENTED_EDGE('',*,*,#2786,.T.);
#3628=ORIENTED_EDGE('',*,*,#2784,.T.);
#3629=ORIENTED_EDGE('',*,*,#2795,.T.);
#3630=ORIENTED_EDGE('',*,*,#2796,.F.);
#3631=ORIENTED_EDGE('',*,*,#2797,.T.);
#3632=ORIENTED_EDGE('',*,*,#2798,.F.);
#3633=ORIENTED_EDGE('',*,*,#2799,.T.);
#3634=ORIENTED_EDGE('',*,*,#2800,.F.);
#3635=ORIENTED_EDGE('',*,*,#2681,.F.);
#3636=ORIENTED_EDGE('',*,*,#2632,.F.);
#3637=ORIENTED_EDGE('',*,*,#2801,.T.);
#3638=ORIENTED_EDGE('',*,*,#2802,.T.);
#3639=ORIENTED_EDGE('',*,*,#2803,.T.);
#3640=ORIENTED_EDGE('',*,*,#2804,.T.);
#3641=ORIENTED_EDGE('',*,*,#2805,.T.);
#3642=ORIENTED_EDGE('',*,*,#2639,.F.);
#3643=ORIENTED_EDGE('',*,*,#2642,.T.);
#3644=ORIENTED_EDGE('',*,*,#2806,.F.);
#3645=ORIENTED_EDGE('',*,*,#2807,.F.);
#3646=ORIENTED_EDGE('',*,*,#2808,.F.);
#3647=ORIENTED_EDGE('',*,*,#2809,.F.);
#3648=ORIENTED_EDGE('',*,*,#2810,.F.);
#3649=ORIENTED_EDGE('',*,*,#2811,.F.);
#3650=ORIENTED_EDGE('',*,*,#2812,.F.);
#3651=ORIENTED_EDGE('',*,*,#2813,.F.);
#3652=ORIENTED_EDGE('',*,*,#2814,.F.);
#3653=ORIENTED_EDGE('',*,*,#2815,.T.);
#3654=ORIENTED_EDGE('',*,*,#2816,.T.);
#3655=ORIENTED_EDGE('',*,*,#2817,.T.);
#3656=ORIENTED_EDGE('',*,*,#2818,.T.);
#3657=ORIENTED_EDGE('',*,*,#2819,.T.);
#3658=ORIENTED_EDGE('',*,*,#2820,.T.);
#3659=ORIENTED_EDGE('',*,*,#2815,.F.);
#3660=ORIENTED_EDGE('',*,*,#2821,.T.);
#3661=ORIENTED_EDGE('',*,*,#2822,.T.);
#3662=ORIENTED_EDGE('',*,*,#2823,.T.);
#3663=ORIENTED_EDGE('',*,*,#2819,.F.);
#3664=ORIENTED_EDGE('',*,*,#2824,.T.);
#3665=ORIENTED_EDGE('',*,*,#2817,.F.);
#3666=ORIENTED_EDGE('',*,*,#2825,.T.);
#3667=ORIENTED_EDGE('',*,*,#2822,.F.);
#3668=ORIENTED_EDGE('',*,*,#2826,.T.);
#3669=ORIENTED_EDGE('',*,*,#2825,.F.);
#3670=ORIENTED_EDGE('',*,*,#2827,.F.);
#3671=ORIENTED_EDGE('',*,*,#2680,.F.);
#3672=ORIENTED_EDGE('',*,*,#2828,.T.);
#3673=ORIENTED_EDGE('',*,*,#2816,.F.);
#3674=ORIENTED_EDGE('',*,*,#2829,.F.);
#3675=ORIENTED_EDGE('',*,*,#2677,.F.);
#3676=ORIENTED_EDGE('',*,*,#2827,.T.);
#3677=ORIENTED_EDGE('',*,*,#2818,.F.);
#3678=ORIENTED_EDGE('',*,*,#2826,.F.);
#3679=ORIENTED_EDGE('',*,*,#2824,.F.);
#3680=ORIENTED_EDGE('',*,*,#2821,.F.);
#3681=ORIENTED_EDGE('',*,*,#2738,.F.);
#3682=ORIENTED_EDGE('',*,*,#2830,.T.);
#3683=ORIENTED_EDGE('',*,*,#2831,.T.);
#3684=ORIENTED_EDGE('',*,*,#2832,.F.);
#3685=ORIENTED_EDGE('',*,*,#2833,.F.);
#3686=ORIENTED_EDGE('',*,*,#2737,.F.);
#3687=ORIENTED_EDGE('',*,*,#2834,.T.);
#3688=ORIENTED_EDGE('',*,*,#2835,.T.);
#3689=ORIENTED_EDGE('',*,*,#2830,.F.);
#3690=ORIENTED_EDGE('',*,*,#2736,.F.);
#3691=ORIENTED_EDGE('',*,*,#2836,.F.);
#3692=ORIENTED_EDGE('',*,*,#2837,.T.);
#3693=ORIENTED_EDGE('',*,*,#2838,.T.);
#3694=ORIENTED_EDGE('',*,*,#2834,.F.);
#3695=ORIENTED_EDGE('',*,*,#2838,.F.);
#3696=ORIENTED_EDGE('',*,*,#2839,.F.);
#3697=ORIENTED_EDGE('',*,*,#2831,.F.);
#3698=ORIENTED_EDGE('',*,*,#2835,.F.);
#3699=ORIENTED_EDGE('',*,*,#2836,.T.);
#3700=ORIENTED_EDGE('',*,*,#2735,.T.);
#3701=ORIENTED_EDGE('',*,*,#2840,.T.);
#3702=ORIENTED_EDGE('',*,*,#2841,.T.);
#3703=ORIENTED_EDGE('',*,*,#2833,.T.);
#3704=ORIENTED_EDGE('',*,*,#2842,.T.);
#3705=ORIENTED_EDGE('',*,*,#2843,.F.);
#3706=ORIENTED_EDGE('',*,*,#2739,.T.);
#3707=ORIENTED_EDGE('',*,*,#2844,.F.);
#3708=ORIENTED_EDGE('',*,*,#2845,.T.);
#3709=ORIENTED_EDGE('',*,*,#2842,.F.);
#3710=ORIENTED_EDGE('',*,*,#2832,.T.);
#3711=ORIENTED_EDGE('',*,*,#2839,.T.);
#3712=ORIENTED_EDGE('',*,*,#2837,.F.);
#3713=ORIENTED_EDGE('',*,*,#2841,.F.);
#3714=ORIENTED_EDGE('',*,*,#2846,.F.);
#3715=ORIENTED_EDGE('',*,*,#2729,.T.);
#3716=ORIENTED_EDGE('',*,*,#2847,.T.);
#3717=ORIENTED_EDGE('',*,*,#2848,.T.);
#3718=ORIENTED_EDGE('',*,*,#2849,.F.);
#3719=ORIENTED_EDGE('',*,*,#2728,.T.);
#3720=ORIENTED_EDGE('',*,*,#2742,.T.);
#3721=ORIENTED_EDGE('',*,*,#2850,.T.);
#3722=ORIENTED_EDGE('',*,*,#2847,.F.);
#3723=ORIENTED_EDGE('',*,*,#2725,.T.);
#3724=ORIENTED_EDGE('',*,*,#2741,.T.);
#3725=ORIENTED_EDGE('',*,*,#2851,.T.);
#3726=ORIENTED_EDGE('',*,*,#2852,.T.);
#3727=ORIENTED_EDGE('',*,*,#2851,.F.);
#3728=ORIENTED_EDGE('',*,*,#2740,.T.);
#3729=ORIENTED_EDGE('',*,*,#2843,.T.);
#3730=ORIENTED_EDGE('',*,*,#2853,.T.);
#3731=ORIENTED_EDGE('',*,*,#2840,.F.);
#3732=ORIENTED_EDGE('',*,*,#2734,.T.);
#3733=ORIENTED_EDGE('',*,*,#2854,.T.);
#3734=ORIENTED_EDGE('',*,*,#2855,.T.);
#3735=ORIENTED_EDGE('',*,*,#2854,.F.);
#3736=ORIENTED_EDGE('',*,*,#2733,.T.);
#3737=ORIENTED_EDGE('',*,*,#2856,.T.);
#3738=ORIENTED_EDGE('',*,*,#2732,.T.);
#3739=ORIENTED_EDGE('',*,*,#2857,.T.);
#3740=ORIENTED_EDGE('',*,*,#2858,.T.);
#3741=ORIENTED_EDGE('',*,*,#2856,.F.);
#3742=ORIENTED_EDGE('',*,*,#2859,.T.);
#3743=ORIENTED_EDGE('',*,*,#2860,.T.);
#3744=ORIENTED_EDGE('',*,*,#2857,.F.);
#3745=ORIENTED_EDGE('',*,*,#2731,.T.);
#3746=ORIENTED_EDGE('',*,*,#2861,.T.);
#3747=ORIENTED_EDGE('',*,*,#2859,.F.);
#3748=ORIENTED_EDGE('',*,*,#2730,.T.);
#3749=ORIENTED_EDGE('',*,*,#2849,.T.);
#3750=ORIENTED_EDGE('',*,*,#2853,.F.);
#3751=ORIENTED_EDGE('',*,*,#2862,.F.);
#3752=ORIENTED_EDGE('',*,*,#2863,.F.);
#3753=ORIENTED_EDGE('',*,*,#2846,.T.);
#3754=ORIENTED_EDGE('',*,*,#2855,.F.);
#3755=ORIENTED_EDGE('',*,*,#2864,.F.);
#3756=ORIENTED_EDGE('',*,*,#2865,.F.);
#3757=ORIENTED_EDGE('',*,*,#2862,.T.);
#3758=ORIENTED_EDGE('',*,*,#2858,.F.);
#3759=ORIENTED_EDGE('',*,*,#2866,.F.);
#3760=ORIENTED_EDGE('',*,*,#2867,.F.);
#3761=ORIENTED_EDGE('',*,*,#2864,.T.);
#3762=ORIENTED_EDGE('',*,*,#2860,.F.);
#3763=ORIENTED_EDGE('',*,*,#2868,.F.);
#3764=ORIENTED_EDGE('',*,*,#2869,.F.);
#3765=ORIENTED_EDGE('',*,*,#2866,.T.);
#3766=ORIENTED_EDGE('',*,*,#2861,.F.);
#3767=ORIENTED_EDGE('',*,*,#2870,.F.);
#3768=ORIENTED_EDGE('',*,*,#2871,.F.);
#3769=ORIENTED_EDGE('',*,*,#2868,.T.);
#3770=ORIENTED_EDGE('',*,*,#2848,.F.);
#3771=ORIENTED_EDGE('',*,*,#2872,.F.);
#3772=ORIENTED_EDGE('',*,*,#2873,.F.);
#3773=ORIENTED_EDGE('',*,*,#2870,.T.);
#3774=ORIENTED_EDGE('',*,*,#2712,.T.);
#3775=ORIENTED_EDGE('',*,*,#2644,.T.);
#3776=ORIENTED_EDGE('',*,*,#2675,.T.);
#3777=ORIENTED_EDGE('',*,*,#2874,.T.);
#3778=ORIENTED_EDGE('',*,*,#2674,.T.);
#3779=ORIENTED_EDGE('',*,*,#2875,.T.);
#3780=ORIENTED_EDGE('',*,*,#2876,.T.);
#3781=ORIENTED_EDGE('',*,*,#2874,.F.);
#3782=ORIENTED_EDGE('',*,*,#2673,.T.);
#3783=ORIENTED_EDGE('',*,*,#2877,.T.);
#3784=ORIENTED_EDGE('',*,*,#2873,.T.);
#3785=ORIENTED_EDGE('',*,*,#2875,.F.);
#3786=ORIENTED_EDGE('',*,*,#2867,.T.);
#3787=ORIENTED_EDGE('',*,*,#2878,.T.);
#3788=ORIENTED_EDGE('',*,*,#2670,.T.);
#3789=ORIENTED_EDGE('',*,*,#2879,.T.);
#3790=ORIENTED_EDGE('',*,*,#2669,.T.);
#3791=ORIENTED_EDGE('',*,*,#2880,.T.);
#3792=ORIENTED_EDGE('',*,*,#2865,.T.);
#3793=ORIENTED_EDGE('',*,*,#2879,.F.);
#3794=ORIENTED_EDGE('',*,*,#2668,.T.);
#3795=ORIENTED_EDGE('',*,*,#2881,.T.);
#3796=ORIENTED_EDGE('',*,*,#2863,.T.);
#3797=ORIENTED_EDGE('',*,*,#2880,.F.);
#3798=ORIENTED_EDGE('',*,*,#2844,.T.);
#3799=ORIENTED_EDGE('',*,*,#2881,.F.);
#3800=ORIENTED_EDGE('',*,*,#2667,.T.);
#3801=ORIENTED_EDGE('',*,*,#2882,.T.);
#3802=ORIENTED_EDGE('',*,*,#2883,.T.);
#3803=ORIENTED_EDGE('',*,*,#2882,.F.);
#3804=ORIENTED_EDGE('',*,*,#2666,.T.);
#3805=ORIENTED_EDGE('',*,*,#2884,.T.);
#3806=ORIENTED_EDGE('',*,*,#2885,.T.);
#3807=ORIENTED_EDGE('',*,*,#2671,.T.);
#3808=ORIENTED_EDGE('',*,*,#2878,.F.);
#3809=ORIENTED_EDGE('',*,*,#2869,.T.);
#3810=ORIENTED_EDGE('',*,*,#2672,.T.);
#3811=ORIENTED_EDGE('',*,*,#2885,.F.);
#3812=ORIENTED_EDGE('',*,*,#2871,.T.);
#3813=ORIENTED_EDGE('',*,*,#2877,.F.);
#3814=ORIENTED_EDGE('',*,*,#2665,.T.);
#3815=ORIENTED_EDGE('',*,*,#2722,.T.);
#3816=ORIENTED_EDGE('',*,*,#2886,.T.);
#3817=ORIENTED_EDGE('',*,*,#2884,.F.);
#3818=ORIENTED_EDGE('',*,*,#2850,.F.);
#3819=ORIENTED_EDGE('',*,*,#2713,.F.);
#3820=ORIENTED_EDGE('',*,*,#2876,.F.);
#3821=ORIENTED_EDGE('',*,*,#2872,.T.);
#3822=ORIENTED_EDGE('',*,*,#2852,.F.);
#3823=ORIENTED_EDGE('',*,*,#2845,.F.);
#3824=ORIENTED_EDGE('',*,*,#2883,.F.);
#3825=ORIENTED_EDGE('',*,*,#2887,.T.);
#3826=ORIENTED_EDGE('',*,*,#2692,.F.);
#3827=ORIENTED_EDGE('',*,*,#2726,.F.);
#3828=ORIENTED_EDGE('',*,*,#2887,.F.);
#3829=ORIENTED_EDGE('',*,*,#2886,.F.);
#3830=ORIENTED_EDGE('',*,*,#2721,.T.);
#3831=ORIENTED_EDGE('',*,*,#2820,.F.);
#3832=ORIENTED_EDGE('',*,*,#2888,.F.);
#3833=ORIENTED_EDGE('',*,*,#2678,.F.);
#3834=ORIENTED_EDGE('',*,*,#2829,.T.);
#3835=ORIENTED_EDGE('',*,*,#2823,.F.);
#3836=ORIENTED_EDGE('',*,*,#2828,.F.);
#3837=ORIENTED_EDGE('',*,*,#2679,.F.);
#3838=ORIENTED_EDGE('',*,*,#2888,.T.);
#3839=ORIENTED_EDGE('',*,*,#2889,.F.);
#3840=ORIENTED_EDGE('',*,*,#2890,.T.);
#3841=ORIENTED_EDGE('',*,*,#2890,.F.);
#3842=ORIENTED_EDGE('',*,*,#2891,.F.);
#3843=ORIENTED_EDGE('',*,*,#2892,.T.);
#3844=ORIENTED_EDGE('',*,*,#2676,.F.);
#3845=ORIENTED_EDGE('',*,*,#2893,.T.);
#3846=ORIENTED_EDGE('',*,*,#2891,.T.);
#3847=ORIENTED_EDGE('',*,*,#2893,.F.);
#3848=ORIENTED_EDGE('',*,*,#2892,.F.);
#3849=ORIENTED_EDGE('',*,*,#2894,.T.);
#3850=ORIENTED_EDGE('',*,*,#2889,.T.);
#3851=ORIENTED_EDGE('',*,*,#2894,.F.);
#3852=ORIENTED_EDGE('',*,*,#2895,.T.);
#3853=ORIENTED_EDGE('',*,*,#2806,.T.);
#3854=ORIENTED_EDGE('',*,*,#2648,.T.);
#3855=ORIENTED_EDGE('',*,*,#2743,.T.);
#3856=ORIENTED_EDGE('',*,*,#2706,.F.);
#3857=ORIENTED_EDGE('',*,*,#2705,.F.);
#3858=ORIENTED_EDGE('',*,*,#2709,.T.);
#3859=ORIENTED_EDGE('',*,*,#2896,.T.);
#3860=ORIENTED_EDGE('',*,*,#2897,.T.);
#3861=ORIENTED_EDGE('',*,*,#2807,.T.);
#3862=ORIENTED_EDGE('',*,*,#2895,.F.);
#3863=ORIENTED_EDGE('',*,*,#2704,.F.);
#3864=ORIENTED_EDGE('',*,*,#2898,.T.);
#3865=ORIENTED_EDGE('',*,*,#2808,.T.);
#3866=ORIENTED_EDGE('',*,*,#2897,.F.);
#3867=ORIENTED_EDGE('',*,*,#2899,.T.);
#3868=ORIENTED_EDGE('',*,*,#2900,.T.);
#3869=ORIENTED_EDGE('',*,*,#2809,.T.);
#3870=ORIENTED_EDGE('',*,*,#2898,.F.);
#3871=ORIENTED_EDGE('',*,*,#2901,.T.);
#3872=ORIENTED_EDGE('',*,*,#2902,.T.);
#3873=ORIENTED_EDGE('',*,*,#2810,.T.);
#3874=ORIENTED_EDGE('',*,*,#2900,.F.);
#3875=ORIENTED_EDGE('',*,*,#2903,.T.);
#3876=ORIENTED_EDGE('',*,*,#2904,.T.);
#3877=ORIENTED_EDGE('',*,*,#2811,.T.);
#3878=ORIENTED_EDGE('',*,*,#2902,.F.);
#3879=ORIENTED_EDGE('',*,*,#2905,.T.);
#3880=ORIENTED_EDGE('',*,*,#2906,.T.);
#3881=ORIENTED_EDGE('',*,*,#2812,.T.);
#3882=ORIENTED_EDGE('',*,*,#2904,.F.);
#3883=ORIENTED_EDGE('',*,*,#2907,.T.);
#3884=ORIENTED_EDGE('',*,*,#2908,.T.);
#3885=ORIENTED_EDGE('',*,*,#2813,.T.);
#3886=ORIENTED_EDGE('',*,*,#2906,.F.);
#3887=ORIENTED_EDGE('',*,*,#2909,.T.);
#3888=ORIENTED_EDGE('',*,*,#2682,.T.);
#3889=ORIENTED_EDGE('',*,*,#2814,.T.);
#3890=ORIENTED_EDGE('',*,*,#2908,.F.);
#3891=ORIENTED_EDGE('',*,*,#2910,.T.);
#3892=ORIENTED_EDGE('',*,*,#2910,.F.);
#3893=ORIENTED_EDGE('',*,*,#2911,.F.);
#3894=ORIENTED_EDGE('',*,*,#2683,.F.);
#3895=ORIENTED_EDGE('',*,*,#2909,.F.);
#3896=ORIENTED_EDGE('',*,*,#2912,.T.);
#3897=ORIENTED_EDGE('',*,*,#2913,.F.);
#3898=ORIENTED_EDGE('',*,*,#2914,.F.);
#3899=ORIENTED_EDGE('',*,*,#2911,.T.);
#3900=ORIENTED_EDGE('',*,*,#2907,.F.);
#3901=ORIENTED_EDGE('',*,*,#2915,.F.);
#3902=ORIENTED_EDGE('',*,*,#2916,.F.);
#3903=ORIENTED_EDGE('',*,*,#2917,.F.);
#3904=ORIENTED_EDGE('',*,*,#2912,.F.);
#3905=ORIENTED_EDGE('',*,*,#2905,.F.);
#3906=ORIENTED_EDGE('',*,*,#2918,.T.);
#3907=ORIENTED_EDGE('',*,*,#2919,.F.);
#3908=ORIENTED_EDGE('',*,*,#2920,.F.);
#3909=ORIENTED_EDGE('',*,*,#2915,.T.);
#3910=ORIENTED_EDGE('',*,*,#2903,.F.);
#3911=ORIENTED_EDGE('',*,*,#2921,.F.);
#3912=ORIENTED_EDGE('',*,*,#2922,.F.);
#3913=ORIENTED_EDGE('',*,*,#2923,.F.);
#3914=ORIENTED_EDGE('',*,*,#2924,.F.);
#3915=ORIENTED_EDGE('',*,*,#2918,.F.);
#3916=ORIENTED_EDGE('',*,*,#2901,.F.);
#3917=ORIENTED_EDGE('',*,*,#2925,.T.);
#3918=ORIENTED_EDGE('',*,*,#2926,.F.);
#3919=ORIENTED_EDGE('',*,*,#2927,.F.);
#3920=ORIENTED_EDGE('',*,*,#2921,.T.);
#3921=ORIENTED_EDGE('',*,*,#2899,.F.);
#3922=ORIENTED_EDGE('',*,*,#2928,.F.);
#3923=ORIENTED_EDGE('',*,*,#2929,.F.);
#3924=ORIENTED_EDGE('',*,*,#2930,.F.);
#3925=ORIENTED_EDGE('',*,*,#2925,.F.);
#3926=ORIENTED_EDGE('',*,*,#2717,.F.);
#3927=ORIENTED_EDGE('',*,*,#2720,.F.);
#3928=ORIENTED_EDGE('',*,*,#2928,.T.);
#3929=ORIENTED_EDGE('',*,*,#2896,.F.);
#3930=ORIENTED_EDGE('',*,*,#2708,.T.);
#3931=ORIENTED_EDGE('',*,*,#2689,.F.);
#3932=ORIENTED_EDGE('',*,*,#2931,.T.);
#3933=ORIENTED_EDGE('',*,*,#2930,.T.);
#3934=ORIENTED_EDGE('',*,*,#2932,.T.);
#3935=ORIENTED_EDGE('',*,*,#2661,.T.);
#3936=ORIENTED_EDGE('',*,*,#2932,.F.);
#3937=ORIENTED_EDGE('',*,*,#2929,.T.);
#3938=ORIENTED_EDGE('',*,*,#2719,.F.);
#3939=ORIENTED_EDGE('',*,*,#2662,.T.);
#3940=ORIENTED_EDGE('',*,*,#2933,.T.);
#3941=ORIENTED_EDGE('',*,*,#2927,.T.);
#3942=ORIENTED_EDGE('',*,*,#2934,.T.);
#3943=ORIENTED_EDGE('',*,*,#2659,.T.);
#3944=ORIENTED_EDGE('',*,*,#2934,.F.);
#3945=ORIENTED_EDGE('',*,*,#2926,.T.);
#3946=ORIENTED_EDGE('',*,*,#2931,.F.);
#3947=ORIENTED_EDGE('',*,*,#2660,.T.);
#3948=ORIENTED_EDGE('',*,*,#2935,.T.);
#3949=ORIENTED_EDGE('',*,*,#2923,.T.);
#3950=ORIENTED_EDGE('',*,*,#2936,.T.);
#3951=ORIENTED_EDGE('',*,*,#2657,.T.);
#3952=ORIENTED_EDGE('',*,*,#2936,.F.);
#3953=ORIENTED_EDGE('',*,*,#2922,.T.);
#3954=ORIENTED_EDGE('',*,*,#2933,.F.);
#3955=ORIENTED_EDGE('',*,*,#2658,.T.);
#3956=ORIENTED_EDGE('',*,*,#2937,.T.);
#3957=ORIENTED_EDGE('',*,*,#2655,.T.);
#3958=ORIENTED_EDGE('',*,*,#2938,.T.);
#3959=ORIENTED_EDGE('',*,*,#2919,.T.);
#3960=ORIENTED_EDGE('',*,*,#2937,.F.);
#3961=ORIENTED_EDGE('',*,*,#2924,.T.);
#3962=ORIENTED_EDGE('',*,*,#2935,.F.);
#3963=ORIENTED_EDGE('',*,*,#2656,.T.);
#3964=ORIENTED_EDGE('',*,*,#2939,.T.);
#3965=ORIENTED_EDGE('',*,*,#2653,.T.);
#3966=ORIENTED_EDGE('',*,*,#2940,.T.);
#3967=ORIENTED_EDGE('',*,*,#2916,.T.);
#3968=ORIENTED_EDGE('',*,*,#2939,.F.);
#3969=ORIENTED_EDGE('',*,*,#2920,.T.);
#3970=ORIENTED_EDGE('',*,*,#2938,.F.);
#3971=ORIENTED_EDGE('',*,*,#2654,.T.);
#3972=ORIENTED_EDGE('',*,*,#2941,.T.);
#3973=ORIENTED_EDGE('',*,*,#2651,.T.);
#3974=ORIENTED_EDGE('',*,*,#2942,.T.);
#3975=ORIENTED_EDGE('',*,*,#2913,.T.);
#3976=ORIENTED_EDGE('',*,*,#2941,.F.);
#3977=ORIENTED_EDGE('',*,*,#2917,.T.);
#3978=ORIENTED_EDGE('',*,*,#2940,.F.);
#3979=ORIENTED_EDGE('',*,*,#2652,.T.);
#3980=ORIENTED_EDGE('',*,*,#2684,.F.);
#3981=ORIENTED_EDGE('',*,*,#2914,.T.);
#3982=ORIENTED_EDGE('',*,*,#2942,.F.);
#3983=ORIENTED_EDGE('',*,*,#2650,.T.);
#3984=ORIENTED_EDGE('',*,*,#2774,.F.);
#3985=ORIENTED_EDGE('',*,*,#2794,.F.);
#3986=ORIENTED_EDGE('',*,*,#2943,.F.);
#3987=ORIENTED_EDGE('',*,*,#2770,.F.);
#3988=ORIENTED_EDGE('',*,*,#2944,.F.);
#3989=ORIENTED_EDGE('',*,*,#2943,.T.);
#3990=ORIENTED_EDGE('',*,*,#2793,.T.);
#3991=ORIENTED_EDGE('',*,*,#2945,.T.);
#3992=ORIENTED_EDGE('',*,*,#2946,.F.);
#3993=ORIENTED_EDGE('',*,*,#2945,.F.);
#3994=ORIENTED_EDGE('',*,*,#2792,.T.);
#3995=ORIENTED_EDGE('',*,*,#2947,.F.);
#3996=ORIENTED_EDGE('',*,*,#2948,.F.);
#3997=ORIENTED_EDGE('',*,*,#2947,.T.);
#3998=ORIENTED_EDGE('',*,*,#2791,.T.);
#3999=ORIENTED_EDGE('',*,*,#2949,.T.);
#4000=ORIENTED_EDGE('',*,*,#2950,.F.);
#4001=ORIENTED_EDGE('',*,*,#2797,.F.);
#4002=ORIENTED_EDGE('',*,*,#2951,.F.);
#4003=ORIENTED_EDGE('',*,*,#2952,.F.);
#4004=ORIENTED_EDGE('',*,*,#2951,.T.);
#4005=ORIENTED_EDGE('',*,*,#2796,.T.);
#4006=ORIENTED_EDGE('',*,*,#2953,.F.);
#4007=ORIENTED_EDGE('',*,*,#2954,.F.);
#4008=ORIENTED_EDGE('',*,*,#2953,.T.);
#4009=ORIENTED_EDGE('',*,*,#2795,.F.);
#4010=ORIENTED_EDGE('',*,*,#2800,.T.);
#4011=ORIENTED_EDGE('',*,*,#2955,.T.);
#4012=ORIENTED_EDGE('',*,*,#2956,.F.);
#4013=ORIENTED_EDGE('',*,*,#2954,.T.);
#4014=ORIENTED_EDGE('',*,*,#2798,.T.);
#4015=ORIENTED_EDGE('',*,*,#2950,.T.);
#4016=ORIENTED_EDGE('',*,*,#2957,.F.);
#4017=ORIENTED_EDGE('',*,*,#2958,.T.);
#4018=ORIENTED_EDGE('',*,*,#2957,.T.);
#4019=ORIENTED_EDGE('',*,*,#2952,.T.);
#4020=ORIENTED_EDGE('',*,*,#2956,.T.);
#4021=ORIENTED_EDGE('',*,*,#2959,.T.);
#4022=ORIENTED_EDGE('',*,*,#2955,.F.);
#4023=ORIENTED_EDGE('',*,*,#2799,.F.);
#4024=ORIENTED_EDGE('',*,*,#2958,.F.);
#4025=ORIENTED_EDGE('',*,*,#2959,.F.);
#4026=ORIENTED_EDGE('',*,*,#2960,.F.);
#4027=ORIENTED_EDGE('',*,*,#2961,.T.);
#4028=ORIENTED_EDGE('',*,*,#2962,.T.);
#4029=ORIENTED_EDGE('',*,*,#2960,.T.);
#4030=ORIENTED_EDGE('',*,*,#2962,.F.);
#4031=ORIENTED_EDGE('',*,*,#2961,.F.);
#4032=ORIENTED_EDGE('',*,*,#2963,.T.);
#4033=ORIENTED_EDGE('',*,*,#2964,.F.);
#4034=ORIENTED_EDGE('',*,*,#2963,.F.);
#4035=ORIENTED_EDGE('',*,*,#2965,.T.);
#4036=ORIENTED_EDGE('',*,*,#2769,.T.);
#4037=ORIENTED_EDGE('',*,*,#2965,.F.);
#4038=ORIENTED_EDGE('',*,*,#2964,.T.);
#4039=ORIENTED_EDGE('',*,*,#2966,.F.);
#4040=ORIENTED_EDGE('',*,*,#2949,.F.);
#4041=ORIENTED_EDGE('',*,*,#2790,.F.);
#4042=ORIENTED_EDGE('',*,*,#2967,.F.);
#4043=ORIENTED_EDGE('',*,*,#2968,.F.);
#4044=ORIENTED_EDGE('',*,*,#2967,.T.);
#4045=ORIENTED_EDGE('',*,*,#2789,.T.);
#4046=ORIENTED_EDGE('',*,*,#2969,.T.);
#4047=ORIENTED_EDGE('',*,*,#2970,.F.);
#4048=ORIENTED_EDGE('',*,*,#2969,.F.);
#4049=ORIENTED_EDGE('',*,*,#2788,.T.);
#4050=ORIENTED_EDGE('',*,*,#2971,.F.);
#4051=ORIENTED_EDGE('',*,*,#2972,.F.);
#4052=ORIENTED_EDGE('',*,*,#2971,.T.);
#4053=ORIENTED_EDGE('',*,*,#2787,.T.);
#4054=ORIENTED_EDGE('',*,*,#2779,.T.);
#4055=ORIENTED_EDGE('',*,*,#2973,.F.);
#4056=ORIENTED_EDGE('',*,*,#2972,.T.);
#4057=ORIENTED_EDGE('',*,*,#2781,.T.);
#4058=ORIENTED_EDGE('',*,*,#2767,.T.);
#4059=ORIENTED_EDGE('',*,*,#2771,.T.);
#4060=ORIENTED_EDGE('',*,*,#2944,.T.);
#4061=ORIENTED_EDGE('',*,*,#2974,.F.);
#4062=ORIENTED_EDGE('',*,*,#2761,.T.);
#4063=ORIENTED_EDGE('',*,*,#2973,.T.);
#4064=ORIENTED_EDGE('',*,*,#2766,.T.);
#4065=ORIENTED_EDGE('',*,*,#2975,.F.);
#4066=ORIENTED_EDGE('',*,*,#2970,.T.);
#4067=ORIENTED_EDGE('',*,*,#2976,.F.);
#4068=ORIENTED_EDGE('',*,*,#2762,.T.);
#4069=ORIENTED_EDGE('',*,*,#2974,.T.);
#4070=ORIENTED_EDGE('',*,*,#2946,.T.);
#4071=ORIENTED_EDGE('',*,*,#2977,.F.);
#4072=ORIENTED_EDGE('',*,*,#2968,.T.);
#4073=ORIENTED_EDGE('',*,*,#2975,.T.);
#4074=ORIENTED_EDGE('',*,*,#2765,.T.);
#4075=ORIENTED_EDGE('',*,*,#2976,.T.);
#4076=ORIENTED_EDGE('',*,*,#2948,.T.);
#4077=ORIENTED_EDGE('',*,*,#2978,.F.);
#4078=ORIENTED_EDGE('',*,*,#2763,.T.);
#4079=ORIENTED_EDGE('',*,*,#2977,.T.);
#4080=ORIENTED_EDGE('',*,*,#2764,.T.);
#4081=ORIENTED_EDGE('',*,*,#2978,.T.);
#4082=ORIENTED_EDGE('',*,*,#2966,.T.);
#4083=ORIENTED_EDGE('',*,*,#2627,.F.);
#4084=ORIENTED_EDGE('',*,*,#2979,.T.);
#4085=ORIENTED_EDGE('',*,*,#2803,.F.);
#4086=ORIENTED_EDGE('',*,*,#2980,.F.);
#4087=ORIENTED_EDGE('',*,*,#2623,.F.);
#4088=ORIENTED_EDGE('',*,*,#2980,.T.);
#4089=ORIENTED_EDGE('',*,*,#2802,.F.);
#4090=ORIENTED_EDGE('',*,*,#2981,.F.);
#4091=ORIENTED_EDGE('',*,*,#2636,.F.);
#4092=ORIENTED_EDGE('',*,*,#2635,.F.);
#4093=ORIENTED_EDGE('',*,*,#2981,.T.);
#4094=ORIENTED_EDGE('',*,*,#2801,.F.);
#4095=ORIENTED_EDGE('',*,*,#2640,.F.);
#4096=ORIENTED_EDGE('',*,*,#2805,.F.);
#4097=ORIENTED_EDGE('',*,*,#2982,.F.);
#4098=ORIENTED_EDGE('',*,*,#2618,.F.);
#4099=ORIENTED_EDGE('',*,*,#2982,.T.);
#4100=ORIENTED_EDGE('',*,*,#2804,.F.);
#4101=ORIENTED_EDGE('',*,*,#2979,.F.);
#4102=ORIENTED_EDGE('',*,*,#2629,.F.);
#4103=ORIENTED_EDGE('',*,*,#2983,.F.);
#4104=ORIENTED_EDGE('',*,*,#2984,.F.);
#4105=ORIENTED_EDGE('',*,*,#2985,.T.);
#4106=ORIENTED_EDGE('',*,*,#2985,.F.);
#4107=ORIENTED_EDGE('',*,*,#2986,.F.);
#4108=ORIENTED_EDGE('',*,*,#2987,.F.);
#4109=ORIENTED_EDGE('',*,*,#2988,.F.);
#4110=ORIENTED_EDGE('',*,*,#2989,.F.);
#4111=ORIENTED_EDGE('',*,*,#2986,.T.);
#4112=ORIENTED_EDGE('',*,*,#2984,.T.);
#4113=ORIENTED_EDGE('',*,*,#2990,.F.);
#4114=ORIENTED_EDGE('',*,*,#2991,.F.);
#4115=ORIENTED_EDGE('',*,*,#2992,.F.);
#4116=ORIENTED_EDGE('',*,*,#2993,.F.);
#4117=ORIENTED_EDGE('',*,*,#2988,.T.);
#4118=ORIENTED_EDGE('',*,*,#2990,.T.);
#4119=ORIENTED_EDGE('',*,*,#2987,.T.);
#4120=ORIENTED_EDGE('',*,*,#2983,.T.);
#4121=ORIENTED_EDGE('',*,*,#2989,.T.);
#4122=ORIENTED_EDGE('',*,*,#2993,.T.);
#4123=ORIENTED_EDGE('',*,*,#2994,.T.);
#4124=ORIENTED_EDGE('',*,*,#2995,.T.);
#4125=ORIENTED_EDGE('',*,*,#2996,.T.);
#4126=ORIENTED_EDGE('',*,*,#2997,.T.);
#4127=ORIENTED_EDGE('',*,*,#2998,.T.);
#4128=ORIENTED_EDGE('',*,*,#2999,.T.);
#4129=ORIENTED_EDGE('',*,*,#2998,.F.);
#4130=ORIENTED_EDGE('',*,*,#3000,.F.);
#4131=ORIENTED_EDGE('',*,*,#3001,.T.);
#4132=ORIENTED_EDGE('',*,*,#3002,.F.);
#4133=ORIENTED_EDGE('',*,*,#2997,.F.);
#4134=ORIENTED_EDGE('',*,*,#3003,.T.);
#4135=ORIENTED_EDGE('',*,*,#3004,.F.);
#4136=ORIENTED_EDGE('',*,*,#3005,.F.);
#4137=ORIENTED_EDGE('',*,*,#3006,.F.);
#4138=ORIENTED_EDGE('',*,*,#3007,.T.);
#4139=ORIENTED_EDGE('',*,*,#3008,.F.);
#4140=ORIENTED_EDGE('',*,*,#3009,.F.);
#4141=ORIENTED_EDGE('',*,*,#3010,.F.);
#4142=ORIENTED_EDGE('',*,*,#3011,.T.);
#4143=ORIENTED_EDGE('',*,*,#3012,.F.);
#4144=ORIENTED_EDGE('',*,*,#3013,.T.);
#4145=ORIENTED_EDGE('',*,*,#3014,.T.);
#4146=ORIENTED_EDGE('',*,*,#3000,.T.);
#4147=ORIENTED_EDGE('',*,*,#3015,.F.);
#4148=ORIENTED_EDGE('',*,*,#3016,.F.);
#4149=ORIENTED_EDGE('',*,*,#3017,.F.);
#4150=ORIENTED_EDGE('',*,*,#3018,.F.);
#4151=ORIENTED_EDGE('',*,*,#3019,.F.);
#4152=ORIENTED_EDGE('',*,*,#3020,.F.);
#4153=ORIENTED_EDGE('',*,*,#3021,.F.);
#4154=ORIENTED_EDGE('',*,*,#3022,.F.);
#4155=ORIENTED_EDGE('',*,*,#3023,.T.);
#4156=ORIENTED_EDGE('',*,*,#3024,.T.);
#4157=ORIENTED_EDGE('',*,*,#3025,.T.);
#4158=ORIENTED_EDGE('',*,*,#3026,.T.);
#4159=ORIENTED_EDGE('',*,*,#3027,.T.);
#4160=ORIENTED_EDGE('',*,*,#3028,.F.);
#4161=ORIENTED_EDGE('',*,*,#3029,.F.);
#4162=ORIENTED_EDGE('',*,*,#3030,.F.);
#4163=ORIENTED_EDGE('',*,*,#3031,.F.);
#4164=ORIENTED_EDGE('',*,*,#3032,.F.);
#4165=ORIENTED_EDGE('',*,*,#3033,.F.);
#4166=ORIENTED_EDGE('',*,*,#3034,.F.);
#4167=ORIENTED_EDGE('',*,*,#3035,.T.);
#4168=ORIENTED_EDGE('',*,*,#3036,.T.);
#4169=ORIENTED_EDGE('',*,*,#3037,.T.);
#4170=ORIENTED_EDGE('',*,*,#3038,.T.);
#4171=ORIENTED_EDGE('',*,*,#3039,.T.);
#4172=ORIENTED_EDGE('',*,*,#3040,.T.);
#4173=ORIENTED_EDGE('',*,*,#3041,.T.);
#4174=ORIENTED_EDGE('',*,*,#3042,.T.);
#4175=ORIENTED_EDGE('',*,*,#3043,.T.);
#4176=ORIENTED_EDGE('',*,*,#3044,.T.);
#4177=ORIENTED_EDGE('',*,*,#3045,.F.);
#4178=ORIENTED_EDGE('',*,*,#3045,.T.);
#4179=ORIENTED_EDGE('',*,*,#3046,.T.);
#4180=ORIENTED_EDGE('',*,*,#3047,.F.);
#4181=ORIENTED_EDGE('',*,*,#3048,.T.);
#4182=ORIENTED_EDGE('',*,*,#3049,.F.);
#4183=ORIENTED_EDGE('',*,*,#3050,.T.);
#4184=ORIENTED_EDGE('',*,*,#3051,.F.);
#4185=ORIENTED_EDGE('',*,*,#2996,.F.);
#4186=ORIENTED_EDGE('',*,*,#3052,.F.);
#4187=ORIENTED_EDGE('',*,*,#3053,.F.);
#4188=ORIENTED_EDGE('',*,*,#3003,.F.);
#4189=ORIENTED_EDGE('',*,*,#3012,.T.);
#4190=ORIENTED_EDGE('',*,*,#3054,.T.);
#4191=ORIENTED_EDGE('',*,*,#3055,.T.);
#4192=ORIENTED_EDGE('',*,*,#3056,.T.);
#4193=ORIENTED_EDGE('',*,*,#3057,.T.);
#4194=ORIENTED_EDGE('',*,*,#2999,.F.);
#4195=ORIENTED_EDGE('',*,*,#3002,.T.);
#4196=ORIENTED_EDGE('',*,*,#3058,.T.);
#4197=ORIENTED_EDGE('',*,*,#3059,.T.);
#4198=ORIENTED_EDGE('',*,*,#3056,.F.);
#4199=ORIENTED_EDGE('',*,*,#3060,.F.);
#4200=ORIENTED_EDGE('',*,*,#3061,.F.);
#4201=ORIENTED_EDGE('',*,*,#3062,.F.);
#4202=ORIENTED_EDGE('',*,*,#3063,.F.);
#4203=ORIENTED_EDGE('',*,*,#3064,.F.);
#4204=ORIENTED_EDGE('',*,*,#3065,.F.);
#4205=ORIENTED_EDGE('',*,*,#3066,.F.);
#4206=ORIENTED_EDGE('',*,*,#3067,.F.);
#4207=ORIENTED_EDGE('',*,*,#3068,.F.);
#4208=ORIENTED_EDGE('',*,*,#3069,.F.);
#4209=ORIENTED_EDGE('',*,*,#3055,.F.);
#4210=ORIENTED_EDGE('',*,*,#3070,.T.);
#4211=ORIENTED_EDGE('',*,*,#3071,.F.);
#4212=ORIENTED_EDGE('',*,*,#3060,.T.);
#4213=ORIENTED_EDGE('',*,*,#3054,.F.);
#4214=ORIENTED_EDGE('',*,*,#3011,.F.);
#4215=ORIENTED_EDGE('',*,*,#3072,.F.);
#4216=ORIENTED_EDGE('',*,*,#3070,.F.);
#4217=ORIENTED_EDGE('',*,*,#3058,.F.);
#4218=ORIENTED_EDGE('',*,*,#3001,.F.);
#4219=ORIENTED_EDGE('',*,*,#3014,.F.);
#4220=ORIENTED_EDGE('',*,*,#3073,.T.);
#4221=ORIENTED_EDGE('',*,*,#3057,.F.);
#4222=ORIENTED_EDGE('',*,*,#3059,.F.);
#4223=ORIENTED_EDGE('',*,*,#3073,.F.);
#4224=ORIENTED_EDGE('',*,*,#3013,.F.);
#4225=ORIENTED_EDGE('',*,*,#3074,.T.);
#4226=ORIENTED_EDGE('',*,*,#3064,.T.);
#4227=ORIENTED_EDGE('',*,*,#3075,.T.);
#4228=ORIENTED_EDGE('',*,*,#3076,.T.);
#4229=ORIENTED_EDGE('',*,*,#3077,.T.);
#4230=ORIENTED_EDGE('',*,*,#3078,.T.);
#4231=ORIENTED_EDGE('',*,*,#3075,.F.);
#4232=ORIENTED_EDGE('',*,*,#3063,.T.);
#4233=ORIENTED_EDGE('',*,*,#3074,.F.);
#4234=ORIENTED_EDGE('',*,*,#3079,.T.);
#4235=ORIENTED_EDGE('',*,*,#3080,.T.);
#4236=ORIENTED_EDGE('',*,*,#3065,.T.);
#4237=ORIENTED_EDGE('',*,*,#3077,.F.);
#4238=ORIENTED_EDGE('',*,*,#3062,.T.);
#4239=ORIENTED_EDGE('',*,*,#3081,.T.);
#4240=ORIENTED_EDGE('',*,*,#3082,.T.);
#4241=ORIENTED_EDGE('',*,*,#3083,.T.);
#4242=ORIENTED_EDGE('',*,*,#3066,.T.);
#4243=ORIENTED_EDGE('',*,*,#3080,.F.);
#4244=ORIENTED_EDGE('',*,*,#3084,.T.);
#4245=ORIENTED_EDGE('',*,*,#3071,.T.);
#4246=ORIENTED_EDGE('',*,*,#3085,.T.);
#4247=ORIENTED_EDGE('',*,*,#3081,.F.);
#4248=ORIENTED_EDGE('',*,*,#3061,.T.);
#4249=ORIENTED_EDGE('',*,*,#3083,.F.);
#4250=ORIENTED_EDGE('',*,*,#3086,.T.);
#4251=ORIENTED_EDGE('',*,*,#3087,.T.);
#4252=ORIENTED_EDGE('',*,*,#3067,.T.);
#4253=ORIENTED_EDGE('',*,*,#3086,.F.);
#4254=ORIENTED_EDGE('',*,*,#3088,.T.);
#4255=ORIENTED_EDGE('',*,*,#3004,.T.);
#4256=ORIENTED_EDGE('',*,*,#3053,.T.);
#4257=ORIENTED_EDGE('',*,*,#3084,.F.);
#4258=ORIENTED_EDGE('',*,*,#3089,.F.);
#4259=ORIENTED_EDGE('',*,*,#3005,.T.);
#4260=ORIENTED_EDGE('',*,*,#3088,.F.);
#4261=ORIENTED_EDGE('',*,*,#3079,.F.);
#4262=ORIENTED_EDGE('',*,*,#3090,.T.);
#4263=ORIENTED_EDGE('',*,*,#3006,.T.);
#4264=ORIENTED_EDGE('',*,*,#3089,.T.);
#4265=ORIENTED_EDGE('',*,*,#3076,.F.);
#4266=ORIENTED_EDGE('',*,*,#3091,.F.);
#4267=ORIENTED_EDGE('',*,*,#3007,.F.);
#4268=ORIENTED_EDGE('',*,*,#3090,.F.);
#4269=ORIENTED_EDGE('',*,*,#3092,.T.);
#4270=ORIENTED_EDGE('',*,*,#3069,.T.);
#4271=ORIENTED_EDGE('',*,*,#3092,.F.);
#4272=ORIENTED_EDGE('',*,*,#3093,.T.);
#4273=ORIENTED_EDGE('',*,*,#3094,.F.);
#4274=ORIENTED_EDGE('',*,*,#3095,.T.);
#4275=ORIENTED_EDGE('',*,*,#3093,.F.);
#4276=ORIENTED_EDGE('',*,*,#3095,.F.);
#4277=ORIENTED_EDGE('',*,*,#3094,.T.);
#4278=ORIENTED_EDGE('',*,*,#3096,.T.);
#4279=ORIENTED_EDGE('',*,*,#3097,.T.);
#4280=ORIENTED_EDGE('',*,*,#3096,.F.);
#4281=ORIENTED_EDGE('',*,*,#3098,.F.);
#4282=ORIENTED_EDGE('',*,*,#3050,.F.);
#4283=ORIENTED_EDGE('',*,*,#3099,.F.);
#4284=ORIENTED_EDGE('',*,*,#3100,.F.);
#4285=ORIENTED_EDGE('',*,*,#3097,.F.);
#4286=ORIENTED_EDGE('',*,*,#3101,.T.);
#4287=ORIENTED_EDGE('',*,*,#3102,.T.);
#4288=ORIENTED_EDGE('',*,*,#3103,.T.);
#4289=ORIENTED_EDGE('',*,*,#3100,.T.);
#4290=ORIENTED_EDGE('',*,*,#3049,.T.);
#4291=ORIENTED_EDGE('',*,*,#3104,.T.);
#4292=ORIENTED_EDGE('',*,*,#3101,.F.);
#4293=ORIENTED_EDGE('',*,*,#3099,.T.);
#4294=ORIENTED_EDGE('',*,*,#3051,.T.);
#4295=ORIENTED_EDGE('',*,*,#3098,.T.);
#4296=ORIENTED_EDGE('',*,*,#3103,.F.);
#4297=ORIENTED_EDGE('',*,*,#3105,.T.);
#4298=ORIENTED_EDGE('',*,*,#3105,.F.);
#4299=ORIENTED_EDGE('',*,*,#3106,.T.);
#4300=ORIENTED_EDGE('',*,*,#3046,.F.);
#4301=ORIENTED_EDGE('',*,*,#3102,.F.);
#4302=ORIENTED_EDGE('',*,*,#3107,.T.);
#4303=ORIENTED_EDGE('',*,*,#3047,.T.);
#4304=ORIENTED_EDGE('',*,*,#3106,.F.);
#4305=ORIENTED_EDGE('',*,*,#3104,.F.);
#4306=ORIENTED_EDGE('',*,*,#3048,.F.);
#4307=ORIENTED_EDGE('',*,*,#3107,.F.);
#4308=ORIENTED_EDGE('',*,*,#3078,.F.);
#4309=ORIENTED_EDGE('',*,*,#3108,.T.);
#4310=ORIENTED_EDGE('',*,*,#3008,.T.);
#4311=ORIENTED_EDGE('',*,*,#3091,.T.);
#4312=ORIENTED_EDGE('',*,*,#3082,.F.);
#4313=ORIENTED_EDGE('',*,*,#3109,.F.);
#4314=ORIENTED_EDGE('',*,*,#3009,.T.);
#4315=ORIENTED_EDGE('',*,*,#3108,.F.);
#4316=ORIENTED_EDGE('',*,*,#3085,.F.);
#4317=ORIENTED_EDGE('',*,*,#3072,.T.);
#4318=ORIENTED_EDGE('',*,*,#3010,.T.);
#4319=ORIENTED_EDGE('',*,*,#3109,.T.);
#4320=ORIENTED_EDGE('',*,*,#2995,.F.);
#4321=ORIENTED_EDGE('',*,*,#3068,.T.);
#4322=ORIENTED_EDGE('',*,*,#3087,.F.);
#4323=ORIENTED_EDGE('',*,*,#3052,.T.);
#4324=ORIENTED_EDGE('',*,*,#3110,.F.);
#4325=ORIENTED_EDGE('',*,*,#3111,.F.);
#4326=ORIENTED_EDGE('',*,*,#3112,.F.);
#4327=ORIENTED_EDGE('',*,*,#3113,.T.);
#4328=ORIENTED_EDGE('',*,*,#3114,.F.);
#4329=ORIENTED_EDGE('',*,*,#3115,.F.);
#4330=ORIENTED_EDGE('',*,*,#3116,.F.);
#4331=ORIENTED_EDGE('',*,*,#3111,.T.);
#4332=ORIENTED_EDGE('',*,*,#3117,.F.);
#4333=ORIENTED_EDGE('',*,*,#3118,.F.);
#4334=ORIENTED_EDGE('',*,*,#3113,.F.);
#4335=ORIENTED_EDGE('',*,*,#3119,.F.);
#4336=ORIENTED_EDGE('',*,*,#3120,.T.);
#4337=ORIENTED_EDGE('',*,*,#3121,.F.);
#4338=ORIENTED_EDGE('',*,*,#3122,.F.);
#4339=ORIENTED_EDGE('',*,*,#3123,.F.);
#4340=ORIENTED_EDGE('',*,*,#3124,.F.);
#4341=ORIENTED_EDGE('',*,*,#3125,.T.);
#4342=ORIENTED_EDGE('',*,*,#3126,.T.);
#4343=ORIENTED_EDGE('',*,*,#3127,.T.);
#4344=ORIENTED_EDGE('',*,*,#3128,.T.);
#4345=ORIENTED_EDGE('',*,*,#3129,.T.);
#4346=ORIENTED_EDGE('',*,*,#3130,.T.);
#4347=ORIENTED_EDGE('',*,*,#3131,.T.);
#4348=ORIENTED_EDGE('',*,*,#3132,.F.);
#4349=ORIENTED_EDGE('',*,*,#3044,.F.);
#4350=ORIENTED_EDGE('',*,*,#3133,.T.);
#4351=ORIENTED_EDGE('',*,*,#3134,.F.);
#4352=ORIENTED_EDGE('',*,*,#3122,.T.);
#4353=ORIENTED_EDGE('',*,*,#3135,.F.);
#4354=ORIENTED_EDGE('',*,*,#3136,.T.);
#4355=ORIENTED_EDGE('',*,*,#3137,.F.);
#4356=ORIENTED_EDGE('',*,*,#3138,.T.);
#4357=ORIENTED_EDGE('',*,*,#3139,.F.);
#4358=ORIENTED_EDGE('',*,*,#3043,.F.);
#4359=ORIENTED_EDGE('',*,*,#3140,.F.);
#4360=ORIENTED_EDGE('',*,*,#3133,.F.);
#4361=ORIENTED_EDGE('',*,*,#3042,.F.);
#4362=ORIENTED_EDGE('',*,*,#3123,.T.);
#4363=ORIENTED_EDGE('',*,*,#3134,.T.);
#4364=ORIENTED_EDGE('',*,*,#3140,.T.);
#4365=ORIENTED_EDGE('',*,*,#3141,.T.);
#4366=ORIENTED_EDGE('',*,*,#3142,.F.);
#4367=ORIENTED_EDGE('',*,*,#3032,.T.);
#4368=ORIENTED_EDGE('',*,*,#3143,.F.);
#4369=ORIENTED_EDGE('',*,*,#3114,.T.);
#4370=ORIENTED_EDGE('',*,*,#3121,.T.);
#4371=ORIENTED_EDGE('',*,*,#3144,.F.);
#4372=ORIENTED_EDGE('',*,*,#3033,.T.);
#4373=ORIENTED_EDGE('',*,*,#3142,.T.);
#4374=ORIENTED_EDGE('',*,*,#3143,.T.);
#4375=ORIENTED_EDGE('',*,*,#3031,.T.);
#4376=ORIENTED_EDGE('',*,*,#3145,.T.);
#4377=ORIENTED_EDGE('',*,*,#3115,.T.);
#4378=ORIENTED_EDGE('',*,*,#3146,.F.);
#4379=ORIENTED_EDGE('',*,*,#3147,.F.);
#4380=ORIENTED_EDGE('',*,*,#3148,.F.);
#4381=ORIENTED_EDGE('',*,*,#3149,.F.);
#4382=ORIENTED_EDGE('',*,*,#3150,.F.);
#4383=ORIENTED_EDGE('',*,*,#3151,.T.);
#4384=ORIENTED_EDGE('',*,*,#3152,.F.);
#4385=ORIENTED_EDGE('',*,*,#3153,.F.);
#4386=ORIENTED_EDGE('',*,*,#3154,.F.);
#4387=ORIENTED_EDGE('',*,*,#3155,.F.);
#4388=ORIENTED_EDGE('',*,*,#3156,.F.);
#4389=ORIENTED_EDGE('',*,*,#3157,.T.);
#4390=ORIENTED_EDGE('',*,*,#3158,.T.);
#4391=ORIENTED_EDGE('',*,*,#3159,.T.);
#4392=ORIENTED_EDGE('',*,*,#3160,.F.);
#4393=ORIENTED_EDGE('',*,*,#3161,.T.);
#4394=ORIENTED_EDGE('',*,*,#3150,.T.);
#4395=ORIENTED_EDGE('',*,*,#3162,.F.);
#4396=ORIENTED_EDGE('',*,*,#3163,.F.);
#4397=ORIENTED_EDGE('',*,*,#3162,.T.);
#4398=ORIENTED_EDGE('',*,*,#3149,.T.);
#4399=ORIENTED_EDGE('',*,*,#3164,.F.);
#4400=ORIENTED_EDGE('',*,*,#3165,.F.);
#4401=ORIENTED_EDGE('',*,*,#3164,.T.);
#4402=ORIENTED_EDGE('',*,*,#3148,.T.);
#4403=ORIENTED_EDGE('',*,*,#3166,.F.);
#4404=ORIENTED_EDGE('',*,*,#3167,.F.);
#4405=ORIENTED_EDGE('',*,*,#3166,.T.);
#4406=ORIENTED_EDGE('',*,*,#3147,.T.);
#4407=ORIENTED_EDGE('',*,*,#3168,.F.);
#4408=ORIENTED_EDGE('',*,*,#3169,.F.);
#4409=ORIENTED_EDGE('',*,*,#3170,.T.);
#4410=ORIENTED_EDGE('',*,*,#3155,.T.);
#4411=ORIENTED_EDGE('',*,*,#3171,.F.);
#4412=ORIENTED_EDGE('',*,*,#3172,.F.);
#4413=ORIENTED_EDGE('',*,*,#3171,.T.);
#4414=ORIENTED_EDGE('',*,*,#3154,.T.);
#4415=ORIENTED_EDGE('',*,*,#3173,.F.);
#4416=ORIENTED_EDGE('',*,*,#3174,.F.);
#4417=ORIENTED_EDGE('',*,*,#3173,.T.);
#4418=ORIENTED_EDGE('',*,*,#3153,.T.);
#4419=ORIENTED_EDGE('',*,*,#3175,.F.);
#4420=ORIENTED_EDGE('',*,*,#3176,.F.);
#4421=ORIENTED_EDGE('',*,*,#3175,.T.);
#4422=ORIENTED_EDGE('',*,*,#3152,.T.);
#4423=ORIENTED_EDGE('',*,*,#3177,.F.);
#4424=ORIENTED_EDGE('',*,*,#3178,.F.);
#4425=ORIENTED_EDGE('',*,*,#3179,.T.);
#4426=ORIENTED_EDGE('',*,*,#3180,.F.);
#4427=ORIENTED_EDGE('',*,*,#3181,.T.);
#4428=ORIENTED_EDGE('',*,*,#3182,.F.);
#4429=ORIENTED_EDGE('',*,*,#3161,.F.);
#4430=ORIENTED_EDGE('',*,*,#3183,.T.);
#4431=ORIENTED_EDGE('',*,*,#3151,.F.);
#4432=ORIENTED_EDGE('',*,*,#3182,.T.);
#4433=ORIENTED_EDGE('',*,*,#3184,.T.);
#4434=ORIENTED_EDGE('',*,*,#3185,.F.);
#4435=ORIENTED_EDGE('',*,*,#3184,.F.);
#4436=ORIENTED_EDGE('',*,*,#3181,.F.);
#4437=ORIENTED_EDGE('',*,*,#3186,.F.);
#4438=ORIENTED_EDGE('',*,*,#3187,.F.);
#4439=ORIENTED_EDGE('',*,*,#3188,.F.);
#4440=ORIENTED_EDGE('',*,*,#3189,.F.);
#4441=ORIENTED_EDGE('',*,*,#3190,.F.);
#4442=ORIENTED_EDGE('',*,*,#3179,.F.);
#4443=ORIENTED_EDGE('',*,*,#3191,.F.);
#4444=ORIENTED_EDGE('',*,*,#3192,.F.);
#4445=ORIENTED_EDGE('',*,*,#3186,.T.);
#4446=ORIENTED_EDGE('',*,*,#3180,.T.);
#4447=ORIENTED_EDGE('',*,*,#3190,.T.);
#4448=ORIENTED_EDGE('',*,*,#3193,.T.);
#4449=ORIENTED_EDGE('',*,*,#3194,.F.);
#4450=ORIENTED_EDGE('',*,*,#3195,.T.);
#4451=ORIENTED_EDGE('',*,*,#3183,.F.);
#4452=ORIENTED_EDGE('',*,*,#3185,.T.);
#4453=ORIENTED_EDGE('',*,*,#3196,.F.);
#4454=ORIENTED_EDGE('',*,*,#3197,.F.);
#4455=ORIENTED_EDGE('',*,*,#3198,.T.);
#4456=ORIENTED_EDGE('',*,*,#3199,.F.);
#4457=ORIENTED_EDGE('',*,*,#3200,.T.);
#4458=ORIENTED_EDGE('',*,*,#3201,.F.);
#4459=ORIENTED_EDGE('',*,*,#3202,.T.);
#4460=ORIENTED_EDGE('',*,*,#3203,.F.);
#4461=ORIENTED_EDGE('',*,*,#3204,.T.);
#4462=ORIENTED_EDGE('',*,*,#3201,.T.);
#4463=ORIENTED_EDGE('',*,*,#3205,.T.);
#4464=ORIENTED_EDGE('',*,*,#3199,.T.);
#4465=ORIENTED_EDGE('',*,*,#3206,.T.);
#4466=ORIENTED_EDGE('',*,*,#3207,.F.);
#4467=ORIENTED_EDGE('',*,*,#3208,.T.);
#4468=ORIENTED_EDGE('',*,*,#3209,.F.);
#4469=ORIENTED_EDGE('',*,*,#3210,.T.);
#4470=ORIENTED_EDGE('',*,*,#3026,.F.);
#4471=ORIENTED_EDGE('',*,*,#3211,.T.);
#4472=ORIENTED_EDGE('',*,*,#3207,.T.);
#4473=ORIENTED_EDGE('',*,*,#3212,.T.);
#4474=ORIENTED_EDGE('',*,*,#3213,.F.);
#4475=ORIENTED_EDGE('',*,*,#3214,.T.);
#4476=ORIENTED_EDGE('',*,*,#3215,.F.);
#4477=ORIENTED_EDGE('',*,*,#3216,.T.);
#4478=ORIENTED_EDGE('',*,*,#3209,.T.);
#4479=ORIENTED_EDGE('',*,*,#3217,.T.);
#4480=ORIENTED_EDGE('',*,*,#3213,.T.);
#4481=ORIENTED_EDGE('',*,*,#3218,.T.);
#4482=ORIENTED_EDGE('',*,*,#3219,.F.);
#4483=ORIENTED_EDGE('',*,*,#3220,.T.);
#4484=ORIENTED_EDGE('',*,*,#3221,.F.);
#4485=ORIENTED_EDGE('',*,*,#3222,.T.);
#4486=ORIENTED_EDGE('',*,*,#3219,.T.);
#4487=ORIENTED_EDGE('',*,*,#3223,.T.);
#4488=ORIENTED_EDGE('',*,*,#3215,.T.);
#4489=ORIENTED_EDGE('',*,*,#3224,.T.);
#4490=ORIENTED_EDGE('',*,*,#3225,.F.);
#4491=ORIENTED_EDGE('',*,*,#3226,.T.);
#4492=ORIENTED_EDGE('',*,*,#3227,.F.);
#4493=ORIENTED_EDGE('',*,*,#3228,.T.);
#4494=ORIENTED_EDGE('',*,*,#3221,.T.);
#4495=ORIENTED_EDGE('',*,*,#3229,.T.);
#4496=ORIENTED_EDGE('',*,*,#3225,.T.);
#4497=ORIENTED_EDGE('',*,*,#3230,.T.);
#4498=ORIENTED_EDGE('',*,*,#3231,.F.);
#4499=ORIENTED_EDGE('',*,*,#3232,.T.);
#4500=ORIENTED_EDGE('',*,*,#3233,.F.);
#4501=ORIENTED_EDGE('',*,*,#3234,.T.);
#4502=ORIENTED_EDGE('',*,*,#3231,.T.);
#4503=ORIENTED_EDGE('',*,*,#3235,.T.);
#4504=ORIENTED_EDGE('',*,*,#3227,.T.);
#4505=ORIENTED_EDGE('',*,*,#3236,.T.);
#4506=ORIENTED_EDGE('',*,*,#3237,.F.);
#4507=ORIENTED_EDGE('',*,*,#3238,.T.);
#4508=ORIENTED_EDGE('',*,*,#3239,.F.);
#4509=ORIENTED_EDGE('',*,*,#3240,.T.);
#4510=ORIENTED_EDGE('',*,*,#3233,.T.);
#4511=ORIENTED_EDGE('',*,*,#3241,.T.);
#4512=ORIENTED_EDGE('',*,*,#3237,.T.);
#4513=ORIENTED_EDGE('',*,*,#3242,.T.);
#4514=ORIENTED_EDGE('',*,*,#3188,.T.);
#4515=ORIENTED_EDGE('',*,*,#3243,.F.);
#4516=ORIENTED_EDGE('',*,*,#3244,.T.);
#4517=ORIENTED_EDGE('',*,*,#3243,.T.);
#4518=ORIENTED_EDGE('',*,*,#3245,.T.);
#4519=ORIENTED_EDGE('',*,*,#3239,.T.);
#4520=ORIENTED_EDGE('',*,*,#3246,.T.);
#4521=ORIENTED_EDGE('',*,*,#3247,.F.);
#4522=ORIENTED_EDGE('',*,*,#3248,.F.);
#4523=ORIENTED_EDGE('',*,*,#3177,.T.);
#4524=ORIENTED_EDGE('',*,*,#3195,.F.);
#4525=ORIENTED_EDGE('',*,*,#3249,.F.);
#4526=ORIENTED_EDGE('',*,*,#3250,.F.);
#4527=ORIENTED_EDGE('',*,*,#3251,.F.);
#4528=ORIENTED_EDGE('',*,*,#3249,.T.);
#4529=ORIENTED_EDGE('',*,*,#3194,.T.);
#4530=ORIENTED_EDGE('',*,*,#3252,.T.);
#4531=ORIENTED_EDGE('',*,*,#3253,.F.);
#4532=ORIENTED_EDGE('',*,*,#3254,.T.);
#4533=ORIENTED_EDGE('',*,*,#3247,.T.);
#4534=ORIENTED_EDGE('',*,*,#3251,.T.);
#4535=ORIENTED_EDGE('',*,*,#3255,.T.);
#4536=ORIENTED_EDGE('',*,*,#3256,.T.);
#4537=ORIENTED_EDGE('',*,*,#3257,.T.);
#4538=ORIENTED_EDGE('',*,*,#3258,.T.);
#4539=ORIENTED_EDGE('',*,*,#3259,.T.);
#4540=ORIENTED_EDGE('',*,*,#3260,.T.);
#4541=ORIENTED_EDGE('',*,*,#3258,.F.);
#4542=ORIENTED_EDGE('',*,*,#3261,.F.);
#4543=ORIENTED_EDGE('',*,*,#3127,.F.);
#4544=ORIENTED_EDGE('',*,*,#3262,.F.);
#4545=ORIENTED_EDGE('',*,*,#3261,.T.);
#4546=ORIENTED_EDGE('',*,*,#3257,.F.);
#4547=ORIENTED_EDGE('',*,*,#3263,.F.);
#4548=ORIENTED_EDGE('',*,*,#3128,.F.);
#4549=ORIENTED_EDGE('',*,*,#3263,.T.);
#4550=ORIENTED_EDGE('',*,*,#3256,.F.);
#4551=ORIENTED_EDGE('',*,*,#3264,.F.);
#4552=ORIENTED_EDGE('',*,*,#3265,.T.);
#4553=ORIENTED_EDGE('',*,*,#3266,.T.);
#4554=ORIENTED_EDGE('',*,*,#3129,.F.);
#4555=ORIENTED_EDGE('',*,*,#3267,.F.);
#4556=ORIENTED_EDGE('',*,*,#3268,.F.);
#4557=ORIENTED_EDGE('',*,*,#3269,.F.);
#4558=ORIENTED_EDGE('',*,*,#3270,.F.);
#4559=ORIENTED_EDGE('',*,*,#3268,.T.);
#4560=ORIENTED_EDGE('',*,*,#3271,.F.);
#4561=ORIENTED_EDGE('',*,*,#3272,.F.);
#4562=ORIENTED_EDGE('',*,*,#3273,.T.);
#4563=ORIENTED_EDGE('',*,*,#3269,.T.);
#4564=ORIENTED_EDGE('',*,*,#3273,.F.);
#4565=ORIENTED_EDGE('',*,*,#3274,.F.);
#4566=ORIENTED_EDGE('',*,*,#3275,.T.);
#4567=ORIENTED_EDGE('',*,*,#3270,.T.);
#4568=ORIENTED_EDGE('',*,*,#3275,.F.);
#4569=ORIENTED_EDGE('',*,*,#3276,.F.);
#4570=ORIENTED_EDGE('',*,*,#3277,.T.);
#4571=ORIENTED_EDGE('',*,*,#3267,.T.);
#4572=ORIENTED_EDGE('',*,*,#3277,.F.);
#4573=ORIENTED_EDGE('',*,*,#3278,.F.);
#4574=ORIENTED_EDGE('',*,*,#3271,.T.);
#4575=ORIENTED_EDGE('',*,*,#3279,.T.);
#4576=ORIENTED_EDGE('',*,*,#3264,.T.);
#4577=ORIENTED_EDGE('',*,*,#3255,.F.);
#4578=ORIENTED_EDGE('',*,*,#3260,.F.);
#4579=ORIENTED_EDGE('',*,*,#3280,.F.);
#4580=ORIENTED_EDGE('',*,*,#3281,.F.);
#4581=ORIENTED_EDGE('',*,*,#3130,.F.);
#4582=ORIENTED_EDGE('',*,*,#3266,.F.);
#4583=ORIENTED_EDGE('',*,*,#3282,.F.);
#4584=ORIENTED_EDGE('',*,*,#3283,.F.);
#4585=ORIENTED_EDGE('',*,*,#3284,.T.);
#4586=ORIENTED_EDGE('',*,*,#3281,.T.);
#4587=ORIENTED_EDGE('',*,*,#3285,.F.);
#4588=ORIENTED_EDGE('',*,*,#3262,.T.);
#4589=ORIENTED_EDGE('',*,*,#3126,.F.);
#4590=ORIENTED_EDGE('',*,*,#3283,.T.);
#4591=ORIENTED_EDGE('',*,*,#3259,.F.);
#4592=ORIENTED_EDGE('',*,*,#3285,.T.);
#4593=ORIENTED_EDGE('',*,*,#3282,.T.);
#4594=ORIENTED_EDGE('',*,*,#3280,.T.);
#4595=ORIENTED_EDGE('',*,*,#3265,.F.);
#4596=ORIENTED_EDGE('',*,*,#3279,.F.);
#4597=ORIENTED_EDGE('',*,*,#3286,.F.);
#4598=ORIENTED_EDGE('',*,*,#3287,.F.);
#4599=ORIENTED_EDGE('',*,*,#3288,.F.);
#4600=ORIENTED_EDGE('',*,*,#3289,.F.);
#4601=ORIENTED_EDGE('',*,*,#3288,.T.);
#4602=ORIENTED_EDGE('',*,*,#3197,.T.);
#4603=ORIENTED_EDGE('',*,*,#3290,.T.);
#4604=ORIENTED_EDGE('',*,*,#3289,.T.);
#4605=ORIENTED_EDGE('',*,*,#3291,.T.);
#4606=ORIENTED_EDGE('',*,*,#3292,.T.);
#4607=ORIENTED_EDGE('',*,*,#3293,.F.);
#4608=ORIENTED_EDGE('',*,*,#3294,.T.);
#4609=ORIENTED_EDGE('',*,*,#3295,.T.);
#4610=ORIENTED_EDGE('',*,*,#3286,.T.);
#4611=ORIENTED_EDGE('',*,*,#3293,.T.);
#4612=ORIENTED_EDGE('',*,*,#3296,.T.);
#4613=ORIENTED_EDGE('',*,*,#3297,.T.);
#4614=ORIENTED_EDGE('',*,*,#3253,.T.);
#4615=ORIENTED_EDGE('',*,*,#3298,.F.);
#4616=ORIENTED_EDGE('',*,*,#3137,.T.);
#4617=ORIENTED_EDGE('',*,*,#3299,.T.);
#4618=ORIENTED_EDGE('',*,*,#3300,.F.);
#4619=ORIENTED_EDGE('',*,*,#3301,.T.);
#4620=ORIENTED_EDGE('',*,*,#3250,.T.);
#4621=ORIENTED_EDGE('',*,*,#3300,.T.);
#4622=ORIENTED_EDGE('',*,*,#3302,.T.);
#4623=ORIENTED_EDGE('',*,*,#3298,.T.);
#4624=ORIENTED_EDGE('',*,*,#3303,.F.);
#4625=ORIENTED_EDGE('',*,*,#3304,.F.);
#4626=ORIENTED_EDGE('',*,*,#3296,.F.);
#4627=ORIENTED_EDGE('',*,*,#3302,.F.);
#4628=ORIENTED_EDGE('',*,*,#3299,.F.);
#4629=ORIENTED_EDGE('',*,*,#3136,.F.);
#4630=ORIENTED_EDGE('',*,*,#3305,.T.);
#4631=ORIENTED_EDGE('',*,*,#3303,.T.);
#4632=ORIENTED_EDGE('',*,*,#3135,.T.);
#4633=ORIENTED_EDGE('',*,*,#3132,.T.);
#4634=ORIENTED_EDGE('',*,*,#2994,.F.);
#4635=ORIENTED_EDGE('',*,*,#2992,.T.);
#4636=ORIENTED_EDGE('',*,*,#3306,.T.);
#4637=ORIENTED_EDGE('',*,*,#3307,.T.);
#4638=ORIENTED_EDGE('',*,*,#3306,.F.);
#4639=ORIENTED_EDGE('',*,*,#2991,.T.);
#4640=ORIENTED_EDGE('',*,*,#3158,.F.);
#4641=ORIENTED_EDGE('',*,*,#3308,.F.);
#4642=ORIENTED_EDGE('',*,*,#3309,.F.);
#4643=ORIENTED_EDGE('',*,*,#3310,.T.);
#4644=ORIENTED_EDGE('',*,*,#3311,.T.);
#4645=ORIENTED_EDGE('',*,*,#3212,.F.);
#4646=ORIENTED_EDGE('',*,*,#3210,.F.);
#4647=ORIENTED_EDGE('',*,*,#3218,.F.);
#4648=ORIENTED_EDGE('',*,*,#3216,.F.);
#4649=ORIENTED_EDGE('',*,*,#3223,.F.);
#4650=ORIENTED_EDGE('',*,*,#3222,.F.);
#4651=ORIENTED_EDGE('',*,*,#3230,.F.);
#4652=ORIENTED_EDGE('',*,*,#3228,.F.);
#4653=ORIENTED_EDGE('',*,*,#3235,.F.);
#4654=ORIENTED_EDGE('',*,*,#3234,.F.);
#4655=ORIENTED_EDGE('',*,*,#3242,.F.);
#4656=ORIENTED_EDGE('',*,*,#3240,.F.);
#4657=ORIENTED_EDGE('',*,*,#3245,.F.);
#4658=ORIENTED_EDGE('',*,*,#3191,.T.);
#4659=ORIENTED_EDGE('',*,*,#3178,.T.);
#4660=ORIENTED_EDGE('',*,*,#3160,.T.);
#4661=ORIENTED_EDGE('',*,*,#3163,.T.);
#4662=ORIENTED_EDGE('',*,*,#3165,.T.);
#4663=ORIENTED_EDGE('',*,*,#3167,.T.);
#4664=ORIENTED_EDGE('',*,*,#3312,.T.);
#4665=ORIENTED_EDGE('',*,*,#3313,.T.);
#4666=ORIENTED_EDGE('',*,*,#3309,.T.);
#4667=ORIENTED_EDGE('',*,*,#3314,.T.);
#4668=ORIENTED_EDGE('',*,*,#3315,.T.);
#4669=ORIENTED_EDGE('',*,*,#3169,.T.);
#4670=ORIENTED_EDGE('',*,*,#3172,.T.);
#4671=ORIENTED_EDGE('',*,*,#3174,.T.);
#4672=ORIENTED_EDGE('',*,*,#3176,.T.);
#4673=ORIENTED_EDGE('',*,*,#3248,.T.);
#4674=ORIENTED_EDGE('',*,*,#3254,.F.);
#4675=ORIENTED_EDGE('',*,*,#3297,.F.);
#4676=ORIENTED_EDGE('',*,*,#3304,.T.);
#4677=ORIENTED_EDGE('',*,*,#3305,.F.);
#4678=ORIENTED_EDGE('',*,*,#3131,.F.);
#4679=ORIENTED_EDGE('',*,*,#3284,.F.);
#4680=ORIENTED_EDGE('',*,*,#3125,.F.);
#4681=ORIENTED_EDGE('',*,*,#3316,.F.);
#4682=ORIENTED_EDGE('',*,*,#3317,.F.);
#4683=ORIENTED_EDGE('',*,*,#3291,.F.);
#4684=ORIENTED_EDGE('',*,*,#3290,.F.);
#4685=ORIENTED_EDGE('',*,*,#3200,.F.);
#4686=ORIENTED_EDGE('',*,*,#3205,.F.);
#4687=ORIENTED_EDGE('',*,*,#3204,.F.);
#4688=ORIENTED_EDGE('',*,*,#3318,.F.);
#4689=ORIENTED_EDGE('',*,*,#3307,.F.);
#4690=ORIENTED_EDGE('',*,*,#3272,.T.);
#4691=ORIENTED_EDGE('',*,*,#3278,.T.);
#4692=ORIENTED_EDGE('',*,*,#3276,.T.);
#4693=ORIENTED_EDGE('',*,*,#3274,.T.);
#4694=ORIENTED_EDGE('',*,*,#3036,.F.);
#4695=ORIENTED_EDGE('',*,*,#3318,.T.);
#4696=ORIENTED_EDGE('',*,*,#3203,.T.);
#4697=ORIENTED_EDGE('',*,*,#3319,.T.);
#4698=ORIENTED_EDGE('',*,*,#3025,.F.);
#4699=ORIENTED_EDGE('',*,*,#3320,.F.);
#4700=ORIENTED_EDGE('',*,*,#3211,.F.);
#4701=ORIENTED_EDGE('',*,*,#3037,.F.);
#4702=ORIENTED_EDGE('',*,*,#3319,.F.);
#4703=ORIENTED_EDGE('',*,*,#3202,.F.);
#4704=ORIENTED_EDGE('',*,*,#3321,.F.);
#4705=ORIENTED_EDGE('',*,*,#3024,.F.);
#4706=ORIENTED_EDGE('',*,*,#3322,.T.);
#4707=ORIENTED_EDGE('',*,*,#3214,.F.);
#4708=ORIENTED_EDGE('',*,*,#3217,.F.);
#4709=ORIENTED_EDGE('',*,*,#3208,.F.);
#4710=ORIENTED_EDGE('',*,*,#3320,.T.);
#4711=ORIENTED_EDGE('',*,*,#3038,.F.);
#4712=ORIENTED_EDGE('',*,*,#3321,.T.);
#4713=ORIENTED_EDGE('',*,*,#3206,.F.);
#4714=ORIENTED_EDGE('',*,*,#3198,.F.);
#4715=ORIENTED_EDGE('',*,*,#3287,.T.);
#4716=ORIENTED_EDGE('',*,*,#3323,.F.);
#4717=ORIENTED_EDGE('',*,*,#3039,.F.);
#4718=ORIENTED_EDGE('',*,*,#3323,.T.);
#4719=ORIENTED_EDGE('',*,*,#3295,.F.);
#4720=ORIENTED_EDGE('',*,*,#3324,.T.);
#4721=ORIENTED_EDGE('',*,*,#3040,.F.);
#4722=ORIENTED_EDGE('',*,*,#3324,.F.);
#4723=ORIENTED_EDGE('',*,*,#3294,.F.);
#4724=ORIENTED_EDGE('',*,*,#3292,.F.);
#4725=ORIENTED_EDGE('',*,*,#3317,.T.);
#4726=ORIENTED_EDGE('',*,*,#3325,.F.);
#4727=ORIENTED_EDGE('',*,*,#3041,.F.);
#4728=ORIENTED_EDGE('',*,*,#3325,.T.);
#4729=ORIENTED_EDGE('',*,*,#3316,.T.);
#4730=ORIENTED_EDGE('',*,*,#3124,.T.);
#4731=ORIENTED_EDGE('',*,*,#3326,.T.);
#4732=ORIENTED_EDGE('',*,*,#3327,.F.);
#4733=ORIENTED_EDGE('',*,*,#3328,.F.);
#4734=ORIENTED_EDGE('',*,*,#3329,.F.);
#4735=ORIENTED_EDGE('',*,*,#3224,.F.);
#4736=ORIENTED_EDGE('',*,*,#3322,.F.);
#4737=ORIENTED_EDGE('',*,*,#3023,.F.);
#4738=ORIENTED_EDGE('',*,*,#3330,.F.);
#4739=ORIENTED_EDGE('',*,*,#3331,.T.);
#4740=ORIENTED_EDGE('',*,*,#3226,.F.);
#4741=ORIENTED_EDGE('',*,*,#3229,.F.);
#4742=ORIENTED_EDGE('',*,*,#3220,.F.);
#4743=ORIENTED_EDGE('',*,*,#3329,.T.);
#4744=ORIENTED_EDGE('',*,*,#3332,.F.);
#4745=ORIENTED_EDGE('',*,*,#3333,.F.);
#4746=ORIENTED_EDGE('',*,*,#3334,.F.);
#4747=ORIENTED_EDGE('',*,*,#3236,.F.);
#4748=ORIENTED_EDGE('',*,*,#3331,.F.);
#4749=ORIENTED_EDGE('',*,*,#3335,.F.);
#4750=ORIENTED_EDGE('',*,*,#3336,.T.);
#4751=ORIENTED_EDGE('',*,*,#3238,.F.);
#4752=ORIENTED_EDGE('',*,*,#3241,.F.);
#4753=ORIENTED_EDGE('',*,*,#3232,.F.);
#4754=ORIENTED_EDGE('',*,*,#3334,.T.);
#4755=ORIENTED_EDGE('',*,*,#3337,.F.);
#4756=ORIENTED_EDGE('',*,*,#3338,.F.);
#4757=ORIENTED_EDGE('',*,*,#3193,.F.);
#4758=ORIENTED_EDGE('',*,*,#3189,.T.);
#4759=ORIENTED_EDGE('',*,*,#3244,.F.);
#4760=ORIENTED_EDGE('',*,*,#3246,.F.);
#4761=ORIENTED_EDGE('',*,*,#3336,.F.);
#4762=ORIENTED_EDGE('',*,*,#3339,.T.);
#4763=ORIENTED_EDGE('',*,*,#3301,.F.);
#4764=ORIENTED_EDGE('',*,*,#3252,.F.);
#4765=ORIENTED_EDGE('',*,*,#3196,.T.);
#4766=ORIENTED_EDGE('',*,*,#3187,.T.);
#4767=ORIENTED_EDGE('',*,*,#3192,.T.);
#4768=ORIENTED_EDGE('',*,*,#3338,.T.);
#4769=ORIENTED_EDGE('',*,*,#3156,.T.);
#4770=ORIENTED_EDGE('',*,*,#3170,.F.);
#4771=ORIENTED_EDGE('',*,*,#3315,.F.);
#4772=ORIENTED_EDGE('',*,*,#3340,.T.);
#4773=ORIENTED_EDGE('',*,*,#3157,.F.);
#4774=ORIENTED_EDGE('',*,*,#3340,.F.);
#4775=ORIENTED_EDGE('',*,*,#3314,.F.);
#4776=ORIENTED_EDGE('',*,*,#3308,.T.);
#4777=ORIENTED_EDGE('',*,*,#3159,.F.);
#4778=ORIENTED_EDGE('',*,*,#3310,.F.);
#4779=ORIENTED_EDGE('',*,*,#3313,.F.);
#4780=ORIENTED_EDGE('',*,*,#3341,.T.);
#4781=ORIENTED_EDGE('',*,*,#3146,.T.);
#4782=ORIENTED_EDGE('',*,*,#3341,.F.);
#4783=ORIENTED_EDGE('',*,*,#3312,.F.);
#4784=ORIENTED_EDGE('',*,*,#3168,.T.);
#4785=ORIENTED_EDGE('',*,*,#3342,.F.);
#4786=ORIENTED_EDGE('',*,*,#3343,.T.);
#4787=ORIENTED_EDGE('',*,*,#3339,.F.);
#4788=ORIENTED_EDGE('',*,*,#3344,.F.);
#4789=ORIENTED_EDGE('',*,*,#3345,.F.);
#4790=ORIENTED_EDGE('',*,*,#3346,.T.);
#4791=ORIENTED_EDGE('',*,*,#3330,.T.);
#4792=ORIENTED_EDGE('',*,*,#3332,.T.);
#4793=ORIENTED_EDGE('',*,*,#3347,.T.);
#4794=ORIENTED_EDGE('',*,*,#3348,.F.);
#4795=ORIENTED_EDGE('',*,*,#3349,.T.);
#4796=ORIENTED_EDGE('',*,*,#3350,.F.);
#4797=ORIENTED_EDGE('',*,*,#3351,.T.);
#4798=ORIENTED_EDGE('',*,*,#3333,.T.);
#4799=ORIENTED_EDGE('',*,*,#3346,.F.);
#4800=ORIENTED_EDGE('',*,*,#3352,.F.);
#4801=ORIENTED_EDGE('',*,*,#3353,.T.);
#4802=ORIENTED_EDGE('',*,*,#3335,.T.);
#4803=ORIENTED_EDGE('',*,*,#3351,.F.);
#4804=ORIENTED_EDGE('',*,*,#3354,.F.);
#4805=ORIENTED_EDGE('',*,*,#3344,.T.);
#4806=ORIENTED_EDGE('',*,*,#3337,.T.);
#4807=ORIENTED_EDGE('',*,*,#3353,.F.);
#4808=ORIENTED_EDGE('',*,*,#3355,.F.);
#4809=ORIENTED_EDGE('',*,*,#3347,.F.);
#4810=ORIENTED_EDGE('',*,*,#3328,.T.);
#4811=ORIENTED_EDGE('',*,*,#3356,.F.);
#4812=ORIENTED_EDGE('',*,*,#3138,.F.);
#4813=ORIENTED_EDGE('',*,*,#3343,.F.);
#4814=ORIENTED_EDGE('',*,*,#3326,.F.);
#4815=ORIENTED_EDGE('',*,*,#3022,.T.);
#4816=ORIENTED_EDGE('',*,*,#3357,.F.);
#4817=ORIENTED_EDGE('',*,*,#3327,.T.);
#4818=ORIENTED_EDGE('',*,*,#3020,.T.);
#4819=ORIENTED_EDGE('',*,*,#3358,.F.);
#4820=ORIENTED_EDGE('',*,*,#3345,.T.);
#4821=ORIENTED_EDGE('',*,*,#3349,.F.);
#4822=ORIENTED_EDGE('',*,*,#3359,.F.);
#4823=ORIENTED_EDGE('',*,*,#3358,.T.);
#4824=ORIENTED_EDGE('',*,*,#3019,.T.);
#4825=ORIENTED_EDGE('',*,*,#3360,.F.);
#4826=ORIENTED_EDGE('',*,*,#3350,.T.);
#4827=ORIENTED_EDGE('',*,*,#3360,.T.);
#4828=ORIENTED_EDGE('',*,*,#3018,.T.);
#4829=ORIENTED_EDGE('',*,*,#3361,.F.);
#4830=ORIENTED_EDGE('',*,*,#3352,.T.);
#4831=ORIENTED_EDGE('',*,*,#3361,.T.);
#4832=ORIENTED_EDGE('',*,*,#3017,.T.);
#4833=ORIENTED_EDGE('',*,*,#3362,.F.);
#4834=ORIENTED_EDGE('',*,*,#3354,.T.);
#4835=ORIENTED_EDGE('',*,*,#3342,.T.);
#4836=ORIENTED_EDGE('',*,*,#3362,.T.);
#4837=ORIENTED_EDGE('',*,*,#3016,.T.);
#4838=ORIENTED_EDGE('',*,*,#3363,.F.);
#4839=ORIENTED_EDGE('',*,*,#3355,.T.);
#4840=ORIENTED_EDGE('',*,*,#3357,.T.);
#4841=ORIENTED_EDGE('',*,*,#3021,.T.);
#4842=ORIENTED_EDGE('',*,*,#3359,.T.);
#4843=ORIENTED_EDGE('',*,*,#3348,.T.);
#4844=ORIENTED_EDGE('',*,*,#3015,.T.);
#4845=ORIENTED_EDGE('',*,*,#3139,.T.);
#4846=ORIENTED_EDGE('',*,*,#3356,.T.);
#4847=ORIENTED_EDGE('',*,*,#3363,.T.);
#4848=ORIENTED_EDGE('',*,*,#3364,.F.);
#4849=ORIENTED_EDGE('',*,*,#3027,.F.);
#4850=ORIENTED_EDGE('',*,*,#3311,.F.);
#4851=ORIENTED_EDGE('',*,*,#3035,.F.);
#4852=ORIENTED_EDGE('',*,*,#3365,.F.);
#4853=ORIENTED_EDGE('',*,*,#3119,.T.);
#4854=ORIENTED_EDGE('',*,*,#3112,.T.);
#4855=ORIENTED_EDGE('',*,*,#3116,.T.);
#4856=ORIENTED_EDGE('',*,*,#3141,.F.);
#4857=ORIENTED_EDGE('',*,*,#3120,.F.);
#4858=ORIENTED_EDGE('',*,*,#3365,.T.);
#4859=ORIENTED_EDGE('',*,*,#3034,.T.);
#4860=ORIENTED_EDGE('',*,*,#3144,.T.);
#4861=ORIENTED_EDGE('',*,*,#3366,.T.);
#4862=ORIENTED_EDGE('',*,*,#3117,.T.);
#4863=ORIENTED_EDGE('',*,*,#3110,.T.);
#4864=ORIENTED_EDGE('',*,*,#3145,.F.);
#4865=ORIENTED_EDGE('',*,*,#3030,.T.);
#4866=ORIENTED_EDGE('',*,*,#3367,.F.);
#4867=ORIENTED_EDGE('',*,*,#3368,.F.);
#4868=ORIENTED_EDGE('',*,*,#3367,.T.);
#4869=ORIENTED_EDGE('',*,*,#3029,.T.);
#4870=ORIENTED_EDGE('',*,*,#3366,.F.);
#4871=ORIENTED_EDGE('',*,*,#3368,.T.);
#4872=ORIENTED_EDGE('',*,*,#3028,.T.);
#4873=ORIENTED_EDGE('',*,*,#3364,.T.);
#4874=ORIENTED_EDGE('',*,*,#3118,.T.);
#4875=B_SPLINE_SURFACE_WITH_KNOTS('',3,3,((#7046,#7047,#7048,#7049),(#7050,
#7051,#7052,#7053),(#7054,#7055,#7056,#7057),(#7058,#7059,#7060,#7061)),
 .UNSPECIFIED.,.F.,.F.,.F.,(4,4),(4,4),(0.,1.),(5.50306961912384,6.28318530717697),
 .UNSPECIFIED.);
#4876=B_SPLINE_SURFACE_WITH_KNOTS('',3,3,((#7154,#7155,#7156,#7157),(#7158,
#7159,#7160,#7161),(#7162,#7163,#7164,#7165),(#7166,#7167,#7168,#7169)),
 .UNSPECIFIED.,.F.,.F.,.F.,(4,4),(4,4),(0.,1.),(-7.06330099344998,-6.28318530717944),
 .UNSPECIFIED.);
#4877=B_SPLINE_SURFACE_WITH_KNOTS('',3,3,((#7318,#7319,#7320,#7321,#7322,
#7323,#7324,#7325),(#7326,#7327,#7328,#7329,#7330,#7331,#7332,#7333),(#7334,
#7335,#7336,#7337,#7338,#7339,#7340,#7341),(#7342,#7343,#7344,#7345,#7346,
#7347,#7348,#7349),(#7350,#7351,#7352,#7353,#7354,#7355,#7356,#7357)),
 .UNSPECIFIED.,.F.,.F.,.F.,(4,1,4),(4,1,1,1,1,4),(0.,0.571428571428571,
1.),(-3.45001804902267E-13,0.113176046958063,0.169764070437267,0.22635209391647,
0.282940117395674,0.396116164354082),.UNSPECIFIED.);
#4878=B_SPLINE_SURFACE_WITH_KNOTS('',3,3,((#7402,#7403,#7404,#7405,#7406,
#7407),(#7408,#7409,#7410,#7411,#7412,#7413),(#7414,#7415,#7416,#7417,#7418,
#7419),(#7420,#7421,#7422,#7423,#7424,#7425),(#7426,#7427,#7428,#7429,#7430,
#7431)),.UNSPECIFIED.,.F.,.F.,.F.,(4,1,4),(4,1,1,4),(0.,0.571428571428571,
1.),(0.890290516789295,0.982300767316435,1.04364093433453,1.10498110135262),
 .UNSPECIFIED.);
#4879=B_SPLINE_SURFACE_WITH_KNOTS('',3,3,((#7531,#7532,#7533,#7534),(#7535,
#7536,#7537,#7538),(#7539,#7540,#7541,#7542),(#7543,#7544,#7545,#7546)),
 .UNSPECIFIED.,.F.,.F.,.F.,(4,4),(4,4),(0.799901423751195,1.),(-1.57079632678475,
-1.35565500824155),.UNSPECIFIED.);
#4880=B_SPLINE_SURFACE_WITH_KNOTS('',3,3,((#7566,#7567,#7568,#7569),(#7570,
#7571,#7572,#7573),(#7574,#7575,#7576,#7577),(#7578,#7579,#7580,#7581),
(#7582,#7583,#7584,#7585),(#7586,#7587,#7588,#7589),(#7590,#7591,#7592,
#7593)),.UNSPECIFIED.,.F.,.F.,.F.,(4,1,1,1,4),(4,4),(0.,0.285714285714286,
0.571428571428571,0.785714285714286,1.),(0.291713513326723,0.477157257673576),
 .UNSPECIFIED.);
#4881=B_SPLINE_SURFACE_WITH_KNOTS('',3,3,((#7662,#7663,#7664,#7665),(#7666,
#7667,#7668,#7669),(#7670,#7671,#7672,#7673),(#7674,#7675,#7676,#7677)),
 .UNSPECIFIED.,.F.,.F.,.F.,(4,4),(4,4),(0.,1.),(1.23258713212325,1.81492072609045),
 .UNSPECIFIED.);
#4882=B_SPLINE_SURFACE_WITH_KNOTS('',3,3,((#8075,#8076,#8077,#8078,#8079),
(#8080,#8081,#8082,#8083,#8084),(#8085,#8086,#8087,#8088,#8089),(#8090,
#8091,#8092,#8093,#8094),(#8095,#8096,#8097,#8098,#8099)),.UNSPECIFIED.,
 .F.,.F.,.F.,(4,1,4),(4,1,4),(0.,0.571428571428571,1.),(-0.384775492092551,
0.0894257842250247,0.721694152648459),.UNSPECIFIED.);
#4883=B_SPLINE_SURFACE_WITH_KNOTS('',3,3,((#8107,#8108,#8109,#8110,#8111),
(#8112,#8113,#8114,#8115,#8116),(#8117,#8118,#8119,#8120,#8121),(#8122,
#8123,#8124,#8125,#8126),(#8127,#8128,#8129,#8130,#8131)),.UNSPECIFIED.,
 .F.,.F.,.F.,(4,1,4),(4,1,4),(0.,0.571428571428571,1.),(-0.556800348245078,
-0.112789203144823,0.47922565698885),.UNSPECIFIED.);
#4884=B_SPLINE_SURFACE_WITH_KNOTS('',3,3,((#8139,#8140,#8141,#8142,#8143),
(#8144,#8145,#8146,#8147,#8148),(#8149,#8150,#8151,#8152,#8153),(#8154,
#8155,#8156,#8157,#8158),(#8159,#8160,#8161,#8162,#8163)),.UNSPECIFIED.,
 .F.,.F.,.F.,(4,1,4),(4,1,4),(0.,0.571428571428571,1.),(-0.479225601258816,
0.112789258874805,0.55680040397502),.UNSPECIFIED.);
#4885=B_SPLINE_SURFACE_WITH_KNOTS('',3,3,((#8171,#8172,#8173,#8174,#8175),
(#8176,#8177,#8178,#8179,#8180),(#8181,#8182,#8183,#8184,#8185),(#8186,
#8187,#8188,#8189,#8190),(#8191,#8192,#8193,#8194,#8195)),.UNSPECIFIED.,
 .F.,.F.,.F.,(4,1,4),(4,1,4),(0.,0.571428571428571,1.),(-0.721694142681109,
-0.0894257742554913,0.384775502063722),.UNSPECIFIED.);
#4886=B_SPLINE_SURFACE_WITH_KNOTS('',3,3,((#8275,#8276,#8277,#8278),(#8279,
#8280,#8281,#8282),(#8283,#8284,#8285,#8286),(#8287,#8288,#8289,#8290)),
 .UNSPECIFIED.,.F.,.F.,.F.,(4,4),(4,4),(0.,1.),(1.81492072609046,1.9054175158387),
 .UNSPECIFIED.);
#4887=B_SPLINE_SURFACE_WITH_KNOTS('',3,3,((#8291,#8292,#8293,#8294),(#8295,
#8296,#8297,#8298),(#8299,#8300,#8301,#8302),(#8303,#8304,#8305,#8306)),
 .UNSPECIFIED.,.F.,.F.,.F.,(4,4),(4,4),(0.,1.),(-1.16920313177979,-0.145018832235319),
 .UNSPECIFIED.);
#4888=B_SPLINE_SURFACE_WITH_KNOTS('',3,3,((#8309,#8310,#8311,#8312),(#8313,
#8314,#8315,#8316),(#8317,#8318,#8319,#8320),(#8321,#8322,#8323,#8324)),
 .UNSPECIFIED.,.F.,.F.,.F.,(4,4),(4,4),(0.,1.),(1.52144166054793,1.55164436837185),
 .UNSPECIFIED.);
#4889=B_SPLINE_SURFACE_WITH_KNOTS('',3,3,((#8328,#8329,#8330,#8331),(#8332,
#8333,#8334,#8335),(#8336,#8337,#8338,#8339),(#8340,#8341,#8342,#8343)),
 .UNSPECIFIED.,.F.,.F.,.F.,(4,4),(4,4),(0.,1.),(-0.145018832235819,-0.133177126545863),
 .UNSPECIFIED.);
#4890=B_SPLINE_SURFACE_WITH_KNOTS('',3,3,((#8344,#8345,#8346,#8347),(#8348,
#8349,#8350,#8351),(#8352,#8353,#8354,#8355),(#8356,#8357,#8358,#8359)),
 .UNSPECIFIED.,.F.,.F.,.F.,(4,4),(4,4),(0.,1.),(0.145018832235472,1.16920313177979),
 .UNSPECIFIED.);
#4891=B_SPLINE_SURFACE_WITH_KNOTS('',3,3,((#8362,#8363,#8364,#8365),(#8366,
#8367,#8368,#8369),(#8370,#8371,#8372,#8373),(#8374,#8375,#8376,#8377)),
 .UNSPECIFIED.,.F.,.F.,.F.,(4,4),(4,4),(0.,1.),(0.133177126545958,0.145018832235972),
 .UNSPECIFIED.);
#4892=B_SPLINE_SURFACE_WITH_KNOTS('',3,3,((#8381,#8382,#8383,#8384),(#8385,
#8386,#8387,#8388),(#8389,#8390,#8391,#8392),(#8393,#8394,#8395,#8396)),
 .UNSPECIFIED.,.F.,.F.,.F.,(4,4),(4,4),(0.,1.),(0.00720135844098149,0.0374040662648955),
 .UNSPECIFIED.);
#4893=B_SPLINE_SURFACE_WITH_KNOTS('',3,3,((#8397,#8398,#8399,#8400,#8401),
(#8402,#8403,#8404,#8405,#8406),(#8407,#8408,#8409,#8410,#8411),(#8412,
#8413,#8414,#8415,#8416)),.UNSPECIFIED.,.F.,.F.,.F.,(4,4),(4,1,4),(0.,1.),
(-1.85309507117601,-1.40131769971266,-0.798947871094871),.UNSPECIFIED.);
#4894=B_SPLINE_SURFACE_WITH_KNOTS('',3,3,((#8419,#8420,#8421,#8422),(#8423,
#8424,#8425,#8426),(#8427,#8428,#8429,#8430),(#8431,#8432,#8433,#8434)),
 .UNSPECIFIED.,.F.,.F.,.F.,(4,4),(4,4),(0.,1.),(-1.9054175158397,-1.85309507117601),
 .UNSPECIFIED.);
#4895=B_SPLINE_SURFACE_WITH_KNOTS('',3,3,((#8435,#8436,#8437,#8438),(#8439,
#8440,#8441,#8442),(#8443,#8444,#8445,#8446),(#8447,#8448,#8449,#8450)),
 .UNSPECIFIED.,.F.,.F.,.F.,(4,4),(4,4),(0.,1.),(0.0445592389009769,0.0731970017094248),
 .UNSPECIFIED.);
#4896=B_SPLINE_SURFACE_WITH_KNOTS('',3,3,((#8883,#8884,#8885,#8886,#8887,
#8888,#8889,#8890,#8891,#8892,#8893,#8894,#8895,#8896,#8897,#8898,#8899,
#8900),(#8901,#8902,#8903,#8904,#8905,#8906,#8907,#8908,#8909,#8910,#8911,
#8912,#8913,#8914,#8915,#8916,#8917,#8918),(#8919,#8920,#8921,#8922,#8923,
#8924,#8925,#8926,#8927,#8928,#8929,#8930,#8931,#8932,#8933,#8934,#8935,
#8936),(#8937,#8938,#8939,#8940,#8941,#8942,#8943,#8944,#8945,#8946,#8947,
#8948,#8949,#8950,#8951,#8952,#8953,#8954)),.UNSPECIFIED.,.F.,.T.,.F.,(4,
4),(4,1,1,1,1,1,1,1,1,1,1,1,1,1,1,4),(-0.000810163143021872,1.),(-3.14159265358979,
-2.91719317833338,-2.69279370307697,-2.24399475256414,-1.34639685153848,
-0.448798950512828,-0.299199300341885,-0.149599650170943,0.149599650170943,
0.448798950512828,0.897597901025655,1.34639685153848,2.24399475256414,2.69279370307697,
2.91719317833338,3.14159265358979),.UNSPECIFIED.);
#4897=B_SPLINE_SURFACE_WITH_KNOTS('',3,3,((#9276,#9277,#9278,#9279,#9280,
#9281,#9282,#9283,#9284,#9285,#9286,#9287,#9288,#9289,#9290,#9291,#9292,
#9293),(#9294,#9295,#9296,#9297,#9298,#9299,#9300,#9301,#9302,#9303,#9304,
#9305,#9306,#9307,#9308,#9309,#9310,#9311),(#9312,#9313,#9314,#9315,#9316,
#9317,#9318,#9319,#9320,#9321,#9322,#9323,#9324,#9325,#9326,#9327,#9328,
#9329),(#9330,#9331,#9332,#9333,#9334,#9335,#9336,#9337,#9338,#9339,#9340,
#9341,#9342,#9343,#9344,#9345,#9346,#9347)),.UNSPECIFIED.,.F.,.T.,.F.,(4,
4),(4,1,1,1,1,1,1,1,1,1,1,1,1,1,1,4),(-0.000810163143021872,1.),(-3.14159265358979,
-2.91719317833338,-2.69279370307697,-2.24399475256414,-1.34639685153848,
-0.448798950512828,-0.299199300341885,-0.149599650170943,0.149599650170943,
0.448798950512828,0.897597901025655,1.34639685153848,2.24399475256414,2.69279370307697,
2.91719317833338,3.14159265358979),.UNSPECIFIED.);
#4898=B_SPLINE_SURFACE_WITH_KNOTS('',3,3,((#9890,#9891,#9892,#9893),(#9894,
#9895,#9896,#9897),(#9898,#9899,#9900,#9901),(#9902,#9903,#9904,#9905)),
 .UNSPECIFIED.,.F.,.F.,.F.,(4,4),(4,4),(0.,1.),(-1.59549174090178,-1.56862896412578),
 .UNSPECIFIED.);
#4899=B_SPLINE_SURFACE_WITH_KNOTS('',3,3,((#9917,#9918,#9919,#9920,#9921),
(#9922,#9923,#9924,#9925,#9926),(#9927,#9928,#9929,#9930,#9931),(#9932,
#9933,#9934,#9935,#9936)),.UNSPECIFIED.,.F.,.F.,.F.,(4,4),(4,1,4),(0.,1.),
(-0.475835919788516,0.122562680895255,0.571361631408083),.UNSPECIFIED.);
#4900=B_SPLINE_SURFACE_WITH_KNOTS('',3,3,((#10053,#10054,#10055,#10056),
(#10057,#10058,#10059,#10060),(#10061,#10062,#10063,#10064),(#10065,#10066,
#10067,#10068)),.UNSPECIFIED.,.F.,.F.,.F.,(4,4),(4,4),(0.,1.),(0.0296424433688825,
0.0716701059150418),.UNSPECIFIED.);
#4901=B_SPLINE_SURFACE_WITH_KNOTS('',3,3,((#10083,#10084,#10085,#10086),
(#10087,#10088,#10089,#10090),(#10091,#10092,#10093,#10094),(#10095,#10096,
#10097,#10098)),.UNSPECIFIED.,.F.,.F.,.F.,(4,4),(4,4),(0.,1.),(0.489116666390596,
0.542120158422342),.UNSPECIFIED.);
#4902=B_SPLINE_SURFACE_WITH_KNOTS('',3,3,((#10110,#10111,#10112,#10113,
#10114),(#10115,#10116,#10117,#10118,#10119),(#10120,#10121,#10122,#10123,
#10124),(#10125,#10126,#10127,#10128,#10129)),.UNSPECIFIED.,.F.,.F.,.F.,
(4,4),(4,1,4),(0.,1.),(0.542120158422342,0.982981373439152,1.5707963267949),
 .UNSPECIFIED.);
#4903=B_SPLINE_SURFACE_WITH_KNOTS('',3,3,((#10140,#10141,#10142,#10143),
(#10144,#10145,#10146,#10147),(#10148,#10149,#10150,#10151),(#10152,#10153,
#10154,#10155)),.UNSPECIFIED.,.F.,.F.,.F.,(4,4),(4,4),(0.,1.),(-0.0238544892374363,
-0.00410794705568007),.UNSPECIFIED.);
#4904=B_SPLINE_SURFACE_WITH_KNOTS('',3,3,((#10167,#10168,#10169,#10170),
(#10171,#10172,#10173,#10174),(#10175,#10176,#10177,#10178),(#10179,#10180,
#10181,#10182)),.UNSPECIFIED.,.F.,.F.,.F.,(4,4),(4,4),(0.,1.),(1.39834535035141,
1.41809189253316),.UNSPECIFIED.);
#4905=B_SPLINE_SURFACE_WITH_KNOTS('',3,3,((#10191,#10192,#10193,#10194,
#10195),(#10196,#10197,#10198,#10199,#10200),(#10201,#10202,#10203,#10204,
#10205),(#10206,#10207,#10208,#10209,#10210)),.UNSPECIFIED.,.F.,.F.,.F.,
(4,4),(4,1,4),(0.,1.),(-0.489116666389549,-0.0698738094842209,0.48911666638955),
 .UNSPECIFIED.);
#4906=B_SPLINE_SURFACE_WITH_KNOTS('',3,3,((#10221,#10222,#10223,#10224),
(#10225,#10226,#10227,#10228),(#10229,#10230,#10231,#10232),(#10233,#10234,
#10235,#10236)),.UNSPECIFIED.,.F.,.F.,.F.,(4,4),(4,4),(0.,1.),(-0.0139273926488432,
0.00581914953288047),.UNSPECIFIED.);
#4907=B_SPLINE_SURFACE_WITH_KNOTS('',3,3,((#10248,#10249,#10250,#10251),
(#10252,#10253,#10254,#10255),(#10256,#10257,#10258,#10259),(#10260,#10261,
#10262,#10263)),.UNSPECIFIED.,.F.,.F.,.F.,(4,4),(4,4),(0.,1.),(1.55302657727934,
1.57277311946106),.UNSPECIFIED.);
#4908=B_SPLINE_SURFACE_WITH_KNOTS('',3,3,((#10272,#10273,#10274,#10275),
(#10276,#10277,#10278,#10279),(#10280,#10281,#10282,#10283),(#10284,#10285,
#10286,#10287)),.UNSPECIFIED.,.F.,.F.,.F.,(4,4),(4,4),(0.,1.),(-0.489116666388892,
0.489116666388891),.UNSPECIFIED.);
#4909=B_SPLINE_SURFACE_WITH_KNOTS('',3,3,((#10296,#10297,#10298,#10299),
(#10300,#10301,#10302,#10303),(#10304,#10305,#10306,#10307),(#10308,#10309,
#10310,#10311)),.UNSPECIFIED.,.F.,.F.,.F.,(4,4),(4,4),(0.,1.),(-0.0139273926493154,
0.00581914953241082),.UNSPECIFIED.);
#4910=B_SPLINE_SURFACE_WITH_KNOTS('',3,3,((#10323,#10324,#10325,#10326),
(#10327,#10328,#10329,#10330),(#10331,#10332,#10333,#10334),(#10335,#10336,
#10337,#10338)),.UNSPECIFIED.,.F.,.F.,.F.,(4,4),(4,4),(0.,1.),(1.55302657728002,
1.57277311946175),.UNSPECIFIED.);
#4911=B_SPLINE_SURFACE_WITH_KNOTS('',3,3,((#10347,#10348,#10349,#10350),
(#10351,#10352,#10353,#10354),(#10355,#10356,#10357,#10358),(#10359,#10360,
#10361,#10362)),.UNSPECIFIED.,.F.,.F.,.F.,(4,4),(4,4),(0.,1.),(-0.489116666388939,
0.48911666638894),.UNSPECIFIED.);
#4912=B_SPLINE_SURFACE_WITH_KNOTS('',3,3,((#10483,#10484,#10485,#10486),
(#10487,#10488,#10489,#10490),(#10491,#10492,#10493,#10494),(#10495,#10496,
#10497,#10498),(#10499,#10500,#10501,#10502)),.UNSPECIFIED.,.F.,.F.,.F.,
(4,1,4),(4,4),(0.,0.5,1.),(1.51010889084467,1.57079632679795),
 .UNSPECIFIED.);
#4913=B_SPLINE_SURFACE_WITH_KNOTS('',3,3,((#10547,#10548,#10549,#10550),
(#10551,#10552,#10553,#10554),(#10555,#10556,#10557,#10558),(#10559,#10560,
#10561,#10562),(#10563,#10564,#10565,#10566),(#10567,#10568,#10569,#10570),
(#10571,#10572,#10573,#10574)),.UNSPECIFIED.,.F.,.F.,.F.,(4,1,1,1,4),(4,
4),(-0.00180423852536433,0.285714285714286,0.5,0.785714285714286,1.00012343736777),
(-1.5726005653172,-1.0673968918959),.UNSPECIFIED.);
#4914=B_SPLINE_SURFACE_WITH_KNOTS('',3,3,((#10696,#10697,#10698,#10699,
#10700,#10701,#10702),(#10703,#10704,#10705,#10706,#10707,#10708,#10709),
(#10710,#10711,#10712,#10713,#10714,#10715,#10716),(#10717,#10718,#10719,
#10720,#10721,#10722,#10723),(#10724,#10725,#10726,#10727,#10728,#10729,
#10730)),.UNSPECIFIED.,.F.,.F.,.F.,(4,1,4),(4,1,1,1,4),(0.,0.571428571428571,
1.),(-0.269444104818202,-0.240575093587681,-0.230952089844174,-0.153968059896116,
0.),.UNSPECIFIED.);
#4915=B_SPLINE_SURFACE_WITH_KNOTS('',3,3,((#10732,#10733,#10734,#10735,
#10736),(#10737,#10738,#10739,#10740,#10741),(#10742,#10743,#10744,#10745,
#10746),(#10747,#10748,#10749,#10750,#10751),(#10752,#10753,#10754,#10755,
#10756)),.UNSPECIFIED.,.F.,.F.,.F.,(4,1,4),(4,1,4),(0.,0.571428571428571,
1.),(3.11894017233164,3.29371826693905,3.52675572641559),.UNSPECIFIED.);
#4916=B_SPLINE_SURFACE_WITH_KNOTS('',3,3,((#10803,#10804,#10805,#10806),
(#10807,#10808,#10809,#10810),(#10811,#10812,#10813,#10814),(#10815,#10816,
#10817,#10818),(#10819,#10820,#10821,#10822)),.UNSPECIFIED.,.F.,.F.,.F.,
(4,1,4),(4,4),(0.,0.571428571428571,1.),(0.,0.485848855584072),
 .UNSPECIFIED.);
#4917=B_SPLINE_SURFACE_WITH_KNOTS('',3,3,((#10826,#10827,#10828,#10829,
#10830),(#10831,#10832,#10833,#10834,#10835),(#10836,#10837,#10838,#10839,
#10840),(#10841,#10842,#10843,#10844,#10845),(#10846,#10847,#10848,#10849,
#10850)),.UNSPECIFIED.,.F.,.F.,.F.,(4,1,4),(4,1,4),(0.,0.571428571428571,
1.),(2.59778393143714,2.81549302850347,3.10577182459192),.UNSPECIFIED.);
#4918=B_SPLINE_SURFACE_WITH_KNOTS('',3,3,((#10900,#10901,#10902,#10903),
(#10904,#10905,#10906,#10907),(#10908,#10909,#10910,#10911),(#10912,#10913,
#10914,#10915)),.UNSPECIFIED.,.F.,.F.,.F.,(4,4),(4,4),(0.,1.),(-1.73317044760959,
-1.71041555073633),.UNSPECIFIED.);
#4919=ADVANCED_FACE('',(#506),#4875,.T.);
#4920=ADVANCED_FACE('',(#507),#475,.F.);
#4921=ADVANCED_FACE('',(#508),#132,.T.);
#4922=ADVANCED_FACE('',(#509),#476,.F.);
#4923=ADVANCED_FACE('',(#510),#133,.T.);
#4924=ADVANCED_FACE('',(#511),#4876,.T.);
#4925=ADVANCED_FACE('',(#512),#134,.T.);
#4926=ADVANCED_FACE('',(#513),#135,.T.);
#4927=ADVANCED_FACE('',(#514,#118,#119),#136,.F.);
#4928=ADVANCED_FACE('',(#515),#137,.T.);
#4929=ADVANCED_FACE('',(#516),#50,.F.);
#4930=ADVANCED_FACE('',(#517),#4877,.T.);
#4931=ADVANCED_FACE('',(#518),#51,.F.);
#4932=ADVANCED_FACE('',(#519),#52,.F.);
#4933=ADVANCED_FACE('',(#520),#53,.F.);
#4934=ADVANCED_FACE('',(#521),#4878,.T.);
#4935=ADVANCED_FACE('',(#522),#4879,.F.);
#4936=ADVANCED_FACE('',(#523),#138,.F.);
#4937=ADVANCED_FACE('',(#524),#54,.T.);
#4938=ADVANCED_FACE('',(#525),#139,.F.);
#4939=ADVANCED_FACE('',(#526),#4880,.F.);
#4940=ADVANCED_FACE('',(#527),#4881,.T.);
#4941=ADVANCED_FACE('',(#528),#140,.F.);
#4942=ADVANCED_FACE('',(#529),#141,.F.);
#4943=ADVANCED_FACE('',(#530),#142,.T.);
#4944=ADVANCED_FACE('',(#531),#143,.T.);
#4945=ADVANCED_FACE('',(#532),#144,.T.);
#4946=ADVANCED_FACE('',(#533),#477,.T.);
#4947=ADVANCED_FACE('',(#534),#145,.T.);
#4948=ADVANCED_FACE('',(#535),#478,.F.);
#4949=ADVANCED_FACE('',(#536),#146,.T.);
#4950=ADVANCED_FACE('',(#537),#479,.T.);
#4951=ADVANCED_FACE('',(#538,#120),#147,.T.);
#4952=ADVANCED_FACE('',(#539),#148,.T.);
#4953=ADVANCED_FACE('',(#540),#55,.T.);
#4954=ADVANCED_FACE('',(#541),#56,.T.);
#4955=ADVANCED_FACE('',(#542),#149,.F.);
#4956=ADVANCED_FACE('',(#543),#150,.T.);
#4957=ADVANCED_FACE('',(#544),#151,.F.);
#4958=ADVANCED_FACE('',(#545),#152,.F.);
#4959=ADVANCED_FACE('',(#546),#57,.F.);
#4960=ADVANCED_FACE('',(#547,#121,#122),#153,.T.);
#4961=ADVANCED_FACE('',(#548),#154,.T.);
#4962=ADVANCED_FACE('',(#549),#480,.T.);
#4963=ADVANCED_FACE('',(#550),#155,.T.);
#4964=ADVANCED_FACE('',(#551),#481,.T.);
#4965=ADVANCED_FACE('',(#552),#482,.T.);
#4966=ADVANCED_FACE('',(#553),#156,.T.);
#4967=ADVANCED_FACE('',(#554),#157,.F.);
#4968=ADVANCED_FACE('',(#555),#483,.F.);
#4969=ADVANCED_FACE('',(#556),#158,.F.);
#4970=ADVANCED_FACE('',(#557),#484,.F.);
#4971=ADVANCED_FACE('',(#558),#159,.F.);
#4972=ADVANCED_FACE('',(#559),#160,.T.);
#4973=ADVANCED_FACE('',(#560),#161,.T.);
#4974=ADVANCED_FACE('',(#561),#162,.F.);
#4975=ADVANCED_FACE('',(#562),#163,.T.);
#4976=ADVANCED_FACE('',(#563),#164,.T.);
#4977=ADVANCED_FACE('',(#564),#165,.T.);
#4978=ADVANCED_FACE('',(#565),#166,.T.);
#4979=ADVANCED_FACE('',(#566),#167,.T.);
#4980=ADVANCED_FACE('',(#567),#485,.F.);
#4981=ADVANCED_FACE('',(#568),#168,.T.);
#4982=ADVANCED_FACE('',(#569),#486,.F.);
#4983=ADVANCED_FACE('',(#570),#169,.T.);
#4984=ADVANCED_FACE('',(#571),#170,.F.);
#4985=ADVANCED_FACE('',(#572),#58,.F.);
#4986=ADVANCED_FACE('',(#573),#171,.F.);
#4987=ADVANCED_FACE('',(#574),#59,.F.);
#4988=ADVANCED_FACE('',(#575),#172,.F.);
#4989=ADVANCED_FACE('',(#576),#173,.F.);
#4990=ADVANCED_FACE('',(#577),#174,.T.);
#4991=ADVANCED_FACE('',(#578),#175,.T.);
#4992=ADVANCED_FACE('',(#579),#176,.T.);
#4993=ADVANCED_FACE('',(#580),#177,.T.);
#4994=ADVANCED_FACE('',(#581),#487,.F.);
#4995=ADVANCED_FACE('',(#582),#178,.T.);
#4996=ADVANCED_FACE('',(#583),#179,.T.);
#4997=ADVANCED_FACE('',(#584),#180,.T.);
#4998=ADVANCED_FACE('',(#585),#488,.F.);
#4999=ADVANCED_FACE('',(#586),#181,.T.);
#5000=ADVANCED_FACE('',(#587),#182,.T.);
#5001=ADVANCED_FACE('',(#588),#183,.F.);
#5002=ADVANCED_FACE('',(#589),#184,.F.);
#5003=ADVANCED_FACE('',(#590),#185,.F.);
#5004=ADVANCED_FACE('',(#591),#489,.T.);
#5005=ADVANCED_FACE('',(#592),#186,.T.);
#5006=ADVANCED_FACE('',(#593),#490,.F.);
#5007=ADVANCED_FACE('',(#594,#123),#187,.F.);
#5008=ADVANCED_FACE('',(#595),#60,.F.);
#5009=ADVANCED_FACE('',(#596),#61,.F.);
#5010=ADVANCED_FACE('',(#597),#62,.F.);
#5011=ADVANCED_FACE('',(#598),#4882,.T.);
#5012=ADVANCED_FACE('',(#599),#63,.F.);
#5013=ADVANCED_FACE('',(#600),#4883,.T.);
#5014=ADVANCED_FACE('',(#601),#64,.F.);
#5015=ADVANCED_FACE('',(#602),#4884,.T.);
#5016=ADVANCED_FACE('',(#603),#65,.F.);
#5017=ADVANCED_FACE('',(#604),#4885,.T.);
#5018=ADVANCED_FACE('',(#605),#66,.F.);
#5019=ADVANCED_FACE('',(#606),#188,.T.);
#5020=ADVANCED_FACE('',(#607),#67,.T.);
#5021=ADVANCED_FACE('',(#608),#189,.T.);
#5022=ADVANCED_FACE('',(#609),#68,.T.);
#5023=ADVANCED_FACE('',(#610),#190,.T.);
#5024=ADVANCED_FACE('',(#611),#69,.T.);
#5025=ADVANCED_FACE('',(#612),#191,.T.);
#5026=ADVANCED_FACE('',(#613),#70,.T.);
#5027=ADVANCED_FACE('',(#614),#192,.T.);
#5028=ADVANCED_FACE('',(#615),#4886,.T.);
#5029=ADVANCED_FACE('',(#616),#4887,.T.);
#5030=ADVANCED_FACE('',(#617),#4888,.T.);
#5031=ADVANCED_FACE('',(#618),#193,.T.);
#5032=ADVANCED_FACE('',(#619),#4889,.T.);
#5033=ADVANCED_FACE('',(#620),#4890,.T.);
#5034=ADVANCED_FACE('',(#621),#4891,.T.);
#5035=ADVANCED_FACE('',(#622),#194,.T.);
#5036=ADVANCED_FACE('',(#623),#4892,.T.);
#5037=ADVANCED_FACE('',(#624),#4893,.T.);
#5038=ADVANCED_FACE('',(#625),#4894,.T.);
#5039=ADVANCED_FACE('',(#626),#4895,.T.);
#5040=ADVANCED_FACE('',(#627),#195,.F.);
#5041=ADVANCED_FACE('',(#628),#71,.T.);
#5042=ADVANCED_FACE('',(#629),#196,.F.);
#5043=ADVANCED_FACE('',(#630),#72,.T.);
#5044=ADVANCED_FACE('',(#631),#197,.T.);
#5045=ADVANCED_FACE('',(#632),#73,.T.);
#5046=ADVANCED_FACE('',(#633),#198,.T.);
#5047=ADVANCED_FACE('',(#634),#74,.T.);
#5048=ADVANCED_FACE('',(#635),#75,.T.);
#5049=ADVANCED_FACE('',(#636),#46,.T.);
#5050=ADVANCED_FACE('',(#637,#124),#199,.T.);
#5051=ADVANCED_FACE('',(#638),#491,.F.);
#5052=ADVANCED_FACE('',(#639),#76,.F.);
#5053=ADVANCED_FACE('',(#640),#4896,.T.);
#5054=ADVANCED_FACE('',(#641),#200,.F.);
#5055=ADVANCED_FACE('',(#642),#77,.T.);
#5056=ADVANCED_FACE('',(#643),#201,.F.);
#5057=ADVANCED_FACE('',(#644),#78,.T.);
#5058=ADVANCED_FACE('',(#645),#492,.T.);
#5059=ADVANCED_FACE('',(#646),#493,.T.);
#5060=ADVANCED_FACE('',(#647),#202,.T.);
#5061=ADVANCED_FACE('',(#648),#203,.T.);
#5062=ADVANCED_FACE('',(#649),#494,.T.);
#5063=ADVANCED_FACE('',(#650),#495,.T.);
#5064=ADVANCED_FACE('',(#651),#204,.T.);
#5065=ADVANCED_FACE('',(#652),#205,.F.);
#5066=ADVANCED_FACE('',(#653),#79,.F.);
#5067=ADVANCED_FACE('',(#654),#206,.F.);
#5068=ADVANCED_FACE('',(#655),#207,.F.);
#5069=ADVANCED_FACE('',(#656),#80,.F.);
#5070=ADVANCED_FACE('',(#657),#496,.F.);
#5071=ADVANCED_FACE('',(#658),#81,.F.);
#5072=ADVANCED_FACE('',(#659),#208,.F.);
#5073=ADVANCED_FACE('',(#660),#209,.T.);
#5074=ADVANCED_FACE('',(#661),#82,.T.);
#5075=ADVANCED_FACE('',(#662),#210,.F.);
#5076=ADVANCED_FACE('',(#663,#125,#126,#127),#211,.T.);
#5077=ADVANCED_FACE('',(#664),#212,.F.);
#5078=ADVANCED_FACE('',(#665),#83,.T.);
#5079=ADVANCED_FACE('',(#666,#128),#213,.T.);
#5080=ADVANCED_FACE('',(#667),#214,.T.);
#5081=ADVANCED_FACE('',(#668),#215,.F.);
#5082=ADVANCED_FACE('',(#669),#84,.F.);
#5083=ADVANCED_FACE('',(#670),#216,.F.);
#5084=ADVANCED_FACE('',(#671),#217,.T.);
#5085=ADVANCED_FACE('',(#672),#497,.T.);
#5086=ADVANCED_FACE('',(#673),#498,.T.);
#5087=ADVANCED_FACE('',(#674),#218,.T.);
#5088=ADVANCED_FACE('',(#675),#219,.T.);
#5089=ADVANCED_FACE('',(#676),#499,.T.);
#5090=ADVANCED_FACE('',(#677),#500,.T.);
#5091=ADVANCED_FACE('',(#678),#85,.T.);
#5092=ADVANCED_FACE('',(#679),#220,.F.);
#5093=ADVANCED_FACE('',(#680),#86,.T.);
#5094=ADVANCED_FACE('',(#681),#221,.F.);
#5095=ADVANCED_FACE('',(#682),#4897,.T.);
#5096=ADVANCED_FACE('',(#683),#87,.F.);
#5097=ADVANCED_FACE('',(#684),#501,.F.);
#5098=ADVANCED_FACE('',(#685,#129),#222,.T.);
#5099=ADVANCED_FACE('',(#686),#47,.T.);
#5100=ADVANCED_FACE('',(#687),#88,.T.);
#5101=ADVANCED_FACE('',(#688),#89,.T.);
#5102=ADVANCED_FACE('',(#689),#223,.T.);
#5103=ADVANCED_FACE('',(#690),#90,.T.);
#5104=ADVANCED_FACE('',(#691),#224,.T.);
#5105=ADVANCED_FACE('',(#692),#91,.T.);
#5106=ADVANCED_FACE('',(#693),#225,.F.);
#5107=ADVANCED_FACE('',(#694),#92,.T.);
#5108=ADVANCED_FACE('',(#695),#226,.T.);
#5109=ADVANCED_FACE('',(#696),#93,.F.);
#5110=ADVANCED_FACE('',(#697),#227,.F.);
#5111=ADVANCED_FACE('',(#698),#228,.F.);
#5112=ADVANCED_FACE('',(#699),#229,.T.);
#5113=ADVANCED_FACE('',(#700),#230,.F.);
#5114=ADVANCED_FACE('',(#701),#231,.F.);
#5115=ADVANCED_FACE('',(#702),#232,.F.);
#5116=ADVANCED_FACE('',(#703),#4898,.T.);
#5117=ADVANCED_FACE('',(#704),#233,.T.);
#5118=ADVANCED_FACE('',(#705),#4899,.T.);
#5119=ADVANCED_FACE('',(#706),#234,.F.);
#5120=ADVANCED_FACE('',(#707),#235,.F.);
#5121=ADVANCED_FACE('',(#708),#236,.F.);
#5122=ADVANCED_FACE('',(#709),#237,.F.);
#5123=ADVANCED_FACE('',(#710),#94,.F.);
#5124=ADVANCED_FACE('',(#711),#238,.F.);
#5125=ADVANCED_FACE('',(#712),#95,.F.);
#5126=ADVANCED_FACE('',(#713),#239,.F.);
#5127=ADVANCED_FACE('',(#714),#240,.F.);
#5128=ADVANCED_FACE('',(#715),#241,.F.);
#5129=ADVANCED_FACE('',(#716),#242,.F.);
#5130=ADVANCED_FACE('',(#717),#243,.T.);
#5131=ADVANCED_FACE('',(#718),#244,.F.);
#5132=ADVANCED_FACE('',(#719),#96,.F.);
#5133=ADVANCED_FACE('',(#720),#97,.F.);
#5134=ADVANCED_FACE('',(#721),#4900,.T.);
#5135=ADVANCED_FACE('',(#722),#4901,.T.);
#5136=ADVANCED_FACE('',(#723),#4902,.T.);
#5137=ADVANCED_FACE('',(#724),#4903,.T.);
#5138=ADVANCED_FACE('',(#725),#245,.T.);
#5139=ADVANCED_FACE('',(#726),#4904,.T.);
#5140=ADVANCED_FACE('',(#727),#4905,.T.);
#5141=ADVANCED_FACE('',(#728),#4906,.T.);
#5142=ADVANCED_FACE('',(#729),#246,.T.);
#5143=ADVANCED_FACE('',(#730),#4907,.T.);
#5144=ADVANCED_FACE('',(#731),#4908,.T.);
#5145=ADVANCED_FACE('',(#732),#4909,.T.);
#5146=ADVANCED_FACE('',(#733),#247,.T.);
#5147=ADVANCED_FACE('',(#734),#4910,.T.);
#5148=ADVANCED_FACE('',(#735),#4911,.T.);
#5149=ADVANCED_FACE('',(#736),#248,.T.);
#5150=ADVANCED_FACE('',(#737),#249,.T.);
#5151=ADVANCED_FACE('',(#738),#250,.F.);
#5152=ADVANCED_FACE('',(#739),#251,.T.);
#5153=ADVANCED_FACE('',(#740),#252,.T.);
#5154=ADVANCED_FACE('',(#741),#253,.T.);
#5155=ADVANCED_FACE('',(#742),#502,.F.);
#5156=ADVANCED_FACE('',(#743),#254,.F.);
#5157=ADVANCED_FACE('',(#744),#503,.F.);
#5158=ADVANCED_FACE('',(#745),#255,.F.);
#5159=ADVANCED_FACE('',(#746),#504,.T.);
#5160=ADVANCED_FACE('',(#747),#256,.T.);
#5161=ADVANCED_FACE('',(#748),#505,.T.);
#5162=ADVANCED_FACE('',(#749),#257,.T.);
#5163=ADVANCED_FACE('',(#750),#258,.F.);
#5164=ADVANCED_FACE('',(#751),#259,.F.);
#5165=ADVANCED_FACE('',(#752),#260,.F.);
#5166=ADVANCED_FACE('',(#753),#261,.F.);
#5167=ADVANCED_FACE('',(#754),#262,.T.);
#5168=ADVANCED_FACE('',(#755),#263,.T.);
#5169=ADVANCED_FACE('',(#756),#264,.T.);
#5170=ADVANCED_FACE('',(#757),#98,.T.);
#5171=ADVANCED_FACE('',(#758),#99,.T.);
#5172=ADVANCED_FACE('',(#759),#100,.T.);
#5173=ADVANCED_FACE('',(#760),#4912,.F.);
#5174=ADVANCED_FACE('',(#761),#101,.T.);
#5175=ADVANCED_FACE('',(#762),#265,.T.);
#5176=ADVANCED_FACE('',(#763),#102,.F.);
#5177=ADVANCED_FACE('',(#764),#103,.F.);
#5178=ADVANCED_FACE('',(#765),#266,.F.);
#5179=ADVANCED_FACE('',(#766,#130,#131),#267,.F.);
#5180=ADVANCED_FACE('',(#767),#268,.T.);
#5181=ADVANCED_FACE('',(#768),#269,.T.);
#5182=ADVANCED_FACE('',(#769),#270,.T.);
#5183=ADVANCED_FACE('',(#770),#104,.T.);
#5184=ADVANCED_FACE('',(#771),#105,.T.);
#5185=ADVANCED_FACE('',(#772),#4913,.F.);
#5186=ADVANCED_FACE('',(#773),#271,.T.);
#5187=ADVANCED_FACE('',(#774),#106,.F.);
#5188=ADVANCED_FACE('',(#775),#272,.T.);
#5189=ADVANCED_FACE('',(#776),#107,.T.);
#5190=ADVANCED_FACE('',(#777),#273,.T.);
#5191=ADVANCED_FACE('',(#778),#108,.T.);
#5192=ADVANCED_FACE('',(#779),#274,.T.);
#5193=ADVANCED_FACE('',(#780),#109,.T.);
#5194=ADVANCED_FACE('',(#781),#275,.F.);
#5195=ADVANCED_FACE('',(#782),#110,.F.);
#5196=ADVANCED_FACE('',(#783),#111,.F.);
#5197=ADVANCED_FACE('',(#784),#276,.F.);
#5198=ADVANCED_FACE('',(#785),#35,.F.);
#5199=ADVANCED_FACE('',(#786),#36,.F.);
#5200=ADVANCED_FACE('',(#787),#277,.T.);
#5201=ADVANCED_FACE('',(#788),#37,.F.);
#5202=ADVANCED_FACE('',(#789),#278,.T.);
#5203=ADVANCED_FACE('',(#790),#279,.T.);
#5204=ADVANCED_FACE('',(#791),#280,.T.);
#5205=ADVANCED_FACE('',(#792),#4914,.T.);
#5206=ADVANCED_FACE('',(#793),#4915,.T.);
#5207=ADVANCED_FACE('',(#794),#112,.F.);
#5208=ADVANCED_FACE('',(#795),#4916,.T.);
#5209=ADVANCED_FACE('',(#796),#113,.F.);
#5210=ADVANCED_FACE('',(#797),#4917,.T.);
#5211=ADVANCED_FACE('',(#798),#114,.F.);
#5212=ADVANCED_FACE('',(#799),#115,.F.);
#5213=ADVANCED_FACE('',(#800),#281,.T.);
#5214=ADVANCED_FACE('',(#801),#116,.F.);
#5215=ADVANCED_FACE('',(#802),#4918,.T.);
#5216=ADVANCED_FACE('',(#803),#282,.T.);
#5217=ADVANCED_FACE('',(#804),#117,.F.);
#5218=CLOSED_SHELL('',(#4919,#4920,#4921,#4922,#4923,#4924,#4925,#4926,
#4927,#4928,#4929,#4930,#4931,#4932,#4933,#4934,#4935,#4936,#4937,#4938,
#4939,#4940,#4941,#4942,#4943,#4944,#4945,#4946,#4947,#4948,#4949,#4950,
#4951,#4952,#4953,#4954,#4955,#4956,#4957,#4958,#4959,#4960,#4961,#4962,
#4963,#4964,#4965,#4966,#4967,#4968,#4969,#4970,#4971,#4972,#4973,#4974,
#4975,#4976,#4977,#4978,#4979,#4980,#4981,#4982,#4983,#4984,#4985,#4986,
#4987,#4988,#4989,#4990,#4991,#4992,#4993,#4994,#4995,#4996,#4997,#4998,
#4999,#5000,#5001,#5002,#5003,#5004,#5005,#5006,#5007,#5008,#5009,#5010,
#5011,#5012,#5013,#5014,#5015,#5016,#5017,#5018,#5019,#5020,#5021,#5022,
#5023,#5024,#5025,#5026,#5027,#5028,#5029,#5030,#5031,#5032,#5033,#5034,
#5035,#5036,#5037,#5038,#5039,#5040,#5041,#5042,#5043,#5044,#5045,#5046,
#5047,#5048,#5049,#5050,#5051,#5052,#5053,#5054,#5055,#5056,#5057,#5058,
#5059,#5060,#5061,#5062,#5063,#5064,#5065,#5066,#5067,#5068,#5069));
#5219=CLOSED_SHELL('',(#5070,#5071,#5072,#5073,#5074,#5075,#5076,#5077,
#5078,#5079,#5080,#5081,#5082,#5083,#5084,#5085,#5086,#5087,#5088,#5089,
#5090,#5091,#5092,#5093,#5094,#5095,#5096,#5097,#5098,#5099,#5100,#5101,
#5102,#5103,#5104,#5105,#5106,#5107,#5108,#5109,#5110,#5111,#5112,#5113,
#5114,#5115,#5116,#5117,#5118,#5119,#5120,#5121,#5122,#5123,#5124,#5125,
#5126,#5127,#5128,#5129,#5130,#5131,#5132,#5133,#5134,#5135,#5136,#5137,
#5138,#5139,#5140,#5141,#5142,#5143,#5144,#5145,#5146,#5147,#5148,#5149,
#5150,#5151,#5152,#5153,#5154,#5155,#5156,#5157,#5158,#5159,#5160,#5161,
#5162,#5163,#5164,#5165,#5166,#5167,#5168,#5169,#5170,#5171,#5172,#5173,
#5174,#5175,#5176,#5177,#5178,#5179,#5180,#5181,#5182,#5183,#5184,#5185,
#5186,#5187,#5188,#5189,#5190,#5191,#5192,#5193,#5194,#5195,#5196,#5197,
#5198,#5199,#5200,#5201,#5202,#5203,#5204,#5205,#5206,#5207,#5208,#5209,
#5210,#5211,#5212,#5213,#5214,#5215,#5216,#5217));
#5220=AXIS2_PLACEMENT_3D('',#7044,#5671,#5672);
#5221=AXIS2_PLACEMENT_3D('',#7045,#5673,#5674);
#5222=AXIS2_PLACEMENT_3D('',#7102,#5676,#5677);
#5223=AXIS2_PLACEMENT_3D('',#7105,#5678,#5679);
#5224=AXIS2_PLACEMENT_3D('',#7109,#5681,#5682);
#5225=AXIS2_PLACEMENT_3D('',#7133,#5683,#5684);
#5226=AXIS2_PLACEMENT_3D('',#7134,#5685,#5686);
#5227=AXIS2_PLACEMENT_3D('',#7140,#5690,#5691);
#5228=AXIS2_PLACEMENT_3D('',#7141,#5692,#5693);
#5229=AXIS2_PLACEMENT_3D('',#7143,#5694,#5695);
#5230=AXIS2_PLACEMENT_3D('',#7144,#5696,#5697);
#5231=AXIS2_PLACEMENT_3D('',#7145,#5698,#5699);
#5232=AXIS2_PLACEMENT_3D('',#7183,#5704,#5705);
#5233=AXIS2_PLACEMENT_3D('',#7189,#5709,#5710);
#5234=AXIS2_PLACEMENT_3D('',#7199,#5715,#5716);
#5235=AXIS2_PLACEMENT_3D('',#7202,#5718,#5719);
#5236=AXIS2_PLACEMENT_3D('',#7203,#5720,#5721);
#5237=AXIS2_PLACEMENT_3D('',#7279,#5731,#5732);
#5238=AXIS2_PLACEMENT_3D('',#7283,#5734,#5735);
#5239=AXIS2_PLACEMENT_3D('',#7292,#5740,#5741);
#5240=AXIS2_PLACEMENT_3D('',#7297,#5743,#5744);
#5241=AXIS2_PLACEMENT_3D('',#7300,#5746,#5747);
#5242=AXIS2_PLACEMENT_3D('',#7301,#5748,#5749);
#5243=AXIS2_PLACEMENT_3D('',#7305,#5751,#5752);
#5244=AXIS2_PLACEMENT_3D('',#7309,#5755,#5756);
#5245=AXIS2_PLACEMENT_3D('',#7314,#5758,#5759);
#5246=AXIS2_PLACEMENT_3D('',#7317,#5761,#5762);
#5247=AXIS2_PLACEMENT_3D('',#7384,#5763,#5764);
#5248=AXIS2_PLACEMENT_3D('',#7389,#5767,#5768);
#5249=AXIS2_PLACEMENT_3D('',#7390,#5769,#5770);
#5250=AXIS2_PLACEMENT_3D('',#7395,#5773,#5774);
#5251=AXIS2_PLACEMENT_3D('',#7396,#5775,#5776);
#5252=AXIS2_PLACEMENT_3D('',#7400,#5778,#5779);
#5253=AXIS2_PLACEMENT_3D('',#7548,#5781,#5782);
#5254=AXIS2_PLACEMENT_3D('',#7549,#5783,#5784);
#5255=AXIS2_PLACEMENT_3D('',#7550,#5785,#5786);
#5256=AXIS2_PLACEMENT_3D('',#7552,#5787,#5788);
#5257=AXIS2_PLACEMENT_3D('',#7557,#5789,#5790);
#5258=AXIS2_PLACEMENT_3D('',#7560,#5793,#5794);
#5259=AXIS2_PLACEMENT_3D('',#7595,#5798,#5799);
#5260=AXIS2_PLACEMENT_3D('',#7661,#5800,#5801);
#5261=AXIS2_PLACEMENT_3D('',#7688,#5803,#5804);
#5262=AXIS2_PLACEMENT_3D('',#7692,#5807,#5808);
#5263=AXIS2_PLACEMENT_3D('',#7700,#5813,#5814);
#5264=AXIS2_PLACEMENT_3D('',#7710,#5819,#5820);
#5265=AXIS2_PLACEMENT_3D('',#7714,#5822,#5823);
#5266=AXIS2_PLACEMENT_3D('',#7720,#5826,#5827);
#5267=AXIS2_PLACEMENT_3D('',#7724,#5829,#5830);
#5268=AXIS2_PLACEMENT_3D('',#7730,#5834,#5835);
#5269=AXIS2_PLACEMENT_3D('',#7732,#5837,#5838);
#5270=AXIS2_PLACEMENT_3D('',#7734,#5840,#5841);
#5271=AXIS2_PLACEMENT_3D('',#7739,#5843,#5844);
#5272=AXIS2_PLACEMENT_3D('',#7742,#5846,#5847);
#5273=AXIS2_PLACEMENT_3D('',#7743,#5848,#5849);
#5274=AXIS2_PLACEMENT_3D('',#7749,#5853,#5854);
#5275=AXIS2_PLACEMENT_3D('',#7751,#5855,#5856);
#5276=AXIS2_PLACEMENT_3D('',#7754,#5858,#5859);
#5277=AXIS2_PLACEMENT_3D('',#7755,#5860,#5861);
#5278=AXIS2_PLACEMENT_3D('',#7761,#5865,#5866);
#5279=AXIS2_PLACEMENT_3D('',#7765,#5868,#5869);
#5280=AXIS2_PLACEMENT_3D('',#7766,#5870,#5871);
#5281=AXIS2_PLACEMENT_3D('',#7767,#5872,#5873);
#5282=AXIS2_PLACEMENT_3D('',#7771,#5875,#5876);
#5283=AXIS2_PLACEMENT_3D('',#7775,#5878,#5879);
#5284=AXIS2_PLACEMENT_3D('',#7779,#5881,#5882);
#5285=AXIS2_PLACEMENT_3D('',#7783,#5884,#5885);
#5286=AXIS2_PLACEMENT_3D('',#7804,#5887,#5888);
#5287=AXIS2_PLACEMENT_3D('',#7808,#5891,#5892);
#5288=AXIS2_PLACEMENT_3D('',#7812,#5894,#5895);
#5289=AXIS2_PLACEMENT_3D('',#7814,#5897,#5898);
#5290=AXIS2_PLACEMENT_3D('',#7818,#5900,#5901);
#5291=AXIS2_PLACEMENT_3D('',#7820,#5903,#5904);
#5292=AXIS2_PLACEMENT_3D('',#7826,#5908,#5909);
#5293=AXIS2_PLACEMENT_3D('',#7828,#5911,#5912);
#5294=AXIS2_PLACEMENT_3D('',#7832,#5915,#5916);
#5295=AXIS2_PLACEMENT_3D('',#7836,#5919,#5920);
#5296=AXIS2_PLACEMENT_3D('',#7837,#5921,#5922);
#5297=AXIS2_PLACEMENT_3D('',#7838,#5923,#5924);
#5298=AXIS2_PLACEMENT_3D('',#7840,#5925,#5926);
#5299=AXIS2_PLACEMENT_3D('',#7844,#5928,#5929);
#5300=AXIS2_PLACEMENT_3D('',#7848,#5931,#5932);
#5301=AXIS2_PLACEMENT_3D('',#7852,#5934,#5935);
#5302=AXIS2_PLACEMENT_3D('',#7858,#5938,#5939);
#5303=AXIS2_PLACEMENT_3D('',#7862,#5941,#5942);
#5304=AXIS2_PLACEMENT_3D('',#7865,#5944,#5945);
#5305=AXIS2_PLACEMENT_3D('',#7869,#5947,#5948);
#5306=AXIS2_PLACEMENT_3D('',#7873,#5950,#5951);
#5307=AXIS2_PLACEMENT_3D('',#7878,#5954,#5955);
#5308=AXIS2_PLACEMENT_3D('',#7882,#5957,#5958);
#5309=AXIS2_PLACEMENT_3D('',#7886,#5960,#5961);
#5310=AXIS2_PLACEMENT_3D('',#7890,#5963,#5964);
#5311=AXIS2_PLACEMENT_3D('',#7892,#5966,#5967);
#5312=AXIS2_PLACEMENT_3D('',#7901,#5972,#5973);
#5313=AXIS2_PLACEMENT_3D('',#7905,#5975,#5976);
#5314=AXIS2_PLACEMENT_3D('',#7906,#5977,#5978);
#5315=AXIS2_PLACEMENT_3D('',#7907,#5979,#5980);
#5316=AXIS2_PLACEMENT_3D('',#7913,#5984,#5985);
#5317=AXIS2_PLACEMENT_3D('',#7914,#5986,#5987);
#5318=AXIS2_PLACEMENT_3D('',#7915,#5988,#5989);
#5319=AXIS2_PLACEMENT_3D('',#7916,#5990,#5991);
#5320=AXIS2_PLACEMENT_3D('',#7919,#5994,#5995);
#5321=AXIS2_PLACEMENT_3D('',#7921,#5997,#5998);
#5322=AXIS2_PLACEMENT_3D('',#7922,#5999,#6000);
#5323=AXIS2_PLACEMENT_3D('',#7926,#6002,#6003);
#5324=AXIS2_PLACEMENT_3D('',#7932,#6004,#6005);
#5325=AXIS2_PLACEMENT_3D('',#7933,#6006,#6007);
#5326=AXIS2_PLACEMENT_3D('',#7937,#6010,#6011);
#5327=AXIS2_PLACEMENT_3D('',#7939,#6012,#6013);
#5328=AXIS2_PLACEMENT_3D('',#7944,#6014,#6015);
#5329=AXIS2_PLACEMENT_3D('',#7945,#6016,#6017);
#5330=AXIS2_PLACEMENT_3D('',#7947,#6019,#6020);
#5331=AXIS2_PLACEMENT_3D('',#7951,#6023,#6024);
#5332=AXIS2_PLACEMENT_3D('',#7955,#6027,#6028);
#5333=AXIS2_PLACEMENT_3D('',#7961,#6032,#6033);
#5334=AXIS2_PLACEMENT_3D('',#7967,#6037,#6038);
#5335=AXIS2_PLACEMENT_3D('',#7969,#6040,#6041);
#5336=AXIS2_PLACEMENT_3D('',#7971,#6043,#6044);
#5337=AXIS2_PLACEMENT_3D('',#7973,#6046,#6047);
#5338=AXIS2_PLACEMENT_3D('',#7980,#6049,#6050);
#5339=AXIS2_PLACEMENT_3D('',#7982,#6051,#6052);
#5340=AXIS2_PLACEMENT_3D('',#7987,#6053,#6054);
#5341=AXIS2_PLACEMENT_3D('',#7991,#6057,#6058);
#5342=AXIS2_PLACEMENT_3D('',#7994,#6060,#6061);
#5343=AXIS2_PLACEMENT_3D('',#7995,#6062,#6063);
#5344=AXIS2_PLACEMENT_3D('',#7997,#6065,#6066);
#5345=AXIS2_PLACEMENT_3D('',#8001,#6069,#6070);
#5346=AXIS2_PLACEMENT_3D('',#8004,#6072,#6073);
#5347=AXIS2_PLACEMENT_3D('',#8005,#6074,#6075);
#5348=AXIS2_PLACEMENT_3D('',#8009,#6078,#6079);
#5349=AXIS2_PLACEMENT_3D('',#8012,#6081,#6082);
#5350=AXIS2_PLACEMENT_3D('',#8013,#6083,#6084);
#5351=AXIS2_PLACEMENT_3D('',#8017,#6087,#6088);
#5352=AXIS2_PLACEMENT_3D('',#8021,#6091,#6092);
#5353=AXIS2_PLACEMENT_3D('',#8023,#6094,#6095);
#5354=AXIS2_PLACEMENT_3D('',#8026,#6098,#6099);
#5355=AXIS2_PLACEMENT_3D('',#8028,#6101,#6102);
#5356=AXIS2_PLACEMENT_3D('',#8034,#6104,#6105);
#5357=AXIS2_PLACEMENT_3D('',#8039,#6106,#6107);
#5358=AXIS2_PLACEMENT_3D('',#8041,#6109,#6110);
#5359=AXIS2_PLACEMENT_3D('',#8043,#6112,#6113);
#5360=AXIS2_PLACEMENT_3D('',#8047,#6116,#6117);
#5361=AXIS2_PLACEMENT_3D('',#8049,#6119,#6120);
#5362=AXIS2_PLACEMENT_3D('',#8050,#6121,#6122);
#5363=AXIS2_PLACEMENT_3D('',#8052,#6124,#6125);
#5364=AXIS2_PLACEMENT_3D('',#8053,#6126,#6127);
#5365=AXIS2_PLACEMENT_3D('',#8055,#6129,#6130);
#5366=AXIS2_PLACEMENT_3D('',#8056,#6131,#6132);
#5367=AXIS2_PLACEMENT_3D('',#8058,#6134,#6135);
#5368=AXIS2_PLACEMENT_3D('',#8059,#6136,#6137);
#5369=AXIS2_PLACEMENT_3D('',#8061,#6138,#6139);
#5370=AXIS2_PLACEMENT_3D('',#8064,#6141,#6142);
#5371=AXIS2_PLACEMENT_3D('',#8066,#6143,#6144);
#5372=AXIS2_PLACEMENT_3D('',#8068,#6145,#6146);
#5373=AXIS2_PLACEMENT_3D('',#8069,#6147,#6148);
#5374=AXIS2_PLACEMENT_3D('',#8071,#6150,#6151);
#5375=AXIS2_PLACEMENT_3D('',#8073,#6153,#6154);
#5376=AXIS2_PLACEMENT_3D('',#8074,#6155,#6156);
#5377=AXIS2_PLACEMENT_3D('',#8101,#6157,#6158);
#5378=AXIS2_PLACEMENT_3D('',#8102,#6159,#6160);
#5379=AXIS2_PLACEMENT_3D('',#8103,#6161,#6162);
#5380=AXIS2_PLACEMENT_3D('',#8105,#6163,#6164);
#5381=AXIS2_PLACEMENT_3D('',#8133,#6166,#6167);
#5382=AXIS2_PLACEMENT_3D('',#8134,#6168,#6169);
#5383=AXIS2_PLACEMENT_3D('',#8135,#6170,#6171);
#5384=AXIS2_PLACEMENT_3D('',#8137,#6172,#6173);
#5385=AXIS2_PLACEMENT_3D('',#8165,#6175,#6176);
#5386=AXIS2_PLACEMENT_3D('',#8166,#6177,#6178);
#5387=AXIS2_PLACEMENT_3D('',#8167,#6179,#6180);
#5388=AXIS2_PLACEMENT_3D('',#8169,#6181,#6182);
#5389=AXIS2_PLACEMENT_3D('',#8197,#6184,#6185);
#5390=AXIS2_PLACEMENT_3D('',#8198,#6186,#6187);
#5391=AXIS2_PLACEMENT_3D('',#8199,#6188,#6189);
#5392=AXIS2_PLACEMENT_3D('',#8201,#6191,#6192);
#5393=AXIS2_PLACEMENT_3D('',#8203,#6194,#6195);
#5394=AXIS2_PLACEMENT_3D('',#8216,#6197,#6198);
#5395=AXIS2_PLACEMENT_3D('',#8225,#6201,#6202);
#5396=AXIS2_PLACEMENT_3D('',#8237,#6204,#6205);
#5397=AXIS2_PLACEMENT_3D('',#8251,#6208,#6209);
#5398=AXIS2_PLACEMENT_3D('',#8263,#6211,#6212);
#5399=AXIS2_PLACEMENT_3D('',#8271,#6215,#6216);
#5400=AXIS2_PLACEMENT_3D('',#8272,#6217,#6218);
#5401=AXIS2_PLACEMENT_3D('',#8325,#6223,#6224);
#5402=AXIS2_PLACEMENT_3D('',#8378,#6229,#6230);
#5403=AXIS2_PLACEMENT_3D('',#8451,#6235,#6236);
#5404=AXIS2_PLACEMENT_3D('',#8453,#6238,#6239);
#5405=AXIS2_PLACEMENT_3D('',#8455,#6240,#6241);
#5406=AXIS2_PLACEMENT_3D('',#8457,#6243,#6244);
#5407=AXIS2_PLACEMENT_3D('',#8461,#6247,#6248);
#5408=AXIS2_PLACEMENT_3D('',#8463,#6249,#6250);
#5409=AXIS2_PLACEMENT_3D('',#8465,#6252,#6253);
#5410=AXIS2_PLACEMENT_3D('',#8469,#6256,#6257);
#5411=AXIS2_PLACEMENT_3D('',#8471,#6258,#6259);
#5412=AXIS2_PLACEMENT_3D('',#8473,#6261,#6262);
#5413=AXIS2_PLACEMENT_3D('',#8475,#6264,#6265);
#5414=AXIS2_PLACEMENT_3D('',#8478,#6267,#6268);
#5415=AXIS2_PLACEMENT_3D('',#8479,#6269,#6270);
#5416=AXIS2_PLACEMENT_3D('',#8481,#6271,#6272);
#5417=AXIS2_PLACEMENT_3D('',#8483,#6274,#6275);
#5418=AXIS2_PLACEMENT_3D('',#8484,#6276,#6277);
#5419=AXIS2_PLACEMENT_3D('',#8485,#6278,#6279);
#5420=AXIS2_PLACEMENT_3D('',#8487,#6280,#6281);
#5421=AXIS2_PLACEMENT_3D('',#8488,#6282,#6283);
#5422=AXIS2_PLACEMENT_3D('',#8490,#6284,#6285);
#5423=AXIS2_PLACEMENT_3D('',#8492,#6287,#6288);
#5424=AXIS2_PLACEMENT_3D('',#8959,#6290,#6291);
#5425=AXIS2_PLACEMENT_3D('',#8963,#6294,#6295);
#5426=AXIS2_PLACEMENT_3D('',#8965,#6296,#6297);
#5427=AXIS2_PLACEMENT_3D('',#8967,#6299,#6300);
#5428=AXIS2_PLACEMENT_3D('',#8971,#6303,#6304);
#5429=AXIS2_PLACEMENT_3D('',#8972,#6305,#6306);
#5430=AXIS2_PLACEMENT_3D('',#8973,#6307,#6308);
#5431=AXIS2_PLACEMENT_3D('',#8975,#6310,#6311);
#5432=AXIS2_PLACEMENT_3D('',#8977,#6313,#6314);
#5433=AXIS2_PLACEMENT_3D('',#8979,#6316,#6317);
#5434=AXIS2_PLACEMENT_3D('',#8981,#6319,#6320);
#5435=AXIS2_PLACEMENT_3D('',#8983,#6322,#6323);
#5436=AXIS2_PLACEMENT_3D('',#8985,#6325,#6326);
#5437=AXIS2_PLACEMENT_3D('',#8986,#6327,#6328);
#5438=AXIS2_PLACEMENT_3D('',#8989,#6331,#6332);
#5439=AXIS2_PLACEMENT_3D('',#8991,#6334,#6335);
#5440=AXIS2_PLACEMENT_3D('',#8992,#6336,#6337);
#5441=AXIS2_PLACEMENT_3D('',#8994,#6339,#6340);
#5442=AXIS2_PLACEMENT_3D('',#8995,#6341,#6342);
#5443=AXIS2_PLACEMENT_3D('',#8996,#6343,#6344);
#5444=AXIS2_PLACEMENT_3D('',#8999,#6345,#6346);
#5445=AXIS2_PLACEMENT_3D('',#9001,#6347,#6348);
#5446=AXIS2_PLACEMENT_3D('',#9004,#6350,#6351);
#5447=AXIS2_PLACEMENT_3D('',#9005,#6352,#6353);
#5448=AXIS2_PLACEMENT_3D('',#9007,#6354,#6355);
#5449=AXIS2_PLACEMENT_3D('',#9009,#6356,#6357);
#5450=AXIS2_PLACEMENT_3D('',#9010,#6358,#6359);
#5451=AXIS2_PLACEMENT_3D('',#9011,#6360,#6361);
#5452=AXIS2_PLACEMENT_3D('',#9015,#6363,#6364);
#5453=AXIS2_PLACEMENT_3D('',#9017,#6365,#6366);
#5454=AXIS2_PLACEMENT_3D('',#9019,#6368,#6369);
#5455=AXIS2_PLACEMENT_3D('',#9020,#6370,#6371);
#5456=AXIS2_PLACEMENT_3D('',#9021,#6372,#6373);
#5457=AXIS2_PLACEMENT_3D('',#9024,#6374,#6375);
#5458=AXIS2_PLACEMENT_3D('',#9028,#6377,#6378);
#5459=AXIS2_PLACEMENT_3D('',#9031,#6380,#6381);
#5460=AXIS2_PLACEMENT_3D('',#9032,#6382,#6383);
#5461=AXIS2_PLACEMENT_3D('',#9038,#6387,#6388);
#5462=AXIS2_PLACEMENT_3D('',#9042,#6390,#6391);
#5463=AXIS2_PLACEMENT_3D('',#9046,#6393,#6394);
#5464=AXIS2_PLACEMENT_3D('',#9050,#6396,#6397);
#5465=AXIS2_PLACEMENT_3D('',#9054,#6399,#6400);
#5466=AXIS2_PLACEMENT_3D('',#9058,#6402,#6403);
#5467=AXIS2_PLACEMENT_3D('',#9061,#6405,#6406);
#5468=AXIS2_PLACEMENT_3D('',#9099,#6412,#6413);
#5469=AXIS2_PLACEMENT_3D('',#9107,#6417,#6418);
#5470=AXIS2_PLACEMENT_3D('',#9129,#6421,#6422);
#5471=AXIS2_PLACEMENT_3D('',#9137,#6426,#6427);
#5472=AXIS2_PLACEMENT_3D('',#9154,#6429,#6430);
#5473=AXIS2_PLACEMENT_3D('',#9172,#6435,#6436);
#5474=AXIS2_PLACEMENT_3D('',#9176,#6438,#6439);
#5475=AXIS2_PLACEMENT_3D('',#9179,#6441,#6442);
#5476=AXIS2_PLACEMENT_3D('',#9180,#6443,#6444);
#5477=AXIS2_PLACEMENT_3D('',#9184,#6447,#6448);
#5478=AXIS2_PLACEMENT_3D('',#9188,#6450,#6451);
#5479=AXIS2_PLACEMENT_3D('',#9190,#6452,#6453);
#5480=AXIS2_PLACEMENT_3D('',#9192,#6455,#6456);
#5481=AXIS2_PLACEMENT_3D('',#9194,#6457,#6458);
#5482=AXIS2_PLACEMENT_3D('',#9199,#6461,#6462);
#5483=AXIS2_PLACEMENT_3D('',#9203,#6464,#6465);
#5484=AXIS2_PLACEMENT_3D('',#9207,#6467,#6468);
#5485=AXIS2_PLACEMENT_3D('',#9211,#6470,#6471);
#5486=AXIS2_PLACEMENT_3D('',#9232,#6473,#6474);
#5487=AXIS2_PLACEMENT_3D('',#9236,#6477,#6478);
#5488=AXIS2_PLACEMENT_3D('',#9238,#6480,#6481);
#5489=AXIS2_PLACEMENT_3D('',#9240,#6483,#6484);
#5490=AXIS2_PLACEMENT_3D('',#9241,#6485,#6486);
#5491=AXIS2_PLACEMENT_3D('',#9247,#6490,#6491);
#5492=AXIS2_PLACEMENT_3D('',#9250,#6493,#6494);
#5493=AXIS2_PLACEMENT_3D('',#9251,#6495,#6496);
#5494=AXIS2_PLACEMENT_3D('',#9253,#6497,#6498);
#5495=AXIS2_PLACEMENT_3D('',#9255,#6500,#6501);
#5496=AXIS2_PLACEMENT_3D('',#9259,#6504,#6505);
#5497=AXIS2_PLACEMENT_3D('',#9263,#6508,#6509);
#5498=AXIS2_PLACEMENT_3D('',#9264,#6510,#6511);
#5499=AXIS2_PLACEMENT_3D('',#9265,#6512,#6513);
#5500=AXIS2_PLACEMENT_3D('',#9266,#6514,#6515);
#5501=AXIS2_PLACEMENT_3D('',#9268,#6517,#6518);
#5502=AXIS2_PLACEMENT_3D('',#9270,#6520,#6521);
#5503=AXIS2_PLACEMENT_3D('',#9272,#6523,#6524);
#5504=AXIS2_PLACEMENT_3D('',#9274,#6526,#6527);
#5505=AXIS2_PLACEMENT_3D('',#9741,#6529,#6530);
#5506=AXIS2_PLACEMENT_3D('',#9743,#6531,#6532);
#5507=AXIS2_PLACEMENT_3D('',#9745,#6534,#6535);
#5508=AXIS2_PLACEMENT_3D('',#9748,#6537,#6538);
#5509=AXIS2_PLACEMENT_3D('',#9749,#6539,#6540);
#5510=AXIS2_PLACEMENT_3D('',#9754,#6543,#6544);
#5511=AXIS2_PLACEMENT_3D('',#9755,#6545,#6546);
#5512=AXIS2_PLACEMENT_3D('',#9757,#6547,#6548);
#5513=AXIS2_PLACEMENT_3D('',#9759,#6549,#6550);
#5514=AXIS2_PLACEMENT_3D('',#9760,#6551,#6552);
#5515=AXIS2_PLACEMENT_3D('',#9761,#6553,#6554);
#5516=AXIS2_PLACEMENT_3D('',#9763,#6556,#6557);
#5517=AXIS2_PLACEMENT_3D('',#9765,#6559,#6560);
#5518=AXIS2_PLACEMENT_3D('',#9767,#6562,#6563);
#5519=AXIS2_PLACEMENT_3D('',#9769,#6565,#6566);
#5520=AXIS2_PLACEMENT_3D('',#9770,#6567,#6568);
#5521=AXIS2_PLACEMENT_3D('',#9772,#6570,#6571);
#5522=AXIS2_PLACEMENT_3D('',#9774,#6573,#6574);
#5523=AXIS2_PLACEMENT_3D('',#9775,#6575,#6576);
#5524=AXIS2_PLACEMENT_3D('',#9776,#6577,#6578);
#5525=AXIS2_PLACEMENT_3D('',#9786,#6580,#6581);
#5526=AXIS2_PLACEMENT_3D('',#9799,#6583,#6584);
#5527=AXIS2_PLACEMENT_3D('',#9807,#6586,#6587);
#5528=AXIS2_PLACEMENT_3D('',#9808,#6588,#6589);
#5529=AXIS2_PLACEMENT_3D('',#9812,#6591,#6592);
#5530=AXIS2_PLACEMENT_3D('',#9819,#6593,#6594);
#5531=AXIS2_PLACEMENT_3D('',#9831,#6600,#6601);
#5532=AXIS2_PLACEMENT_3D('',#9835,#6603,#6604);
#5533=AXIS2_PLACEMENT_3D('',#9841,#6608,#6609);
#5534=AXIS2_PLACEMENT_3D('',#9846,#6612,#6613);
#5535=AXIS2_PLACEMENT_3D('',#9886,#6616,#6617);
#5536=AXIS2_PLACEMENT_3D('',#9887,#6618,#6619);
#5537=AXIS2_PLACEMENT_3D('',#9889,#6621,#6622);
#5538=AXIS2_PLACEMENT_3D('',#9915,#6625,#6626);
#5539=AXIS2_PLACEMENT_3D('',#9938,#6629,#6630);
#5540=AXIS2_PLACEMENT_3D('',#9943,#6632,#6633);
#5541=AXIS2_PLACEMENT_3D('',#9957,#6640,#6641);
#5542=AXIS2_PLACEMENT_3D('',#9963,#6644,#6645);
#5543=AXIS2_PLACEMENT_3D('',#9966,#6647,#6648);
#5544=AXIS2_PLACEMENT_3D('',#9967,#6649,#6650);
#5545=AXIS2_PLACEMENT_3D('',#9973,#6654,#6655);
#5546=AXIS2_PLACEMENT_3D('',#9977,#6658,#6659);
#5547=AXIS2_PLACEMENT_3D('',#9981,#6662,#6663);
#5548=AXIS2_PLACEMENT_3D('',#9983,#6664,#6665);
#5549=AXIS2_PLACEMENT_3D('',#9985,#6667,#6668);
#5550=AXIS2_PLACEMENT_3D('',#9991,#6672,#6673);
#5551=AXIS2_PLACEMENT_3D('',#9993,#6674,#6675);
#5552=AXIS2_PLACEMENT_3D('',#9995,#6677,#6678);
#5553=AXIS2_PLACEMENT_3D('',#9999,#6681,#6682);
#5554=AXIS2_PLACEMENT_3D('',#10003,#6685,#6686);
#5555=AXIS2_PLACEMENT_3D('',#10009,#6689,#6690);
#5556=AXIS2_PLACEMENT_3D('',#10013,#6693,#6694);
#5557=AXIS2_PLACEMENT_3D('',#10015,#6695,#6696);
#5558=AXIS2_PLACEMENT_3D('',#10017,#6698,#6699);
#5559=AXIS2_PLACEMENT_3D('',#10022,#6702,#6703);
#5560=AXIS2_PLACEMENT_3D('',#10023,#6704,#6705);
#5561=AXIS2_PLACEMENT_3D('',#10031,#6710,#6711);
#5562=AXIS2_PLACEMENT_3D('',#10037,#6712,#6713);
#5563=AXIS2_PLACEMENT_3D('',#10038,#6714,#6715);
#5564=AXIS2_PLACEMENT_3D('',#10041,#6716,#6717);
#5565=AXIS2_PLACEMENT_3D('',#10109,#6724,#6725);
#5566=AXIS2_PLACEMENT_3D('',#10160,#6727,#6728);
#5567=AXIS2_PLACEMENT_3D('',#10164,#6731,#6732);
#5568=AXIS2_PLACEMENT_3D('',#10187,#6736,#6737);
#5569=AXIS2_PLACEMENT_3D('',#10241,#6741,#6742);
#5570=AXIS2_PLACEMENT_3D('',#10245,#6745,#6746);
#5571=AXIS2_PLACEMENT_3D('',#10268,#6750,#6751);
#5572=AXIS2_PLACEMENT_3D('',#10316,#6755,#6756);
#5573=AXIS2_PLACEMENT_3D('',#10320,#6759,#6760);
#5574=AXIS2_PLACEMENT_3D('',#10343,#6764,#6765);
#5575=AXIS2_PLACEMENT_3D('',#10371,#6768,#6769);
#5576=AXIS2_PLACEMENT_3D('',#10375,#6772,#6773);
#5577=AXIS2_PLACEMENT_3D('',#10378,#6776,#6777);
#5578=AXIS2_PLACEMENT_3D('',#10384,#6781,#6782);
#5579=AXIS2_PLACEMENT_3D('',#10390,#6786,#6787);
#5580=AXIS2_PLACEMENT_3D('',#10394,#6790,#6791);
#5581=AXIS2_PLACEMENT_3D('',#10399,#6793,#6794);
#5582=AXIS2_PLACEMENT_3D('',#10402,#6796,#6797);
#5583=AXIS2_PLACEMENT_3D('',#10403,#6798,#6799);
#5584=AXIS2_PLACEMENT_3D('',#10406,#6800,#6801);
#5585=AXIS2_PLACEMENT_3D('',#10410,#6805,#6806);
#5586=AXIS2_PLACEMENT_3D('',#10412,#6808,#6809);
#5587=AXIS2_PLACEMENT_3D('',#10416,#6811,#6812);
#5588=AXIS2_PLACEMENT_3D('',#10418,#6814,#6815);
#5589=AXIS2_PLACEMENT_3D('',#10423,#6817,#6818);
#5590=AXIS2_PLACEMENT_3D('',#10426,#6820,#6821);
#5591=AXIS2_PLACEMENT_3D('',#10427,#6822,#6823);
#5592=AXIS2_PLACEMENT_3D('',#10431,#6825,#6826);
#5593=AXIS2_PLACEMENT_3D('',#10433,#6828,#6829);
#5594=AXIS2_PLACEMENT_3D('',#10437,#6832,#6833);
#5595=AXIS2_PLACEMENT_3D('',#10439,#6834,#6835);
#5596=AXIS2_PLACEMENT_3D('',#10441,#6837,#6838);
#5597=AXIS2_PLACEMENT_3D('',#10443,#6840,#6841);
#5598=AXIS2_PLACEMENT_3D('',#10445,#6843,#6844);
#5599=AXIS2_PLACEMENT_3D('',#10449,#6847,#6848);
#5600=AXIS2_PLACEMENT_3D('',#10454,#6852,#6853);
#5601=AXIS2_PLACEMENT_3D('',#10456,#6855,#6856);
#5602=AXIS2_PLACEMENT_3D('',#10457,#6857,#6858);
#5603=AXIS2_PLACEMENT_3D('',#10463,#6862,#6863);
#5604=AXIS2_PLACEMENT_3D('',#10467,#6866,#6867);
#5605=AXIS2_PLACEMENT_3D('',#10469,#6868,#6869);
#5606=AXIS2_PLACEMENT_3D('',#10472,#6871,#6872);
#5607=AXIS2_PLACEMENT_3D('',#10473,#6873,#6874);
#5608=AXIS2_PLACEMENT_3D('',#10476,#6876,#6877);
#5609=AXIS2_PLACEMENT_3D('',#10477,#6878,#6879);
#5610=AXIS2_PLACEMENT_3D('',#10481,#6881,#6882);
#5611=AXIS2_PLACEMENT_3D('',#10482,#6883,#6884);
#5612=AXIS2_PLACEMENT_3D('',#10504,#6885,#6886);
#5613=AXIS2_PLACEMENT_3D('',#10505,#6887,#6888);
#5614=AXIS2_PLACEMENT_3D('',#10506,#6889,#6890);
#5615=AXIS2_PLACEMENT_3D('',#10507,#6891,#6892);
#5616=AXIS2_PLACEMENT_3D('',#10509,#6894,#6895);
#5617=AXIS2_PLACEMENT_3D('',#10513,#6898,#6899);
#5618=AXIS2_PLACEMENT_3D('',#10514,#6900,#6901);
#5619=AXIS2_PLACEMENT_3D('',#10515,#6902,#6903);
#5620=AXIS2_PLACEMENT_3D('',#10518,#6905,#6906);
#5621=AXIS2_PLACEMENT_3D('',#10519,#6907,#6908);
#5622=AXIS2_PLACEMENT_3D('',#10525,#6912,#6913);
#5623=AXIS2_PLACEMENT_3D('',#10529,#6916,#6917);
#5624=AXIS2_PLACEMENT_3D('',#10531,#6918,#6919);
#5625=AXIS2_PLACEMENT_3D('',#10534,#6921,#6922);
#5626=AXIS2_PLACEMENT_3D('',#10537,#6925,#6926);
#5627=AXIS2_PLACEMENT_3D('',#10539,#6928,#6929);
#5628=AXIS2_PLACEMENT_3D('',#10541,#6931,#6932);
#5629=AXIS2_PLACEMENT_3D('',#10543,#6934,#6935);
#5630=AXIS2_PLACEMENT_3D('',#10545,#6937,#6938);
#5631=AXIS2_PLACEMENT_3D('',#10546,#6939,#6940);
#5632=AXIS2_PLACEMENT_3D('',#10575,#6941,#6942);
#5633=AXIS2_PLACEMENT_3D('',#10576,#6943,#6944);
#5634=AXIS2_PLACEMENT_3D('',#10578,#6946,#6947);
#5635=AXIS2_PLACEMENT_3D('',#10579,#6948,#6949);
#5636=AXIS2_PLACEMENT_3D('',#10608,#6953,#6954);
#5637=AXIS2_PLACEMENT_3D('',#10611,#6955,#6956);
#5638=AXIS2_PLACEMENT_3D('',#10613,#6958,#6959);
#5639=AXIS2_PLACEMENT_3D('',#10614,#6960,#6961);
#5640=AXIS2_PLACEMENT_3D('',#10618,#6964,#6965);
#5641=AXIS2_PLACEMENT_3D('',#10620,#6966,#6967);
#5642=AXIS2_PLACEMENT_3D('',#10622,#6969,#6970);
#5643=AXIS2_PLACEMENT_3D('',#10626,#6973,#6974);
#5644=AXIS2_PLACEMENT_3D('',#10627,#6975,#6976);
#5645=AXIS2_PLACEMENT_3D('',#10628,#6977,#6978);
#5646=AXIS2_PLACEMENT_3D('',#10630,#6980,#6981);
#5647=AXIS2_PLACEMENT_3D('',#10631,#6982,#6983);
#5648=AXIS2_PLACEMENT_3D('',#10633,#6985,#6986);
#5649=AXIS2_PLACEMENT_3D('',#10664,#6990,#6991);
#5650=AXIS2_PLACEMENT_3D('',#10674,#6992,#6993);
#5651=AXIS2_PLACEMENT_3D('',#10690,#6997,#6998);
#5652=AXIS2_PLACEMENT_3D('',#10692,#7000,#7001);
#5653=AXIS2_PLACEMENT_3D('',#10694,#7003,#7004);
#5654=AXIS2_PLACEMENT_3D('',#10731,#7006,#7007);
#5655=AXIS2_PLACEMENT_3D('',#10757,#7008,#7009);
#5656=AXIS2_PLACEMENT_3D('',#10801,#7010,#7011);
#5657=AXIS2_PLACEMENT_3D('',#10802,#7012,#7013);
#5658=AXIS2_PLACEMENT_3D('',#10823,#7014,#7015);
#5659=AXIS2_PLACEMENT_3D('',#10824,#7016,#7017);
#5660=AXIS2_PLACEMENT_3D('',#10825,#7018,#7019);
#5661=AXIS2_PLACEMENT_3D('',#10894,#7020,#7021);
#5662=AXIS2_PLACEMENT_3D('',#10895,#7022,#7023);
#5663=AXIS2_PLACEMENT_3D('',#10896,#7024,#7025);
#5664=AXIS2_PLACEMENT_3D('',#10899,#7028,#7029);
#5665=AXIS2_PLACEMENT_3D('',#10925,#7031,#7032);
#5666=AXIS2_PLACEMENT_3D('',#10927,#7034,#7035);
#5667=AXIS2_PLACEMENT_3D('',#10928,#7036,#7037);
#5668=AXIS2_PLACEMENT_3D('',#10929,#7038,#7039);
#5669=AXIS2_PLACEMENT_3D('',#10930,#7040,#7041);
#5670=AXIS2_PLACEMENT_3D('',#10931,#7042,#7043);
#5671=DIRECTION('axis',(0.,0.,1.));
#5672=DIRECTION('refdir',(1.,0.,0.));
#5673=DIRECTION('axis',(0.,0.,1.));
#5674=DIRECTION('refdir',(1.,0.,0.));
#5675=DIRECTION('',(-0.242095705917622,-0.381920945819919,0.891922676200278));
#5676=DIRECTION('center_axis',(-0.927183852377501,0.187303296895972,0.324418832471724));
#5677=DIRECTION('ref_axis',(0.187303297079549,0.981795963566629,-0.0315303160054849));
#5678=DIRECTION('center_axis',(0.9271838523775,-0.187303296895972,-0.324418832471725));
#5679=DIRECTION('ref_axis',(0.187303297079549,0.981795963566629,-0.0315303160054849));
#5680=DIRECTION('',(-0.390731123109673,0.460252426086014,0.797180590403073));
#5681=DIRECTION('center_axis',(-0.9271838523775,0.187303296895972,0.324418832471725));
#5682=DIRECTION('ref_axis',(0.187303297079549,0.981795963566629,-0.0315303160054849));
#5683=DIRECTION('center_axis',(-0.621561383559623,0.746277210015798,0.238184324166146));
#5684=DIRECTION('ref_axis',(0.713031463312722,0.664888084503603,-0.222508353576328));
#5685=DIRECTION('center_axis',(-0.920504855735963,-0.195365563338405,-0.338383077632409));
#5686=DIRECTION('ref_axis',(-0.345031668350592,0.,0.938591043977731));
#5687=DIRECTION('',(-0.390731123109631,0.460252426085884,0.797180590403169));
#5688=DIRECTION('',(-2.69983319034495E-9,0.866025404329183,-0.499999999056475));
#5689=DIRECTION('',(2.69983319034495E-9,-0.866025404329183,0.499999999056475));
#5690=DIRECTION('center_axis',(-0.927183852377501,0.187303296895972,0.324418832471723));
#5691=DIRECTION('ref_axis',(0.374606598834588,0.463591926189976,0.802964770136928));
#5692=DIRECTION('center_axis',(-0.9271838523775,0.187303296895972,0.324418832471725));
#5693=DIRECTION('ref_axis',(0.374606598834588,0.463591926189976,0.802964770136928));
#5694=DIRECTION('center_axis',(0.9271838523775,-0.187303296895972,-0.324418832471725));
#5695=DIRECTION('ref_axis',(0.374606598834588,0.463591926189976,0.802964770136928));
#5696=DIRECTION('center_axis',(-0.621561380714023,-0.166864934073995,0.765387185535111));
#5697=DIRECTION('ref_axis',(-0.713031467021181,0.52514192668484,-0.464555791994198));
#5698=DIRECTION('center_axis',(-0.914408053525641,-0.266250029402988,0.304907909852068));
#5699=DIRECTION('ref_axis',(0.316326013533714,0.,0.948650543225412));
#5700=DIRECTION('',(2.43385871931957E-27,-0.753242789652385,-0.657742578701344));
#5701=DIRECTION('',(0.324418832365764,-0.0315303170958626,0.945387888810867));
#5702=DIRECTION('',(-0.242095710110497,0.96338816732754,0.115208099538958));
#5703=DIRECTION('',(-0.324418832365764,0.0315303170958626,-0.945387888810867));
#5704=DIRECTION('center_axis',(-0.914408055593081,0.397183006344523,-0.0781253309599948));
#5705=DIRECTION('ref_axis',(-0.0851280096447146,0.,0.996370022619072));
#5706=DIRECTION('',(-6.23617866269005E-28,0.193000381467029,0.98119868158981));
#5707=DIRECTION('',(0.32441882966699,0.834495087231924,0.445387889758225));
#5708=DIRECTION('',(-0.32441882966699,-0.834495087231924,-0.445387889758225));
#5709=DIRECTION('center_axis',(-0.621561380714023,-0.166864934073995,0.765387185535111));
#5710=DIRECTION('ref_axis',(0.776270684216235,0.,0.630399734157985));
#5711=DIRECTION('',(3.15701864942377E-27,-0.977049947723085,-0.213010327576662));
#5712=DIRECTION('',(-0.32441882966699,-0.834495087231924,-0.445387889758225));
#5713=DIRECTION('',(-0.440358776138605,0.882489753353405,-0.165214961501542));
#5714=DIRECTION('',(0.71303146702117,-0.525141926684866,0.464555791994185));
#5715=DIRECTION('center_axis',(0.621561380714023,0.166864934073995,-0.765387185535111));
#5716=DIRECTION('ref_axis',(0.713031467021541,-0.525141926683912,0.464555791994694));
#5717=DIRECTION('',(0.32441882966699,0.834495087231924,0.445387889758225));
#5718=DIRECTION('center_axis',(-0.621561380714023,-0.166864934073995,0.765387185535111));
#5719=DIRECTION('ref_axis',(0.125448576979823,0.943237910682362,0.307514062093605));
#5720=DIRECTION('center_axis',(0.9271838523775,-0.187303296895972,-0.324418832471725));
#5721=DIRECTION('ref_axis',(-4.53307701332299E-16,-0.866025407670345,0.499999993269414));
#5722=DIRECTION('',(0.324418832365764,-0.0315303170958627,0.945387888810867));
#5723=DIRECTION('',(0.324418829666186,0.834495087234149,0.445387889754641));
#5724=DIRECTION('',(-2.69952745359896E-9,0.866025404329562,-0.499999999055819));
#5725=DIRECTION('',(-0.32441883236573,0.0315303170960403,-0.945387888810873));
#5726=DIRECTION('',(-0.327366221692,0.0158603456033489,-0.944764418430566));
#5727=DIRECTION('',(0.187303301755022,-0.51820403737788,0.834495086143072));
#5728=DIRECTION('',(0.352030891384926,0.731751039634163,0.583622024520199));
#5729=DIRECTION('',(0.187303301755025,-0.518204037377871,0.834495086143076));
#5730=DIRECTION('',(-0.32441882966635,-0.834495087233695,-0.445387889755373));
#5731=DIRECTION('center_axis',(-0.9271838523775,0.187303296895972,0.324418832471725));
#5732=DIRECTION('ref_axis',(-0.371994969778115,-0.562443381242055,-0.738428862759835));
#5733=DIRECTION('',(-0.348259934362225,-0.111945344603716,-0.930689667902021));
#5734=DIRECTION('center_axis',(-0.9271838523775,0.187303296895972,0.324418832471725));
#5735=DIRECTION('ref_axis',(-2.70494849785226E-9,0.866025404322853,-0.499999999067439));
#5736=DIRECTION('',(3.88578058618805E-16,0.866025407670344,-0.499999993269414));
#5737=DIRECTION('',(0.358388056822437,0.695585174247916,0.62267107375687));
#5738=DIRECTION('',(0.324418829666349,0.834495087233696,0.44538788975537));
#5739=DIRECTION('',(-0.187303301755023,0.518204037377877,-0.834495086143073));
#5740=DIRECTION('center_axis',(0.9271838523775,-0.187303296895972,-0.324418832471725));
#5741=DIRECTION('ref_axis',(0.330263798175448,1.32292679014706E-16,0.943888671197365));
#5742=DIRECTION('',(0.324418832365786,-0.0315303170957502,0.945387888810864));
#5743=DIRECTION('center_axis',(-0.9271838523775,0.187303296895972,0.324418832471725));
#5744=DIRECTION('ref_axis',(-0.187303297079462,-0.981795963566637,0.0315303160057437));
#5745=DIRECTION('',(-0.324418832365786,0.0315303170957477,-0.945387888810863));
#5746=DIRECTION('center_axis',(-0.9271838523775,0.187303296895972,0.324418832471725));
#5747=DIRECTION('ref_axis',(0.187303297079463,0.981795963566637,-0.0315303160057339));
#5748=DIRECTION('center_axis',(-0.621561383559623,0.746277210015798,0.238184324166146));
#5749=DIRECTION('ref_axis',(0.357830078074803,0.,0.933786718274029));
#5750=DIRECTION('',(9.8244701475437E-28,-0.304052624010208,0.952655237655526));
#5751=DIRECTION('center_axis',(-0.621561383559623,0.746277210015798,0.238184324166146));
#5752=DIRECTION('ref_axis',(0.125448578675168,-0.205303968623411,0.970625022640493));
#5753=DIRECTION('',(-0.324418832365764,0.0315303170958626,-0.945387888810867));
#5754=DIRECTION('',(-0.713031463312722,-0.664888084503603,0.222508353576328));
#5755=DIRECTION('center_axis',(-0.327366221691999,0.0158603456033487,-0.944764418430567));
#5756=DIRECTION('ref_axis',(0.526851804448789,-0.82694538400211,-0.196439578564651));
#5757=DIRECTION('',(0.327366221691999,-0.0158603456033487,0.944764418430567));
#5758=DIRECTION('center_axis',(0.327366221691999,-0.0158603456033461,0.944764418430567));
#5759=DIRECTION('ref_axis',(-0.182102885165273,-0.982174080501643,0.0466113162787353));
#5760=DIRECTION('',(-0.327366221691999,0.0158603456033487,-0.944764418430567));
#5761=DIRECTION('center_axis',(-0.266991828725331,0.277053176403832,-0.923015114089932));
#5762=DIRECTION('ref_axis',(0.262765041975386,0.942421886639121,0.206870781646984));
#5763=DIRECTION('center_axis',(-0.187303301755021,0.51820403737788,-0.834495086143072));
#5764=DIRECTION('ref_axis',(0.426219235021116,-0.722520566423542,-0.544335553489774));
#5765=DIRECTION('',(0.187303301755021,-0.518204037377879,0.834495086143072));
#5766=DIRECTION('',(-0.187303301755021,0.518204037377879,-0.834495086143072));
#5767=DIRECTION('center_axis',(0.0885115058996255,0.951041041498444,-0.296119318364972));
#5768=DIRECTION('ref_axis',(0.363999748919963,0.245842250960764,0.898368393493865));
#5769=DIRECTION('center_axis',(0.315355539621928,0.857695428226635,0.406090428388669));
#5770=DIRECTION('ref_axis',(0.51264773461401,0.206138927418794,-0.833486078346695));
#5771=DIRECTION('',(-0.315355539621928,-0.857695428226635,-0.406090428388669));
#5772=DIRECTION('',(0.315355539621928,0.857695428226635,0.406090428388669));
#5773=DIRECTION('center_axis',(0.363999748919967,0.245842250960764,0.898368393493864));
#5774=DIRECTION('ref_axis',(-0.0885115058996245,-0.951041041498444,0.296119318364972));
#5775=DIRECTION('center_axis',(0.187303301755022,-0.518204037377877,0.834495086143073));
#5776=DIRECTION('ref_axis',(0.885016743824477,0.457633703676064,0.085538040719018));
#5777=DIRECTION('',(0.187303301755022,-0.518204037377877,0.834495086143073));
#5778=DIRECTION('center_axis',(0.187303301755018,-0.518204037377875,0.834495086143075));
#5779=DIRECTION('ref_axis',(0.927183852377503,-0.187303296895971,-0.324418832471719));
#5780=DIRECTION('',(-0.187303301755022,0.518204037377876,-0.834495086143073));
#5781=DIRECTION('center_axis',(0.432776111753286,0.791844710629532,0.430913902472107));
#5782=DIRECTION('ref_axis',(0.899565299892095,-0.410628263986695,-0.148884854989751));
#5783=DIRECTION('center_axis',(-0.944068490434402,0.315042165943324,0.0973813074806893));
#5784=DIRECTION('ref_axis',(-0.324418829666353,-0.834495087233692,-0.445387889755376));
#5785=DIRECTION('center_axis',(0.927183852377501,-0.187303296895972,-0.324418832471724));
#5786=DIRECTION('ref_axis',(-0.330263798175447,0.,-0.943888671197365));
#5787=DIRECTION('center_axis',(0.927183852377501,-0.187303296895972,-0.324418832471724));
#5788=DIRECTION('ref_axis',(0.366275447320782,0.271653983774429,0.889969892630893));
#5789=DIRECTION('center_axis',(0.944068490434402,-0.315042165943323,-0.0973813074806904));
#5790=DIRECTION('ref_axis',(-0.271154642171401,-0.90973819231292,0.31440671347177));
#5791=DIRECTION('',(-0.944068490434402,0.315042165943323,0.0973813074806904));
#5792=DIRECTION('',(0.944068490434402,-0.315042165943323,-0.0973813074806903));
#5793=DIRECTION('center_axis',(0.324418829666352,0.834495087233692,0.445387889755376));
#5794=DIRECTION('ref_axis',(0.187303301755023,-0.518204037377877,0.834495086143073));
#5795=DIRECTION('',(0.187303301755023,-0.518204037377877,0.834495086143073));
#5796=DIRECTION('',(0.927183852377499,-0.187303296895973,-0.324418832471727));
#5797=DIRECTION('',(0.927183852377501,-0.187303296895972,-0.324418832471724));
#5798=DIRECTION('center_axis',(-0.182102885165288,-0.98217408050164,0.0466113162787379));
#5799=DIRECTION('ref_axis',(0.982955861748721,-0.180622188569618,0.0342549098692536));
#5800=DIRECTION('center_axis',(0.193839680125805,0.979944832781124,-0.046198518529274));
#5801=DIRECTION('ref_axis',(0.98070885860199,-0.192349744264177,0.034809632877806));
#5802=DIRECTION('',(0.58312296288422,-0.795120595608872,-0.166585859531119));
#5803=DIRECTION('center_axis',(-0.182102885165288,-0.98217408050164,0.0466113162787379));
#5804=DIRECTION('ref_axis',(-0.327366221692,0.0158603456033488,-0.944764418430567));
#5805=DIRECTION('',(0.927183852377501,-0.187303296895972,-0.324418832471724));
#5806=DIRECTION('',(-0.714885141582546,0.0997003167622756,-0.692097595128031));
#5807=DIRECTION('center_axis',(-0.202190473366525,0.478827763784672,-0.854308483575337));
#5808=DIRECTION('ref_axis',(0.31535553962193,0.857695428226634,0.406090428388668));
#5809=DIRECTION('',(-0.432152149667737,0.739182252130161,0.516579246266569));
#5810=DIRECTION('',(0.315355539621929,0.857695428226634,0.406090428388668));
#5811=DIRECTION('',(0.878373648143448,0.474438855264663,0.0580302236970134));
#5812=DIRECTION('',(0.927183852377501,-0.187303296895972,-0.324418832471724));
#5813=DIRECTION('center_axis',(-0.9271838523775,0.187303296895972,0.324418832471725));
#5814=DIRECTION('ref_axis',(3.64118228504634E-16,0.866025407670345,-0.499999993269414));
#5815=DIRECTION('',(0.187303301755023,-0.518204037377877,0.834495086143073));
#5816=DIRECTION('',(-0.32441882966635,-0.834495087233696,-0.44538788975537));
#5817=DIRECTION('',(-0.358388056822437,-0.695585174247916,-0.62267107375687));
#5818=DIRECTION('',(-4.18354688325809E-16,-0.866025407670344,0.499999993269414));
#5819=DIRECTION('center_axis',(0.9271838523775,-0.187303296895972,-0.324418832471725));
#5820=DIRECTION('ref_axis',(-2.70494845764207E-9,0.866025404322853,-0.499999999067439));
#5821=DIRECTION('',(0.348259934362225,0.111945344603715,0.930689667902021));
#5822=DIRECTION('center_axis',(0.9271838523775,-0.187303296895972,-0.324418832471725));
#5823=DIRECTION('ref_axis',(-0.371994969778115,-0.562443381242055,-0.738428862759835));
#5824=DIRECTION('',(0.32441882966635,0.834495087233695,0.445387889755373));
#5825=DIRECTION('',(-0.187303301755025,0.518204037377871,-0.834495086143076));
#5826=DIRECTION('center_axis',(0.9271838523775,-0.187303296895972,-0.324418832471725));
#5827=DIRECTION('ref_axis',(4.94157935920417E-16,-0.866025407670345,0.499999993269413));
#5828=DIRECTION('',(0.187303301755022,-0.518204037377878,0.834495086143072));
#5829=DIRECTION('center_axis',(0.9271838523775,-0.187303296895972,-0.324418832471725));
#5830=DIRECTION('ref_axis',(4.94157935920417E-16,-0.866025407670345,0.499999993269413));
#5831=DIRECTION('',(-0.187303301755025,0.518204037377871,-0.834495086143076));
#5832=DIRECTION('',(-0.352030891384926,-0.731751039634163,-0.583622024520199));
#5833=DIRECTION('',(-0.187303301755022,0.51820403737788,-0.834495086143072));
#5834=DIRECTION('center_axis',(-0.885016743824477,-0.457633703676065,-0.085538040719015));
#5835=DIRECTION('ref_axis',(-0.0962030299813615,0.,0.995361731745));
#5836=DIRECTION('',(-0.239866936431996,0.290750331659511,0.926244080923929));
#5837=DIRECTION('center_axis',(-0.0590517427934997,-0.452069002546138,0.890026128049054));
#5838=DIRECTION('ref_axis',(-0.32441882966699,-0.834495087231924,-0.445387889758225));
#5839=DIRECTION('',(2.88085683907148E-27,-0.891582007133926,-0.452859276768225));
#5840=DIRECTION('center_axis',(-1.,0.,0.));
#5841=DIRECTION('ref_axis',(2.99878062217971E-27,-0.707106781186548,0.707106781186548));
#5842=DIRECTION('',(-0.707106781186546,-0.707106781186549,0.));
#5843=DIRECTION('center_axis',(-1.,-3.23117426778526E-27,-6.36158252230424E-55));
#5844=DIRECTION('ref_axis',(2.28478523594643E-27,-0.707106781186547,0.707106781186547));
#5845=DIRECTION('',(-0.707106781186544,0.,0.707106781186551));
#5846=DIRECTION('center_axis',(1.,3.23117426778526E-27,6.36158252230424E-55));
#5847=DIRECTION('ref_axis',(3.42717785391968E-27,-0.707106781186548,0.707106781186548));
#5848=DIRECTION('center_axis',(0.707106781186548,7.85046229364735E-17,0.707106781186548));
#5849=DIRECTION('ref_axis',(0.707106781186548,0.,-0.707106781186548));
#5850=DIRECTION('',(-3.23117426778526E-27,1.,-1.11022302462516E-16));
#5851=DIRECTION('',(-0.707106781186548,0.,0.707106781186548));
#5852=DIRECTION('',(3.23117426778526E-27,-1.,1.11022302462516E-16));
#5853=DIRECTION('center_axis',(1.,0.,0.));
#5854=DIRECTION('ref_axis',(1.90576591148513E-43,-1.11022302462516E-16,
-1.));
#5855=DIRECTION('center_axis',(1.,3.23117426778526E-27,6.36158252230424E-55));
#5856=DIRECTION('ref_axis',(3.58732406867789E-43,-1.11022302462516E-16,
-1.));
#5857=DIRECTION('',(-0.707106820699221,0.,-0.707106741673872));
#5858=DIRECTION('center_axis',(-1.,-3.23117426778526E-27,-6.36158252230424E-55));
#5859=DIRECTION('ref_axis',(0.,-1.11022302462516E-16,-1.));
#5860=DIRECTION('center_axis',(0.707106781186548,-7.8504622931904E-17,-0.707106781186548));
#5861=DIRECTION('ref_axis',(-0.707106781186548,0.,-0.707106781186548));
#5862=DIRECTION('',(3.23117426778526E-27,-1.,1.11022302462516E-16));
#5863=DIRECTION('',(-0.707106781186548,0.,-0.707106781186548));
#5864=DIRECTION('',(-3.23117426778526E-27,1.,-1.11022302462516E-16));
#5865=DIRECTION('center_axis',(-1.,0.,0.));
#5866=DIRECTION('ref_axis',(2.99878062217971E-27,-0.707106781186548,-0.707106781186548));
#5867=DIRECTION('',(-0.707106781186546,-0.707106781186549,0.));
#5868=DIRECTION('center_axis',(1.,3.23117426778526E-27,6.36158252230424E-55));
#5869=DIRECTION('ref_axis',(3.42717785391968E-27,-0.707106781186548,-0.707106781186548));
#5870=DIRECTION('center_axis',(-1.,-3.23117426778526E-27,-6.36158252230424E-55));
#5871=DIRECTION('ref_axis',(2.28478523594643E-27,-0.707106781186547,-0.707106781186547));
#5872=DIRECTION('center_axis',(1.,3.23117426778526E-27,6.36158252230424E-55));
#5873=DIRECTION('ref_axis',(-3.23117426778526E-27,1.,7.8752577175785E-28));
#5874=DIRECTION('',(3.61226626255089E-54,-1.31482370268234E-27,1.));
#5875=DIRECTION('center_axis',(-1.,-3.23117426778526E-27,-6.36158252230424E-55));
#5876=DIRECTION('ref_axis',(2.28478523594643E-27,-0.707106781186548,-0.707106781186548));
#5877=DIRECTION('',(3.23117426778526E-27,-1.,-1.20676415721247E-16));
#5878=DIRECTION('center_axis',(-1.,-3.23117426778526E-27,-6.36158252230424E-55));
#5879=DIRECTION('ref_axis',(-2.28478523594643E-27,0.707106781186548,-0.707106781186548));
#5880=DIRECTION('',(5.97854588307192E-42,-1.85027033133968E-15,-1.));
#5881=DIRECTION('center_axis',(-1.,-3.23117426778526E-27,-6.36158252230424E-55));
#5882=DIRECTION('ref_axis',(-2.28478523594646E-27,0.707106781186554,0.707106781186541));
#5883=DIRECTION('',(-3.23117426778526E-27,1.,1.20676415721247E-16));
#5884=DIRECTION('center_axis',(-1.,-3.23117426778526E-27,-6.36158252230424E-55));
#5885=DIRECTION('ref_axis',(2.28478523594643E-27,-0.707106781186548,0.707106781186548));
#5886=DIRECTION('',(3.61226626255089E-54,-1.31482370268234E-27,1.));
#5887=DIRECTION('center_axis',(0.707106781186548,-0.707106781186548,-9.29720756231487E-28));
#5888=DIRECTION('ref_axis',(-1.31482370268234E-27,-8.96831017167883E-44,
-1.));
#5889=DIRECTION('',(-3.61226626255089E-54,1.31482370268234E-27,-1.));
#5890=DIRECTION('',(-0.707106781186559,-0.707106781186536,0.));
#5891=DIRECTION('center_axis',(-1.,-4.8467614016779E-27,5.3809861030073E-43));
#5892=DIRECTION('ref_axis',(3.42717785391968E-27,-0.707106781186548,0.707106781186548));
#5893=DIRECTION('',(-1.,-4.8467614016779E-27,5.3809861030073E-43));
#5894=DIRECTION('center_axis',(1.,3.23117426778526E-27,6.36158252230424E-55));
#5895=DIRECTION('ref_axis',(3.42717785391968E-27,-0.707106781186548,0.707106781186548));
#5896=DIRECTION('',(1.,4.8467614016779E-27,-5.3809861030073E-43));
#5897=DIRECTION('center_axis',(1.,4.8467614016779E-27,-5.3809861030073E-43));
#5898=DIRECTION('ref_axis',(3.42717785391968E-27,-0.707106781186548,-0.707106781186548));
#5899=DIRECTION('',(-1.,-4.8467614016779E-27,5.3809861030073E-43));
#5900=DIRECTION('center_axis',(1.,3.23117426778526E-27,6.36158252230424E-55));
#5901=DIRECTION('ref_axis',(3.42717785391968E-27,-0.707106781186548,-0.707106781186548));
#5902=DIRECTION('',(1.,4.8467614016779E-27,-5.3809861030073E-43));
#5903=DIRECTION('center_axis',(-4.8467614016779E-27,1.,1.31482370268234E-27));
#5904=DIRECTION('ref_axis',(1.,4.8467614016779E-27,1.90847475669127E-54));
#5905=DIRECTION('',(-3.61226626255089E-54,1.31482370268234E-27,-1.));
#5906=DIRECTION('',(1.,4.8467614016779E-27,1.94963264604162E-43));
#5907=DIRECTION('',(4.46416201548072E-54,-1.31482370268234E-27,1.));
#5908=DIRECTION('center_axis',(0.707106781186548,-0.707106781186548,-9.29720756231487E-28));
#5909=DIRECTION('ref_axis',(-1.31482370268234E-27,-8.96831017167883E-44,
-1.));
#5910=DIRECTION('',(0.707106781186559,0.707106781186536,0.));
#5911=DIRECTION('center_axis',(0.,-1.11022302462516E-16,-1.));
#5912=DIRECTION('ref_axis',(-3.69778549322349E-32,1.,-1.11022302462516E-16));
#5913=DIRECTION('',(1.,0.,0.));
#5914=DIRECTION('',(-3.23117426778526E-27,1.,-1.11022302462516E-16));
#5915=DIRECTION('center_axis',(0.,1.11022302462516E-16,1.));
#5916=DIRECTION('ref_axis',(3.69778549322349E-32,-1.,1.11022302462516E-16));
#5917=DIRECTION('',(3.23117426778526E-27,-1.,1.11022302462516E-16));
#5918=DIRECTION('',(1.,0.,0.));
#5919=DIRECTION('center_axis',(1.,0.,0.));
#5920=DIRECTION('ref_axis',(0.,-1.11022302462516E-16,-1.));
#5921=DIRECTION('center_axis',(1.,3.23117426778526E-27,6.36158252230424E-55));
#5922=DIRECTION('ref_axis',(0.,-1.11022302462516E-16,-1.));
#5923=DIRECTION('center_axis',(-1.,-3.23117426778526E-27,-6.36158252230424E-55));
#5924=DIRECTION('ref_axis',(-6.36158252230424E-55,0.,1.));
#5925=DIRECTION('center_axis',(1.,3.23117426778526E-27,6.36158252230424E-55));
#5926=DIRECTION('ref_axis',(2.28478523594643E-27,-0.707106781186548,0.707106781186548));
#5927=DIRECTION('',(3.23117426778526E-27,-1.,-1.20676415721247E-16));
#5928=DIRECTION('center_axis',(1.,3.23117426778526E-27,6.36158252230424E-55));
#5929=DIRECTION('ref_axis',(-2.28478523594646E-27,0.707106781186554,0.707106781186541));
#5930=DIRECTION('',(5.97854588307193E-42,-1.85027033133968E-15,-1.));
#5931=DIRECTION('center_axis',(1.,3.23117426778526E-27,6.36158252230424E-55));
#5932=DIRECTION('ref_axis',(-2.28478523594643E-27,0.707106781186548,-0.707106781186548));
#5933=DIRECTION('',(-3.23117426778526E-27,1.,1.20676415721247E-16));
#5934=DIRECTION('center_axis',(1.,3.23117426778526E-27,6.36158252230424E-55));
#5935=DIRECTION('ref_axis',(2.28478523594643E-27,-0.707106781186548,-0.707106781186548));
#5936=DIRECTION('',(4.46416201548072E-54,-1.31482370268234E-27,1.));
#5937=DIRECTION('',(-1.61558713388703E-27,0.499999999998266,0.86602540378544));
#5938=DIRECTION('center_axis',(1.,3.23117426778526E-27,6.36158252230424E-55));
#5939=DIRECTION('ref_axis',(-1.61558713388551E-27,0.499999999997797,0.866025403785711));
#5940=DIRECTION('',(1.61558713388703E-27,-0.499999999998266,-0.86602540378544));
#5941=DIRECTION('center_axis',(1.,3.23117426778526E-27,6.36158252230424E-55));
#5942=DIRECTION('ref_axis',(1.61558713389631E-27,-0.50000000000114,-0.86602540378378));
#5943=DIRECTION('',(-2.79827899996073E-27,0.866025403785711,-0.499999999997797));
#5944=DIRECTION('center_axis',(1.,3.23117426778526E-27,6.36158252230424E-55));
#5945=DIRECTION('ref_axis',(1.61558713389632E-27,-0.500000000001142,-0.866025403783779));
#5946=DIRECTION('',(-1.03715488957189E-28,0.0320983891185412,0.99948471394814));
#5947=DIRECTION('center_axis',(1.,3.23117426778526E-27,6.36158252230424E-55));
#5948=DIRECTION('ref_axis',(0.,0.499999993269414,0.866025407670344));
#5949=DIRECTION('',(2.79827899995449E-27,-0.866025403783782,0.500000000001138));
#5950=DIRECTION('center_axis',(1.,3.23117426778526E-27,6.36158252230424E-55));
#5951=DIRECTION('ref_axis',(0.,0.499999999056633,0.866025404329092));
#5952=DIRECTION('',(2.74497933844492E-27,-0.849529957518015,-0.527540378814209));
#5953=DIRECTION('',(-2.88085683907148E-27,0.891582007133926,0.452859276768225));
#5954=DIRECTION('center_axis',(-1.,-3.23117426778526E-27,-6.36158252230424E-55));
#5955=DIRECTION('ref_axis',(3.0035534489692E-27,-0.92955476865317,0.368684054542844));
#5956=DIRECTION('',(2.67005186997262E-29,-0.00826341029201978,0.999965857442316));
#5957=DIRECTION('center_axis',(-1.,-3.23117426778526E-27,-6.36158252230424E-55));
#5958=DIRECTION('ref_axis',(2.852678059703E-27,-0.882861097324319,-0.469634201087719));
#5959=DIRECTION('',(2.79827900141303E-27,-0.866025404235177,0.499999999219298));
#5960=DIRECTION('center_axis',(-1.,-3.23117426778526E-27,-6.36158252230424E-55));
#5961=DIRECTION('ref_axis',(-1.1217169368371E-28,0.0347154577213801,-0.999397236835881));
#5962=DIRECTION('',(2.81153371575097E-27,-0.870127539632232,-0.49282660720943));
#5963=DIRECTION('center_axis',(-1.,-3.23117426778526E-27,-6.36158252230424E-55));
#5964=DIRECTION('ref_axis',(-2.53345759623869E-27,0.784067149053895,-0.620676007087835));
#5965=DIRECTION('',(-1.73201823029305E-28,0.0536033679012995,-0.99856230599279));
#5966=DIRECTION('center_axis',(-0.866937305762411,-0.409705151451993,0.283833396116651));
#5967=DIRECTION('ref_axis',(0.311146452407337,0.,0.950361975856741));
#5968=DIRECTION('',(0.378380931184184,-0.911672928180696,-0.160250875001123));
#5969=DIRECTION('',(0.324418832365786,-0.0315303170957501,0.945387888810864));
#5970=DIRECTION('',(-0.378380931184215,0.911672928180682,0.160250875001127));
#5971=DIRECTION('',(-0.324418832365786,0.0315303170957501,-0.945387888810864));
#5972=DIRECTION('center_axis',(0.927183852377517,-0.187303296895967,-0.324418832471681));
#5973=DIRECTION('ref_axis',(-0.187303297079461,-0.981795963566637,0.0315303160057421));
#5974=DIRECTION('',(0.685240688593702,0.696807413079837,-0.211907120627445));
#5975=DIRECTION('center_axis',(-0.927183852377501,0.187303296895973,0.324418832471721));
#5976=DIRECTION('ref_axis',(-0.187303297079461,-0.981795963566637,0.0315303160057414));
#5977=DIRECTION('center_axis',(0.9271838523775,-0.187303296895972,-0.324418832471725));
#5978=DIRECTION('ref_axis',(-0.18730329707946,-0.981795963566637,0.031530316005743));
#5979=DIRECTION('center_axis',(-0.652071790451125,0.716564908560804,0.247663303533468));
#5980=DIRECTION('ref_axis',(0.355062443445339,0.,0.934842586350571));
#5981=DIRECTION('',(0.685240688593593,0.696807413079942,-0.21190712062745));
#5982=DIRECTION('',(-0.324418832365786,0.0315303170957478,-0.945387888810864));
#5983=DIRECTION('',(0.324418832365786,-0.0315303170957478,0.945387888810864));
#5984=DIRECTION('center_axis',(0.927183852377498,-0.18730329689597,-0.324418832471733));
#5985=DIRECTION('ref_axis',(0.187303297079463,0.981795963566637,-0.031530316005733));
#5986=DIRECTION('center_axis',(-0.9271838523775,0.187303296895972,0.324418832471725));
#5987=DIRECTION('ref_axis',(0.187303297079463,0.981795963566637,-0.0315303160057323));
#5988=DIRECTION('center_axis',(0.9271838523775,-0.187303296895972,-0.324418832471725));
#5989=DIRECTION('ref_axis',(0.187303297079463,0.981795963566637,-0.0315303160057339));
#5990=DIRECTION('center_axis',(0.927183852377501,-0.187303296895972,-0.324418832471724));
#5991=DIRECTION('ref_axis',(0.187303297079463,0.981795963566637,-0.0315303160057339));
#5992=DIRECTION('',(-0.8072063236785,0.511801522117642,0.294069979718275));
#5993=DIRECTION('',(-0.935329324703476,-0.159786470233607,0.315637986117046));
#5994=DIRECTION('center_axis',(-0.493123080193842,-0.858524921631228,0.140586580861159));
#5995=DIRECTION('ref_axis',(0.324418832365786,-0.0315303170957503,0.945387888810863));
#5996=DIRECTION('',(-0.807206323678504,0.511801522117638,0.29406997971827));
#5997=DIRECTION('center_axis',(0.9271838523775,-0.187303296895972,-0.324418832471725));
#5998=DIRECTION('ref_axis',(-5.64502531159026E-16,-0.866025407670345,0.499999993269413));
#5999=DIRECTION('center_axis',(-0.9271838523775,0.187303296895972,0.324418832471726));
#6000=DIRECTION('ref_axis',(4.94157935920417E-16,-0.866025407670345,0.499999993269413));
#6001=DIRECTION('',(0.811625057022096,-0.396904313441477,-0.428639397145701));
#6002=DIRECTION('center_axis',(0.9271838523775,-0.187303296895972,-0.324418832471725));
#6003=DIRECTION('ref_axis',(-4.81334045584829E-16,-0.866025407670345,0.499999993269413));
#6004=DIRECTION('center_axis',(0.426219235021125,-0.722520566423541,-0.544335553489768));
#6005=DIRECTION('ref_axis',(0.885016743824472,0.457633703676075,0.0855380407190142));
#6006=DIRECTION('center_axis',(0.553337365416024,0.757582696223202,0.346245892997502));
#6007=DIRECTION('ref_axis',(0.187303301755021,-0.518204037377877,0.834495086143073));
#6008=DIRECTION('',(0.811625057022095,-0.396904313441477,-0.428639397145702));
#6009=DIRECTION('',(0.187303301755021,-0.518204037377878,0.834495086143073));
#6010=DIRECTION('center_axis',(-0.9271838523775,0.187303296895972,0.324418832471726));
#6011=DIRECTION('ref_axis',(-0.165884587415402,0.571196651013577,-0.803876041146206));
#6012=DIRECTION('center_axis',(0.426219235021125,-0.722520566423541,-0.544335553489768));
#6013=DIRECTION('ref_axis',(0.885016743824473,0.457633703676072,0.085538040719015));
#6014=DIRECTION('center_axis',(0.9271838523775,-0.187303296895972,-0.324418832471725));
#6015=DIRECTION('ref_axis',(-4.81334045584829E-16,-0.866025407670345,0.499999993269413));
#6016=DIRECTION('center_axis',(0.9271838523775,-0.187303296895972,-0.324418832471725));
#6017=DIRECTION('ref_axis',(-4.8133404558483E-16,-0.866025407670345,0.499999993269414));
#6018=DIRECTION('',(-0.187303301755025,0.518204037377871,-0.834495086143076));
#6019=DIRECTION('center_axis',(-0.426219235021125,0.722520566423541,0.544335553489768));
#6020=DIRECTION('ref_axis',(0.787352287756588,0.,0.616503345460887));
#6021=DIRECTION('',(-0.830752757084831,-0.0744711138935363,-0.551637480408473));
#6022=DIRECTION('',(0.187303301755025,-0.518204037377871,0.834495086143076));
#6023=DIRECTION('center_axis',(-0.426219235021125,0.722520566423541,0.544335553489768));
#6024=DIRECTION('ref_axis',(0.787352287756588,0.,0.616503345460887));
#6025=DIRECTION('',(0.187303301755025,-0.518204037377871,0.834495086143076));
#6026=DIRECTION('',(-0.665582944103807,-0.657984687587687,0.352215126617587));
#6027=DIRECTION('center_axis',(-0.324418829666351,-0.834495087233695,-0.445387889755371));
#6028=DIRECTION('ref_axis',(-0.187303301755025,0.518204037377871,-0.834495086143076));
#6029=DIRECTION('',(-0.187303301755025,0.518204037377871,-0.834495086143076));
#6030=DIRECTION('',(0.927183852377499,-0.187303296895973,-0.324418832471727));
#6031=DIRECTION('',(0.927183852377499,-0.187303296895973,-0.324418832471727));
#6032=DIRECTION('center_axis',(-0.732715669729856,0.622891563360387,-0.274105541036264));
#6033=DIRECTION('ref_axis',(-0.350380509115822,0.,0.936607441157574));
#6034=DIRECTION('',(-0.54767452676558,-0.300637192937243,0.780813608331024));
#6035=DIRECTION('',(0.358388056822437,0.695585174247916,0.62267107375687));
#6036=DIRECTION('',(-0.346097294326125,0.00573090681915329,0.938181123007261));
#6037=DIRECTION('center_axis',(-0.788061424232418,0.498869020241873,-0.360678377893223));
#6038=DIRECTION('ref_axis',(-0.416162209261795,0.,0.909290391229525));
#6039=DIRECTION('',(0.32441882966635,0.834495087233696,0.44538788975537));
#6040=DIRECTION('center_axis',(-0.426219235021118,0.72252056642354,0.544335553489775));
#6041=DIRECTION('ref_axis',(0.787352287756597,0.,0.616503345460877));
#6042=DIRECTION('',(-0.665582944103799,-0.657984687587703,0.352215126617571));
#6043=DIRECTION('center_axis',(-0.746183864345842,0.595831978365471,-0.296974568182183));
#6044=DIRECTION('ref_axis',(-0.369781094441327,0.,0.929118906380542));
#6045=DIRECTION('',(0.352030891384926,0.731751039634163,0.583622024520199));
#6046=DIRECTION('center_axis',(-0.523174554613226,-0.233982157494378,0.819475890663983));
#6047=DIRECTION('ref_axis',(0.842873302612981,0.,0.538112066155635));
#6048=DIRECTION('',(-0.32441882966635,-0.834495087233695,-0.445387889755373));
#6049=DIRECTION('center_axis',(-0.9271838523775,0.187303296895972,0.324418832471725));
#6050=DIRECTION('ref_axis',(-0.371994969778116,-0.562443381242055,-0.738428862759835));
#6051=DIRECTION('center_axis',(-0.9271838523775,0.187303296895972,0.324418832471725));
#6052=DIRECTION('ref_axis',(-0.371994969778117,-0.562443381242055,-0.738428862759835));
#6053=DIRECTION('center_axis',(-0.753201599748604,-0.5576238533143,0.348916878856636));
#6054=DIRECTION('ref_axis',(0.420334302885762,0.,0.907369315007699));
#6055=DIRECTION('',(-0.55803437925053,0.822510715948111,0.109880633985254));
#6056=DIRECTION('',(-0.348259934362225,-0.111945344603715,-0.930689667902021));
#6057=DIRECTION('center_axis',(-0.927183852377499,0.187303296895972,0.324418832471728));
#6058=DIRECTION('ref_axis',(-2.70494849383124E-9,0.866025404322853,-0.499999999067439));
#6059=DIRECTION('',(-0.390731123109561,0.460252426094247,0.797180590398374));
#6060=DIRECTION('center_axis',(-0.9271838523775,0.187303296895972,0.324418832471725));
#6061=DIRECTION('ref_axis',(-2.70494851795736E-9,0.866025404322853,-0.499999999067439));
#6062=DIRECTION('center_axis',(-0.920504855735969,-0.195365558924958,-0.338383080180498));
#6063=DIRECTION('ref_axis',(-0.345031670639442,0.,0.938591043136336));
#6064=DIRECTION('',(4.64884053410197E-16,0.866025407670345,-0.499999993269414));
#6065=DIRECTION('center_axis',(-0.187303301755025,0.518204037377873,-0.834495086143075));
#6066=DIRECTION('ref_axis',(0.324418829666349,0.834495087233695,0.445387889755373));
#6067=DIRECTION('',(0.927183852377499,-0.187303296895973,-0.324418832471727));
#6068=DIRECTION('',(0.32441882966635,0.834495087233695,0.445387889755373));
#6069=DIRECTION('center_axis',(0.9271838523775,-0.187303296895973,-0.324418832471727));
#6070=DIRECTION('ref_axis',(0.371994969778117,0.562443381242055,0.738428862759835));
#6071=DIRECTION('',(0.927183852377499,-0.187303296895973,-0.324418832471727));
#6072=DIRECTION('center_axis',(0.9271838523775,-0.187303296895972,-0.324418832471725));
#6073=DIRECTION('ref_axis',(-0.371994969778117,-0.562443381242055,-0.738428862759835));
#6074=DIRECTION('center_axis',(0.138004065188084,0.975902512955805,-0.16902414974822));
#6075=DIRECTION('ref_axis',(0.348259934362225,0.111945344603715,0.930689667902021));
#6076=DIRECTION('',(0.927183852377499,-0.187303296895973,-0.324418832471727));
#6077=DIRECTION('',(0.348259934362225,0.111945344603716,0.930689667902021));
#6078=DIRECTION('center_axis',(0.9271838523775,-0.187303296895973,-0.324418832471727));
#6079=DIRECTION('ref_axis',(2.70494851795736E-9,-0.866025404322853,0.499999999067439));
#6080=DIRECTION('',(0.927183852377499,-0.187303296895973,-0.324418832471727));
#6081=DIRECTION('center_axis',(0.9271838523775,-0.187303296895972,-0.324418832471725));
#6082=DIRECTION('ref_axis',(-2.70494851795736E-9,0.866025404322853,-0.499999999067439));
#6083=DIRECTION('center_axis',(0.37460659883459,0.463591919948259,0.802964773740585));
#6084=DIRECTION('ref_axis',(-4.18256827204147E-16,-0.866025407670345,0.499999993269414));
#6085=DIRECTION('',(0.927183852377499,-0.187303296895973,-0.324418832471727));
#6086=DIRECTION('',(-4.09372902178939E-16,-0.866025407670345,0.499999993269414));
#6087=DIRECTION('center_axis',(0.109032585117734,-0.693598399896075,0.712062606126841));
#6088=DIRECTION('ref_axis',(-0.358388056822437,-0.695585174247916,-0.62267107375687));
#6089=DIRECTION('',(0.927183852377499,-0.187303296895973,-0.324418832471727));
#6090=DIRECTION('',(-0.358388056822437,-0.695585174247916,-0.62267107375687));
#6091=DIRECTION('center_axis',(-0.885016743828109,-0.457633703669908,-0.0855380407143764));
#6092=DIRECTION('ref_axis',(-0.0962030299758017,0.,0.995361731745537));
#6093=DIRECTION('',(0.23986693642745,-0.290750331666059,-0.92624408092305));
#6094=DIRECTION('center_axis',(-0.788061424232417,0.498869020241873,-0.360678377893226));
#6095=DIRECTION('ref_axis',(-0.416162209261797,0.,0.909290391229524));
#6096=DIRECTION('',(0.547674526765393,0.300637192936927,-0.780813608331276));
#6097=DIRECTION('',(-0.324418829666349,-0.834495087233696,-0.44538788975537));
#6098=DIRECTION('center_axis',(-0.732715669729842,0.622891563360395,-0.274105541036281));
#6099=DIRECTION('ref_axis',(-0.350380509115847,0.,0.936607441157564));
#6100=DIRECTION('',(0.346097294326125,-0.00573090681919144,-0.938181123007261));
#6101=DIRECTION('center_axis',(-0.753201599748609,-0.557623853314292,0.348916878856637));
#6102=DIRECTION('ref_axis',(0.420334302885761,0.,0.907369315007699));
#6103=DIRECTION('',(-0.558034378943439,0.822510716175465,0.10988063384298));
#6104=DIRECTION('center_axis',(-0.927183852377502,0.187303296895972,0.32441883247172));
#6105=DIRECTION('ref_axis',(-0.371994969778116,-0.562443381242055,-0.738428862759835));
#6106=DIRECTION('center_axis',(-0.523174554613166,-0.233982157494416,0.819475890664011));
#6107=DIRECTION('ref_axis',(0.842873302613017,0.,0.538112066155578));
#6108=DIRECTION('',(0.830752757084844,0.0744711138935588,0.55163748040845));
#6109=DIRECTION('center_axis',(-0.426219235021125,0.722520566423541,0.544335553489768));
#6110=DIRECTION('ref_axis',(0.787352287756588,0.,0.616503345460887));
#6111=DIRECTION('',(0.665582944103774,0.657984687587719,-0.352215126617588));
#6112=DIRECTION('center_axis',(-0.746183864345845,0.595831978365469,-0.29697456818218));
#6113=DIRECTION('ref_axis',(-0.369781094441322,0.,0.929118906380544));
#6114=DIRECTION('',(-0.352030891384926,-0.731751039634163,-0.583622024520199));
#6115=DIRECTION('',(0.665582944103799,0.657984687587702,-0.352215126617574));
#6116=DIRECTION('center_axis',(-0.927183852377498,0.187303296895969,0.324418832471733));
#6117=DIRECTION('ref_axis',(-2.70494850646873E-9,0.866025404322853,-0.499999999067439));
#6118=DIRECTION('',(-0.390731123109755,0.460252426094204,0.797180590398304));
#6119=DIRECTION('center_axis',(-0.920504855735964,-0.195365558924965,-0.338383080180509));
#6120=DIRECTION('ref_axis',(-0.345031670639454,0.,0.938591043136332));
#6121=DIRECTION('center_axis',(-0.426219235021113,0.722520566423543,0.544335553489775));
#6122=DIRECTION('ref_axis',(0.7873522877566,0.,0.616503345460872));
#6123=DIRECTION('',(-0.187303301755022,0.51820403737788,-0.834495086143072));
#6124=DIRECTION('center_axis',(0.187303301755026,-0.51820403737787,0.834495086143076));
#6125=DIRECTION('ref_axis',(-0.32441882966635,-0.834495087233696,-0.44538788975537));
#6126=DIRECTION('center_axis',(0.128079488604352,-0.655330367804072,0.744404294474869));
#6127=DIRECTION('ref_axis',(-0.352030891384927,-0.731751039634163,-0.583622024520199));
#6128=DIRECTION('',(0.927183852377499,-0.187303296895973,-0.324418832471727));
#6129=DIRECTION('center_axis',(-0.324418829666353,-0.83449508723369,-0.445387889755379));
#6130=DIRECTION('ref_axis',(-0.187303301755022,0.51820403737788,-0.834495086143071));
#6131=DIRECTION('center_axis',(0.927183852377501,-0.187303296895972,-0.324418832471724));
#6132=DIRECTION('ref_axis',(-0.187303297079462,-0.981795963566637,0.0315303160057437));
#6133=DIRECTION('',(-0.935329324703477,-0.159786470233607,0.315637986117043));
#6134=DIRECTION('center_axis',(-0.141108027964956,0.98664792253069,0.0813289702978894));
#6135=DIRECTION('ref_axis',(-0.324418832365787,0.0315303170957476,-0.945387888810863));
#6136=DIRECTION('center_axis',(-0.9271838523775,0.187303296895972,0.324418832471725));
#6137=DIRECTION('ref_axis',(0.330263798175448,1.32292679014706E-16,0.943888671197365));
#6138=DIRECTION('center_axis',(0.9271838523775,-0.187303296895972,-0.324418832471725));
#6139=DIRECTION('ref_axis',(0.330263798175448,1.32292679014706E-16,0.943888671197365));
#6140=DIRECTION('',(0.760626314817872,-0.0964683294576079,0.641982453512744));
#6141=DIRECTION('center_axis',(0.9271838523775,-0.187303296895972,-0.324418832471725));
#6142=DIRECTION('ref_axis',(0.330263798175448,1.32292679014706E-16,0.943888671197365));
#6143=DIRECTION('center_axis',(0.9271838523775,-0.187303296895972,-0.324418832471725));
#6144=DIRECTION('ref_axis',(0.330263798175448,1.32292679014706E-16,0.943888671197365));
#6145=DIRECTION('center_axis',(0.9271838523775,-0.187303296895972,-0.324418832471725));
#6146=DIRECTION('ref_axis',(0.330263798175448,1.32292679014706E-16,0.943888671197365));
#6147=DIRECTION('center_axis',(0.9271838523775,-0.187303296895972,-0.324418832471725));
#6148=DIRECTION('ref_axis',(0.330263798175448,1.32292679014706E-16,0.943888671197365));
#6149=DIRECTION('',(0.9271838523775,-0.187303296895972,-0.324418832471725));
#6150=DIRECTION('center_axis',(0.9271838523775,-0.187303296895972,-0.324418832471725));
#6151=DIRECTION('ref_axis',(0.330263798175448,1.32292679014706E-16,0.943888671197365));
#6152=DIRECTION('',(0.9271838523775,-0.187303296895972,-0.324418832471725));
#6153=DIRECTION('center_axis',(2.88085683907148E-27,-0.891582007133926,
-0.452859276768225));
#6154=DIRECTION('ref_axis',(0.72768528320748,0.310621234878845,-0.611546054721631));
#6155=DIRECTION('center_axis',(0.,-0.891582007133926,-0.452859276768225));
#6156=DIRECTION('ref_axis',(0.0590517427935,0.452069002546138,-0.890026128049053));
#6157=DIRECTION('center_axis',(0.999808471306654,0.0181922371161598,-0.00721548419455515));
#6158=DIRECTION('ref_axis',(0.019570914732134,-0.929376732242936,0.368613440967619));
#6159=DIRECTION('center_axis',(-4.44074047508598E-15,0.00826341029201717,
-0.999965857442316));
#6160=DIRECTION('ref_axis',(0.0729118794009474,0.997304335145371,0.00824141629034437));
#6161=DIRECTION('center_axis',(-2.67005186997262E-29,0.00826341029201978,
-0.999965857442316));
#6162=DIRECTION('ref_axis',(0.732431525605277,0.680817455475586,0.00562606605684654));
#6163=DIRECTION('center_axis',(0.,0.00826341029201681,-0.999965857442316));
#6164=DIRECTION('ref_axis',(0.0729118794009462,0.997304335145371,0.00824141629034433));
#6165=DIRECTION('',(-2.67005186997262E-29,0.00826341029201978,-0.999965857442316));
#6166=DIRECTION('center_axis',(0.,0.866025404235178,-0.499999999219297));
#6167=DIRECTION('ref_axis',(0.069756479574117,0.498782024147275,0.863915809523691));
#6168=DIRECTION('center_axis',(0.999791209120031,0.0180401635359819,0.00959638816954205));
#6169=DIRECTION('ref_axis',(0.0204337506666176,-0.882676763978919,-0.46953614574961));
#6170=DIRECTION('center_axis',(-2.79827900141303E-27,0.866025404235177,
-0.499999999219298));
#6171=DIRECTION('ref_axis',(0.731353703612051,0.340999178430265,0.590627903610065));
#6172=DIRECTION('center_axis',(0.,0.866025404235176,-0.4999999992193));
#6173=DIRECTION('ref_axis',(0.0697564795741191,0.498782024147277,0.863915809523689));
#6174=DIRECTION('',(-3.87226248979735E-18,0.866025404235177,-0.499999999219298));
#6175=DIRECTION('center_axis',(-4.37717957177444E-15,0.870127539632234,
0.492826607209428));
#6176=DIRECTION('ref_axis',(0.0729118840418398,-0.491514893253343,0.867811596416886));
#6177=DIRECTION('center_axis',(0.999791209105695,-0.000709367031707773,
0.0204214346554567));
#6178=DIRECTION('ref_axis',(0.0204337513680861,0.0347082094499162,-0.999188571793037));
#6179=DIRECTION('center_axis',(-2.81153371575097E-27,0.870127539632232,
0.49282660720943));
#6180=DIRECTION('ref_axis',(0.732431527189349,-0.335536411942488,0.592418242662934));
#6181=DIRECTION('center_axis',(-1.93207125772029E-15,0.870127539632234,
0.492826607209428));
#6182=DIRECTION('ref_axis',(0.0729118840418436,-0.491514893253342,0.867811596416886));
#6183=DIRECTION('',(-2.81153371575097E-27,0.870127539632232,0.49282660720943));
#6184=DIRECTION('center_axis',(0.,-0.0536033679012928,0.99856230599279));
#6185=DIRECTION('ref_axis',(0.0590517473086373,-0.996819737802542,-0.0535098258927126));
#6186=DIRECTION('center_axis',(0.999934615623686,-0.00896598792289296,0.0070975726891426));
#6187=DIRECTION('ref_axis',(0.011435229665867,0.784015883312366,-0.620635424574218));
#6188=DIRECTION('center_axis',(1.73201823029305E-28,-0.0536033679012995,
0.99856230599279));
#6189=DIRECTION('ref_axis',(0.727685284758678,-0.684925034682484,-0.0367671485279978));
#6190=DIRECTION('',(1.73201823029305E-28,-0.0536033679012995,0.99856230599279));
#6191=DIRECTION('center_axis',(-0.0590517473086372,0.996819737802542,0.0535098258927194));
#6192=DIRECTION('ref_axis',(0.324418832365764,-0.0315303170958627,0.945387888810867));
#6193=DIRECTION('',(0.996901221845491,0.0616775043083005,-0.0488245772666418));
#6194=DIRECTION('center_axis',(-0.996901221845491,-0.0616775043083005,0.0488245772666418));
#6195=DIRECTION('ref_axis',(-0.0775500073272413,0.87463765859267,-0.478534181156453));
#6196=DIRECTION('',(-0.996901221845491,-0.0616775043083005,0.0488245772666418));
#6197=DIRECTION('center_axis',(-0.072911884041844,0.491514893253345,-0.867811596416885));
#6198=DIRECTION('ref_axis',(0.324418829666186,0.834495087234149,0.445387889754641));
#6199=DIRECTION('',(0.996618499680447,0.00285249674527786,-0.0821183862299561));
#6200=DIRECTION('',(-0.324418829666186,-0.834495087234149,-0.445387889754641));
#6201=DIRECTION('center_axis',(-0.996618499680447,-0.00285249674527787,
0.0821183862299561));
#6202=DIRECTION('ref_axis',(-0.0821061124977131,-0.00418225773107501,-0.996614817776047));
#6203=DIRECTION('',(-0.996618499680447,-0.00285249674527788,0.0821183862299561));
#6204=DIRECTION('center_axis',(-0.0697564795741191,-0.498782024147276,-0.86391580952369));
#6205=DIRECTION('ref_axis',(-2.69952735165724E-9,0.866025404329562,-0.499999999055819));
#6206=DIRECTION('',(0.996618499915467,-0.0725428522214858,-0.0385888613179487));
#6207=DIRECTION('',(2.69952743173671E-9,-0.866025404329562,0.499999999055819));
#6208=DIRECTION('center_axis',(-0.996618499915467,0.0725428522214858,0.0385888613179487));
#6209=DIRECTION('ref_axis',(-0.0821061098268638,-0.861002620405994,-0.501929351984033));
#6210=DIRECTION('',(-0.996618499915467,0.0725428522214858,0.0385888613179487));
#6211=DIRECTION('center_axis',(-0.0729118794009473,-0.997304335145371,-0.0082414162903473));
#6212=DIRECTION('ref_axis',(-0.32441883236573,0.0315303170960403,-0.945387888810873));
#6213=DIRECTION('',(0.996901222265648,-0.0731220717980819,0.0290019940902991));
#6214=DIRECTION('',(0.32441883236573,-0.0315303170960403,0.945387888810873));
#6215=DIRECTION('center_axis',(-0.996901222265648,0.073122071798082,-0.0290019940902991));
#6216=DIRECTION('ref_axis',(-0.0775500019464968,-0.851741588250423,0.518191339220124));
#6217=DIRECTION('center_axis',(-0.754652484837614,-0.611210783940597,0.238581232965077));
#6218=DIRECTION('ref_axis',(0.301441466200207,0.,0.953484683912159));
#6219=DIRECTION('',(0.570308730719485,-0.790839564449417,-0.222082720999602));
#6220=DIRECTION('',(-0.570308730719485,0.790839564449417,0.222082720999598));
#6221=DIRECTION('',(0.529827000912472,-0.430369044903899,-0.730798080383768));
#6222=DIRECTION('',(-0.574248526990958,0.787631490960627,0.223327704720786));
#6223=DIRECTION('center_axis',(-0.848048099253397,-0.264959631120785,-0.458923539632734));
#6224=DIRECTION('ref_axis',(-0.475933643415038,0.,0.879481191990873));
#6225=DIRECTION('',(0.529919259277015,-0.424024047587111,-0.734431198762106));
#6226=DIRECTION('',(-0.529919259277014,0.424024047587113,0.734431198762105));
#6227=DIRECTION('',(-0.529827000872994,0.417705176110498,0.738109568422213));
#6228=DIRECTION('',(0.574248523911084,0.200408284239017,-0.793772733466144));
#6229=DIRECTION('center_axis',(-0.75465248833954,0.512222797949743,-0.410033446322952));
#6230=DIRECTION('ref_axis',(-0.477420038865756,0.,0.878675199655379));
#6231=DIRECTION('',(-0.570308727621243,-0.203090508499551,0.795928514727568));
#6232=DIRECTION('',(0.570308727621244,0.20309050849955,-0.795928514727568));
#6233=DIRECTION('',(-0.577596882663079,-0.232380004073794,0.78254800162326));
#6234=DIRECTION('',(0.714748516646046,0.662820683653846,-0.223166528119531));
#6235=DIRECTION('center_axis',(-4.8467614016779E-27,1.,1.31482370268234E-27));
#6236=DIRECTION('ref_axis',(1.,4.8467614016779E-27,1.90847475669127E-54));
#6237=DIRECTION('',(-1.,-4.8467614016779E-27,-1.94963264604162E-43));
#6238=DIRECTION('center_axis',(1.,4.8467614016779E-27,1.94963264604162E-43));
#6239=DIRECTION('ref_axis',(3.42717785391966E-27,-0.707106781186548,-0.707106781186548));
#6240=DIRECTION('center_axis',(1.,3.23117426778526E-27,6.36158252230424E-55));
#6241=DIRECTION('ref_axis',(2.28478523594643E-27,-0.707106781186548,-0.707106781186548));
#6242=DIRECTION('',(1.,4.8467614016779E-27,1.94963264604162E-43));
#6243=DIRECTION('center_axis',(3.89926529206415E-43,-1.20676415721247E-16,
1.));
#6244=DIRECTION('ref_axis',(1.,3.23117426778526E-27,6.34847126586282E-55));
#6245=DIRECTION('',(-3.23117426778526E-27,1.,1.20676415721247E-16));
#6246=DIRECTION('',(-1.,-1.31868566972667E-15,-1.59134260085197E-31));
#6247=DIRECTION('center_axis',(-1.,-1.31868566972667E-15,-1.59134260085197E-31));
#6248=DIRECTION('ref_axis',(-9.32451579317252E-16,0.707106781186548,-0.707106781186548));
#6249=DIRECTION('center_axis',(1.,3.23117426778526E-27,6.36158252230424E-55));
#6250=DIRECTION('ref_axis',(-2.28478523594643E-27,0.707106781186548,-0.707106781186548));
#6251=DIRECTION('',(1.,1.31868566972667E-15,1.59134260085197E-31));
#6252=DIRECTION('center_axis',(-1.34158272120519E-12,-0.86602540378544,
0.499999999998266));
#6253=DIRECTION('ref_axis',(-1.,-6.10430911055391E-13,-3.74046279488307E-12));
#6254=DIRECTION('',(-0.927183854567749,0.187303296707194,0.32441882632102));
#6255=DIRECTION('',(0.374606593413531,0.463591927281832,0.802964772035627));
#6256=DIRECTION('center_axis',(0.374606593413531,0.463591927281832,0.802964772035627));
#6257=DIRECTION('ref_axis',(-0.655617990972486,-0.47992900445625,0.582952142628221));
#6258=DIRECTION('center_axis',(-0.374606593413532,-0.463591927281832,-0.802964772035627));
#6259=DIRECTION('ref_axis',(-0.927183854567749,0.187303296707187,0.324418826321024));
#6260=DIRECTION('',(0.374606593413531,0.463591927281832,0.802964772035627));
#6261=DIRECTION('center_axis',(1.34158272120519E-12,0.86602540378544,-0.499999999998266));
#6262=DIRECTION('ref_axis',(1.,6.10430911055391E-13,3.74046279488307E-12));
#6263=DIRECTION('',(0.927183854567749,-0.187303296707194,-0.32441882632102));
#6264=DIRECTION('center_axis',(0.927183854567749,-0.187303296707194,-0.32441882632102));
#6265=DIRECTION('ref_axis',(-0.264886862478951,0.284563440212181,-0.921335225952349));
#6266=DIRECTION('',(-0.927183854567749,0.187303296707194,0.32441882632102));
#6267=DIRECTION('center_axis',(-0.927183854567749,0.187303296707192,0.324418826321021));
#6268=DIRECTION('ref_axis',(1.34053879108365E-12,0.866025403785441,-0.499999999998264));
#6269=DIRECTION('center_axis',(-0.927183854567749,0.187303296707194,0.32441882632102));
#6270=DIRECTION('ref_axis',(-0.264886862480849,-0.940181431180827,-0.214228444768253));
#6271=DIRECTION('center_axis',(-0.927183854567749,0.187303296707187,0.324418826321023));
#6272=DIRECTION('ref_axis',(-0.374606593413531,-0.463591927281832,-0.802964772035627));
#6273=DIRECTION('',(0.927183854567749,-0.187303296707194,-0.32441882632102));
#6274=DIRECTION('center_axis',(-0.374606593413532,-0.463591927281832,-0.802964772035627));
#6275=DIRECTION('ref_axis',(-0.906230838514755,0.,0.422783239172089));
#6276=DIRECTION('center_axis',(0.374606593413532,0.463591927281832,0.802964772035627));
#6277=DIRECTION('ref_axis',(-0.927183854567749,0.187303296707187,0.324418826321024));
#6278=DIRECTION('center_axis',(-0.374606593413532,-0.463591927281832,-0.802964772035627));
#6279=DIRECTION('ref_axis',(0.927183854567749,-0.187303296707194,-0.32441882632102));
#6280=DIRECTION('center_axis',(-0.374606593413532,-0.463591927281832,-0.802964772035627));
#6281=DIRECTION('ref_axis',(-0.927183854567749,0.187303296698331,0.324418826326137));
#6282=DIRECTION('center_axis',(-0.374606593413533,-0.463591927281834,-0.802964772035625));
#6283=DIRECTION('ref_axis',(-0.927183854567749,0.187303296698332,0.324418826326138));
#6284=DIRECTION('center_axis',(0.374606593413532,0.463591927281832,0.802964772035627));
#6285=DIRECTION('ref_axis',(-0.927183854567749,0.187303296698331,0.324418826326137));
#6286=DIRECTION('',(0.390731128491633,-0.460252426718313,-0.797180587400094));
#6287=DIRECTION('center_axis',(0.374606593413531,0.463591927281831,0.802964772035627));
#6288=DIRECTION('ref_axis',(-0.927183854567749,0.187303296698331,0.324418826326136));
#6289=DIRECTION('',(0.374606593413531,0.463591927281831,0.802964772035627));
#6290=DIRECTION('center_axis',(1.31868566972667E-15,-1.,1.85027033133968E-15));
#6291=DIRECTION('ref_axis',(-1.,-1.31868566972667E-15,-1.30250692258992E-42));
#6292=DIRECTION('',(-5.97854588307192E-42,1.85027033133968E-15,1.));
#6293=DIRECTION('',(-1.,-1.31868566972667E-15,-1.59134260085197E-31));
#6294=DIRECTION('center_axis',(1.,1.31868566972667E-15,1.59134260085197E-31));
#6295=DIRECTION('ref_axis',(-9.32451579317261E-16,0.707106781186554,0.707106781186541));
#6296=DIRECTION('center_axis',(1.,3.23117426778526E-27,6.36158252230424E-55));
#6297=DIRECTION('ref_axis',(-2.28478523594646E-27,0.707106781186554,0.707106781186541));
#6298=DIRECTION('',(1.,1.31868566972667E-15,1.59134260085197E-31));
#6299=DIRECTION('center_axis',(-3.89926529206415E-43,1.20676415721247E-16,
-1.));
#6300=DIRECTION('ref_axis',(-1.,-3.23117426778526E-27,-6.34847126586282E-55));
#6301=DIRECTION('',(3.23117426778526E-27,-1.,-1.20676415721247E-16));
#6302=DIRECTION('',(-1.,-4.8467614016779E-27,-1.94963264604162E-43));
#6303=DIRECTION('center_axis',(-1.,-4.8467614016779E-27,-1.94963264604162E-43));
#6304=DIRECTION('ref_axis',(3.42717785391966E-27,-0.707106781186548,0.707106781186548));
#6305=DIRECTION('center_axis',(1.,3.23117426778526E-27,6.36158252230424E-55));
#6306=DIRECTION('ref_axis',(2.28478523594643E-27,-0.707106781186548,0.707106781186548));
#6307=DIRECTION('center_axis',(-1.,0.,0.));
#6308=DIRECTION('ref_axis',(0.,-0.707106781186547,0.707106781186547));
#6309=DIRECTION('',(0.707106781186524,0.,-0.707106781186571));
#6310=DIRECTION('center_axis',(-1.,0.,0.));
#6311=DIRECTION('ref_axis',(0.,-0.707106781186547,-0.707106781186547));
#6312=DIRECTION('',(-0.707106781186555,0.,-0.70710678118654));
#6313=DIRECTION('center_axis',(0.707106781186571,-8.5331111883493E-17,0.707106781186524));
#6314=DIRECTION('ref_axis',(0.707106781186524,0.,-0.707106781186571));
#6315=DIRECTION('',(0.707106781186832,0.,-0.707106781186263));
#6316=DIRECTION('center_axis',(0.70710678118654,8.53311118880664E-17,-0.707106781186555));
#6317=DIRECTION('ref_axis',(-0.707106781186555,0.,-0.70710678118654));
#6318=DIRECTION('',(-0.707106781186832,0.,-0.707106781186263));
#6319=DIRECTION('center_axis',(-1.,0.,0.));
#6320=DIRECTION('ref_axis',(0.,0.707106781186554,0.707106781186541));
#6321=DIRECTION('',(0.707106781186916,-0.707106781186179,0.));
#6322=DIRECTION('center_axis',(-1.,0.,0.));
#6323=DIRECTION('ref_axis',(0.,0.707106781186547,-0.707106781186547));
#6324=DIRECTION('',(-0.707106781186924,0.707106781186171,0.));
#6325=DIRECTION('center_axis',(0.707106781186179,0.707106781186916,-1.30833869831925E-15));
#6326=DIRECTION('ref_axis',(-1.85027033134161E-15,7.88860905221012E-31,
-1.));
#6327=DIRECTION('center_axis',(0.374606598834588,0.463591926189805,0.802964770137027));
#6328=DIRECTION('ref_axis',(-2.69983310905036E-9,0.866025404329183,-0.499999999056475));
#6329=DIRECTION('',(-0.9271838523775,0.187303296895972,0.324418832471725));
#6330=DIRECTION('',(-0.9271838523775,0.187303296895972,0.324418832471725));
#6331=DIRECTION('center_axis',(-0.9271838523775,0.187303296895972,0.324418832471725));
#6332=DIRECTION('ref_axis',(0.187303297079549,0.981795963566629,-0.0315303160054849));
#6333=DIRECTION('',(-0.9271838523775,0.187303296895972,0.324418832471725));
#6334=DIRECTION('center_axis',(0.187303297079501,0.981795963566633,-0.0315303160056233));
#6335=DIRECTION('ref_axis',(-0.324418832365764,0.0315303170958626,-0.945387888810867));
#6336=DIRECTION('center_axis',(0.187303301753916,-0.518204037380725,0.834495086141553));
#6337=DIRECTION('ref_axis',(0.32441882966699,0.834495087231924,0.445387889758225));
#6338=DIRECTION('',(-0.9271838523775,0.187303296895972,0.324418832471725));
#6339=DIRECTION('center_axis',(-0.9271838523775,0.187303296895972,0.324418832471725));
#6340=DIRECTION('ref_axis',(0.374606598834588,0.463591926189976,0.802964770136928));
#6341=DIRECTION('axis',(0.,0.,1.));
#6342=DIRECTION('refdir',(1.,0.,0.));
#6343=DIRECTION('center_axis',(-0.895590829353408,0.405064960096702,0.183955006672641));
#6344=DIRECTION('ref_axis',(-0.412097542745382,-0.911139734213813,0.));
#6345=DIRECTION('center_axis',(1.,3.23117426778526E-27,6.36158252230424E-55));
#6346=DIRECTION('ref_axis',(-4.34134346419911E-27,0.910506507122648,0.413494740579992));
#6347=DIRECTION('center_axis',(0.895590829353408,-0.405064960096702,-0.183955006672641));
#6348=DIRECTION('ref_axis',(-0.412097542745382,-0.911139734213813,0.));
#6349=DIRECTION('',(0.108026838316246,-0.989623063800218,-0.0947438325067431));
#6350=DIRECTION('center_axis',(0.895590829353408,-0.405064960096702,-0.183955006672641));
#6351=DIRECTION('ref_axis',(-0.412097542745382,-0.911139734213813,0.));
#6352=DIRECTION('center_axis',(0.895590829353408,-0.405064960096702,-0.183955006672641));
#6353=DIRECTION('ref_axis',(0.444878709737917,0.815441277845649,0.370322097649305));
#6354=DIRECTION('center_axis',(1.,3.23117426778526E-27,6.36158252230424E-55));
#6355=DIRECTION('ref_axis',(6.88614152680199E-18,-0.910506507122649,-0.41349474057999));
#6356=DIRECTION('center_axis',(0.895590829353408,-0.405064960096702,-0.183955006672641));
#6357=DIRECTION('ref_axis',(-0.412097542745382,-0.911139734213813,0.));
#6358=DIRECTION('center_axis',(1.,3.23117426778526E-27,6.36158252230424E-55));
#6359=DIRECTION('ref_axis',(6.88614152680199E-18,-0.910506507122649,-0.41349474057999));
#6360=DIRECTION('center_axis',(0.895590829353408,-0.405064960096702,-0.183955006672641));
#6361=DIRECTION('ref_axis',(-0.412097542745382,-0.911139734213813,0.));
#6362=DIRECTION('',(-1.3360735656266E-27,0.41349474057999,-0.910506507122649));
#6363=DIRECTION('center_axis',(0.895590829353408,-0.405064960096702,-0.183955006672641));
#6364=DIRECTION('ref_axis',(-0.412097542745382,-0.911139734213813,0.));
#6365=DIRECTION('center_axis',(0.895590829353408,-0.405064960096702,-0.183955006672641));
#6366=DIRECTION('ref_axis',(-0.412097542745382,-0.911139734213813,0.));
#6367=DIRECTION('',(-1.3360735656266E-27,0.41349474057999,-0.910506507122649));
#6368=DIRECTION('center_axis',(-1.,-3.23117426778526E-27,-6.36158252230424E-55));
#6369=DIRECTION('ref_axis',(-6.36158252230424E-55,0.,1.));
#6370=DIRECTION('center_axis',(1.,3.23117426778526E-27,6.36158252230424E-55));
#6371=DIRECTION('ref_axis',(0.,-0.91050650712265,-0.413494740579989));
#6372=DIRECTION('center_axis',(1.,4.8467614016779E-27,-3.40009997244124E-58));
#6373=DIRECTION('ref_axis',(3.42717785391968E-27,-0.707106781186548,-0.707106781186548));
#6374=DIRECTION('center_axis',(-0.707106781186548,0.707106781186548,9.29720756231487E-28));
#6375=DIRECTION('ref_axis',(-0.707106781186548,-0.707106781186548,0.));
#6376=DIRECTION('',(-1.,-4.8467614016779E-27,3.40009997244124E-58));
#6377=DIRECTION('center_axis',(1.,3.23117426778526E-27,6.36158252230424E-55));
#6378=DIRECTION('ref_axis',(3.42717785391968E-27,-0.707106781186548,-0.707106781186548));
#6379=DIRECTION('',(1.,4.8467614016779E-27,-3.40009997244124E-58));
#6380=DIRECTION('center_axis',(-1.,-3.23117426778526E-27,-6.36158252230424E-55));
#6381=DIRECTION('ref_axis',(3.42717785391968E-27,-0.707106781186548,-0.707106781186548));
#6382=DIRECTION('center_axis',(0.,7.01519982243021E-32,1.));
#6383=DIRECTION('ref_axis',(-8.11047618180356E-30,-1.,7.01519982243021E-32));
#6384=DIRECTION('',(3.23117426778526E-27,-1.,7.01519982243021E-32));
#6385=DIRECTION('',(1.,0.,0.));
#6386=DIRECTION('',(-3.23117426778526E-27,1.,-7.01519982243021E-32));
#6387=DIRECTION('center_axis',(-1.,-3.23117426778526E-27,-6.36158252230424E-55));
#6388=DIRECTION('ref_axis',(-6.36158252230424E-55,0.,1.));
#6389=DIRECTION('',(4.46416201548072E-54,-1.31482370268234E-27,1.));
#6390=DIRECTION('center_axis',(1.,3.23117426778526E-27,6.36158252230424E-55));
#6391=DIRECTION('ref_axis',(2.28478523594643E-27,-0.707106781186548,0.707106781186548));
#6392=DIRECTION('',(3.23117426778526E-27,-1.,-1.20676415721247E-16));
#6393=DIRECTION('center_axis',(1.,3.23117426778526E-27,6.36158252230424E-55));
#6394=DIRECTION('ref_axis',(-2.28478523594646E-27,0.707106781186554,0.707106781186541));
#6395=DIRECTION('',(5.97854588307193E-42,-1.85027033133968E-15,-1.));
#6396=DIRECTION('center_axis',(1.,3.23117426778526E-27,6.36158252230424E-55));
#6397=DIRECTION('ref_axis',(-2.28478523594643E-27,0.707106781186548,-0.707106781186548));
#6398=DIRECTION('',(-3.23117426778526E-27,1.,1.20676415721247E-16));
#6399=DIRECTION('center_axis',(1.,3.23117426778526E-27,6.36158252230424E-55));
#6400=DIRECTION('ref_axis',(2.28478523594643E-27,-0.707106781186548,-0.707106781186548));
#6401=DIRECTION('',(4.46416201548072E-54,-1.31482370268234E-27,1.));
#6402=DIRECTION('center_axis',(1.,3.23117426778526E-27,6.36158252230424E-55));
#6403=DIRECTION('ref_axis',(3.42717785391968E-27,-0.707106781186548,0.707106781186548));
#6404=DIRECTION('',(-3.23117426778526E-27,1.,-7.01519982243021E-32));
#6405=DIRECTION('center_axis',(1.,3.23117426778526E-27,6.36158252230424E-55));
#6406=DIRECTION('ref_axis',(0.,-1.,7.01519982243021E-32));
#6407=DIRECTION('',(-2.86661673253628E-27,0.887174907623025,0.461433292344708));
#6408=DIRECTION('',(-1.97334259918819E-29,0.00610719953690636,0.999981350883014));
#6409=DIRECTION('',(2.62584143347198E-27,-0.812658561827373,0.582740132382065));
#6410=DIRECTION('',(2.88217015821364E-27,-0.891988459721538,-0.452058168517723));
#6411=DIRECTION('',(-3.07956026573041E-27,0.953077739085002,0.302725656759749));
#6412=DIRECTION('center_axis',(1.,3.23117426778526E-27,6.36158252230424E-55));
#6413=DIRECTION('ref_axis',(0.,0.997346711432572,-0.0727979202631082));
#6414=DIRECTION('',(-6.39601966261016E-28,0.197947220810042,0.980212679867783));
#6415=DIRECTION('',(1.10267377452003E-28,-0.0341261003937071,0.999417535003223));
#6416=DIRECTION('',(-1.33607358317369E-27,0.413494746010551,-0.91050650465643));
#6417=DIRECTION('center_axis',(-1.,-3.23117426778526E-27,-6.36158252230424E-55));
#6418=DIRECTION('ref_axis',(-7.92822936829699E-20,0.127539537753209,-0.991833487189104));
#6419=DIRECTION('',(3.09238544209548E-28,-0.0957046938918304,-0.995409770680935));
#6420=DIRECTION('',(-2.80100651607715E-27,0.866869529137789,-0.49853507344261));
#6421=DIRECTION('center_axis',(-1.,-3.23117426778526E-27,-6.36158252230424E-55));
#6422=DIRECTION('ref_axis',(-1.05572233296442E-19,-0.707854303071476,0.70635846821794));
#6423=DIRECTION('',(-1.33607358317369E-27,0.413494746010551,-0.91050650465643));
#6424=DIRECTION('',(2.52340137013995E-27,-0.780954897820959,0.624587421879));
#6425=DIRECTION('',(2.97129773266942E-27,-0.919572107977336,0.392921287575666));
#6426=DIRECTION('center_axis',(1.,3.23117426778526E-27,6.36158252230424E-55));
#6427=DIRECTION('ref_axis',(0.,0.900129506709958,0.435622395142958));
#6428=DIRECTION('',(-1.49097138052365E-27,0.461433292344706,-0.887174907623026));
#6429=DIRECTION('center_axis',(-1.,-3.23117426778526E-27,-6.36158252230424E-55));
#6430=DIRECTION('ref_axis',(0.,0.910506507122649,0.41349474057999));
#6431=DIRECTION('',(1.49097138052364E-27,-0.461433292344705,0.887174907623027));
#6432=DIRECTION('',(2.88217015821248E-27,-0.891988459721177,-0.452058168518436));
#6433=DIRECTION('',(-1.3360735656266E-27,0.41349474057999,-0.910506507122649));
#6434=DIRECTION('',(-1.61558713388703E-27,0.499999999998266,0.86602540378544));
#6435=DIRECTION('center_axis',(1.,3.23117426778526E-27,6.36158252230424E-55));
#6436=DIRECTION('ref_axis',(-1.61558713388551E-27,0.499999999997797,0.866025403785711));
#6437=DIRECTION('',(1.61558713388703E-27,-0.499999999998266,-0.86602540378544));
#6438=DIRECTION('center_axis',(1.,3.23117426778526E-27,6.36158252230424E-55));
#6439=DIRECTION('ref_axis',(1.61558713389631E-27,-0.50000000000114,-0.86602540378378));
#6440=DIRECTION('',(-2.79827899996073E-27,0.866025403785711,-0.499999999997797));
#6441=DIRECTION('center_axis',(1.,3.23117426778526E-27,6.36158252230424E-55));
#6442=DIRECTION('ref_axis',(1.61558713389632E-27,-0.500000000001142,-0.866025403783779));
#6443=DIRECTION('center_axis',(-4.8467614016779E-27,1.,1.31482370268234E-27));
#6444=DIRECTION('ref_axis',(1.,4.8467614016779E-27,1.90847475669127E-54));
#6445=DIRECTION('',(-3.61226626255089E-54,1.31482370268234E-27,-1.));
#6446=DIRECTION('',(1.,4.8467614016779E-27,1.94963264604162E-43));
#6447=DIRECTION('center_axis',(-1.,-4.8467614016779E-27,3.40009997244124E-58));
#6448=DIRECTION('ref_axis',(3.42717785391968E-27,-0.707106781186548,0.707106781186548));
#6449=DIRECTION('',(1.,4.8467614016779E-27,-3.40009997244124E-58));
#6450=DIRECTION('center_axis',(-0.707106781186548,0.707106781186548,9.29720756231487E-28));
#6451=DIRECTION('ref_axis',(-0.707106781186548,-0.707106781186548,0.));
#6452=DIRECTION('center_axis',(-1.,-3.23117426778526E-27,-6.36158252230424E-55));
#6453=DIRECTION('ref_axis',(3.42717785391968E-27,-0.707106781186548,0.707106781186548));
#6454=DIRECTION('',(-1.,-4.8467614016779E-27,3.40009997244124E-58));
#6455=DIRECTION('center_axis',(1.,3.23117426778526E-27,6.36158252230424E-55));
#6456=DIRECTION('ref_axis',(-3.23117426778526E-27,1.,7.8752577175785E-28));
#6457=DIRECTION('center_axis',(-1.,-3.23117426778526E-27,-6.36158252230424E-55));
#6458=DIRECTION('ref_axis',(0.,-1.,7.01519982243021E-32));
#6459=DIRECTION('',(3.23117426778526E-27,-1.,7.01519982243021E-32));
#6460=DIRECTION('',(3.61226626255089E-54,-1.31482370268234E-27,1.));
#6461=DIRECTION('center_axis',(-1.,-3.23117426778526E-27,-6.36158252230424E-55));
#6462=DIRECTION('ref_axis',(2.28478523594643E-27,-0.707106781186548,-0.707106781186548));
#6463=DIRECTION('',(3.23117426778526E-27,-1.,-1.20676415721247E-16));
#6464=DIRECTION('center_axis',(-1.,-3.23117426778526E-27,-6.36158252230424E-55));
#6465=DIRECTION('ref_axis',(-2.28478523594643E-27,0.707106781186548,-0.707106781186548));
#6466=DIRECTION('',(5.97854588307192E-42,-1.85027033133968E-15,-1.));
#6467=DIRECTION('center_axis',(-1.,-3.23117426778526E-27,-6.36158252230424E-55));
#6468=DIRECTION('ref_axis',(-2.28478523594646E-27,0.707106781186554,0.707106781186541));
#6469=DIRECTION('',(-3.23117426778526E-27,1.,1.20676415721247E-16));
#6470=DIRECTION('center_axis',(-1.,-3.23117426778526E-27,-6.36158252230424E-55));
#6471=DIRECTION('ref_axis',(2.28478523594643E-27,-0.707106781186548,0.707106781186548));
#6472=DIRECTION('',(3.61226626255089E-54,-1.31482370268234E-27,1.));
#6473=DIRECTION('center_axis',(0.707106781186548,-0.707106781186548,-9.29720756231487E-28));
#6474=DIRECTION('ref_axis',(-1.31482370268234E-27,-8.96831017167883E-44,
-1.));
#6475=DIRECTION('',(-3.61226626255089E-54,1.31482370268234E-27,-1.));
#6476=DIRECTION('',(-0.707106781186559,-0.707106781186536,0.));
#6477=DIRECTION('center_axis',(-4.8467614016779E-27,1.,1.31482370268234E-27));
#6478=DIRECTION('ref_axis',(1.,4.8467614016779E-27,1.90847475669127E-54));
#6479=DIRECTION('',(-1.,-4.8467614016779E-27,-1.94963264604162E-43));
#6480=DIRECTION('center_axis',(1.,0.,0.));
#6481=DIRECTION('ref_axis',(0.,1.,-1.22464679914735E-16));
#6482=DIRECTION('',(1.,0.,0.));
#6483=DIRECTION('center_axis',(0.,-7.01519982243021E-32,-1.));
#6484=DIRECTION('ref_axis',(8.11047618180356E-30,1.,-7.01519982243021E-32));
#6485=DIRECTION('center_axis',(0.707106781186179,0.707106781186916,-1.30833869831925E-15));
#6486=DIRECTION('ref_axis',(-1.85027033134161E-15,7.88860905221012E-31,
-1.));
#6487=DIRECTION('',(0.707106781186916,-0.707106781186179,0.));
#6488=DIRECTION('',(-0.707106781186924,0.707106781186171,0.));
#6489=DIRECTION('',(-5.97854588307192E-42,1.85027033133968E-15,1.));
#6490=DIRECTION('center_axis',(-1.,0.,0.));
#6491=DIRECTION('ref_axis',(0.,0.707106781186547,-0.707106781186547));
#6492=DIRECTION('',(-0.707106781186832,0.,-0.707106781186263));
#6493=DIRECTION('center_axis',(1.,3.23117426778526E-27,6.36158252230424E-55));
#6494=DIRECTION('ref_axis',(-2.28478523594643E-27,0.707106781186548,-0.707106781186548));
#6495=DIRECTION('center_axis',(-1.,0.,0.));
#6496=DIRECTION('ref_axis',(0.,0.707106781186554,0.707106781186541));
#6497=DIRECTION('center_axis',(1.,3.23117426778526E-27,6.36158252230424E-55));
#6498=DIRECTION('ref_axis',(-2.28478523594646E-27,0.707106781186554,0.707106781186541));
#6499=DIRECTION('',(0.707106781186832,0.,-0.707106781186263));
#6500=DIRECTION('center_axis',(0.70710678118654,8.53311118880664E-17,-0.707106781186555));
#6501=DIRECTION('ref_axis',(-0.707106781186555,0.,-0.70710678118654));
#6502=DIRECTION('',(-0.707106781186555,0.,-0.70710678118654));
#6503=DIRECTION('',(-3.23117426778526E-27,1.,1.20676415721247E-16));
#6504=DIRECTION('center_axis',(0.707106781186571,-8.5331111883493E-17,0.707106781186524));
#6505=DIRECTION('ref_axis',(0.707106781186524,0.,-0.707106781186571));
#6506=DIRECTION('',(0.707106781186524,0.,-0.707106781186571));
#6507=DIRECTION('',(3.23117426778526E-27,-1.,-1.20676415721247E-16));
#6508=DIRECTION('center_axis',(-1.,0.,0.));
#6509=DIRECTION('ref_axis',(0.,-0.707106781186547,-0.707106781186547));
#6510=DIRECTION('center_axis',(1.,3.23117426778526E-27,6.36158252230424E-55));
#6511=DIRECTION('ref_axis',(2.28478523594643E-27,-0.707106781186548,-0.707106781186548));
#6512=DIRECTION('center_axis',(-1.,0.,0.));
#6513=DIRECTION('ref_axis',(0.,-0.707106781186547,0.707106781186547));
#6514=DIRECTION('center_axis',(1.,3.23117426778526E-27,6.36158252230424E-55));
#6515=DIRECTION('ref_axis',(2.28478523594643E-27,-0.707106781186548,0.707106781186548));
#6516=DIRECTION('',(0.707106781186559,0.707106781186536,0.));
#6517=DIRECTION('center_axis',(-1.,-4.8467614016779E-27,-1.94963264604162E-43));
#6518=DIRECTION('ref_axis',(3.42717785391966E-27,-0.707106781186548,0.707106781186548));
#6519=DIRECTION('',(-1.,-4.8467614016779E-27,-1.94963264604162E-43));
#6520=DIRECTION('center_axis',(-3.89926529206415E-43,1.20676415721247E-16,
-1.));
#6521=DIRECTION('ref_axis',(-1.,-3.23117426778526E-27,-6.34847126586282E-55));
#6522=DIRECTION('',(1.,1.31868566972667E-15,1.59134260085197E-31));
#6523=DIRECTION('center_axis',(1.,1.31868566972667E-15,1.59134260085197E-31));
#6524=DIRECTION('ref_axis',(-9.32451579317261E-16,0.707106781186554,0.707106781186541));
#6525=DIRECTION('',(-1.,-1.31868566972667E-15,-1.59134260085197E-31));
#6526=DIRECTION('center_axis',(1.31868566972667E-15,-1.,1.85027033133968E-15));
#6527=DIRECTION('ref_axis',(-1.,-1.31868566972667E-15,-1.30250692258992E-42));
#6528=DIRECTION('',(1.,1.31868566972667E-15,1.59134260085197E-31));
#6529=DIRECTION('center_axis',(0.374606593413531,0.463591927281831,0.802964772035627));
#6530=DIRECTION('ref_axis',(-0.927183854567749,0.187303296698331,0.324418826326136));
#6531=DIRECTION('center_axis',(0.374606593413532,0.463591927281832,0.802964772035627));
#6532=DIRECTION('ref_axis',(-0.927183854567749,0.187303296698331,0.324418826326137));
#6533=DIRECTION('',(0.374606593413531,0.463591927281831,0.802964772035627));
#6534=DIRECTION('center_axis',(-0.374606593413533,-0.463591927281834,-0.802964772035625));
#6535=DIRECTION('ref_axis',(-0.927183854567749,0.187303296698332,0.324418826326138));
#6536=DIRECTION('',(0.390731128491633,-0.460252426718313,-0.797180587400094));
#6537=DIRECTION('center_axis',(-0.374606593413532,-0.463591927281832,-0.802964772035627));
#6538=DIRECTION('ref_axis',(-0.927183854567749,0.187303296698331,0.324418826326137));
#6539=DIRECTION('center_axis',(-0.374606593413532,-0.463591927281832,-0.802964772035627));
#6540=DIRECTION('ref_axis',(0.927183854567749,-0.187303296707194,-0.32441882632102));
#6541=DIRECTION('',(-0.927183854567749,0.187303296707194,0.32441882632102));
#6542=DIRECTION('',(0.927183854567749,-0.187303296707194,-0.32441882632102));
#6543=DIRECTION('center_axis',(0.374606593413532,0.463591927281832,0.802964772035627));
#6544=DIRECTION('ref_axis',(-0.927183854567749,0.187303296707187,0.324418826321024));
#6545=DIRECTION('center_axis',(-0.374606593413532,-0.463591927281832,-0.802964772035627));
#6546=DIRECTION('ref_axis',(-0.906230838514755,0.,0.422783239172089));
#6547=DIRECTION('center_axis',(-0.927183854567749,0.187303296707187,0.324418826321023));
#6548=DIRECTION('ref_axis',(-0.374606593413531,-0.463591927281832,-0.802964772035627));
#6549=DIRECTION('center_axis',(-0.374606593413532,-0.463591927281832,-0.802964772035627));
#6550=DIRECTION('ref_axis',(-0.927183854567749,0.187303296707187,0.324418826321024));
#6551=DIRECTION('center_axis',(-0.927183854567749,0.187303296707192,0.324418826321021));
#6552=DIRECTION('ref_axis',(1.34053879108365E-12,0.866025403785441,-0.499999999998264));
#6553=DIRECTION('center_axis',(-0.927183854567749,0.187303296707194,0.32441882632102));
#6554=DIRECTION('ref_axis',(-0.264886862480849,-0.940181431180827,-0.214228444768253));
#6555=DIRECTION('',(-0.927183854567749,0.187303296707194,0.32441882632102));
#6556=DIRECTION('center_axis',(0.927183854567749,-0.187303296707194,-0.32441882632102));
#6557=DIRECTION('ref_axis',(-0.264886862478951,0.284563440212181,-0.921335225952349));
#6558=DIRECTION('',(0.927183854567749,-0.187303296707194,-0.32441882632102));
#6559=DIRECTION('center_axis',(1.34158272120519E-12,0.86602540378544,-0.499999999998266));
#6560=DIRECTION('ref_axis',(1.,6.10430911055391E-13,3.74046279488307E-12));
#6561=DIRECTION('',(0.374606593413531,0.463591927281832,0.802964772035627));
#6562=DIRECTION('center_axis',(0.374606593413531,0.463591927281832,0.802964772035627));
#6563=DIRECTION('ref_axis',(-0.655617990972486,-0.47992900445625,0.582952142628221));
#6564=DIRECTION('',(0.374606593413531,0.463591927281832,0.802964772035627));
#6565=DIRECTION('center_axis',(-1.34158272120519E-12,-0.86602540378544,
0.499999999998266));
#6566=DIRECTION('ref_axis',(-1.,-6.10430911055391E-13,-3.74046279488307E-12));
#6567=DIRECTION('center_axis',(-1.,-1.31868566972667E-15,-1.59134260085197E-31));
#6568=DIRECTION('ref_axis',(-9.32451579317252E-16,0.707106781186548,-0.707106781186548));
#6569=DIRECTION('',(-1.,-1.31868566972667E-15,-1.59134260085197E-31));
#6570=DIRECTION('center_axis',(3.89926529206415E-43,-1.20676415721247E-16,
1.));
#6571=DIRECTION('ref_axis',(1.,3.23117426778526E-27,6.34847126586282E-55));
#6572=DIRECTION('',(1.,4.8467614016779E-27,1.94963264604162E-43));
#6573=DIRECTION('center_axis',(1.,4.8467614016779E-27,1.94963264604162E-43));
#6574=DIRECTION('ref_axis',(3.42717785391966E-27,-0.707106781186548,-0.707106781186548));
#6575=DIRECTION('center_axis',(0.707106781186548,-0.707106781186548,-9.29720756231487E-28));
#6576=DIRECTION('ref_axis',(-1.31482370268234E-27,-8.96831017167883E-44,
-1.));
#6577=DIRECTION('center_axis',(-0.895590838326461,0.405064942552359,0.18395500161931));
#6578=DIRECTION('ref_axis',(0.374216569299627,0.462312182610132,0.803883950002657));
#6579=DIRECTION('',(-0.895590838326461,0.405064942552359,0.18395500161931));
#6580=DIRECTION('center_axis',(-0.895590838326461,0.405064942552359,0.18395500161931));
#6581=DIRECTION('ref_axis',(0.374216569299627,0.462312182610132,0.803883950002657));
#6582=DIRECTION('',(-0.895590838326461,0.405064942552359,0.18395500161931));
#6583=DIRECTION('center_axis',(0.395457167957339,0.9142683650888,-0.0879032701838474));
#6584=DIRECTION('ref_axis',(-0.203790771667579,-0.00597903946362924,-0.978996206565799));
#6585=DIRECTION('',(-0.203790771667579,-0.00597903946362925,-0.978996206565799));
#6586=DIRECTION('center_axis',(-0.395457167957339,-0.9142683650888,0.0879032701838474));
#6587=DIRECTION('ref_axis',(0.203790771667579,0.00597903946362926,0.978996206565799));
#6588=DIRECTION('center_axis',(0.374216569299627,0.462312182610133,0.803883950002656));
#6589=DIRECTION('ref_axis',(0.240580567725915,0.788790110311551,-0.56562456833784));
#6590=DIRECTION('',(0.240580567725915,0.788790110311551,-0.56562456833784));
#6591=DIRECTION('center_axis',(-0.374216569299627,-0.462312182610133,-0.803883950002656));
#6592=DIRECTION('ref_axis',(0.240580567725915,0.788790110311551,-0.56562456833784));
#6593=DIRECTION('center_axis',(-0.0212406018943556,-0.451956181015984,0.891787220850699));
#6594=DIRECTION('ref_axis',(-0.444371357323174,-0.794769141665241,-0.413371634546271));
#6595=DIRECTION('',(-0.444371357323174,-0.794769141665241,-0.413371634546271));
#6596=DIRECTION('',(0.895590829353408,-0.405064960096702,-0.183955006672641));
#6597=DIRECTION('',(0.895590829353408,-0.405064960096702,-0.183955006672641));
#6598=DIRECTION('',(-0.444371357323174,-0.794769141665241,-0.413371634546271));
#6599=DIRECTION('',(0.895590829353409,-0.405064960096701,-0.18395500667264));
#6600=DIRECTION('center_axis',(0.0212406018943556,0.451956181015984,-0.891787220850699));
#6601=DIRECTION('ref_axis',(0.895590829353408,-0.405064960096702,-0.183955006672641));
#6602=DIRECTION('',(-0.444371357323174,-0.794769141665241,-0.413371634546271));
#6603=DIRECTION('center_axis',(0.0212406018943556,0.451956181015984,-0.891787220850699));
#6604=DIRECTION('ref_axis',(-0.895590829353408,0.405064960096702,0.183955006672641));
#6605=DIRECTION('',(-0.895590829353408,0.405064960096702,0.183955006672641));
#6606=DIRECTION('',(-0.444371357323174,-0.794769141665241,-0.413371634546271));
#6607=DIRECTION('',(-0.895590829353408,0.405064960096702,0.183955006672641));
#6608=DIRECTION('center_axis',(0.895590829353409,-0.405064960096702,-0.183955006672641));
#6609=DIRECTION('ref_axis',(0.444371357323174,0.794769141665241,0.413371634546271));
#6610=DIRECTION('',(0.444371357323174,0.794769141665241,0.413371634546271));
#6611=DIRECTION('',(-0.0212406018943556,-0.451956181015984,0.891787220850699));
#6612=DIRECTION('center_axis',(0.895590829353409,-0.405064960096702,-0.183955006672641));
#6613=DIRECTION('ref_axis',(-0.299198626492305,-0.24240536915373,-0.922886677176869));
#6614=DIRECTION('',(-0.0212406018943553,-0.451956181015983,0.891787220850699));
#6615=DIRECTION('',(0.444371357323173,0.79476914166524,0.413371634546274));
#6616=DIRECTION('center_axis',(-0.895590829353409,0.405064960096702,0.183955006672641));
#6617=DIRECTION('ref_axis',(0.444090830416197,0.78939902749959,0.423830755989881));
#6618=DIRECTION('center_axis',(-0.0212406018943556,-0.451956181015984,0.891787220850699));
#6619=DIRECTION('ref_axis',(-0.444371357323174,-0.794769141665241,-0.413371634546271));
#6620=DIRECTION('',(-0.895590829353408,0.405064960096702,0.183955006672641));
#6621=DIRECTION('center_axis',(0.444371357323174,0.794769141665241,0.413371634546271));
#6622=DIRECTION('ref_axis',(-0.895590829353408,0.405064960096702,0.183955006672641));
#6623=DIRECTION('',(0.55936724551067,-0.413245668494652,-0.718565447346457));
#6624=DIRECTION('',(-0.556572817386538,0.414182356635299,0.720194192144342));
#6625=DIRECTION('center_axis',(-0.828919950688732,-0.27886419082205,-0.484898420730933));
#6626=DIRECTION('ref_axis',(-0.504928663683201,0.,0.863161076851301));
#6627=DIRECTION('',(0.172444780814314,0.697250069698971,-0.695776643668558));
#6628=DIRECTION('',(0.547733446660093,-0.832812469146203,0.0800716094783901));
#6629=DIRECTION('center_axis',(0.895590829353409,-0.405064960096702,-0.183955006672641));
#6630=DIRECTION('ref_axis',(-0.374216583208862,-0.462312176318059,-0.803883947146318));
#6631=DIRECTION('',(0.255911614409635,0.130841045288961,0.957804712077544));
#6632=DIRECTION('center_axis',(0.895590829353409,-0.405064960096702,-0.183955006672641));
#6633=DIRECTION('ref_axis',(-0.383463653594808,-0.493232084959211,-0.780818632422735));
#6634=DIRECTION('',(0.444371357323174,0.79476914166524,0.413371634546273));
#6635=DIRECTION('',(0.0212406018943533,0.45195618101598,-0.891787220850701));
#6636=DIRECTION('',(-0.444371357323173,-0.79476914166524,-0.413371634546274));
#6637=DIRECTION('',(0.444371357323173,0.79476914166524,0.413371634546274));
#6638=DIRECTION('',(-0.444371357323174,-0.79476914166524,-0.413371634546273));
#6639=DIRECTION('',(-0.394115132381785,-0.530578508919895,-0.750439676656312));
#6640=DIRECTION('center_axis',(0.895590829353409,-0.405064960096702,-0.183955006672641));
#6641=DIRECTION('ref_axis',(0.357752959796615,0.409956476706129,0.839016392547523));
#6642=DIRECTION('',(-0.264442595160018,-0.817225834949565,0.512066449355961));
#6643=DIRECTION('',(-0.395889486629773,-0.53701377489394,-0.744907860040539));
#6644=DIRECTION('center_axis',(-0.895590829353409,0.405064960096702,0.183955006672641));
#6645=DIRECTION('ref_axis',(0.24058057949377,0.78879010498986,-0.565624570753895));
#6646=DIRECTION('',(0.24058057951038,0.78879010501038,-0.565624570718213));
#6647=DIRECTION('center_axis',(-0.895590829353409,0.405064960096702,0.183955006672641));
#6648=DIRECTION('ref_axis',(0.240580579488204,0.788790104982984,-0.565624570765851));
#6649=DIRECTION('center_axis',(-0.0212406018943569,-0.451956181015986,0.891787220850698));
#6650=DIRECTION('ref_axis',(-0.444371357323174,-0.79476914166524,-0.413371634546274));
#6651=DIRECTION('',(-0.444371357323173,-0.79476914166524,-0.413371634546274));
#6652=DIRECTION('',(0.895590829353408,-0.405064960096702,-0.183955006672641));
#6653=DIRECTION('',(0.895590829353408,-0.405064960096702,-0.183955006672641));
#6654=DIRECTION('center_axis',(-0.444371357323174,-0.794769141665244,-0.413371634546267));
#6655=DIRECTION('ref_axis',(0.0212406018943533,0.45195618101598,-0.891787220850701));
#6656=DIRECTION('',(0.0212406018943533,0.45195618101598,-0.891787220850701));
#6657=DIRECTION('',(0.895590829353408,-0.405064960096702,-0.183955006672641));
#6658=DIRECTION('center_axis',(0.0212406018943565,0.451956181015986,-0.891787220850698));
#6659=DIRECTION('ref_axis',(0.444371357323174,0.79476914166524,0.413371634546273));
#6660=DIRECTION('',(0.444371357323174,0.79476914166524,0.413371634546273));
#6661=DIRECTION('',(0.895590829353408,-0.405064960096702,-0.183955006672641));
#6662=DIRECTION('center_axis',(0.895590829353409,-0.405064960096702,-0.183955006672641));
#6663=DIRECTION('ref_axis',(-0.383463653594808,-0.493232084959211,-0.780818632422735));
#6664=DIRECTION('center_axis',(0.895590829353409,-0.405064960096702,-0.183955006672641));
#6665=DIRECTION('ref_axis',(-0.383463653594808,-0.493232084959211,-0.780818632422735));
#6666=DIRECTION('',(0.895590829353408,-0.405064960096702,-0.183955006672641));
#6667=DIRECTION('center_axis',(0.357752959796434,0.409956476705569,0.839016392547874));
#6668=DIRECTION('ref_axis',(-0.264442595160018,-0.817225834949565,0.512066449355961));
#6669=DIRECTION('',(-0.264442595160018,-0.817225834949565,0.512066449355961));
#6670=DIRECTION('',(0.895590829353408,-0.405064960096702,-0.183955006672641));
#6671=DIRECTION('',(0.895590829353408,-0.405064960096702,-0.183955006672641));
#6672=DIRECTION('center_axis',(0.895590829353409,-0.405064960096702,-0.183955006672641));
#6673=DIRECTION('ref_axis',(0.357752959796615,0.409956476706129,0.839016392547523));
#6674=DIRECTION('center_axis',(0.895590829353409,-0.405064960096702,-0.183955006672641));
#6675=DIRECTION('ref_axis',(0.357752959796615,0.409956476706129,0.839016392547523));
#6676=DIRECTION('',(0.895590829353408,-0.405064960096702,-0.183955006672641));
#6677=DIRECTION('center_axis',(-0.206374244531052,-0.74458634420341,0.634823477212397));
#6678=DIRECTION('ref_axis',(-0.394115132381785,-0.530578508919894,-0.750439676656312));
#6679=DIRECTION('',(-0.394115132381785,-0.530578508919895,-0.750439676656312));
#6680=DIRECTION('',(0.895590829353408,-0.405064960096702,-0.183955006672641));
#6681=DIRECTION('center_axis',(-0.0212406018943565,-0.451956181015986,0.891787220850698));
#6682=DIRECTION('ref_axis',(-0.444371357323174,-0.79476914166524,-0.413371634546273));
#6683=DIRECTION('',(-0.444371357323174,-0.79476914166524,-0.413371634546273));
#6684=DIRECTION('',(0.895590829353408,-0.405064960096702,-0.183955006672641));
#6685=DIRECTION('center_axis',(-0.329237373764271,-0.881567929944883,0.338290905301192));
#6686=DIRECTION('ref_axis',(-0.299198626492301,-0.242405369153721,-0.922886677176872));
#6687=DIRECTION('',(-0.299198626492301,-0.242405369153721,-0.922886677176872));
#6688=DIRECTION('',(0.895590829353408,-0.405064960096702,-0.183955006672641));
#6689=DIRECTION('center_axis',(0.329237373764271,0.881567929944883,-0.338290905301192));
#6690=DIRECTION('ref_axis',(-0.299198626492301,-0.242405369153721,-0.922886677176872));
#6691=DIRECTION('',(-0.299198626492301,-0.242405369153721,-0.922886677176872));
#6692=DIRECTION('',(0.895590829353408,-0.405064960096702,-0.183955006672641));
#6693=DIRECTION('center_axis',(0.0212406018943569,0.451956181015986,-0.891787220850698));
#6694=DIRECTION('ref_axis',(0.444371357323174,0.79476914166524,0.413371634546274));
#6695=DIRECTION('center_axis',(-0.0212406018943569,-0.451956181015986,0.891787220850698));
#6696=DIRECTION('ref_axis',(0.947496348732565,0.275562469443868,0.162222053286397));
#6697=DIRECTION('',(0.444371357323173,0.79476914166524,0.413371634546274));
#6698=DIRECTION('center_axis',(-0.895590829353409,0.405064960096702,0.183955006672641));
#6699=DIRECTION('ref_axis',(-0.374216583208862,-0.462312176318059,-0.803883947146318));
#6700=DIRECTION('',(-0.0212406018943559,-0.451956181015984,0.891787220850698));
#6701=DIRECTION('',(0.021240601894354,0.451956181015981,-0.8917872208507));
#6702=DIRECTION('center_axis',(0.895590829353409,-0.405064960096702,-0.183955006672641));
#6703=DIRECTION('ref_axis',(-0.444371357323234,-0.794769141666515,-0.413371634543758));
#6704=DIRECTION('center_axis',(-0.444371357323174,-0.794769141665243,-0.413371634546268));
#6705=DIRECTION('ref_axis',(0.0212406018943539,0.451956181015981,-0.8917872208507));
#6706=DIRECTION('',(-0.503163496816264,0.603201709476786,-0.618849087545511));
#6707=DIRECTION('',(-0.736567187042475,0.0614992074108922,0.673562637369508));
#6708=DIRECTION('',(-0.021240601894354,-0.451956181015981,0.8917872208507));
#6709=DIRECTION('',(0.021240601894354,0.451956181015981,-0.8917872208507));
#6710=DIRECTION('center_axis',(0.0212406018943539,0.451956181015981,-0.8917872208507));
#6711=DIRECTION('ref_axis',(0.319060348475991,-0.848410829654742,-0.422373718589274));
#6712=DIRECTION('center_axis',(-0.0652980948616511,-0.997671604513336,0.0196857398952938));
#6713=DIRECTION('ref_axis',(-0.0106932720889516,-0.019027102747682,-0.999761783272926));
#6714=DIRECTION('center_axis',(-0.0212406018943559,-0.451956181015984,0.891787220850698));
#6715=DIRECTION('ref_axis',(0.947496348732565,0.275562469443869,0.162222053286396));
#6716=DIRECTION('center_axis',(-0.0212406018931034,-0.451956181013744,0.891787220851864));
#6717=DIRECTION('ref_axis',(0.947496348732608,0.275562469444769,0.162222053284619));
#6718=DIRECTION('',(0.0212406018943559,0.451956181015984,-0.891787220850698));
#6719=DIRECTION('',(-0.618258974981149,0.606005460498819,-0.500512958574374));
#6720=DIRECTION('',(0.624326622936176,-0.605666951506102,0.493339448804183));
#6721=DIRECTION('',(-0.444371357323005,-0.794769141661649,-0.41337163455336));
#6722=DIRECTION('',(-0.939773586377653,0.0904928125273866,-0.329600754288834));
#6723=DIRECTION('',(0.94826687293189,-0.0666384195582958,0.310401769870514));
#6724=DIRECTION('center_axis',(0.895590829354142,-0.405064960095823,-0.183955006671005));
#6725=DIRECTION('ref_axis',(0.360374236366111,0.418091837231882,0.833864272770822));
#6726=DIRECTION('',(-0.960449981672244,-0.192592996135133,0.201106366248011));
#6727=DIRECTION('center_axis',(-0.704470049455776,0.695305864487037,0.142378735173868));
#6728=DIRECTION('ref_axis',(0.673935930591303,0.718246161716065,-0.173011018834563));
#6729=DIRECTION('',(0.96070898632767,0.19124875847848,-0.201152071750953));
#6730=DIRECTION('',(0.203790777829361,0.00597903667528371,0.978996205300174));
#6731=DIRECTION('center_axis',(-0.189750234723128,0.981260510241866,0.0335061108216259));
#6732=DIRECTION('ref_axis',(0.824992467475629,0.140843551125635,0.547312088953638));
#6733=DIRECTION('',(-0.203790777829384,-0.00597903667533672,-0.978996205300168));
#6734=DIRECTION('',(0.203790777829384,0.00597903667533672,0.978996205300168));
#6735=DIRECTION('',(-0.746487249321295,0.0734036430823053,0.66133856063515));
#6736=DIRECTION('center_axis',(-0.83341009452334,0.53601160676238,-0.134607472907742));
#6737=DIRECTION('ref_axis',(0.328553848224073,0.284692366950329,-0.90055684163598));
#6738=DIRECTION('',(0.745808167451606,-0.0725783744394839,-0.662195255892247));
#6739=DIRECTION('',(0.444371357323189,0.794769141665565,0.413371634545631));
#6740=DIRECTION('',(-0.745808167451608,0.072578374439482,0.662195255892246));
#6741=DIRECTION('center_axis',(-0.832799955133728,0.536507263271368,-0.136397181738948));
#6742=DIRECTION('ref_axis',(0.308696675419772,0.245560597326013,-0.918915858838921));
#6743=DIRECTION('',(0.746970862024366,-0.0739923197580243,-0.660726621155377));
#6744=DIRECTION('',(0.444371357323191,0.794769141665602,0.413371634545559));
#6745=DIRECTION('center_axis',(-0.496290513865839,0.602556545910654,-0.624997067854725));
#6746=DIRECTION('ref_axis',(-0.215906365038518,0.611629573310815,0.761113464988949));
#6747=DIRECTION('',(0.444371357323193,0.794769141665644,0.413371634545477));
#6748=DIRECTION('',(-0.444371357323193,-0.794769141665644,-0.413371634545477));
#6749=DIRECTION('',(-0.520906820313028,0.596636003710417,0.610476505385616));
#6750=DIRECTION('center_axis',(-0.969758362917321,0.219869348425831,-0.105953702977852));
#6751=DIRECTION('ref_axis',(-0.0407883048672368,-0.574009665084701,-0.817832023446995));
#6752=DIRECTION('',(0.518983244490858,-0.596981160707443,-0.611776009416957));
#6753=DIRECTION('',(0.240580579493771,0.788790104989862,-0.565624570753892));
#6754=DIRECTION('',(-0.518983244490859,0.596981160707444,0.611776009416956));
#6755=DIRECTION('center_axis',(-0.969785190191144,0.219781389998136,-0.105890629880146));
#6756=DIRECTION('ref_axis',(-0.0521705359608801,-0.610840266223113,-0.790033166606334));
#6757=DIRECTION('',(0.52090682031302,-0.596636003710418,-0.610476505385623));
#6758=DIRECTION('',(0.240580579493771,0.788790104989862,-0.565624570753892));
#6759=DIRECTION('center_axis',(-0.820230075471666,-0.146368248027946,-0.552990921499598));
#6760=DIRECTION('ref_axis',(-0.518983244490914,0.596981160707261,0.611776009417087));
#6761=DIRECTION('',(0.240580579493621,0.788790104989676,-0.565624570754215));
#6762=DIRECTION('',(-0.240580579493621,-0.788790104989676,0.565624570754215));
#6763=DIRECTION('',(-0.508764579652131,0.854997830997068,0.100684216646401));
#6764=DIRECTION('center_axis',(-0.977141432853216,0.0632557248314758,0.202961408838256));
#6765=DIRECTION('ref_axis',(-0.0607135743125695,-0.997979418950035,0.0187334259104737));
#6766=DIRECTION('',(0.506800135750399,-0.856212576401239,-0.100267873298129));
#6767=DIRECTION('',(-0.203790777829494,-0.00597903667559036,-0.978996205300144));
#6768=DIRECTION('center_axis',(-0.837629357935275,-0.516589077635975,0.177518403530877));
#6769=DIRECTION('ref_axis',(-0.215906365037811,0.611629573310769,0.761113464989187));
#6770=DIRECTION('',(-0.506800135750399,0.856212576401238,0.100267873298131));
#6771=DIRECTION('',(0.203790777829409,0.00597903667539361,0.978996205300163));
#6772=DIRECTION('center_axis',(-0.837629357935275,-0.516589077635975,0.177518403530877));
#6773=DIRECTION('ref_axis',(-0.215906365037811,0.611629573310769,0.761113464989187));
#6774=DIRECTION('',(-0.203790777829409,-0.00597903667539362,-0.978996205300163));
#6775=DIRECTION('',(0.203790777829409,0.00597903667539361,0.978996205300163));
#6776=DIRECTION('center_axis',(0.444371357323174,0.794769141665241,0.413371634546272));
#6777=DIRECTION('ref_axis',(-0.0212406018943559,-0.451956181015984,0.891787220850698));
#6778=DIRECTION('',(0.618258974968297,-0.606005460501014,0.500512958587591));
#6779=DIRECTION('',(-0.0212406018943559,-0.451956181015984,0.891787220850698));
#6780=DIRECTION('',(0.895590829353408,-0.405064960096702,-0.183955006672641));
#6781=DIRECTION('center_axis',(-0.0212406018931034,-0.451956181013744,0.891787220851864));
#6782=DIRECTION('ref_axis',(-0.444371357323233,-0.794769141666515,-0.413371634543758));
#6783=DIRECTION('',(0.895590829353408,-0.405064960096702,-0.183955006672641));
#6784=DIRECTION('',(0.444371357323234,0.794769141666515,0.413371634543758));
#6785=DIRECTION('',(-0.997808505044652,0.0654930447362056,0.00942594036355615));
#6786=DIRECTION('center_axis',(-0.648297722239375,-0.0331571002885584,0.7606646238913));
#6787=DIRECTION('ref_axis',(0.735229882238255,0.232354024012213,0.636748480790692));
#6788=DIRECTION('',(0.618258974968298,-0.606005460501012,0.500512958587592));
#6789=DIRECTION('',(-0.444371357323234,-0.794769141666515,-0.413371634543758));
#6790=DIRECTION('center_axis',(-0.0212406018943556,-0.451956181015984,0.891787220850699));
#6791=DIRECTION('ref_axis',(-0.444371357323174,-0.794769141665241,-0.413371634546271));
#6792=DIRECTION('',(-0.444371357323174,-0.794769141665241,-0.413371634546271));
#6793=DIRECTION('center_axis',(-0.0212406018943556,-0.451956181015984,0.891787220850699));
#6794=DIRECTION('ref_axis',(-0.895590829353408,0.405064960096702,0.183955006672641));
#6795=DIRECTION('',(0.444371357323174,0.794769141665241,0.413371634546271));
#6796=DIRECTION('center_axis',(-0.0212406018943556,-0.451956181015984,0.891787220850699));
#6797=DIRECTION('ref_axis',(0.895590829353408,-0.405064960096702,-0.183955006672641));
#6798=DIRECTION('center_axis',(-0.0212406018943559,-0.451956181015984,0.891787220850698));
#6799=DIRECTION('ref_axis',(0.895590829353408,-0.405064960096702,-0.183955006672641));
#6800=DIRECTION('center_axis',(-0.0212406018943556,-0.451956181015984,0.891787220850699));
#6801=DIRECTION('ref_axis',(0.895590829353408,-0.405064960096702,-0.183955006672641));
#6802=DIRECTION('',(0.466190315508889,0.188873054108889,-0.864287891363349));
#6803=DIRECTION('',(-0.42940051384452,0.593938014205592,-0.680332884690708));
#6804=DIRECTION('',(0.203790777829402,0.00597903667537993,0.978996205300165));
#6805=DIRECTION('center_axis',(0.786224710563604,-0.124818455118682,-0.605203319357192));
#6806=DIRECTION('ref_axis',(-0.444371357323174,-0.794769141665241,-0.413371634546271));
#6807=DIRECTION('',(-0.42940051384452,0.593938014205592,-0.680332884690708));
#6808=DIRECTION('center_axis',(-0.0212406018943559,-0.451956181015984,0.891787220850698));
#6809=DIRECTION('ref_axis',(-0.895590829353408,0.405064960096702,0.183955006672641));
#6810=DIRECTION('',(0.466190315508889,0.188873054108889,-0.864287891363349));
#6811=DIRECTION('center_axis',(-0.0212406018943556,-0.451956181015984,0.891787220850699));
#6812=DIRECTION('ref_axis',(-0.895590829353408,0.405064960096702,0.183955006672641));
#6813=DIRECTION('',(-0.240580579493771,-0.788790104989861,0.565624570753892));
#6814=DIRECTION('center_axis',(0.895590829353409,-0.405064960096702,-0.183955006672641));
#6815=DIRECTION('ref_axis',(-0.374216583208862,-0.462312176318059,-0.803883947146318));
#6816=DIRECTION('',(-0.203790777829526,-0.00597903667566485,-0.978996205300137));
#6817=DIRECTION('center_axis',(-0.895590829353409,0.405064960096702,0.183955006672641));
#6818=DIRECTION('ref_axis',(-0.395457185103155,-0.914268357334042,0.0879032737046858));
#6819=DIRECTION('',(0.203790777829526,0.00597903667566485,0.978996205300137));
#6820=DIRECTION('center_axis',(-0.895590829353409,0.405064960096702,0.183955006672641));
#6821=DIRECTION('ref_axis',(0.395457185103155,0.914268357334042,-0.0879032737046858));
#6822=DIRECTION('center_axis',(0.895590829353409,-0.405064960096702,-0.183955006672641));
#6823=DIRECTION('ref_axis',(-0.395457185103155,-0.914268357334042,0.087903273704686));
#6824=DIRECTION('',(-0.976834416715076,0.0679383593282975,0.202925852598175));
#6825=DIRECTION('center_axis',(-0.895590829353409,0.405064960096702,0.183955006672641));
#6826=DIRECTION('ref_axis',(-0.395457185103155,-0.914268357334042,0.0879032737046858));
#6827=DIRECTION('',(-0.706325770458783,0.693334748555322,0.142796472055631));
#6828=DIRECTION('center_axis',(-0.677918302494809,-0.720590853096373,0.145518375390868));
#6829=DIRECTION('ref_axis',(0.203790777829526,0.00597903667566466,0.978996205300137));
#6830=DIRECTION('',(0.203790777829526,0.00597903667566485,0.978996205300137));
#6831=DIRECTION('',(-0.706325770458783,0.693334748555323,0.14279647205563));
#6832=DIRECTION('center_axis',(0.895590829353409,-0.405064960096702,-0.183955006672641));
#6833=DIRECTION('ref_axis',(0.395457185103155,0.914268357334042,-0.087903273704686));
#6834=DIRECTION('center_axis',(-0.895590829353409,0.405064960096702,0.183955006672641));
#6835=DIRECTION('ref_axis',(0.395457185103155,0.914268357334042,-0.0879032737046851));
#6836=DIRECTION('',(-0.976834416715076,0.0679383593282975,0.202925852598175));
#6837=DIRECTION('center_axis',(0.0652980948615953,0.997671604513334,-0.0196857398955664));
#6838=DIRECTION('ref_axis',(-0.203790777829526,-0.00597903667566455,-0.978996205300137));
#6839=DIRECTION('',(-0.203790777829526,-0.00597903667566485,-0.978996205300137));
#6840=DIRECTION('center_axis',(-0.764984108669248,0.576774636134666,-0.286583901493507));
#6841=DIRECTION('ref_axis',(0.444371357323174,0.794769141665241,0.413371634546271));
#6842=DIRECTION('',(-0.444371357323174,-0.794769141665241,-0.413371634546271));
#6843=DIRECTION('center_axis',(-0.374216583208863,-0.46231217631806,-0.803883947146318));
#6844=DIRECTION('ref_axis',(-0.895590829353408,0.405064960096702,0.183955006672641));
#6845=DIRECTION('',(0.895590829353408,-0.405064960096702,-0.183955006672641));
#6846=DIRECTION('',(0.615702206817673,0.524364760678717,-0.588177175924227));
#6847=DIRECTION('center_axis',(-0.764984108669248,0.576774636134666,-0.286583901493507));
#6848=DIRECTION('ref_axis',(0.444371357323174,0.794769141665241,0.413371634546271));
#6849=DIRECTION('',(-0.444371357323174,-0.794769141665241,-0.413371634546271));
#6850=DIRECTION('',(0.218244381926287,-0.186498370194337,-0.957908005850493));
#6851=DIRECTION('',(-0.444371357323174,-0.794769141665241,-0.413371634546271));
#6852=DIRECTION('center_axis',(0.395457185103217,0.914268357334045,-0.0879032737043804));
#6853=DIRECTION('ref_axis',(0.895590829353409,-0.405064960096701,-0.18395500667264));
#6854=DIRECTION('',(-0.895590829353409,0.405064960096701,0.18395500667264));
#6855=DIRECTION('center_axis',(-0.0212406018943556,-0.451956181015984,0.891787220850699));
#6856=DIRECTION('ref_axis',(-0.444371357323174,-0.794769141665241,-0.413371634546271));
#6857=DIRECTION('center_axis',(-0.0212406018931034,-0.451956181013744,0.891787220851864));
#6858=DIRECTION('ref_axis',(-0.444371357323233,-0.794769141666515,-0.413371634543758));
#6859=DIRECTION('',(-0.895590829353408,0.405064960096702,0.183955006672641));
#6860=DIRECTION('',(0.653465804669319,-0.681358464291254,-0.329747001906831));
#6861=DIRECTION('',(0.444371357323234,0.794769141666515,0.413371634543758));
#6862=DIRECTION('center_axis',(-0.648297722227963,-0.0331571002997448,0.760664623900538));
#6863=DIRECTION('ref_axis',(0.735229882247613,0.23235402400381,0.636748480782953));
#6864=DIRECTION('',(-0.618258974980264,0.606005460500401,-0.500512958573551));
#6865=DIRECTION('',(-0.444371357323234,-0.794769141666515,-0.413371634543758));
#6866=DIRECTION('center_axis',(0.618258974980265,-0.606005460500401,0.500512958573551));
#6867=DIRECTION('ref_axis',(-0.772633715744241,-0.585432260016322,0.24557322783119));
#6868=DIRECTION('center_axis',(0.895590829353409,-0.405064960096702,-0.183955006672641));
#6869=DIRECTION('ref_axis',(-0.0212406018943559,-0.451956181015984,0.891787220850699));
#6870=DIRECTION('',(0.618258974980264,-0.606005460500401,0.500512958573551));
#6871=DIRECTION('center_axis',(0.819289610309344,-0.547187368598229,0.171319929038363));
#6872=DIRECTION('ref_axis',(-0.362351529912492,-0.262541415977064,0.894300494054898));
#6873=DIRECTION('center_axis',(0.895590829353409,-0.405064960096702,-0.183955006672641));
#6874=DIRECTION('ref_axis',(-0.329237373763849,-0.881567929944541,0.338290905302493));
#6875=DIRECTION('',(0.895590829353408,-0.405064960096702,-0.183955006672641));
#6876=DIRECTION('center_axis',(-0.895590829353409,0.405064960096702,0.183955006672641));
#6877=DIRECTION('ref_axis',(-0.444371357323174,-0.794769141665242,-0.413371634546271));
#6878=DIRECTION('center_axis',(-0.618258974968298,0.606005460501013,-0.500512958587592));
#6879=DIRECTION('ref_axis',(-0.144197715494825,0.538541039090246,0.830168999699261));
#6880=DIRECTION('',(-0.618258974968298,0.606005460501013,-0.500512958587592));
#6881=DIRECTION('center_axis',(0.895590829353409,-0.405064960096702,-0.183955006672641));
#6882=DIRECTION('ref_axis',(-0.0212406018943553,-0.451956181015983,0.891787220850699));
#6883=DIRECTION('center_axis',(0.819289610305989,-0.54718736860066,0.171319929046643));
#6884=DIRECTION('ref_axis',(-0.362351529920077,-0.262541415971997,0.894300494053312));
#6885=DIRECTION('center_axis',(-0.444371357323174,-0.794769141665242,-0.413371634546271));
#6886=DIRECTION('ref_axis',(0.895590829353433,-0.405064960096167,-0.183955006673697));
#6887=DIRECTION('center_axis',(-0.895590829353409,0.405064960096702,0.183955006672641));
#6888=DIRECTION('ref_axis',(-0.0212406018931061,-0.451956181013749,0.891787220851861));
#6889=DIRECTION('center_axis',(0.46099564278095,0.787077014630634,0.409869235704643));
#6890=DIRECTION('ref_axis',(0.887148157957953,-0.419815892363716,-0.191631840649375));
#6891=DIRECTION('center_axis',(0.895590829353409,-0.405064960096702,-0.183955006672641));
#6892=DIRECTION('ref_axis',(0.299198626492767,0.242405369154966,0.922886677176394));
#6893=DIRECTION('',(-0.895590829353408,0.405064960096702,0.183955006672641));
#6894=DIRECTION('center_axis',(0.444371357323174,0.794769141665242,0.413371634546271));
#6895=DIRECTION('ref_axis',(-0.0212406018943553,-0.451956181015983,0.891787220850699));
#6896=DIRECTION('',(0.895590829353408,-0.405064960096702,-0.183955006672641));
#6897=DIRECTION('',(0.0212406018943553,0.451956181015983,-0.891787220850699));
#6898=DIRECTION('center_axis',(0.895590829353409,-0.405064960096702,-0.183955006672641));
#6899=DIRECTION('ref_axis',(-0.299198626492305,-0.24240536915373,-0.922886677176869));
#6900=DIRECTION('center_axis',(-0.895590829353409,0.405064960096702,0.183955006672641));
#6901=DIRECTION('ref_axis',(-0.299198626492305,-0.24240536915373,-0.922886677176869));
#6902=DIRECTION('center_axis',(-0.895590829353409,0.405064960096702,0.183955006672641));
#6903=DIRECTION('ref_axis',(-0.374216583208862,-0.462312176318059,-0.803883947146318));
#6904=DIRECTION('',(-0.895590829353409,0.405064960096702,0.183955006672641));
#6905=DIRECTION('center_axis',(-0.895590829353409,0.405064960096702,0.183955006672641));
#6906=DIRECTION('ref_axis',(-0.374216583208862,-0.462312176318059,-0.803883947146318));
#6907=DIRECTION('center_axis',(0.374216583198185,0.46231217628305,0.803883947171422));
#6908=DIRECTION('ref_axis',(-0.24058057951038,-0.788790105010381,0.565624570718213));
#6909=DIRECTION('',(0.895590829353408,-0.405064960096702,-0.183955006672641));
#6910=DIRECTION('',(-0.24058057951038,-0.78879010501038,0.565624570718213));
#6911=DIRECTION('',(0.895590829353408,-0.405064960096702,-0.183955006672641));
#6912=DIRECTION('center_axis',(0.895590829353409,-0.405064960096702,-0.183955006672641));
#6913=DIRECTION('ref_axis',(-0.374216583208862,-0.462312176318059,-0.803883947146318));
#6914=DIRECTION('',(-1.33607358317369E-27,0.413494746010551,-0.91050650465643));
#6915=DIRECTION('',(0.255911614409635,0.130841045288961,0.957804712077544));
#6916=DIRECTION('center_axis',(0.895590829353409,-0.405064960096702,-0.183955006672641));
#6917=DIRECTION('ref_axis',(0.240580579488204,0.788790104982984,-0.565624570765851));
#6918=DIRECTION('center_axis',(0.895590829353409,-0.405064960096702,-0.183955006672641));
#6919=DIRECTION('ref_axis',(0.24058057949377,0.78879010498986,-0.565624570753895));
#6920=DIRECTION('',(-0.395889486629773,-0.53701377489394,-0.744907860040539));
#6921=DIRECTION('center_axis',(-0.895590829353409,0.405064960096702,0.183955006672641));
#6922=DIRECTION('ref_axis',(0.329237373764269,0.881567929944881,-0.3382909053012));
#6923=DIRECTION('',(0.0212406018943559,0.451956181015984,-0.891787220850698));
#6924=DIRECTION('',(-0.240580579493317,-0.7887901049893,0.565624570754867));
#6925=DIRECTION('center_axis',(-0.207149517186584,0.61103968063436,0.764015435851675));
#6926=DIRECTION('ref_axis',(0.948266872931722,-0.0666384195588447,0.310401769870908));
#6927=DIRECTION('',(0.240580579493317,0.7887901049893,-0.565624570754867));
#6928=DIRECTION('center_axis',(0.677918302494878,0.720590853096375,-0.145518375390538));
#6929=DIRECTION('ref_axis',(0.203790777829384,0.00597903667533635,0.978996205300169));
#6930=DIRECTION('',(0.732424389187771,-0.679041891000538,0.0495643459488253));
#6931=DIRECTION('center_axis',(0.657958665633966,0.295890964877973,0.692487495353348));
#6932=DIRECTION('ref_axis',(-0.240580579493317,-0.7887901049893,0.565624570754867));
#6933=DIRECTION('',(-0.653465804669319,0.681358464291254,0.329747001906831));
#6934=DIRECTION('center_axis',(0.732424389187771,-0.679041891000538,0.0495643459488254));
#6935=DIRECTION('ref_axis',(0.568785076258449,0.570236408776364,-0.592717449660043));
#6936=DIRECTION('',(-0.732424389187771,0.679041891000538,-0.0495643459488253));
#6937=DIRECTION('center_axis',(-0.653465804669319,0.681358464291254,0.329747001906831));
#6938=DIRECTION('ref_axis',(0.371360929296356,-0.0910238408417509,0.924016082430692));
#6939=DIRECTION('center_axis',(-0.427592518404052,-0.802184846018996,-0.416730261706971));
#6940=DIRECTION('ref_axis',(0.903722012034675,-0.390173145230884,-0.176214192687872));
#6941=DIRECTION('center_axis',(0.444371357323174,0.794769141665241,0.413371634546272));
#6942=DIRECTION('ref_axis',(0.895590829353383,-0.405064960097237,-0.183955006671584));
#6943=DIRECTION('center_axis',(-0.444371357323174,-0.794769141665241,-0.413371634546272));
#6944=DIRECTION('ref_axis',(0.0212406018943559,0.451956181015984,-0.891787220850698));
#6945=DIRECTION('',(-0.895590829353408,0.405064960096702,0.183955006672641));
#6946=DIRECTION('center_axis',(0.895590829353409,-0.405064960096702,-0.183955006672641));
#6947=DIRECTION('ref_axis',(0.329237373764269,0.881567929944881,-0.3382909053012));
#6948=DIRECTION('center_axis',(0.326269740677413,0.286159512510154,-0.900922188492572));
#6949=DIRECTION('ref_axis',(0.444371357323193,0.794769141665644,0.413371634545476));
#6950=DIRECTION('',(0.444371357323192,0.794769141665644,0.413371634545476));
#6951=DIRECTION('',(0.444371357323192,0.794769141665644,0.413371634545476));
#6952=DIRECTION('',(0.904595739375408,-0.371109181223145,0.209724876721256));
#6953=DIRECTION('center_axis',(-0.904595739375408,0.371109181223145,-0.209724876721256));
#6954=DIRECTION('ref_axis',(0.159123106600525,-0.162454136264986,-0.973801052862542));
#6955=DIRECTION('center_axis',(0.895590829353409,-0.405064960096702,-0.183955006672641));
#6956=DIRECTION('ref_axis',(-0.203790777829659,-0.00597903667597133,-0.978996205300107));
#6957=DIRECTION('',(-0.904595739375408,0.371109181223145,-0.209724876721256));
#6958=DIRECTION('center_axis',(0.895590829353409,-0.405064960096702,-0.183955006672641));
#6959=DIRECTION('ref_axis',(-0.203790777829659,-0.00597903667597133,-0.978996205300107));
#6960=DIRECTION('center_axis',(-0.0453384580005671,-0.572971716294333,-0.818320130849081));
#6961=DIRECTION('ref_axis',(0.240580579493621,0.788790104989676,-0.565624570754215));
#6962=DIRECTION('',(0.24058057949362,0.788790104989676,-0.565624570754215));
#6963=DIRECTION('',(0.997808505044665,-0.0654930447361836,-0.00942594036241165));
#6964=DIRECTION('center_axis',(-0.997808505044665,0.0654930447361837,0.00942594036241165));
#6965=DIRECTION('ref_axis',(-0.0626659723590157,-0.889632661008341,-0.452356833015174));
#6966=DIRECTION('center_axis',(0.895590829353409,-0.405064960096702,-0.183955006672641));
#6967=DIRECTION('ref_axis',(-0.444371357323178,-0.794769141665335,-0.413371634546086));
#6968=DIRECTION('',(-0.997808505044665,0.0654930447361836,0.00942594036241165));
#6969=DIRECTION('center_axis',(-0.0652980948616511,-0.997671604513336,0.0196857398952938));
#6970=DIRECTION('ref_axis',(-0.203790777829409,-0.00597903667539386,-0.978996205300163));
#6971=DIRECTION('',(-0.203790777829409,-0.00597903667539385,-0.978996205300163));
#6972=DIRECTION('',(0.997808505044652,-0.0654930447362056,-0.00942594036355615));
#6973=DIRECTION('center_axis',(-0.997808505044652,0.0654930447362056,0.00942594036355612));
#6974=DIRECTION('ref_axis',(-0.0504730314358728,-0.845484292380478,0.531609616575505));
#6975=DIRECTION('center_axis',(-0.895590829353409,0.405064960096702,0.183955006672641));
#6976=DIRECTION('ref_axis',(-0.444371357323234,-0.794769141666515,-0.413371634543758));
#6977=DIRECTION('center_axis',(-0.202949700059126,-0.739958501320187,0.641305571135861));
#6978=DIRECTION('ref_axis',(-0.395889486629773,-0.53701377489394,-0.74490786004054));
#6979=DIRECTION('',(0.895590829353408,-0.405064960096702,-0.183955006672641));
#6980=DIRECTION('center_axis',(0.895590829353409,-0.405064960096702,-0.183955006672641));
#6981=DIRECTION('ref_axis',(0.24058057949377,0.78879010498986,-0.565624570753895));
#6982=DIRECTION('center_axis',(0.895590829353409,-0.405064960096702,-0.183955006672641));
#6983=DIRECTION('ref_axis',(0.240580579488204,0.788790104982984,-0.565624570765851));
#6984=DIRECTION('',(0.895590829353409,-0.405064960096702,-0.183955006672641));
#6985=DIRECTION('center_axis',(0.363904262118937,0.904877339184461,-0.220840868142929));
#6986=DIRECTION('ref_axis',(0.255911614409635,0.130841045288961,0.957804712077544));
#6987=DIRECTION('',(-1.,0.,0.));
#6988=DIRECTION('',(-1.,0.,0.));
#6989=DIRECTION('',(-1.,0.,0.));
#6990=DIRECTION('center_axis',(-0.0212406018939601,-0.451956181015275,0.891787220851067));
#6991=DIRECTION('ref_axis',(-0.99977334261714,0.00830900298379324,-0.0196016290538929));
#6992=DIRECTION('center_axis',(0.,-0.582740132382065,-0.812658561827373));
#6993=DIRECTION('ref_axis',(1.55544129540055E-43,-0.812658561827373,0.582740132382065));
#6994=DIRECTION('',(-2.62584143347198E-27,0.812658561827373,-0.582740132382065));
#6995=DIRECTION('',(-1.,0.,0.));
#6996=DIRECTION('',(-1.,0.,0.));
#6997=DIRECTION('center_axis',(0.,-0.999981350883013,0.00610719953690636));
#6998=DIRECTION('ref_axis',(-1.33123354110858E-44,0.00610719953690636,0.999981350883014));
#6999=DIRECTION('',(1.97334259918819E-29,-0.00610719953690636,-0.999981350883014));
#7000=DIRECTION('center_axis',(0.0212406018939601,0.451956181015275,-0.891787220851067));
#7001=DIRECTION('ref_axis',(0.444371357323192,0.794769141665644,0.413371634545476));
#7002=DIRECTION('',(1.17909026109639E-18,0.891988459721538,0.452058168517723));
#7003=DIRECTION('center_axis',(0.,-0.461433292344708,0.887174907623025));
#7004=DIRECTION('ref_axis',(2.69749954382527E-44,0.887174907623025,0.461433292344708));
#7005=DIRECTION('',(2.86661673253628E-27,-0.887174907623025,-0.461433292344708));
#7006=DIRECTION('center_axis',(0.,0.891988459721538,0.452058168517722));
#7007=DIRECTION('ref_axis',(-0.02124060189396,-0.451956181015274,0.891787220851068));
#7008=DIRECTION('center_axis',(0.,0.812658561827373,-0.582740132382065));
#7009=DIRECTION('ref_axis',(0.,0.582740132382065,0.812658561827373));
#7010=DIRECTION('center_axis',(-2.62584143347198E-27,0.812658561827373,
-0.582740132382065));
#7011=DIRECTION('ref_axis',(0.707106781186547,0.412059499276904,0.574636379857443));
#7012=DIRECTION('center_axis',(3.37130760575038E-15,0.812658561827375,-0.582740132382062));
#7013=DIRECTION('ref_axis',(0.,0.582740132382062,0.812658561827375));
#7014=DIRECTION('center_axis',(0.,-0.00610719953690438,-0.999981350883014));
#7015=DIRECTION('ref_axis',(0.,0.999981350883014,-0.00610719953690438));
#7016=DIRECTION('center_axis',(1.97334259918819E-29,-0.00610719953690636,
-0.999981350883013));
#7017=DIRECTION('ref_axis',(0.707106781186546,0.707093594269464,-0.00431844220660445));
#7018=DIRECTION('center_axis',(2.71214141674647E-17,-0.00610719953691775,
-0.999981350883013));
#7019=DIRECTION('ref_axis',(0.,0.999981350883013,-0.00610719953691775));
#7020=DIRECTION('center_axis',(-2.88217015821364E-27,0.891988459721538,
0.452058168517723));
#7021=DIRECTION('ref_axis',(0.699556787582694,-0.323030373686319,0.637394445083308));
#7022=DIRECTION('center_axis',(2.86661673253628E-27,-0.887174907623025,
-0.461433292344708));
#7023=DIRECTION('ref_axis',(0.707106781186548,0.326282610082178,-0.627327393278789));
#7024=DIRECTION('center_axis',(-0.895590838326461,0.405064942552359,0.18395500161931));
#7025=DIRECTION('ref_axis',(-0.412097525080904,-0.911139742203244,-3.40701871011638E-9));
#7026=DIRECTION('',(0.144505884062357,-0.126200875254092,0.981423144498059));
#7027=DIRECTION('',(-0.172444780814314,-0.697250069698971,0.695776643668558));
#7028=DIRECTION('center_axis',(-0.172444780814314,-0.697250069698971,0.695776643668558));
#7029=DIRECTION('ref_axis',(0.982562467857374,-0.0719045208968501,0.171466430045715));
#7030=DIRECTION('',(-0.549792157111514,0.831467267459911,-0.0799422736818141));
#7031=DIRECTION('center_axis',(-0.835301492862708,-0.547268485032548,0.0526176901004865));
#7032=DIRECTION('ref_axis',(0.0628678452247843,0.,0.998021860500456));
#7033=DIRECTION('',(-0.144505884062357,0.126200875254092,-0.981423144498059));
#7034=DIRECTION('center_axis',(0.144505884062357,-0.126200875254092,0.981423144498059));
#7035=DIRECTION('ref_axis',(0.987522398431706,0.0811310910592814,-0.134971325322168));
#7036=DIRECTION('axis',(0.,0.,1.));
#7037=DIRECTION('refdir',(1.,0.,0.));
#7038=DIRECTION('',(1.,-1.11022302462516E-16,-9.43689570931383E-16));
#7039=DIRECTION('',(-9.43689570931383E-16,-8.32667268468866E-17,-1.));
#7040=DIRECTION('',(1.,-1.11022302462516E-16,-9.43689570931382E-16));
#7041=DIRECTION('',(-9.4368957093138E-16,-8.23993651089022E-17,-1.));
#7042=DIRECTION('',(-0.183955006672642,-0.405064960096702,-0.895590829353408));
#7043=DIRECTION('',(-0.489523008282626,-0.752354228487998,0.440829149714669));
#7044=CARTESIAN_POINT('',(0.,0.,0.));
#7045=CARTESIAN_POINT('',(0.,0.,0.));
#7046=CARTESIAN_POINT('Ctrl Pts',(0.424684655856536,-0.352750528997806,
-23.5830839955663));
#7047=CARTESIAN_POINT('Ctrl Pts',(0.763632317050874,-1.36933788938379,-23.5964030488356));
#7048=CARTESIAN_POINT('Ctrl Pts',(0.7699150188038,-2.28163494524053,-23.848014864263));
#7049=CARTESIAN_POINT('Ctrl Pts',(0.497137445024659,-2.98329441877165,-24.222505543747));
#7050=CARTESIAN_POINT('Ctrl Pts',(0.482497489797795,-0.361572419513022,
-23.924813820555));
#7051=CARTESIAN_POINT('Ctrl Pts',(0.817816405787634,-1.32763328415445,-23.9077495310621));
#7052=CARTESIAN_POINT('Ctrl Pts',(0.827374150078435,-2.20477001144835,-24.1297627525383));
#7053=CARTESIAN_POINT('Ctrl Pts',(0.568450189348173,-2.87079415505231,-24.4852340936943));
#7054=CARTESIAN_POINT('Ctrl Pts',(0.540310323739055,-0.370394310028239,
-24.2665436455438));
#7055=CARTESIAN_POINT('Ctrl Pts',(0.872000494524395,-1.28592867892511,-24.2190960132887));
#7056=CARTESIAN_POINT('Ctrl Pts',(0.88483328135307,-2.12790507765617,-24.4115106408137));
#7057=CARTESIAN_POINT('Ctrl Pts',(0.639762933671689,-2.75829389133298,-24.7479626436417));
#7058=CARTESIAN_POINT('Ctrl Pts',(0.598123157680314,-0.379216200543455,
-24.6082734705326));
#7059=CARTESIAN_POINT('Ctrl Pts',(0.926184583261155,-1.24422407369577,-24.5304424955152));
#7060=CARTESIAN_POINT('Ctrl Pts',(0.942292412627705,-2.05104014386399,-24.6932585290891));
#7061=CARTESIAN_POINT('Ctrl Pts',(0.711075677995203,-2.64579362761364,-25.010691193589));
#7062=CARTESIAN_POINT('',(0.865668006959064,-1.6312588842451,-24.663966164059));
#7063=CARTESIAN_POINT('',(0.711075677995204,-2.64579362761364,-25.010691193589));
#7064=CARTESIAN_POINT('Ctrl Pts',(0.865010089458332,-1.63118514955885,-24.6644843754742));
#7065=CARTESIAN_POINT('Ctrl Pts',(0.878827392291523,-2.00856683984256,-24.7355379155268));
#7066=CARTESIAN_POINT('Ctrl Pts',(0.824942892692739,-2.35289561253758,-24.8543652536951));
#7067=CARTESIAN_POINT('Ctrl Pts',(0.711075677995203,-2.64579362761364,-25.010691193589));
#7068=CARTESIAN_POINT('',(0.497137445024659,-2.98329441877165,-24.222505543747));
#7069=CARTESIAN_POINT('',(0.711075677995204,-2.64579362761364,-25.010691193589));
#7070=CARTESIAN_POINT('',(0.424684658187015,-0.352750535987482,-23.5830839956579));
#7071=CARTESIAN_POINT('Ctrl Pts',(0.497137445024659,-2.98329441877165,-24.222505543747));
#7072=CARTESIAN_POINT('Ctrl Pts',(0.769915018178628,-2.28163494684864,-23.8480148651212));
#7073=CARTESIAN_POINT('Ctrl Pts',(0.763632317079673,-1.36933789356553,-23.5964030499889));
#7074=CARTESIAN_POINT('Ctrl Pts',(0.424684658187014,-0.352750535987481,
-23.5830839956579));
#7075=CARTESIAN_POINT('',(0.816060118518873,-1.16571389683602,-24.6027569004548));
#7076=CARTESIAN_POINT('Ctrl Pts',(0.424684658187014,-0.352750535987481,
-23.5830839956578));
#7077=CARTESIAN_POINT('Ctrl Pts',(0.453479530232205,-0.406778084531276,
-23.650912312904));
#7078=CARTESIAN_POINT('Ctrl Pts',(0.482066985235439,-0.460965723352097,
-23.7192579448696));
#7079=CARTESIAN_POINT('Ctrl Pts',(0.510200114066325,-0.515080516441147,
-23.7877051635875));
#7080=CARTESIAN_POINT('Ctrl Pts',(0.537794327255075,-0.568158691504452,
-23.8548412136455));
#7081=CARTESIAN_POINT('Ctrl Pts',(0.564951371665994,-0.621166840408046,
-23.922074784397));
#7082=CARTESIAN_POINT('Ctrl Pts',(0.59144470127878,-0.673925739600876,-23.9890423818548));
#7083=CARTESIAN_POINT('Ctrl Pts',(0.604841264495072,-0.700603697358124,
-24.0229050811039));
#7084=CARTESIAN_POINT('Ctrl Pts',(0.618068233660063,-0.727218570028361,
-24.0567002542151));
#7085=CARTESIAN_POINT('Ctrl Pts',(0.631097046864734,-0.753751136482925,
-24.0903840494513));
#7086=CARTESIAN_POINT('Ctrl Pts',(0.649765389417983,-0.791768339708549,
-24.1386478949823));
#7087=CARTESIAN_POINT('Ctrl Pts',(0.668394947374875,-0.830371998587136,
-24.1876265093223));
#7088=CARTESIAN_POINT('Ctrl Pts',(0.686755597314018,-0.869296405295208,
-24.2369053767556));
#7089=CARTESIAN_POINT('Ctrl Pts',(0.704861398561559,-0.907680535152853,
-24.2855002458048));
#7090=CARTESIAN_POINT('Ctrl Pts',(0.722705606965141,-0.946376468821361,
-24.3343869834731));
#7091=CARTESIAN_POINT('Ctrl Pts',(0.740082954639643,-0.985172001519323,
-24.3831897729207));
#7092=CARTESIAN_POINT('Ctrl Pts',(0.757289321149171,-1.02358581282339,-24.4315123764417));
#7093=CARTESIAN_POINT('Ctrl Pts',(0.774037936733641,-1.06209725392447,-24.4797526031426));
#7094=CARTESIAN_POINT('Ctrl Pts',(0.79014570830787,-1.10054326673712,-24.5275683732043));
#7095=CARTESIAN_POINT('Ctrl Pts',(0.798617444136461,-1.12076359719751,-24.5527166421959));
#7096=CARTESIAN_POINT('Ctrl Pts',(0.806912188588199,-1.14096655119879,-24.5777478890769));
#7097=CARTESIAN_POINT('Ctrl Pts',(0.815005136738689,-1.16113323116825,-24.6026149898697));
#7098=CARTESIAN_POINT('Ctrl Pts',(0.815801021383941,-1.16574149129856,-24.6029733259759));
#7099=CARTESIAN_POINT('Ctrl Pts',(0.843266839351581,-1.32535781066723,-24.6154672310882));
#7100=CARTESIAN_POINT('Ctrl Pts',(0.859507339253732,-1.48089263599879,-24.6361872550606));
#7101=CARTESIAN_POINT('Ctrl Pts',(0.865010089458332,-1.63118514955884,-24.6644843754742));
#7102=CARTESIAN_POINT('Origin',(-0.500400662559034,12.6396866170847,-35.2678263889088));
#7103=CARTESIAN_POINT('',(0.549769031665689,15.4890739795987,-35.4512290105688));
#7104=CARTESIAN_POINT('',(1.08692207480325,13.9373679907778,-33.0201763205537));
#7105=CARTESIAN_POINT('Origin',(-0.0372723282964722,12.5461286202852,-35.4298735957284));
#7106=CARTESIAN_POINT('',(0.53489739851385,14.5876123186407,-31.8939201015477));
#7107=CARTESIAN_POINT('',(1.08692207480325,13.9373679907778,-33.0201763205537));
#7108=CARTESIAN_POINT('',(0.424684607975394,15.7551889504657,-32.8830071708387));
#7109=CARTESIAN_POINT('Origin',(-0.963528996821597,12.7332446138843,-35.1057791820892));
#7110=CARTESIAN_POINT('',(0.816060067248924,15.2786079961654,-34.0968905479197));
#7111=CARTESIAN_POINT('Ctrl Pts',(0.424684607975394,15.7551889504657,-32.8830071708387));
#7112=CARTESIAN_POINT('Ctrl Pts',(0.453442674026769,15.7235022333716,-32.9636074031889));
#7113=CARTESIAN_POINT('Ctrl Pts',(0.481996328889955,15.6914454811393,-33.0446108779575));
#7114=CARTESIAN_POINT('Ctrl Pts',(0.510098692400496,15.6592624100701,-33.1256074733204));
#7115=CARTESIAN_POINT('Ctrl Pts',(0.537659610747036,15.6276994067111,-33.2050435161397));
#7116=CARTESIAN_POINT('Ctrl Pts',(0.564786378196295,15.5960151148033,-33.2844728842324));
#7117=CARTESIAN_POINT('Ctrl Pts',(0.591252562829846,15.5644348333312,-33.3635582007852));
#7118=CARTESIAN_POINT('Ctrl Pts',(0.605632071724978,15.5472767523827,-33.406526540521));
#7119=CARTESIAN_POINT('Ctrl Pts',(0.619816702273028,15.5301492769477,-33.4493941902028));
#7120=CARTESIAN_POINT('Ctrl Pts',(0.633771067532656,15.5130875922544,-33.492113387953));
#7121=CARTESIAN_POINT('Ctrl Pts',(0.652382176019958,15.4903322136403,-33.549088507138));
#7122=CARTESIAN_POINT('Ctrl Pts',(0.670949437125655,15.4672566698802,-33.606920439604));
#7123=CARTESIAN_POINT('Ctrl Pts',(0.689243219229494,15.4440870608647,-33.6651731217193));
#7124=CARTESIAN_POINT('Ctrl Pts',(0.707284476323711,15.4212372821449,-33.722621691321));
#7125=CARTESIAN_POINT('Ctrl Pts',(0.725059655829252,15.3982960588912,-33.7804793349497));
#7126=CARTESIAN_POINT('Ctrl Pts',(0.742363954583107,15.3754827637571,-33.8383755617797));
#7127=CARTESIAN_POINT('Ctrl Pts',(0.759500050590516,15.3528912203942,-33.8957090206813));
#7128=CARTESIAN_POINT('Ctrl Pts',(0.776174344576049,15.3304251828159,-33.9530802647134));
#7129=CARTESIAN_POINT('Ctrl Pts',(0.792204150947217,15.3082994483695,-34.0101780972443));
#7130=CARTESIAN_POINT('Ctrl Pts',(0.799961591210322,15.2975919538888,-34.0378099360049));
#7131=CARTESIAN_POINT('Ctrl Pts',(0.807568341442857,15.2869641785744,-34.0653784780586));
#7132=CARTESIAN_POINT('Ctrl Pts',(0.815005085477342,15.2764405615271,-34.0928526198632));
#7133=CARTESIAN_POINT('Origin',(-11.0652742301259,4.68414734404652,-31.9077206497396));
#7134=CARTESIAN_POINT('Origin',(0.810909768520917,4.041996412282,-26.5562434124563));
#7135=CARTESIAN_POINT('',(1.08692211688946,0.437367982303037,-25.2259477012117));
#7136=CARTESIAN_POINT('',(0.534897440600091,1.08761231016573,-24.0996914822056));
#7137=CARTESIAN_POINT('',(1.08692211688946,0.437367982303037,-25.2259477012117));
#7138=CARTESIAN_POINT('',(0.534897430376233,4.36711857621334,-25.9931153029533));
#7139=CARTESIAN_POINT('',(1.0869221066656,3.71687424835065,-27.1193715219594));
#7140=CARTESIAN_POINT('Origin',(-0.500400620481772,-0.86031339140124,-27.4735977695859));
#7141=CARTESIAN_POINT('Origin',(-0.963528954744336,-0.766755394601702,-27.3115505627663));
#7142=CARTESIAN_POINT('',(0.549769087562875,-2.44383840242611,-25.0976572455279));
#7143=CARTESIAN_POINT('Origin',(-0.0372722862192082,-0.953871388200779,
-27.6356449764056));
#7144=CARTESIAN_POINT('Origin',(-11.0652742343912,6.02739313668974,-32.6832439677405));
#7145=CARTESIAN_POINT('Origin',(-1.14989116578537,16.2615073064138,-40.6430590893177));
#7146=CARTESIAN_POINT('',(1.38777878080118E-16,16.5650224536844,-36.929542243833));
#7147=CARTESIAN_POINT('',(6.93889390390723E-16,15.7344759543745,-37.6547875481253));
#7148=CARTESIAN_POINT('',(1.11022302462516E-15,22.6320113847506,-31.6317591129601));
#7149=CARTESIAN_POINT('',(0.711075620918451,15.6653664034794,-35.5826443400915));
#7150=CARTESIAN_POINT('',(-1.04292204744751,15.8358377114047,-40.6939633735259));
#7151=CARTESIAN_POINT('',(0.497137384242716,16.5167055934975,-35.480835771675));
#7152=CARTESIAN_POINT('',(0.711075620918451,15.6653664034794,-35.5826443400915));
#7153=CARTESIAN_POINT('',(-1.25686028412323,16.6871769014229,-40.5921548051094));
#7154=CARTESIAN_POINT('Ctrl Pts',(0.598123112367567,14.8805816592275,-33.4185218533727));
#7155=CARTESIAN_POINT('Ctrl Pts',(0.926184531568798,15.3804891983053,-34.1287251570949));
#7156=CARTESIAN_POINT('Ctrl Pts',(0.942292356945507,15.6428944127147,-34.9088563841447));
#7157=CARTESIAN_POINT('Ctrl Pts',(0.7110756209182,15.6653664034794,-35.582644340092));
#7158=CARTESIAN_POINT('Ctrl Pts',(0.540310277570176,15.1721174229736,-33.2400169591947));
#7159=CARTESIAN_POINT('Ctrl Pts',(0.872000441776396,15.6709754633444,-34.0091691629998));
#7160=CARTESIAN_POINT('Ctrl Pts',(0.884833224519475,15.9253277078921,-34.8345494246519));
#7161=CARTESIAN_POINT('Ctrl Pts',(0.639762875359626,15.9491461334854,-35.5487081506199));
#7162=CARTESIAN_POINT('Ctrl Pts',(0.482497442772785,15.4636531867196,-33.0615120650167));
#7163=CARTESIAN_POINT('Ctrl Pts',(0.817816351983997,15.9614617283835,-33.8896131689046));
#7164=CARTESIAN_POINT('Ctrl Pts',(0.827374092093444,16.2077610030694,-34.7602424651592));
#7165=CARTESIAN_POINT('Ctrl Pts',(0.568450129801052,16.2329258634915,-35.5147719611477));
#7166=CARTESIAN_POINT('Ctrl Pts',(0.424684607975394,15.7551889504657,-32.8830071708387));
#7167=CARTESIAN_POINT('Ctrl Pts',(0.763632262191595,16.2519479934225,-33.7700571748095));
#7168=CARTESIAN_POINT('Ctrl Pts',(0.769914959667412,16.4901942982467,-34.6859355056665));
#7169=CARTESIAN_POINT('Ctrl Pts',(0.497137384242478,16.5167055934976,-35.4808357716755));
#7170=CARTESIAN_POINT('Ctrl Pts',(0.424684607975394,15.7551889504657,-32.8830071708387));
#7171=CARTESIAN_POINT('Ctrl Pts',(0.763632262191595,16.2519479934225,-33.7700571748095));
#7172=CARTESIAN_POINT('Ctrl Pts',(0.769914959667412,16.4901942982467,-34.6859355056665));
#7173=CARTESIAN_POINT('Ctrl Pts',(0.497137384242478,16.5167055934976,-35.4808357716755));
#7174=CARTESIAN_POINT('',(0.865667953688833,15.4583717139219,-34.53066896542));
#7175=CARTESIAN_POINT('Ctrl Pts',(0.7110756209182,15.6653664034794,-35.582644340092));
#7176=CARTESIAN_POINT('Ctrl Pts',(0.824942836568843,15.6542996309677,-35.2508242486882));
#7177=CARTESIAN_POINT('Ctrl Pts',(0.878827337469635,15.5850427376238,-34.8932131155056));
#7178=CARTESIAN_POINT('Ctrl Pts',(0.865010036208694,15.4578860623399,-34.5308642150099));
#7179=CARTESIAN_POINT('Ctrl Pts',(0.81580097009208,15.2784343633902,-34.0970226581928));
#7180=CARTESIAN_POINT('Ctrl Pts',(0.843266787379645,15.3474224843527,-34.2415013981886));
#7181=CARTESIAN_POINT('Ctrl Pts',(0.859507286627286,15.4072458303238,-34.3865585200792));
#7182=CARTESIAN_POINT('Ctrl Pts',(0.865010036208694,15.4578860623399,-34.5308642150099));
#7183=CARTESIAN_POINT('Origin',(-2.56557974900792,-10.9678551516144,-28.9681950330361));
#7184=CARTESIAN_POINT('',(0.,-4.47487722472241,-25.9869122594432));
#7185=CARTESIAN_POINT('',(-5.55111512297106E-16,-4.26206962419964,-24.9050152420484));
#7186=CARTESIAN_POINT('',(0.,-2.16187835497052,-14.227808861469));
#7187=CARTESIAN_POINT('',(-2.6725488654934,-11.1366055471939,-28.5741022081154));
#7188=CARTESIAN_POINT('',(-2.45861063252243,-10.7991047560349,-29.3622878579568));
#7189=CARTESIAN_POINT('Origin',(-0.191860042654113,-6.22323785107441,-26.5238860701328));
#7190=CARTESIAN_POINT('',(5.68632531148875E-26,-11.2480917814072,-27.4635661959474));
#7191=CARTESIAN_POINT('',(1.11022302462516E-15,3.8900164994011,-24.1632503714591));
#7192=CARTESIAN_POINT('',(-3.96991377411341,-14.0697145816439,-31.3026362049943));
#7193=CARTESIAN_POINT('',(-0.757545938748126,-5.80661474941202,-26.892442959463));
#7194=CARTESIAN_POINT('',(-3.80054108652399,-14.4091415884476,-31.2390905154933));
#7195=CARTESIAN_POINT('',(-6.84117522649178,-8.31563643395423,-32.37988361329));
#7196=CARTESIAN_POINT('',(-3.37193865491849,-14.7248038237419,-30.9598465392114));
#7197=CARTESIAN_POINT('',(-4.78683022392346,-13.6827475906537,-31.88167973147));
#7198=CARTESIAN_POINT('',(-2.77365821599212,-14.7360617675227,-30.4764448483824));
#7199=CARTESIAN_POINT('Origin',(-3.24217112304831,-14.3910057888354,-30.7816913833023));
#7200=CARTESIAN_POINT('',(-0.9409482572065,-10.021824130646,-27.9603553170803));
#7201=CARTESIAN_POINT('',(0.373825853439901,-6.6398609527368,-26.1553291808025));
#7202=CARTESIAN_POINT('Origin',(-1.,-14.04922392936,-28.886339051954));
#7203=CARTESIAN_POINT('Origin',(-5.09446139152277,-0.65334986039602,-42.2625170160135));
#7204=CARTESIAN_POINT('',(-3.76106628295721,15.9080447385614,-48.0134205066157));
#7205=CARTESIAN_POINT('',(-2.98335777379113,15.8324591268282,-45.7471026106132));
#7206=CARTESIAN_POINT('',(-3.85397257867605,15.9170743159841,-48.2841584478332));
#7207=CARTESIAN_POINT('Ctrl Pts',(-3.85397257867605,15.9170743159841,-48.2841584478332));
#7208=CARTESIAN_POINT('Ctrl Pts',(-3.82300381343643,15.9140644568432,-48.1939124674273));
#7209=CARTESIAN_POINT('Ctrl Pts',(-3.79203504819682,15.9110545977023,-48.1036664870215));
#7210=CARTESIAN_POINT('Ctrl Pts',(-3.7610662829572,15.9080447385614,-48.0134205066157));
#7211=CARTESIAN_POINT('',(-6.2643297942597,13.0201766947536,-53.5003963605064));
#7212=CARTESIAN_POINT('Ctrl Pts',(-6.2643297942597,13.0201766947536,-53.5003963605064));
#7213=CARTESIAN_POINT('Ctrl Pts',(-5.94316867969232,13.7988825172648,-53.0321090221527));
#7214=CARTESIAN_POINT('Ctrl Pts',(-5.1008556391017,15.3683193957028,-51.5309065655305));
#7215=CARTESIAN_POINT('Ctrl Pts',(-4.25336132942865,15.9558909711823,-49.448015937657));
#7216=CARTESIAN_POINT('Ctrl Pts',(-3.85397257867604,15.9170743159841,-48.2841584478332));
#7217=CARTESIAN_POINT('',(-6.37429937590781,12.7455399705762,-53.656126088293));
#7218=CARTESIAN_POINT('Ctrl Pts',(-6.37429937590781,12.7455399705762,-53.656126088293));
#7219=CARTESIAN_POINT('Ctrl Pts',(-6.33819878484333,12.8384006899141,-53.6065643347732));
#7220=CARTESIAN_POINT('Ctrl Pts',(-6.30152496096461,12.929991141246,-53.5546309014449));
#7221=CARTESIAN_POINT('Ctrl Pts',(-6.2643297942597,13.0201766947536,-53.5003963605064));
#7222=CARTESIAN_POINT('',(-10.5922145680803,1.89589382069024,-59.4468144664577));
#7223=CARTESIAN_POINT('',(-9.46714942827212,4.78987298014405,-57.9022358457553));
#7224=CARTESIAN_POINT('',(-10.6901978393301,1.64385370768799,-59.5813336694833));
#7225=CARTESIAN_POINT('Ctrl Pts',(-10.6901978393301,1.64385370768798,-59.5813336694833));
#7226=CARTESIAN_POINT('Ctrl Pts',(-10.6575367489135,1.72786707868873,-59.5364939351415));
#7227=CARTESIAN_POINT('Ctrl Pts',(-10.6248756584969,1.81188044968948,-59.4916542007996));
#7228=CARTESIAN_POINT('Ctrl Pts',(-10.5922145680803,1.89589382069023,-59.4468144664577));
#7229=CARTESIAN_POINT('',(-11.2753888013113,-1.30739287101777,-59.5498971355416));
#7230=CARTESIAN_POINT('Ctrl Pts',(-11.2753888013113,-1.30739287101906,-59.5498971355409));
#7231=CARTESIAN_POINT('Ctrl Pts',(-11.2706897433373,-0.428158639347009,
-60.0440934139737));
#7232=CARTESIAN_POINT('Ctrl Pts',(-11.0461618532009,0.728215669313588,-60.0700292890613));
#7233=CARTESIAN_POINT('Ctrl Pts',(-10.6901978393301,1.64385370768799,-59.5813336694834));
#7234=CARTESIAN_POINT('',(-11.2754702934105,-1.33778537075326,-59.5325829210734));
#7235=CARTESIAN_POINT('Ctrl Pts',(-11.2754702934105,-1.33778537075326,-59.5325829210734));
#7236=CARTESIAN_POINT('Ctrl Pts',(-11.275470293442,-1.32768969169361,-59.5384116640815));
#7237=CARTESIAN_POINT('Ctrl Pts',(-11.275443132218,-1.31755865173583,-59.544183196278));
#7238=CARTESIAN_POINT('Ctrl Pts',(-11.2753888013113,-1.30739287101777,-59.5498971355416));
#7239=CARTESIAN_POINT('',(-11.2754702511804,-14.885472968516,-51.7108218593019));
#7240=CARTESIAN_POINT('',(-11.2754702614774,-11.5821229078323,-53.6180119012633));
#7241=CARTESIAN_POINT('',(-11.2753887588924,-14.9156637679979,-51.6931582897466));
#7242=CARTESIAN_POINT('Ctrl Pts',(-11.2753887588924,-14.9156637679979,-51.6931582897466));
#7243=CARTESIAN_POINT('Ctrl Pts',(-11.2754430898619,-14.9056324610682,-51.6991051444439));
#7244=CARTESIAN_POINT('Ctrl Pts',(-11.2754702511489,-14.8955686475757,-51.7049931162938));
#7245=CARTESIAN_POINT('Ctrl Pts',(-11.2754702511804,-14.885472968516,-51.7108218593019));
#7246=CARTESIAN_POINT('',(-10.6901977830239,-16.4185118971621,-49.153022051569));
#7247=CARTESIAN_POINT('Ctrl Pts',(-10.6901977830239,-16.4185118971621,-49.153022051569));
#7248=CARTESIAN_POINT('Ctrl Pts',(-11.0461617998586,-16.3839156986501,-50.1903356622309));
#7249=CARTESIAN_POINT('Ctrl Pts',(-11.2706896954732,-15.7832674165157,-51.1788172503605));
#7250=CARTESIAN_POINT('Ctrl Pts',(-11.2753887588924,-14.9156637679966,-51.6931582897473));
#7251=CARTESIAN_POINT('',(-10.5922145109587,-16.4280349067106,-48.8674893097088));
#7252=CARTESIAN_POINT('Ctrl Pts',(-10.5922145109587,-16.4280349067106,-48.8674893097088));
#7253=CARTESIAN_POINT('Ctrl Pts',(-10.6248756016471,-16.4248605701945,-48.9626668903289));
#7254=CARTESIAN_POINT('Ctrl Pts',(-10.6575366923355,-16.4216862336783,-49.057844470949));
#7255=CARTESIAN_POINT('Ctrl Pts',(-10.6901977830239,-16.4185118971621,-49.153022051569));
#7256=CARTESIAN_POINT('',(-5.76374532505428,-16.8973145826463,-34.7968625937342));
#7257=CARTESIAN_POINT('',(-6.90278222532927,-16.7866114080252,-38.1161264064301));
#7258=CARTESIAN_POINT('',(-5.66327596149154,-16.8941980473377,-34.5115220864938));
#7259=CARTESIAN_POINT('Ctrl Pts',(-5.66327596149154,-16.8941980473377,-34.5115220864938));
#7260=CARTESIAN_POINT('Ctrl Pts',(-5.69759023924776,-16.8994523085032,-34.6065581963509));
#7261=CARTESIAN_POINT('Ctrl Pts',(-5.73112896036619,-16.9004845722355,-34.7018153490095));
#7262=CARTESIAN_POINT('Ctrl Pts',(-5.76374532505428,-16.8973145826463,-34.7968625937342));
#7263=CARTESIAN_POINT('',(-5.21175689676873,-16.618847056261,-33.3800617621264));
#7264=CARTESIAN_POINT('Ctrl Pts',(-5.21172025573643,-16.6178902913404,-33.3805094311146));
#7265=CARTESIAN_POINT('Ctrl Pts',(-5.36771731016387,-16.7770848684724,-33.7344354959611));
#7266=CARTESIAN_POINT('Ctrl Pts',(-5.52216188903266,-16.8725904181143,-34.1206954869112));
#7267=CARTESIAN_POINT('Ctrl Pts',(-5.66327596149154,-16.8941980473377,-34.5115220864938));
#7268=CARTESIAN_POINT('',(-6.4891092575375,-16.5569614719929,-37.0664441079141));
#7269=CARTESIAN_POINT('',(-6.25869614722163,-16.5681246015982,-36.4014820753586));
#7270=CARTESIAN_POINT('',(-7.40550945803629,-14.0215962151995,-41.1492950619084));
#7271=CARTESIAN_POINT('',(-7.6112624544299,-13.4523481964261,-42.065989337134));
#7272=CARTESIAN_POINT('',(-7.88282686332751,-15.0137747884583,-41.9406260423199));
#7273=CARTESIAN_POINT('',(-5.62530921978969,-10.3211727382452,-38.1979516073342));
#7274=CARTESIAN_POINT('',(-10.6488843497674,-7.36104179517045,-54.2642816255106));
#7275=CARTESIAN_POINT('',(-8.57170737435898,-13.1078785295961,-45.009805261314));
#7276=CARTESIAN_POINT('',(-6.93637200417802,2.18856824711655,-49.1674503441901));
#7277=CARTESIAN_POINT('',(-8.54909386027517,-1.95979905749267,-51.3815227671386));
#7278=CARTESIAN_POINT('',(-3.77838322066017,7.18157946575921,-43.0246850546616));
#7279=CARTESIAN_POINT('Origin',(-5.09446139364513,0.920065996208076,-43.1709290741324));
#7280=CARTESIAN_POINT('',(0.764692449469257,8.64191446635225,-30.8837719908902));
#7281=CARTESIAN_POINT('',(-3.8909922803189,7.14538219255842,-43.3256214472687));
#7282=CARTESIAN_POINT('',(0.953977921573206,8.23206710436109,-30.1061716480634));
#7283=CARTESIAN_POINT('Origin',(0.654292642495812,7.86119356338776,-30.7485434641884));
#7284=CARTESIAN_POINT('',(0.953977921573206,3.77681094713825,-27.5339283525492));
#7285=CARTESIAN_POINT('',(0.953977921573208,7.53196166488613,-29.7019655913762));
#7286=CARTESIAN_POINT('',(-5.23526643129389,-8.23571717621096,-38.287253843116));
#7287=CARTESIAN_POINT('',(-1.65661268802635,-1.29001002945463,-32.0696243029986));
#7288=CARTESIAN_POINT('',(-5.67228254832493,-9.35984367367539,-38.8872242158398));
#7289=CARTESIAN_POINT('',(-4.4849635112125,-6.30573024731116,-37.2571785093383));
#7290=CARTESIAN_POINT('',(-6.3671944388909,-7.43726065490848,-41.9832751265609));
#7291=CARTESIAN_POINT('',(-5.85406815833201,10.1865378225365,-50.6918730077803));
#7292=CARTESIAN_POINT('Origin',(-5.09446142252848,10.1865378225365,-48.5209290640263));
#7293=CARTESIAN_POINT('',(-1.65710927863134,8.45887880644831,-37.699567043719));
#7294=CARTESIAN_POINT('',(-3.40897097340659,8.62914251876536,-42.8046616432976));
#7295=CARTESIAN_POINT('',(-2.49112325673505,8.53993675552029,-40.129964527886));
#7296=CARTESIAN_POINT('',(-2.69962258618141,12.3473652847251,-42.92407213503));
#7297=CARTESIAN_POINT('Origin',(-3.05429677979401,10.4882539017452,-42.8643668891639));
#7298=CARTESIAN_POINT('',(-0.947760891406164,12.1771015724081,-37.8189775354514));
#7299=CARTESIAN_POINT('',(-2.6577057168975,12.3432913776385,-42.8019223194078));
#7300=CARTESIAN_POINT('Origin',(-1.30243508501876,10.3179901894282,-37.7592722895852));
#7301=CARTESIAN_POINT('Origin',(-2.41767188063923,16.3599503095889,-45.9236303561657));
#7302=CARTESIAN_POINT('',(-3.48430381371541E-27,17.8422634173956,-44.2588902854341));
#7303=CARTESIAN_POINT('',(-1.73472347597681E-17,11.2077224445202,-23.4715998358776));
#7304=CARTESIAN_POINT('',(-0.940948252691363,16.7988975923087,-43.4453059328566));
#7305=CARTESIAN_POINT('Origin',(-1.,18.0106720609793,-47.39612829995));
#7306=CARTESIAN_POINT('',(-2.62969449665341,16.963027104083,-48.3664759977207));
#7307=CARTESIAN_POINT('',(-1.85198598748733,16.8874414923497,-46.1001581017182));
#7308=CARTESIAN_POINT('',(-2.62969449665341,16.963027104083,-48.3664759977207));
#7309=CARTESIAN_POINT('Origin',(-2.62870935448632,-16.1231899827307,-34.2982520860509));
#7310=CARTESIAN_POINT('',(-3.95099064765976,-17.050124327419,-37.5421451626242));
#7311=CARTESIAN_POINT('',(-2.52920497761458,-17.1190074638166,-33.438934682476));
#7312=CARTESIAN_POINT('',(-2.81081223965161,-17.1053640632323,-34.2516407697722));
#7313=CARTESIAN_POINT('',(-1.41991824007181,-16.324136680211,-33.8099648312265));
#7314=CARTESIAN_POINT('Origin',(-2.34710209244931,-16.136833383315,-33.4855459987548));
#7315=CARTESIAN_POINT('',(-2.751180902798,-16.2596392320303,-37.6519299210523));
#7316=CARTESIAN_POINT('',(-1.70152550210882,-16.3104932796266,-34.6226709185226));
#7317=CARTESIAN_POINT('Origin',(-3.6783647551755,-16.0723359351344,-37.3275110885806));
#7318=CARTESIAN_POINT('Ctrl Pts',(-2.62518018231267,-17.8888837156184,-33.288338753237));
#7319=CARTESIAN_POINT('Ctrl Pts',(-2.58084506937339,-17.8589373698833,-33.1945161262738));
#7320=CARTESIAN_POINT('Ctrl Pts',(-2.51176653578449,-17.7489910341094,-33.0777149125646));
#7321=CARTESIAN_POINT('Ctrl Pts',(-2.45324273679469,-17.5403314744283,-33.0375483825181));
#7322=CARTESIAN_POINT('Ctrl Pts',(-2.43300206602535,-17.3800555495241,-33.0690684440908));
#7323=CARTESIAN_POINT('Ctrl Pts',(-2.44171486773038,-17.1937701851384,-33.1866268009565));
#7324=CARTESIAN_POINT('Ctrl Pts',(-2.48846046444362,-17.121813372676,-33.3388773826288));
#7325=CARTESIAN_POINT('Ctrl Pts',(-2.5292049776146,-17.1190074638166,-33.438934682476));
#7326=CARTESIAN_POINT('Ctrl Pts',(-2.34903357737647,-17.9464767397391,-33.3843759426507));
#7327=CARTESIAN_POINT('Ctrl Pts',(-2.3058411708331,-17.9178969818789,-33.2900145894708));
#7328=CARTESIAN_POINT('Ctrl Pts',(-2.23695915534149,-17.8065848820066,-33.1711955667056));
#7329=CARTESIAN_POINT('Ctrl Pts',(-2.17821691457206,-17.5962506745707,-33.1300642563827));
#7330=CARTESIAN_POINT('Ctrl Pts',(-2.15762197279969,-17.4339922604698,-33.1623383639033));
#7331=CARTESIAN_POINT('Ctrl Pts',(-2.16603469513827,-17.2474634143243,-33.2821070534424));
#7332=CARTESIAN_POINT('Ctrl Pts',(-2.21203833562111,-17.1758618022742,-33.436477653471));
#7333=CARTESIAN_POINT('Ctrl Pts',(-2.25179221769496,-17.1750484791996,-33.5360005701693));
#7334=CARTESIAN_POINT('Ctrl Pts',(-1.89051025000388,-18.2798758910473,-33.4668084622148));
#7335=CARTESIAN_POINT('Ctrl Pts',(-1.82465394063465,-18.2317480418885,-33.3101595211025));
#7336=CARTESIAN_POINT('Ctrl Pts',(-1.71787612751849,-18.0518861637196,-33.1129609252293));
#7337=CARTESIAN_POINT('Ctrl Pts',(-1.62368976494021,-17.7067582934869,-33.0446287938095));
#7338=CARTESIAN_POINT('Ctrl Pts',(-1.58910139969037,-17.4425050998467,-33.0975834243612));
#7339=CARTESIAN_POINT('Ctrl Pts',(-1.59802847658686,-17.1375478552563,-33.2955833306563));
#7340=CARTESIAN_POINT('Ctrl Pts',(-1.66646118178513,-17.0256685898084,-33.5502324203627));
#7341=CARTESIAN_POINT('Ctrl Pts',(-1.72583834609414,-17.0253422143112,-33.7157333536204));
#7342=CARTESIAN_POINT('Ctrl Pts',(-1.76036302609971,-18.8045468750954,-33.3508851354199));
#7343=CARTESIAN_POINT('Ctrl Pts',(-1.64387277097441,-18.7143041525593,-33.0700199449279));
#7344=CARTESIAN_POINT('Ctrl Pts',(-1.45566162160276,-18.3883561581744,-32.7202528645859));
#7345=CARTESIAN_POINT('Ctrl Pts',(-1.28902892732366,-17.7723832837469,-32.5996315810122));
#7346=CARTESIAN_POINT('Ctrl Pts',(-1.22663030497359,-17.3008112352985,-32.6935600233459));
#7347=CARTESIAN_POINT('Ctrl Pts',(-1.23927519061351,-16.7550271513371,-33.0448411583921));
#7348=CARTESIAN_POINT('Ctrl Pts',(-1.35689073411457,-16.5487472477283,-33.5001078149696));
#7349=CARTESIAN_POINT('Ctrl Pts',(-1.46078203194558,-16.544536028486,-33.7995052763125));
#7350=CARTESIAN_POINT('Ctrl Pts',(-1.77661698962167,-19.0145283199204,-33.2761058625794));
#7351=CARTESIAN_POINT('Ctrl Pts',(-1.63798425608712,-18.9063932051256,-32.9423275562835));
#7352=CARTESIAN_POINT('Ctrl Pts',(-1.41438309863472,-18.5179284412411,-32.5275592441787));
#7353=CARTESIAN_POINT('Ctrl Pts',(-1.21656933265008,-17.786209005975,-32.3846690592361));
#7354=CARTESIAN_POINT('Ctrl Pts',(-1.14237002589395,-17.2259180439018,-32.4960927551419));
#7355=CARTESIAN_POINT('Ctrl Pts',(-1.15707899909829,-16.5770920868869,-32.9127306003338));
#7356=CARTESIAN_POINT('Ctrl Pts',(-1.29641819047577,-16.3301200509402,-33.4535491572767));
#7357=CARTESIAN_POINT('Ctrl Pts',(-1.41991824007181,-16.324136680211,-33.8099648312265));
#7358=CARTESIAN_POINT('',(-2.62518018231226,-17.8888837156181,-33.2883387532362));
#7359=CARTESIAN_POINT('',(-1.19461136786007,-17.5926223589867,-32.4336808465927));
#7360=CARTESIAN_POINT('Ctrl Pts',(-2.62518018231267,-17.8888837156184,-33.288338753237));
#7361=CARTESIAN_POINT('Ctrl Pts',(-2.62370885894284,-17.8888973727207,-33.2880332107917));
#7362=CARTESIAN_POINT('Ctrl Pts',(-2.62223752925248,-17.8889109926599,-33.2877276500765));
#7363=CARTESIAN_POINT('Ctrl Pts',(-2.34644690374981,-17.8914561265678,-33.2304468536116));
#7364=CARTESIAN_POINT('Ctrl Pts',(-2.06892091994051,-17.893865913833,-33.1698701430057));
#7365=CARTESIAN_POINT('Ctrl Pts',(-1.62918435786299,-17.8348110657277,-32.9444276160186));
#7366=CARTESIAN_POINT('Ctrl Pts',(-1.51096654375586,-17.7975630007345,-32.8446735789394));
#7367=CARTESIAN_POINT('Ctrl Pts',(-1.33031056384744,-17.7198850762726,-32.6640372637836));
#7368=CARTESIAN_POINT('Ctrl Pts',(-1.25025914710776,-17.6635675454678,-32.5517610909499));
#7369=CARTESIAN_POINT('Ctrl Pts',(-1.19461136794304,-17.5926223592975,-32.4336808466504));
#7370=CARTESIAN_POINT('Ctrl Pts',(-1.19500198767559,-17.5927098111575,-32.434746741266));
#7371=CARTESIAN_POINT('Ctrl Pts',(-1.17644938316281,-17.471931484982,-32.4514550911517));
#7372=CARTESIAN_POINT('Ctrl Pts',(-1.14363976680972,-17.1699086370325,-32.5320586999939));
#7373=CARTESIAN_POINT('Ctrl Pts',(-1.15707899909829,-16.5770920868869,-32.9127306003338));
#7374=CARTESIAN_POINT('Ctrl Pts',(-1.29641819047577,-16.3301200509402,-33.4535491572767));
#7375=CARTESIAN_POINT('Ctrl Pts',(-1.41991824007181,-16.324136680211,-33.8099648312265));
#7376=CARTESIAN_POINT('Ctrl Pts',(-2.5292049776146,-17.1190074638166,-33.438934682476));
#7377=CARTESIAN_POINT('Ctrl Pts',(-2.48846046444362,-17.121813372676,-33.3388773826288));
#7378=CARTESIAN_POINT('Ctrl Pts',(-2.44171486773038,-17.1937701851384,-33.1866268009565));
#7379=CARTESIAN_POINT('Ctrl Pts',(-2.43300206602535,-17.3800555495241,-33.0690684440908));
#7380=CARTESIAN_POINT('Ctrl Pts',(-2.45324273679469,-17.5403314744283,-33.0375483825181));
#7381=CARTESIAN_POINT('Ctrl Pts',(-2.51176653578449,-17.7489910341094,-33.0777149125646));
#7382=CARTESIAN_POINT('Ctrl Pts',(-2.58084506937339,-17.8589373698833,-33.1945161262738));
#7383=CARTESIAN_POINT('Ctrl Pts',(-2.62518018231267,-17.8888837156184,-33.288338753237));
#7384=CARTESIAN_POINT('Origin',(-3.66285461469773,-16.1152471777049,-37.2584085373025));
#7385=CARTESIAN_POINT('',(-4.961376956738,-14.2547317221114,-42.0437337738854));
#7386=CARTESIAN_POINT('',(-3.98727344436408,-16.9497422649386,-37.7037964270578));
#7387=CARTESIAN_POINT('',(-3.53098962333302,-14.1021757832959,-41.1262228957118));
#7388=CARTESIAN_POINT('',(-2.73567076232023,-16.3025504746009,-37.5828273697742));
#7389=CARTESIAN_POINT('Origin',(-4.45817347571052,-13.9148724864,-40.80180406324));
#7390=CARTESIAN_POINT('Origin',(-4.31303751800382,-13.5201356520777,-40.6149092228628));
#7391=CARTESIAN_POINT('',(-3.36394895842879,-9.91009045557894,-39.9866897754475));
#7392=CARTESIAN_POINT('',(-4.51522799137034,-13.0413078882931,-41.4692177064381));
#7393=CARTESIAN_POINT('',(-2.56495609075867,-11.4747840292269,-39.8822397662216));
#7394=CARTESIAN_POINT('',(-3.38585366562632,-13.7074389489737,-40.9393280553345));
#7395=CARTESIAN_POINT('Origin',(-3.49213994313617,-11.2874807323309,-39.5578209337499));
#7396=CARTESIAN_POINT('Origin',(-3.19739179035907,-12.102947845551,-38.2446252621437));
#7397=CARTESIAN_POINT('',(-0.781127260170771,-16.410026992593,-31.9347215981067));
#7398=CARTESIAN_POINT('',(-2.27020793798157,-12.290251142447,-38.5690440946155));
#7399=CARTESIAN_POINT('',(-1.38389228288192,-15.3882286084633,-31.1649148758796));
#7400=CARTESIAN_POINT('Origin',(-1.70831111254827,-16.222723695697,-31.610302765635));
#7401=CARTESIAN_POINT('',(-2.87297296069272,-11.2684527583173,-37.7992373723884));
#7402=CARTESIAN_POINT('Ctrl Pts',(-1.38389228288192,-15.3882286084633,-31.1649148758796));
#7403=CARTESIAN_POINT('Ctrl Pts',(-1.31395042238165,-15.4515011063046,-31.0973105858439));
#7404=CARTESIAN_POINT('Ctrl Pts',(-1.18144411553128,-15.5189195511431,-30.9631034246676));
#7405=CARTESIAN_POINT('Ctrl Pts',(-1.01856277956802,-15.4901425383287,-30.7850842980414));
#7406=CARTESIAN_POINT('Ctrl Pts',(-0.95350228315936,-15.4187117503668,-30.706973298374));
#7407=CARTESIAN_POINT('Ctrl Pts',(-0.931615547575619,-15.3721573197203,
-30.678064139334));
#7408=CARTESIAN_POINT('Ctrl Pts',(-1.10647952296228,-15.4442696238463,-31.2619807635729));
#7409=CARTESIAN_POINT('Ctrl Pts',(-1.05185834930062,-15.519332580465,-31.199042131643));
#7410=CARTESIAN_POINT('Ctrl Pts',(-0.941516026177057,-15.6112043694712,
-31.0526391458458));
#7411=CARTESIAN_POINT('Ctrl Pts',(-0.790199251932052,-15.5907103683842,
-30.8356895447627));
#7412=CARTESIAN_POINT('Ctrl Pts',(-0.722064679617776,-15.5079490492876,
-30.7384636799565));
#7413=CARTESIAN_POINT('Ctrl Pts',(-0.697409162236949,-15.4538293208836,
-30.704257170372));
#7414=CARTESIAN_POINT('Ctrl Pts',(-0.707741313272882,-15.7508897137616,
-31.5418826534996));
#7415=CARTESIAN_POINT('Ctrl Pts',(-0.675009471959444,-15.854830428052,-31.4294429534696));
#7416=CARTESIAN_POINT('Ctrl Pts',(-0.589032942893823,-15.9741162807832,
-31.1788853746423));
#7417=CARTESIAN_POINT('Ctrl Pts',(-0.42916497261248,-15.9101788800452,-30.8158993698424));
#7418=CARTESIAN_POINT('Ctrl Pts',(-0.340828457880244,-15.7700119914194,
-30.6577581109668));
#7419=CARTESIAN_POINT('Ctrl Pts',(-0.302985100114408,-15.6815273392438,
-30.6020727723697));
#7420=CARTESIAN_POINT('Ctrl Pts',(-0.708327845030339,-16.2227667329137,
-31.8347767893601));
#7421=CARTESIAN_POINT('Ctrl Pts',(-0.662102353720197,-16.3644267871553,
-31.620442293427));
#7422=CARTESIAN_POINT('Ctrl Pts',(-0.537509966873142,-16.4907715546003,
-31.1917329734437));
#7423=CARTESIAN_POINT('Ctrl Pts',(-0.306113218953863,-16.3297069183447,
-30.6230652723722));
#7424=CARTESIAN_POINT('Ctrl Pts',(-0.173022321848783,-16.0951585065727,
-30.3785654108925));
#7425=CARTESIAN_POINT('Ctrl Pts',(-0.113418477523722,-15.9527480253139,
-30.2904306698514));
#7426=CARTESIAN_POINT('Ctrl Pts',(-0.781127260170768,-16.410026992593,-31.9347215981067));
#7427=CARTESIAN_POINT('Ctrl Pts',(-0.723681181107303,-16.568960603604,-31.6787812583077));
#7428=CARTESIAN_POINT('Ctrl Pts',(-0.574438300654393,-16.6999645995371,
-31.176612293757));
#7429=CARTESIAN_POINT('Ctrl Pts',(-0.304967286684837,-16.4989282025543,
-30.5225368466916));
#7430=CARTESIAN_POINT('Ctrl Pts',(-0.151155586119886,-16.2242594927403,
-30.2415255087442));
#7431=CARTESIAN_POINT('Ctrl Pts',(-0.0820591428492358,-16.0588138039999,
-30.1395690864029));
#7432=CARTESIAN_POINT('',(-0.979910529855294,-15.4419891535164,-30.738010764974));
#7433=CARTESIAN_POINT('',(-0.729196679766002,-15.4553521520675,-30.6802434770755));
#7434=CARTESIAN_POINT('Ctrl Pts',(-0.980121436758037,-15.4420466191283,
-30.7382436339786));
#7435=CARTESIAN_POINT('Ctrl Pts',(-0.977797131908118,-15.4422808586097,
-30.7379588353369));
#7436=CARTESIAN_POINT('Ctrl Pts',(-0.975473684254484,-15.4425173826139,
-30.7376701562384));
#7437=CARTESIAN_POINT('Ctrl Pts',(-0.973150654700502,-15.4427560299397,
-30.7373773329616));
#7438=CARTESIAN_POINT('Ctrl Pts',(-0.952813794854204,-15.4448452574352,
-30.7348138244903));
#7439=CARTESIAN_POINT('Ctrl Pts',(-0.933906735441838,-15.4469252609543,
-30.7320856301287));
#7440=CARTESIAN_POINT('Ctrl Pts',(-0.916148677299447,-15.4488919743711,
-30.7292095328496));
#7441=CARTESIAN_POINT('Ctrl Pts',(-0.897112055112389,-15.4510002893663,
-30.7261263591808));
#7442=CARTESIAN_POINT('Ctrl Pts',(-0.879396765793154,-15.4529802295227,
-30.7228736426636));
#7443=CARTESIAN_POINT('Ctrl Pts',(-0.862707786123956,-15.4547008273831,
-30.7194410924348));
#7444=CARTESIAN_POINT('Ctrl Pts',(-0.852541585466909,-15.4557489407757,
-30.7173501321075));
#7445=CARTESIAN_POINT('Ctrl Pts',(-0.842757100577276,-15.4567006025974,
-30.7151917743181));
#7446=CARTESIAN_POINT('Ctrl Pts',(-0.833294142887316,-15.4575219758204,
-30.7129583973348));
#7447=CARTESIAN_POINT('Ctrl Pts',(-0.815906069923898,-15.4590312394143,
-30.7088545935124));
#7448=CARTESIAN_POINT('Ctrl Pts',(-0.800420095372113,-15.4600347731366,
-30.7046981199161));
#7449=CARTESIAN_POINT('Ctrl Pts',(-0.786718210342751,-15.460409174856,-30.7006159347255));
#7450=CARTESIAN_POINT('Ctrl Pts',(-0.775496472364816,-15.4607158069715,
-30.6972726565934));
#7451=CARTESIAN_POINT('Ctrl Pts',(-0.765472121297238,-15.4606008593004,
-30.6939783329974));
#7452=CARTESIAN_POINT('Ctrl Pts',(-0.756595215464706,-15.4599980530588,
-30.6907815404989));
#7453=CARTESIAN_POINT('Ctrl Pts',(-0.750511390088953,-15.4595849172231,
-30.6885906050885));
#7454=CARTESIAN_POINT('Ctrl Pts',(-0.744129609508849,-15.4588926947438,
-30.6861433260345));
#7455=CARTESIAN_POINT('Ctrl Pts',(-0.73804324115336,-15.4577032212096,-30.683559314008));
#7456=CARTESIAN_POINT('Ctrl Pts',(-0.735077930968184,-15.4571237035432,
-30.6823003699657));
#7457=CARTESIAN_POINT('Ctrl Pts',(-0.732182685716398,-15.4564263681425,
-30.6810097415862));
#7458=CARTESIAN_POINT('Ctrl Pts',(-0.729425992544406,-15.4555880411719,
-30.6797052909419));
#7459=CARTESIAN_POINT('Ctrl Pts',(-0.979896108903961,-15.4419255397426,
-30.7380762313577));
#7460=CARTESIAN_POINT('Ctrl Pts',(-0.989575416415566,-15.451575760956,-30.7495855246917));
#7461=CARTESIAN_POINT('Ctrl Pts',(-1.00003133397075,-15.4601765548642,-30.7617932488749));
#7462=CARTESIAN_POINT('Ctrl Pts',(-1.01112081328463,-15.4676112896492,-30.7745423776216));
#7463=CARTESIAN_POINT('Ctrl Pts',(-1.01581170872948,-15.4707562130987,-30.7799353116152));
#7464=CARTESIAN_POINT('Ctrl Pts',(-1.02061564805349,-15.4736929813299,-30.7854248442459));
#7465=CARTESIAN_POINT('Ctrl Pts',(-1.02552054272323,-15.476415036849,-30.7909980660675));
#7466=CARTESIAN_POINT('Ctrl Pts',(-1.0327831204871,-15.480445529085,-30.7992502222504));
#7467=CARTESIAN_POINT('Ctrl Pts',(-1.04026711523026,-15.4840049932715,-30.8076858986456));
#7468=CARTESIAN_POINT('Ctrl Pts',(-1.04792621588148,-15.4870937311185,-30.8162583466232));
#7469=CARTESIAN_POINT('Ctrl Pts',(-1.06059247160856,-15.492201738602,-30.8304350526407));
#7470=CARTESIAN_POINT('Ctrl Pts',(-1.07389895337642,-15.4960741938421,-30.8451487034065));
#7471=CARTESIAN_POINT('Ctrl Pts',(-1.08767094719354,-15.4986615502624,-30.8602106766261));
#7472=CARTESIAN_POINT('Ctrl Pts',(-1.10186787769086,-15.5013287399053,-30.87573738901));
#7473=CARTESIAN_POINT('Ctrl Pts',(-1.11655880676377,-15.5026300023949,-30.8916334628208));
#7474=CARTESIAN_POINT('Ctrl Pts',(-1.13153301883409,-15.5025607284422,-30.9076782995337));
#7475=CARTESIAN_POINT('Ctrl Pts',(-1.13789646560572,-15.5025312897574,-30.9144967193545));
#7476=CARTESIAN_POINT('Ctrl Pts',(-1.14431089955349,-15.5022549703515,-30.9213419070969));
#7477=CARTESIAN_POINT('Ctrl Pts',(-1.15075963099795,-15.5017341925488,-30.9281967596882));
#7478=CARTESIAN_POINT('Ctrl Pts',(-1.15407608832078,-15.5014663666403,-30.9317220772285));
#7479=CARTESIAN_POINT('Ctrl Pts',(-1.15740888280312,-15.5011333731313,-30.9352578960709));
#7480=CARTESIAN_POINT('Ctrl Pts',(-1.16075610107429,-15.5007347728531,-30.9388020026839));
#7481=CARTESIAN_POINT('Ctrl Pts',(-1.17638143273652,-15.4988740452149,-30.9553464395233));
#7482=CARTESIAN_POINT('Ctrl Pts',(-1.19232185763931,-15.4955794919489,-30.9720720122583));
#7483=CARTESIAN_POINT('Ctrl Pts',(-1.20837083166233,-15.4909331550472,-30.9887541970985));
#7484=CARTESIAN_POINT('Ctrl Pts',(-1.22502002829941,-15.486113047755,-31.0060602862818));
#7485=CARTESIAN_POINT('Ctrl Pts',(-1.24178503762203,-15.4798383720505,-31.0233186224341));
#7486=CARTESIAN_POINT('Ctrl Pts',(-1.25843319878178,-15.4722551364615,-31.0402801261476));
#7487=CARTESIAN_POINT('Ctrl Pts',(-1.25968904350723,-15.4716830993263,-31.0415596076933));
#7488=CARTESIAN_POINT('Ctrl Pts',(-1.26094422677998,-15.4711036396552,-31.0428374055246));
#7489=CARTESIAN_POINT('Ctrl Pts',(-1.26219865087728,-15.4705168314102,-31.04411341583));
#7490=CARTESIAN_POINT('Ctrl Pts',(-1.2794995029289,-15.4624236493271,-31.0617119820227));
#7491=CARTESIAN_POINT('Ctrl Pts',(-1.29685832005012,-15.4528319512766,-31.0791911694144));
#7492=CARTESIAN_POINT('Ctrl Pts',(-1.31400740296049,-15.4418558253349,-31.0962835305566));
#7493=CARTESIAN_POINT('Ctrl Pts',(-1.33140981350078,-15.4307175591794,-31.1136283814302));
#7494=CARTESIAN_POINT('Ctrl Pts',(-1.34859512356648,-15.4181541511778,-31.1305737698959));
#7495=CARTESIAN_POINT('Ctrl Pts',(-1.36528700586175,-15.4043357751128,-31.1468508292898));
#7496=CARTESIAN_POINT('Ctrl Pts',(-1.37156308511087,-15.3991401224151,-31.1529709368302));
#7497=CARTESIAN_POINT('Ctrl Pts',(-1.37776952950337,-15.3937675217429,-31.1589967548537));
#7498=CARTESIAN_POINT('Ctrl Pts',(-1.3838922828819,-15.3882286084633,-31.1649148758796));
#7499=CARTESIAN_POINT('',(-0.593487600964169,-16.6274910419434,-31.2728975176555));
#7500=CARTESIAN_POINT('Ctrl Pts',(-0.781127260170768,-16.410026992593,-31.9347215981067));
#7501=CARTESIAN_POINT('Ctrl Pts',(-0.735817834361272,-16.5353826439122,
-31.7328538635836));
#7502=CARTESIAN_POINT('Ctrl Pts',(-0.670539394607278,-16.6107646923683,
-31.5027672780356));
#7503=CARTESIAN_POINT('Ctrl Pts',(-0.593404850020325,-16.6270834344501,
-31.2728963490686));
#7504=CARTESIAN_POINT('',(-0.473792680477684,-16.1285676513862,-30.8962566944033));
#7505=CARTESIAN_POINT('Ctrl Pts',(-0.593487600964171,-16.6274910419434,
-31.2728975176555));
#7506=CARTESIAN_POINT('Ctrl Pts',(-0.530173929219515,-16.5143273908188,
-31.1572831162159));
#7507=CARTESIAN_POINT('Ctrl Pts',(-0.490169012897923,-16.3873251471281,
-31.0477793703296));
#7508=CARTESIAN_POINT('Ctrl Pts',(-0.473373577820797,-16.2137733809928,
-30.9401947099676));
#7509=CARTESIAN_POINT('Ctrl Pts',(-0.471914749298444,-16.1716762389687,
-30.9168493544892));
#7510=CARTESIAN_POINT('Ctrl Pts',(-0.473792680477687,-16.1285676513861,
-30.8962566944033));
#7511=CARTESIAN_POINT('Ctrl Pts',(-0.473792680477688,-16.1285676513862,
-30.8962566944033));
#7512=CARTESIAN_POINT('Ctrl Pts',(-0.476020229262233,-16.0774334734601,
-30.8718302686005));
#7513=CARTESIAN_POINT('Ctrl Pts',(-0.481890321516946,-16.025450798483,-30.8495311670672));
#7514=CARTESIAN_POINT('Ctrl Pts',(-0.507359494248268,-15.8930608143049,
-30.7991358095198));
#7515=CARTESIAN_POINT('Ctrl Pts',(-0.53675762123201,-15.7783364906573,-30.7635254919776));
#7516=CARTESIAN_POINT('Ctrl Pts',(-0.672187974113879,-15.5517137171443,
-30.7111299193406));
#7517=CARTESIAN_POINT('Ctrl Pts',(-0.723665362501149,-15.4958195882574,
-30.699095953995));
#7518=CARTESIAN_POINT('Ctrl Pts',(-0.734793286887031,-15.467541522894,-30.688181832124));
#7519=CARTESIAN_POINT('Ctrl Pts',(-0.735385663028263,-15.4650278932968,
-30.6870867851382));
#7520=CARTESIAN_POINT('Ctrl Pts',(-0.735368300760742,-15.4621579933306,
-30.6856237394674));
#7521=CARTESIAN_POINT('Ctrl Pts',(-0.735285274433691,-15.4614107526856,
-30.685218658899));
#7522=CARTESIAN_POINT('Ctrl Pts',(-0.734978709470986,-15.4602463183344,
-30.6845327504206));
#7523=CARTESIAN_POINT('Ctrl Pts',(-0.734820496925271,-15.4598147700329,
-30.6842647839867));
#7524=CARTESIAN_POINT('Ctrl Pts',(-0.734423915200033,-15.4590085571828,
-30.6837328521831));
#7525=CARTESIAN_POINT('Ctrl Pts',(-0.734192323825698,-15.4586382545679,
-30.6834731999147));
#7526=CARTESIAN_POINT('Ctrl Pts',(-0.733535795504579,-15.4577943828024,
-30.6828413172166));
#7527=CARTESIAN_POINT('Ctrl Pts',(-0.733080348054528,-15.457358203205,-30.6824784867522));
#7528=CARTESIAN_POINT('Ctrl Pts',(-0.731664117099357,-15.456301454602,-30.6815008744922));
#7529=CARTESIAN_POINT('Ctrl Pts',(-0.730542533529806,-15.4557625921111,
-30.6808765989477));
#7530=CARTESIAN_POINT('Ctrl Pts',(-0.729196679765967,-15.4553521520676,
-30.6802434770755));
#7531=CARTESIAN_POINT('Ctrl Pts',(-0.979910529854923,-15.4419891535166,
-30.7380107649741));
#7532=CARTESIAN_POINT('Ctrl Pts',(-0.906207352198646,-15.472182472726,-30.7510470089045));
#7533=CARTESIAN_POINT('Ctrl Pts',(-0.832511143926382,-15.5060914921978,
-30.7569691735137));
#7534=CARTESIAN_POINT('Ctrl Pts',(-0.760609664788206,-15.5429701713392,
-30.7555321858195));
#7535=CARTESIAN_POINT('Ctrl Pts',(-0.967745801604434,-15.4145873134596,
-30.7087279214041));
#7536=CARTESIAN_POINT('Ctrl Pts',(-0.895175657725385,-15.4454473352505,
-30.7215599678361));
#7537=CARTESIAN_POINT('Ctrl Pts',(-0.822712992422463,-15.4799381349985,
-30.7273859489036));
#7538=CARTESIAN_POINT('Ctrl Pts',(-0.752097332337193,-15.5172910003106,
-30.7259922956147));
#7539=CARTESIAN_POINT('Ctrl Pts',(-0.954544179239721,-15.3826221971523,
-30.6841556879544));
#7540=CARTESIAN_POINT('Ctrl Pts',(-0.882696897576534,-15.4143396784181,
-30.6965971406482));
#7541=CARTESIAN_POINT('Ctrl Pts',(-0.811109263769688,-15.4496130351277,
-30.7021078240448));
#7542=CARTESIAN_POINT('Ctrl Pts',(-0.741468594727169,-15.4876450135924,
-30.7005179916073));
#7543=CARTESIAN_POINT('Ctrl Pts',(-0.940948257206502,-15.3476497198926,
-30.6654901282829));
#7544=CARTESIAN_POINT('Ctrl Pts',(-0.869359630400723,-15.3803280741491,
-30.6773385870014));
#7545=CARTESIAN_POINT('Ctrl Pts',(-0.798230845832107,-15.416506048303,-30.6822943364726));
#7546=CARTESIAN_POINT('Ctrl Pts',(-0.729196679766001,-15.4553521520675,
-30.6802434770755));
#7547=CARTESIAN_POINT('',(-0.940948257206501,-15.3476497198926,-30.6654901282829));
#7548=CARTESIAN_POINT('Origin',(-1.,-15.7997187224344,-29.7754640002317));
#7549=CARTESIAN_POINT('Origin',(-0.917327560089101,-15.1668221188741,-31.0215005795025));
#7550=CARTESIAN_POINT('Origin',(-2.10179885978719,-14.4783449066375,-36.8244371322705));
#7551=CARTESIAN_POINT('',(-0.926447709126527,-17.2015637008676,-31.8930512016041));
#7552=CARTESIAN_POINT('Origin',(-1.27126812692777,-14.2117599738628,-34.6047064153067));
#7553=CARTESIAN_POINT('Ctrl Pts',(-0.593487600964169,-16.6274910419434,
-31.2728975176555));
#7554=CARTESIAN_POINT('Ctrl Pts',(-0.690334286508975,-16.8005899040622,
-31.4497451284816));
#7555=CARTESIAN_POINT('Ctrl Pts',(-0.800219601573424,-16.9938149071115,
-31.6522371019802));
#7556=CARTESIAN_POINT('Ctrl Pts',(-0.926447709126529,-17.2015637008676,
-31.8930512016041));
#7557=CARTESIAN_POINT('Origin',(-4.95110790701844,-13.8207217984922,-30.6054133906449));
#7558=CARTESIAN_POINT('',(-4.97472860413584,-14.0015493995107,-30.2494029394253));
#7559=CARTESIAN_POINT('',(-5.08087543888498,-14.1545198333857,-30.7835685465471));
#7560=CARTESIAN_POINT('Origin',(-5.77462697461031,-9.42310188364938,-39.143200811021));
#7561=CARTESIAN_POINT('',(-5.58919020413481,-9.46056254302858,-39.2080845775154));
#7562=CARTESIAN_POINT('',(-6.24664143434978,-7.64162033173726,-42.1372364710078));
#7563=CARTESIAN_POINT('',(-5.03287989270831,-9.57294452116617,-39.4027358769984));
#7564=CARTESIAN_POINT('',(-5.77462697461031,-9.42310188364939,-39.143200811021));
#7565=CARTESIAN_POINT('',(-5.2183166631838,-9.53548386178699,-39.3378521105041));
#7566=CARTESIAN_POINT('Ctrl Pts',(-2.50468746477088,-17.1239336397108,-33.4469510287881));
#7567=CARTESIAN_POINT('Ctrl Pts',(-3.09056773388737,-17.0061691503096,-33.2544067618077));
#7568=CARTESIAN_POINT('Ctrl Pts',(-3.85604913259508,-16.8556846085093,-33.0740719011243));
#7569=CARTESIAN_POINT('Ctrl Pts',(-4.78803699045542,-16.6750542708291,-32.9090313362899));
#7570=CARTESIAN_POINT('Ctrl Pts',(-2.47126190224464,-17.125265538506,-33.3444279661212));
#7571=CARTESIAN_POINT('Ctrl Pts',(-3.06502772240472,-17.0060977348031,-33.1515911000544));
#7572=CARTESIAN_POINT('Ctrl Pts',(-3.83478068089658,-16.8547675684814,-32.9728940049571));
#7573=CARTESIAN_POINT('Ctrl Pts',(-4.77015062054601,-16.6736500695193,-32.8095634373738));
#7574=CARTESIAN_POINT('Ctrl Pts',(-2.4213666319919,-17.2184918826225,-33.1355855642799));
#7575=CARTESIAN_POINT('Ctrl Pts',(-3.03014024589784,-17.0923806798055,-32.9423454826886));
#7576=CARTESIAN_POINT('Ctrl Pts',(-3.8076820118461,-16.9358756022288,-32.7669645163527));
#7577=CARTESIAN_POINT('Ctrl Pts',(-4.7490886208121,-16.7498404944857,-32.6072384499536));
#7578=CARTESIAN_POINT('Ctrl Pts',(-2.44143205267397,-17.5156756812894,-33.0148768846414));
#7579=CARTESIAN_POINT('Ctrl Pts',(-3.05444559204066,-17.3784143082424,-32.8150705649137));
#7580=CARTESIAN_POINT('Ctrl Pts',(-3.83368048888772,-17.2109094127426,-32.6350341077061));
#7581=CARTESIAN_POINT('Ctrl Pts',(-4.77625815098094,-17.0140907041568,-32.4714540601807));
#7582=CARTESIAN_POINT('Ctrl Pts',(-2.52004020867689,-17.7749077865446,-33.0955161647688));
#7583=CARTESIAN_POINT('Ctrl Pts',(-3.12215590281976,-17.6370417068435,-32.8858990812806));
#7584=CARTESIAN_POINT('Ctrl Pts',(-3.89570004085629,-17.4670455541731,-32.6940947210138));
#7585=CARTESIAN_POINT('Ctrl Pts',(-4.83365142467839,-17.2666264826966,-32.5191648230638));
#7586=CARTESIAN_POINT('Ctrl Pts',(-2.58060307625535,-17.8690319966239,-33.2222304003972));
#7587=CARTESIAN_POINT('Ctrl Pts',(-3.17195965663365,-17.7379900686091,-33.0077726410987));
#7588=CARTESIAN_POINT('Ctrl Pts',(-3.93991832716623,-17.5729644589663,-32.8079542217758));
#7589=CARTESIAN_POINT('Ctrl Pts',(-4.87366317047403,-17.3763824353976,-32.6249885426571));
#7590=CARTESIAN_POINT('Ctrl Pts',(-2.60897506602735,-17.8923696589613,-33.2942878100079));
#7591=CARTESIAN_POINT('Ctrl Pts',(-3.19492286446475,-17.7662901559282,-33.0784578653512));
#7592=CARTESIAN_POINT('Ctrl Pts',(-3.96029103910234,-17.6053320338027,-32.8756081156366));
#7593=CARTESIAN_POINT('Ctrl Pts',(-4.89198685636357,-17.4122487148981,-32.6892086002741));
#7594=CARTESIAN_POINT('',(-4.78803699045542,-16.6750542708291,-32.90903133629));
#7595=CARTESIAN_POINT('Origin',(-33.7529062545683,-11.4310399526576,-35.5704305467514));
#7596=CARTESIAN_POINT('',(-4.14262710711699,-17.568104201151,-32.8509913710022));
#7597=CARTESIAN_POINT('Ctrl Pts',(-4.78803699045534,-16.6750542708291,-32.9090313362899));
#7598=CARTESIAN_POINT('Ctrl Pts',(-4.77104944056281,-16.6773548249778,-32.8911400330971));
#7599=CARTESIAN_POINT('Ctrl Pts',(-4.75301551603376,-16.6815532728707,-32.8734853981748));
#7600=CARTESIAN_POINT('Ctrl Pts',(-4.73410809806966,-16.6875285622478,-32.8561942314308));
#7601=CARTESIAN_POINT('Ctrl Pts',(-4.71498815194434,-16.6935710166534,-32.8387087039402));
#7602=CARTESIAN_POINT('Ctrl Pts',(-4.69497487989072,-16.7014308978175,-32.8215935683049));
#7603=CARTESIAN_POINT('Ctrl Pts',(-4.67426048975848,-16.7110325122555,-32.8049891040038));
#7604=CARTESIAN_POINT('Ctrl Pts',(-4.66593908794929,-16.7148896806898,-32.7983187449734));
#7605=CARTESIAN_POINT('Ctrl Pts',(-4.65750469760617,-16.7190284485753,-32.7917310089209));
#7606=CARTESIAN_POINT('Ctrl Pts',(-4.64897043650949,-16.7234458959167,-32.7852361388504));
#7607=CARTESIAN_POINT('Ctrl Pts',(-4.62654860314031,-16.7350517358462,-32.768172342369));
#7608=CARTESIAN_POINT('Ctrl Pts',(-4.60363993347219,-16.7484726789866,-32.7519031372252));
#7609=CARTESIAN_POINT('Ctrl Pts',(-4.58051061361353,-16.7635855409163,-32.7366071275303));
#7610=CARTESIAN_POINT('Ctrl Pts',(-4.55820096783014,-16.7781628219814,-32.721853189227));
#7611=CARTESIAN_POINT('Ctrl Pts',(-4.53568601299,-16.7943149495789,-32.7080036139261));
#7612=CARTESIAN_POINT('Ctrl Pts',(-4.51321538561115,-16.8119682424082,-32.6952465590825));
#7613=CARTESIAN_POINT('Ctrl Pts',(-4.5045956842184,-16.8187400209715,-32.6903529705971));
#7614=CARTESIAN_POINT('Ctrl Pts',(-4.49598262306032,-16.8257330338358,-32.685620526205));
#7615=CARTESIAN_POINT('Ctrl Pts',(-4.48739075417395,-16.8329443140669,-32.681061496023));
#7616=CARTESIAN_POINT('Ctrl Pts',(-4.4726376633783,-16.8453267972506,-32.6732331891546));
#7617=CARTESIAN_POINT('Ctrl Pts',(-4.45794702168668,-16.8583528060737,-32.665915772689));
#7618=CARTESIAN_POINT('Ctrl Pts',(-4.4433780273396,-16.871966958208,-32.6591382653008));
#7619=CARTESIAN_POINT('Ctrl Pts',(-4.42087881391526,-16.8929915881285,-32.6486716138919));
#7620=CARTESIAN_POINT('Ctrl Pts',(-4.39896804765593,-16.915140161082,-32.6396270475674));
#7621=CARTESIAN_POINT('Ctrl Pts',(-4.37781600451314,-16.9381476609964,-32.6320332407575));
#7622=CARTESIAN_POINT('Ctrl Pts',(-4.35648387418093,-16.9613510453445,-32.6243747807452));
#7623=CARTESIAN_POINT('Ctrl Pts',(-4.33592356449655,-16.9854294744456,-32.6181911503376));
#7624=CARTESIAN_POINT('Ctrl Pts',(-4.31631810898209,-17.0101410459102,-32.6135542244359));
#7625=CARTESIAN_POINT('Ctrl Pts',(-4.29748213595342,-17.0338827280792,-32.6090992903918));
#7626=CARTESIAN_POINT('Ctrl Pts',(-4.27952766412417,-17.058210159927,-32.6060716949489));
#7627=CARTESIAN_POINT('Ctrl Pts',(-4.26262278931317,-17.0829159584135,-32.6045814594797));
#7628=CARTESIAN_POINT('Ctrl Pts',(-4.25757030343572,-17.0902999644674,-32.6041360617027));
#7629=CARTESIAN_POINT('Ctrl Pts',(-4.25261160944697,-17.0977177474775,-32.6038283359404));
#7630=CARTESIAN_POINT('Ctrl Pts',(-4.24775127708428,-17.1051636378983,-32.6036621392029));
#7631=CARTESIAN_POINT('Ctrl Pts',(-4.23557797484942,-17.1238127893832,-32.6032458789628));
#7632=CARTESIAN_POINT('Ctrl Pts',(-4.2241418314238,-17.14245719046,-32.6037201398938));
#7633=CARTESIAN_POINT('Ctrl Pts',(-4.21348330194158,-17.161002916247,-32.6051024127844));
#7634=CARTESIAN_POINT('Ctrl Pts',(-4.19849167658117,-17.1870881819021,-32.6070466319523));
#7635=CARTESIAN_POINT('Ctrl Pts',(-4.18503828482674,-17.2129785337632,-32.6107847435341));
#7636=CARTESIAN_POINT('Ctrl Pts',(-4.17319456615199,-17.23840257808,-32.6161891237105));
#7637=CARTESIAN_POINT('Ctrl Pts',(-4.1629541908037,-17.2603848425887,-32.6208618859611));
#7638=CARTESIAN_POINT('Ctrl Pts',(-4.15391740937803,-17.2820193634123,-32.6267813229089));
#7639=CARTESIAN_POINT('Ctrl Pts',(-4.14613293144346,-17.3031264513742,-32.6338959102917));
#7640=CARTESIAN_POINT('Ctrl Pts',(-4.13773397536106,-17.3258996554747,-32.6415720971182));
#7641=CARTESIAN_POINT('Ctrl Pts',(-4.13087172067209,-17.3478381176353,-32.6505639458249));
#7642=CARTESIAN_POINT('Ctrl Pts',(-4.12554362203003,-17.3687617445885,-32.6607721718416));
#7643=CARTESIAN_POINT('Ctrl Pts',(-4.12196516125075,-17.3828144833687,-32.667628226671));
#7644=CARTESIAN_POINT('Ctrl Pts',(-4.11907894286766,-17.3964095600355,-32.6750340765093));
#7645=CARTESIAN_POINT('Ctrl Pts',(-4.11688606825495,-17.4094892106669,-32.6829722943711));
#7646=CARTESIAN_POINT('Ctrl Pts',(-4.11514082062132,-17.4198989391489,-32.6892901001674));
#7647=CARTESIAN_POINT('Ctrl Pts',(-4.11383478391449,-17.4299821417822,-32.6959453433447));
#7648=CARTESIAN_POINT('Ctrl Pts',(-4.11296781145047,-17.4397193773473,-32.7029166607296));
#7649=CARTESIAN_POINT('Ctrl Pts',(-4.11146839815741,-17.4565597512344,-32.7149734288402));
#7650=CARTESIAN_POINT('Ctrl Pts',(-4.11126710732195,-17.4725633867283,-32.7281159545108));
#7651=CARTESIAN_POINT('Ctrl Pts',(-4.1124835283275,-17.4875068026779,-32.742289924524));
#7652=CARTESIAN_POINT('Ctrl Pts',(-4.1132809724988,-17.4973031970955,-32.7515818963986));
#7653=CARTESIAN_POINT('Ctrl Pts',(-4.11468749383052,-17.5066430830215,-32.7613171813586));
#7654=CARTESIAN_POINT('Ctrl Pts',(-4.11673397425197,-17.5154515284797,-32.7714793338965));
#7655=CARTESIAN_POINT('Ctrl Pts',(-4.12018804882077,-17.5303185299565,-32.7886311386623));
#7656=CARTESIAN_POINT('Ctrl Pts',(-4.12539801903892,-17.5433660002138,-32.8066425599039));
#7657=CARTESIAN_POINT('Ctrl Pts',(-4.13231298611263,-17.5544107974265,-32.8253374209032));
#7658=CARTESIAN_POINT('Ctrl Pts',(-4.13542699036117,-17.5593845803929,-32.8337562428523));
#7659=CARTESIAN_POINT('Ctrl Pts',(-4.13888681725816,-17.5639516973961,-32.842314087139));
#7660=CARTESIAN_POINT('Ctrl Pts',(-4.14268799712558,-17.5680924043806,-32.850996624534));
#7661=CARTESIAN_POINT('Origin',(-33.8257474086344,-11.8239095848583,-35.5517860202399));
#7662=CARTESIAN_POINT('Ctrl Pts',(-3.98302802293772,-17.3758157285789,-32.495861071251));
#7663=CARTESIAN_POINT('Ctrl Pts',(-4.29522857111423,-17.7887126326434,-33.1730789118424));
#7664=CARTESIAN_POINT('Ctrl Pts',(-4.61175910619175,-17.9836394189248,-33.964865221862));
#7665=CARTESIAN_POINT('Ctrl Pts',(-4.8835398271667,-17.9574116386454,-34.7342761579532));
#7666=CARTESIAN_POINT('Ctrl Pts',(-4.3047057497191,-17.0135700272124,-32.6028459016872));
#7667=CARTESIAN_POINT('Ctrl Pts',(-4.59315989326971,-17.4076897187211,-33.2152579967359));
#7668=CARTESIAN_POINT('Ctrl Pts',(-4.88866227329034,-17.6092221612575,-33.9432363586242));
#7669=CARTESIAN_POINT('Ctrl Pts',(-5.14345187194165,-17.6030071082095,-34.6600248008001));
#7670=CARTESIAN_POINT('Ctrl Pts',(-4.62638347650048,-16.6513243258458,-32.7098307321234));
#7671=CARTESIAN_POINT('Ctrl Pts',(-4.89109121542518,-17.0266668047987,-33.2574370816294));
#7672=CARTESIAN_POINT('Ctrl Pts',(-5.16556544038893,-17.2348049035902,-33.9216074953865));
#7673=CARTESIAN_POINT('Ctrl Pts',(-5.40336391671659,-17.2486025777736,-34.5857734436469));
#7674=CARTESIAN_POINT('Ctrl Pts',(-4.94806120328186,-16.2890786244793,-32.8168155625596));
#7675=CARTESIAN_POINT('Ctrl Pts',(-5.18902253758066,-16.6456438908764,-33.2996161665229));
#7676=CARTESIAN_POINT('Ctrl Pts',(-5.44246860748753,-16.8603876459229,-33.8999786321487));
#7677=CARTESIAN_POINT('Ctrl Pts',(-5.66327596149154,-16.8941980473377,-34.5115220864938));
#7678=CARTESIAN_POINT('Ctrl Pts',(-4.7880369904554,-16.6750542708291,-32.90903133629));
#7679=CARTESIAN_POINT('Ctrl Pts',(-4.93338821305272,-16.6553699514148,-33.0621153778025));
#7680=CARTESIAN_POINT('Ctrl Pts',(-5.0770844296468,-16.6362446722948,-33.2205134404315));
#7681=CARTESIAN_POINT('Ctrl Pts',(-5.21175689676872,-16.618847056261,-33.3800617621264));
#7682=CARTESIAN_POINT('',(-4.8835398271667,-17.9574116386454,-34.7342761579532));
#7683=CARTESIAN_POINT('',(-5.66327596149154,-16.8941980473377,-34.5115220864938));
#7684=CARTESIAN_POINT('Ctrl Pts',(-4.8835398271667,-17.9574116386454,-34.7342761579532));
#7685=CARTESIAN_POINT('Ctrl Pts',(-4.65804184738544,-17.9791729742028,-34.0958916136493));
#7686=CARTESIAN_POINT('Ctrl Pts',(-4.40173758794777,-17.8486889974298,-33.4421036081138));
#7687=CARTESIAN_POINT('Ctrl Pts',(-4.14266038729866,-17.5677785977377,-32.8511315519854));
#7688=CARTESIAN_POINT('Origin',(-4.48810976048393,-16.653906549012,-31.2916481734322));
#7689=CARTESIAN_POINT('',(-6.17623189336578,-16.6005964148686,-36.7635399646921));
#7690=CARTESIAN_POINT('',(-5.80535835241478,-16.675517733627,-36.8933074976808));
#7691=CARTESIAN_POINT('',(-6.1472680644483,-16.604635809101,-36.7354993814242));
#7692=CARTESIAN_POINT('Origin',(-6.81574466149302,-13.8801251283194,-41.394896108942));
#7693=CARTESIAN_POINT('',(-4.9105825688063,-9.7821301317917,-39.5489257303875));
#7694=CARTESIAN_POINT('',(-4.26908082451215,-10.8793980835012,-40.3157540055701));
#7695=CARTESIAN_POINT('',(-6.38173167396854,-13.7833214958315,-41.4433575550359));
#7696=CARTESIAN_POINT('',(-4.8972131105899,-9.74576824259256,-39.5317095780379));
#7697=CARTESIAN_POINT('',(-6.63030789101753,-13.9175857876986,-41.4597798754363));
#7698=CARTESIAN_POINT('',(-6.64610456907568,-13.9261180995123,-41.4608234914001));
#7699=CARTESIAN_POINT('',(-6.81574466149303,-13.8801251283194,-41.394896108942));
#7700=CARTESIAN_POINT('Origin',(-3.90655780846092,-4.2173954409772,-39.8922399822543));
#7701=CARTESIAN_POINT('',(-4.94978754851709,-9.67366339051652,-39.7235962386724));
#7702=CARTESIAN_POINT('',(-5.19073377426668,-9.0070477686643,-40.7970874133007));
#7703=CARTESIAN_POINT('',(-4.36812854039691,-8.17747531407005,-38.9250486375659));
#7704=CARTESIAN_POINT('',(-3.88138545830921,-6.92543728913506,-38.2568091447873));
#7705=CARTESIAN_POINT('',(1.73131913441687,3.66076899384066,-28.327737815677));
#7706=CARTESIAN_POINT('',(-0.876519945686737,-1.40071161750439,-32.858653199941));
#7707=CARTESIAN_POINT('',(1.73131913441687,7.85932703698447,-30.7517763885872));
#7708=CARTESIAN_POINT('',(1.73131913441687,5.30952446859362,-29.2796472157684));
#7709=CARTESIAN_POINT('',(1.63667467577152,8.06425016427395,-31.1405811634626));
#7710=CARTESIAN_POINT('Origin',(1.58147649487331,7.67389026649179,-31.0729622966601));
#7711=CARTESIAN_POINT('',(-2.92087864105764,6.59926144101878,-43.320184282763));
#7712=CARTESIAN_POINT('',(-2.63231732718676,6.6920171459773,-42.5490331772886));
#7713=CARTESIAN_POINT('',(-5.91076813396982,1.85442849293942,-49.125810267776));
#7714=CARTESIAN_POINT('Origin',(-4.16727754126763,0.732762699312105,-43.4953479066041));
#7715=CARTESIAN_POINT('',(-9.51701164482135,-7.42182867212409,-54.0767472676229));
#7716=CARTESIAN_POINT('',(-7.79567316596786,-2.99406932921887,-51.7135573336732));
#7717=CARTESIAN_POINT('',(-9.10183860800295,-8.57047016361855,-52.2270208833161));
#7718=CARTESIAN_POINT('',(-7.13571164600057,-14.0100695735621,-43.467307236248));
#7719=CARTESIAN_POINT('',(-7.25140485206779,-5.34406051358895,-48.8012791489589));
#7720=CARTESIAN_POINT('Origin',(-8.11217050655311,-7.55818819127715,-49.9830064821701));
#7721=CARTESIAN_POINT('',(-6.03393339066013,-8.71238675654521,-43.3770610890289));
#7722=CARTESIAN_POINT('',(-6.55115198709802,-7.28142017790162,-45.6814325183898));
#7723=CARTESIAN_POINT('',(-7.30993845467085,-13.5280437105558,-44.2435424352404));
#7724=CARTESIAN_POINT('Origin',(-6.89469904514545,-10.9265144342334,-44.5587884222401));
#7725=CARTESIAN_POINT('',(-6.88873404071649,-14.693371955319,-42.3669443698928));
#7726=CARTESIAN_POINT('',(-7.13571164600057,-14.0100695735621,-43.467307236248));
#7727=CARTESIAN_POINT('',(-6.41141663542527,-13.7011933820601,-41.5756133894813));
#7728=CARTESIAN_POINT('',(-4.8913082373499,-10.5414113064809,-39.0554688155642));
#7729=CARTESIAN_POINT('',(-6.1752667260715,-14.3545392403921,-40.523491312068));
#7730=CARTESIAN_POINT('Origin',(-5.25101027653779,-8.90486793025134,-40.720106741078));
#7731=CARTESIAN_POINT('',(-4.94978754851709,-9.67366339051652,-39.7235962386724));
#7732=CARTESIAN_POINT('Origin',(0.711940920802231,-3.02668753772501,-24.297664631822));
#7733=CARTESIAN_POINT('',(-0.940948257206501,6.80230166987354,-19.4149143129793));
#7734=CARTESIAN_POINT('Origin',(2.8,-21.2499980719356,-29.6516436189413));
#7735=CARTESIAN_POINT('',(3.,-21.8499980719356,-29.6516436189413));
#7736=CARTESIAN_POINT('',(2.6,-22.2499980719356,-29.6516436189413));
#7737=CARTESIAN_POINT('',(2.8,-22.0499980719356,-29.6516436189413));
#7738=CARTESIAN_POINT('',(3.,-21.2499980719356,-29.0516436189413));
#7739=CARTESIAN_POINT('Origin',(3.,-21.2499980719356,-29.6516436189413));
#7740=CARTESIAN_POINT('',(2.6,-21.2499980719356,-28.6516436189413));
#7741=CARTESIAN_POINT('',(3.,-21.2499980719356,-29.0516436189413));
#7742=CARTESIAN_POINT('Origin',(2.6,-21.2499980719356,-29.6516436189413));
#7743=CARTESIAN_POINT('Origin',(2.8,-56.7499990359678,-28.8516436189413));
#7744=CARTESIAN_POINT('',(3.,-18.9999981969595,-29.0516436189413));
#7745=CARTESIAN_POINT('',(3.,-56.7499990359678,-29.0516436189413));
#7746=CARTESIAN_POINT('',(2.6,-18.9999981969595,-28.6516436189413));
#7747=CARTESIAN_POINT('',(3.,-18.9999981969595,-29.0516436189413));
#7748=CARTESIAN_POINT('',(2.6,-56.7499990359678,-28.6516436189413));
#7749=CARTESIAN_POINT('Origin',(2.8,-18.9999981969595,-25.6516435742378));
#7750=CARTESIAN_POINT('',(3.,-18.9999981969595,-22.2516435742378));
#7751=CARTESIAN_POINT('Origin',(3.,-18.9999981969595,-25.6516435742378));
#7752=CARTESIAN_POINT('',(2.6,-18.9999981969595,-22.6516435295343));
#7753=CARTESIAN_POINT('',(3.,-18.9999981969595,-22.2516435742378));
#7754=CARTESIAN_POINT('Origin',(2.6,-18.9999981969595,-25.6516435742378));
#7755=CARTESIAN_POINT('Origin',(2.8,-55.1249990984797,-22.4516435295343));
#7756=CARTESIAN_POINT('',(3.,-21.2499980719356,-22.2516435295343));
#7757=CARTESIAN_POINT('',(3.,-55.1249990984797,-22.2516435295343));
#7758=CARTESIAN_POINT('',(2.6,-21.2499980719356,-22.6516435295343));
#7759=CARTESIAN_POINT('',(3.,-21.2499980719356,-22.2516435295343));
#7760=CARTESIAN_POINT('',(2.6,-55.1249990984797,-22.6516435295343));
#7761=CARTESIAN_POINT('Origin',(2.8,-21.2499980719356,-21.6516435295343));
#7762=CARTESIAN_POINT('',(3.,-21.8499980719356,-21.6516435295343));
#7763=CARTESIAN_POINT('',(2.6,-22.2499980719356,-21.6516435295343));
#7764=CARTESIAN_POINT('',(2.8,-22.0499980719356,-21.6516435295343));
#7765=CARTESIAN_POINT('Origin',(2.6,-21.2499980719356,-21.6516435295343));
#7766=CARTESIAN_POINT('Origin',(3.,-21.2499980719356,-21.6516435295343));
#7767=CARTESIAN_POINT('Origin',(3.,-91.25,6.93889390036336E-17));
#7768=CARTESIAN_POINT('',(3.,-21.8499980719356,-104.));
#7769=CARTESIAN_POINT('',(3.,-21.8499980719356,53.));
#7770=CARTESIAN_POINT('',(3.,-20.2499980719356,-105.6));
#7771=CARTESIAN_POINT('Origin',(3.,-20.2499980719356,-104.));
#7772=CARTESIAN_POINT('',(3.,38.7499999999996,-105.6));
#7773=CARTESIAN_POINT('',(3.,-23.75,-105.6));
#7774=CARTESIAN_POINT('',(3.,40.35,-104.));
#7775=CARTESIAN_POINT('Origin',(3.,38.7499999999996,-104.));
#7776=CARTESIAN_POINT('',(3.,40.3500000000004,104.));
#7777=CARTESIAN_POINT('',(3.,40.3500000000003,52.9999999999999));
#7778=CARTESIAN_POINT('',(3.,38.75,105.6));
#7779=CARTESIAN_POINT('Origin',(3.,38.75,104.));
#7780=CARTESIAN_POINT('',(3.,-20.2499980719356,105.6));
#7781=CARTESIAN_POINT('',(3.,-23.75,105.6));
#7782=CARTESIAN_POINT('',(3.,-21.8499980719356,104.));
#7783=CARTESIAN_POINT('Origin',(3.,-20.2499980719356,104.));
#7784=CARTESIAN_POINT('',(3.,-21.8499980719356,53.));
#7785=CARTESIAN_POINT('',(3.,23.4302841331208,-13.9326878834512));
#7786=CARTESIAN_POINT('Ctrl Pts',(3.,23.4302841331208,-13.9326878834512));
#7787=CARTESIAN_POINT('Ctrl Pts',(3.,23.6354887689007,-14.0511628351561));
#7788=CARTESIAN_POINT('Ctrl Pts',(3.,24.1129046703599,-14.1543380651497));
#7789=CARTESIAN_POINT('Ctrl Pts',(3.,25.0839866301858,-13.9080297880269));
#7790=CARTESIAN_POINT('Ctrl Pts',(3.,26.8993293900889,-12.6513005159268));
#7791=CARTESIAN_POINT('Ctrl Pts',(3.,29.5265861852368,-8.83922912048966));
#7792=CARTESIAN_POINT('Ctrl Pts',(3.,30.356528027662,-5.55570213560739));
#7793=CARTESIAN_POINT('Ctrl Pts',(3.,30.0402343292204,-4.2510649272939));
#7794=CARTESIAN_POINT('Ctrl Pts',(3.,29.7436635375696,-3.6698865648694));
#7795=CARTESIAN_POINT('Ctrl Pts',(3.,29.0049869065105,-3.2644604674422));
#7796=CARTESIAN_POINT('Ctrl Pts',(3.,27.8604538565346,-3.49563782793226));
#7797=CARTESIAN_POINT('Ctrl Pts',(3.,26.4926934258047,-4.46273788453222));
#7798=CARTESIAN_POINT('Ctrl Pts',(3.,24.3777416978347,-6.95134005249571));
#7799=CARTESIAN_POINT('Ctrl Pts',(3.,22.8173029166877,-10.2822000108284));
#7800=CARTESIAN_POINT('Ctrl Pts',(3.,22.6228919682101,-12.4891385936026));
#7801=CARTESIAN_POINT('Ctrl Pts',(3.,22.8978229270876,-13.4519701667521));
#7802=CARTESIAN_POINT('Ctrl Pts',(3.,23.2250794973409,-13.8142129317463));
#7803=CARTESIAN_POINT('Ctrl Pts',(3.,23.4302841331208,-13.9326878834512));
#7804=CARTESIAN_POINT('Origin',(2.8,-22.0499980719356,53.));
#7805=CARTESIAN_POINT('',(2.6,-22.2499980719356,-104.));
#7806=CARTESIAN_POINT('',(2.6,-22.2499980719356,53.));
#7807=CARTESIAN_POINT('',(3.,-21.8499980719356,-104.));
#7808=CARTESIAN_POINT('Origin',(-7.6740333443322E-26,-21.2499980719356,
-29.6516436189413));
#7809=CARTESIAN_POINT('',(9.85508120524952E-26,-21.2499980719356,-28.6516436189413));
#7810=CARTESIAN_POINT('',(-7.6740333443322E-26,-21.2499980719356,-28.6516436189413));
#7811=CARTESIAN_POINT('',(-1.43787264261312E-25,-22.2499980719356,-29.6516436189413));
#7812=CARTESIAN_POINT('Origin',(1.47826218078743E-25,-21.2499980719356,
-29.6516436189413));
#7813=CARTESIAN_POINT('',(-7.18935720416441E-26,-22.2499980719356,-29.6516436189413));
#7814=CARTESIAN_POINT('Origin',(-6.88644065575878E-26,-21.2499980719356,
-21.6516435295343));
#7815=CARTESIAN_POINT('',(-1.43787264261312E-25,-22.2499980719356,-21.6516435295343));
#7816=CARTESIAN_POINT('',(-6.40176451559099E-26,-22.2499980719356,-21.6516435295343));
#7817=CARTESIAN_POINT('',(9.85508120524952E-26,-21.2499980719356,-22.6516435295343));
#7818=CARTESIAN_POINT('Origin',(1.47826218078743E-25,-21.2499980719356,
-21.6516435295343));
#7819=CARTESIAN_POINT('',(-6.88644065575878E-26,-21.2499980719356,-22.6516435295343));
#7820=CARTESIAN_POINT('Origin',(-1.43787264261312E-25,-22.2499980719356,
106.));
#7821=CARTESIAN_POINT('',(2.6,-22.2499980719356,104.));
#7822=CARTESIAN_POINT('',(2.6,-22.2499980719356,53.));
#7823=CARTESIAN_POINT('',(-1.43787264261312E-25,-22.2499980719356,104.));
#7824=CARTESIAN_POINT('',(1.,-22.2499980719356,104.));
#7825=CARTESIAN_POINT('',(-1.43787264261312E-25,-22.2499980719356,106.));
#7826=CARTESIAN_POINT('Origin',(2.8,-22.0499980719356,53.));
#7827=CARTESIAN_POINT('',(2.6,-22.2499980719356,104.));
#7828=CARTESIAN_POINT('Origin',(1.20178023906648E-31,-22.2499980719356,
-28.6516436189413));
#7829=CARTESIAN_POINT('',(0.,-18.9999981969595,-28.6516436189413));
#7830=CARTESIAN_POINT('',(0.,-18.9999981969595,-28.6516436189413));
#7831=CARTESIAN_POINT('',(5.08909931601402E-26,-6.49999855395157,-28.6516436189413));
#7832=CARTESIAN_POINT('Origin',(0.,-18.9999981969595,-22.6516435295343));
#7833=CARTESIAN_POINT('',(0.,-18.9999981969595,-22.6516435295343));
#7834=CARTESIAN_POINT('',(4.56403351769762E-26,-4.87499861646352,-22.6516435295343));
#7835=CARTESIAN_POINT('',(0.,-18.9999981969595,-22.6516435295343));
#7836=CARTESIAN_POINT('Origin',(0.,-18.9999981969595,-25.6516435742378));
#7837=CARTESIAN_POINT('Origin',(0.,-18.9999981969595,-25.6516435742378));
#7838=CARTESIAN_POINT('Origin',(0.,9.25000096403245,1.43779681374081E-54));
#7839=CARTESIAN_POINT('',(-8.40105371923289E-26,-20.2499980719356,106.));
#7840=CARTESIAN_POINT('Origin',(-8.40105371923289E-26,-20.2499980719356,
104.));
#7841=CARTESIAN_POINT('',(-2.74649812761747E-25,38.75,106.));
#7842=CARTESIAN_POINT('',(-2.90805684100674E-25,43.75,106.));
#7843=CARTESIAN_POINT('',(-2.81112161297318E-25,40.7500000000001,104.));
#7844=CARTESIAN_POINT('Origin',(-1.58206781009359E-13,38.75,104.));
#7845=CARTESIAN_POINT('',(-2.81112161297317E-25,40.7499999999997,-104.));
#7846=CARTESIAN_POINT('',(-2.81112161297318E-25,40.75,53.));
#7847=CARTESIAN_POINT('',(-2.74649812761746E-25,38.7499999999996,-106.));
#7848=CARTESIAN_POINT('Origin',(-1.58206781009359E-13,38.7499999999996,
-104.));
#7849=CARTESIAN_POINT('',(-8.40105371923289E-26,-20.2499980719356,-106.));
#7850=CARTESIAN_POINT('',(-2.90805684100674E-25,43.75,-106.));
#7851=CARTESIAN_POINT('',(-1.43787264261312E-25,-22.2499980719356,-104.));
#7852=CARTESIAN_POINT('Origin',(-8.40105371923289E-26,-20.2499980719356,
-104.));
#7853=CARTESIAN_POINT('',(-1.43787264261312E-25,-22.2499980719356,106.));
#7854=CARTESIAN_POINT('',(3.48435972858167E-26,22.0918055929156,-26.2510007199349));
#7855=CARTESIAN_POINT('',(-2.77555756156289E-16,26.3577512463111,-18.8621661058922));
#7856=CARTESIAN_POINT('',(0.,32.8753766411276,-7.57330777731668));
#7857=CARTESIAN_POINT('',(2.77555756170281E-16,17.6974972084733,-13.8621661058808));
#7858=CARTESIAN_POINT('Origin',(2.77555756156289E-16,22.0276242273922,-16.3621661058865));
#7859=CARTESIAN_POINT('',(1.060979027752E-26,13.4315515550585,-21.251000719957));
#7860=CARTESIAN_POINT('',(0.,16.7151226032992,-15.5636888341156));
#7861=CARTESIAN_POINT('',(-8.80460090265788E-27,13.7583095875079,-22.6850392059778));
#7862=CARTESIAN_POINT('Origin',(0.,14.2975769588443,-21.7510007199548));
#7863=CARTESIAN_POINT('',(-3.11908329023435E-26,20.6865128177935,-26.6850392059602));
#7864=CARTESIAN_POINT('',(0.,11.0334175906758,-21.1118220781034));
#7865=CARTESIAN_POINT('Origin',(0.,21.2257801891299,-25.7510007199371));
#7866=CARTESIAN_POINT('',(0.,16.617133864374,-35.3068889008786));
#7867=CARTESIAN_POINT('',(1.38777878078145E-16,17.1756238255243,-17.9165402138598));
#7868=CARTESIAN_POINT('',(0.,14.6956686075696,-31.7067611156864));
#7869=CARTESIAN_POINT('Origin',(0.,12.538599121195,-35.4429150709423));
#7870=CARTESIAN_POINT('',(0.,1.19566860759661,-23.9125324816184));
#7871=CARTESIAN_POINT('',(0.,-0.961171906240885,-22.6672800303514));
#7872=CARTESIAN_POINT('',(0.,-2.88286613561638,-24.0485586516831));
#7873=CARTESIAN_POINT('Origin',(0.,-0.961400878790813,-27.6486864368967));
#7874=CARTESIAN_POINT('',(-5.55111512312578E-16,0.52649192633775,-21.9314184289048));
#7875=CARTESIAN_POINT('',(7.38772196147762E-26,-16.5136593707253,-30.1380942945327));
#7876=CARTESIAN_POINT('',(0.,6.3502326673274,-18.5248881849302));
#7877=CARTESIAN_POINT('',(1.61987227715872E-26,-19.2449191948238,-34.6274159107592));
#7878=CARTESIAN_POINT('Origin',(0.,-14.2316573187659,-34.5968146438469));
#7879=CARTESIAN_POINT('',(-8.58832217017526E-28,-19.1218926872811,-49.515011074934));
#7880=CARTESIAN_POINT('',(0.,-19.3876883843997,-17.3507335211118));
#7881=CARTESIAN_POINT('',(8.14028970264494E-27,-16.6281327404916,-53.7927721589633));
#7882=CARTESIAN_POINT('Origin',(0.,-14.1088351019199,-49.4596883293498));
#7883=CARTESIAN_POINT('',(-5.19772129365862E-26,-2.2694772799547,-62.0827457370467));
#7884=CARTESIAN_POINT('',(0.,-18.3556455361202,-52.795392183455));
#7885=CARTESIAN_POINT('',(-7.94422289015515E-27,2.68205246362519,-62.1035246510076));
#7886=CARTESIAN_POINT('Origin',(0.,0.223434564442568,-57.7344280621143));
#7887=CARTESIAN_POINT('',(1.45907636144531E-26,14.1038619408452,-55.6343906948177));
#7888=CARTESIAN_POINT('',(0.,18.6194845613652,-53.0768127833663));
#7889=CARTESIAN_POINT('',(-2.5380276500747E-26,18.0643282603602,-48.395674788956));
#7890=CARTESIAN_POINT('Origin',(0.,10.2095131382581,-48.7930793026271));
#7891=CARTESIAN_POINT('',(0.,16.7639236173874,-24.1707965797782));
#7892=CARTESIAN_POINT('Origin',(-3.1123380759482,9.25648632355648,-38.6015751664268));
#7893=CARTESIAN_POINT('',(-4.48822464968954,9.5335438563627,-42.4041421497396));
#7894=CARTESIAN_POINT('',(-4.36424404436974,9.23482435922583,-42.4566500824821));
#7895=CARTESIAN_POINT('',(-4.48822464968954,9.5335438563627,-42.4041421497396));
#7896=CARTESIAN_POINT('',(-2.61238234959449,9.06456064690879,-37.3515554829034));
#7897=CARTESIAN_POINT('',(-3.0503477732883,9.10712657498805,-38.6278291327981));
#7898=CARTESIAN_POINT('',(-2.7363629549143,9.36328014404565,-37.2990475501609));
#7899=CARTESIAN_POINT('',(-2.61238234959449,9.06456064690879,-37.3515554829034));
#7900=CARTESIAN_POINT('',(-3.17432837860811,9.40584607212491,-38.5753212000556));
#7901=CARTESIAN_POINT('Origin',(-4.17250900546565,10.7141474351158,-42.4731078052424));
#7902=CARTESIAN_POINT('',(-4.03104692607994,11.9299525190573,-42.4811026641617));
#7903=CARTESIAN_POINT('',(-3.80652040172336,12.1582690058173,-42.5505363245862));
#7904=CARTESIAN_POINT('',(-4.03104692607994,11.9299525190573,-42.4811026641617));
#7905=CARTESIAN_POINT('Origin',(-4.08538222304655,10.6965466825216,-42.5035932035341));
#7906=CARTESIAN_POINT('Origin',(-4.25963578788475,10.73174818771,-42.4426224069506));
#7907=CARTESIAN_POINT('Origin',(-3.48081824020784,12.001544834358,-41.2395458444793));
#7908=CARTESIAN_POINT('',(-2.2791852313047,11.7596888067402,-37.376008064583));
#7909=CARTESIAN_POINT('',(-2.05465870694812,11.9880052935003,-37.4454417250075));
#7910=CARTESIAN_POINT('',(-2.2791852313047,11.7596888067402,-37.376008064583));
#7911=CARTESIAN_POINT('',(-3.36855497802954,12.115703077738,-41.2742626746915));
#7912=CARTESIAN_POINT('',(-3.59308150238614,11.887386590978,-41.204829014267));
#7913=CARTESIAN_POINT('Origin',(-2.4206473106904,10.5438837227987,-37.3680132056637));
#7914=CARTESIAN_POINT('Origin',(-2.33352052827131,10.5262829702045,-37.3984986039555));
#7915=CARTESIAN_POINT('Origin',(-2.5077740931095,10.5614844753929,-37.3375278073719));
#7916=CARTESIAN_POINT('Origin',(-1.27072352961082,10.3115840393832,-37.7703680671431));
#7917=CARTESIAN_POINT('',(-1.6277293711583,8.44025075445802,-37.7102703156598));
#7918=CARTESIAN_POINT('',(-0.913717688063327,12.1829173243084,-37.8304658186264));
#7919=CARTESIAN_POINT('Origin',(-1.6277293711583,8.44025075445802,-37.7102703156598));
#7920=CARTESIAN_POINT('',(-3.37959106593355,8.61051446677506,-42.8153649152385));
#7921=CARTESIAN_POINT('Origin',(-3.38370494049712,10.6466163315515,-39.8900751071613));
#7922=CARTESIAN_POINT('Origin',(-5.96751519276792,-11.1138177311294,-44.8832072547119));
#7923=CARTESIAN_POINT('',(-5.19367730170118,-9.12329233815319,-43.8208212468792));
#7924=CARTESIAN_POINT('',(-5.19367730170117,-9.12329233815319,-43.8208212468792));
#7925=CARTESIAN_POINT('',(-6.67706514285001,-13.2475007759978,-45.6792072445058));
#7926=CARTESIAN_POINT('Origin',(-5.96751519276794,-11.1138177311294,-44.8832072547118));
#7927=CARTESIAN_POINT('',(-7.6009355259182,-13.544944038688,-44.4489629956443));
#7928=CARTESIAN_POINT('Ctrl Pts',(-7.60093552581821,-13.544944038692,-44.4489629955607));
#7929=CARTESIAN_POINT('Ctrl Pts',(-7.16352492634146,-13.4927905879344,-44.8652878159486));
#7930=CARTESIAN_POINT('Ctrl Pts',(-6.73405208859138,-13.3411687723633,-45.462198378007));
#7931=CARTESIAN_POINT('Ctrl Pts',(-6.67706514262444,-13.2475007760288,-45.6792072444631));
#7932=CARTESIAN_POINT('Origin',(-5.63611209262491,-11.7193846422553,-45.3336354469902));
#7933=CARTESIAN_POINT('Origin',(-8.03439887715302,-4.96115746831399,-48.3877605125178));
#7934=CARTESIAN_POINT('',(-6.41114876310883,-5.75496609519693,-49.2450393068092));
#7935=CARTESIAN_POINT('',(-6.41114876310883,-5.75496609519693,-49.2450393068092));
#7936=CARTESIAN_POINT('',(-5.19367730170118,-9.12329233815319,-43.8208212468792));
#7937=CARTESIAN_POINT('Origin',(-7.18498665417559,-7.74549148817313,-50.3074253146419));
#7938=CARTESIAN_POINT('',(-9.31148260945549,-8.81244655146901,-52.0699879459362));
#7939=CARTESIAN_POINT('Origin',(-6.8535835540325,-8.35105839929907,-50.7578535069202));
#7940=CARTESIAN_POINT('',(-8.01011174693529,-9.55941772686199,-51.6183488948962));
#7941=CARTESIAN_POINT('Ctrl Pts',(-8.01011174660581,-9.55941772674327,-51.6183488950981));
#7942=CARTESIAN_POINT('Ctrl Pts',(-8.30980033207804,-9.27212140710029,-51.9383458021479));
#7943=CARTESIAN_POINT('Ctrl Pts',(-9.31148260945542,-8.81244655146911,-52.0699879459362));
#7944=CARTESIAN_POINT('Origin',(-7.18498665417559,-7.74549148817313,-50.3074253146419));
#7945=CARTESIAN_POINT('Origin',(-6.57625092347177,-9.42965460965123,-47.5953162846769));
#7946=CARTESIAN_POINT('',(-8.69217221872811,-7.67239017899119,-54.6571426952743));
#7947=CARTESIAN_POINT('Origin',(-7.26087191420495,-14.0747887525959,-43.4794041419764));
#7948=CARTESIAN_POINT('',(-9.80479284158112,-7.44762622271606,-54.2678400963083));
#7949=CARTESIAN_POINT('',(-9.51701164482135,-7.42182867212409,-54.0767472676229));
#7950=CARTESIAN_POINT('',(-7.38603218240933,-14.1395079316297,-43.4915010477048));
#7951=CARTESIAN_POINT('Origin',(-7.26087191420495,-14.0747887525959,-43.4794041419764));
#7952=CARTESIAN_POINT('',(-7.10762529630875,-14.9097643609574,-42.2511108558479));
#7953=CARTESIAN_POINT('',(-7.38603218240933,-14.1395079316297,-43.4915010477048));
#7954=CARTESIAN_POINT('',(-6.88873404071649,-14.693371955319,-42.3669443698928));
#7955=CARTESIAN_POINT('Origin',(-7.84937237821075,-14.7599217234406,-41.9915757898705));
#7956=CARTESIAN_POINT('',(-7.66393560773525,-14.7973823828198,-42.0564595563649));
#7957=CARTESIAN_POINT('',(-10.3611031530076,-7.33524424457848,-54.0731887968252));
#7958=CARTESIAN_POINT('',(-8.32138683795021,-12.9784401715286,-44.9856114498573));
#7959=CARTESIAN_POINT('',(-7.84937237821075,-14.7599217234406,-41.9915757898705));
#7960=CARTESIAN_POINT('',(-10.5465399234831,-7.29778358519928,-54.0083050303309));
#7961=CARTESIAN_POINT('Origin',(-0.958335072412711,-1.4513411278044,-32.7550050560811));
#7962=CARTESIAN_POINT('',(-4.52354233013217,-8.26278723420934,-38.7034768900825));
#7963=CARTESIAN_POINT('',(-4.36812854039691,-8.17747531407005,-38.9250486375659));
#7964=CARTESIAN_POINT('',(1.62080368370829,3.66259898142066,-28.0281587338547));
#7965=CARTESIAN_POINT('',(-1.04015019913869,-1.50197063810441,-32.6513569122213));
#7966=CARTESIAN_POINT('',(1.73131913441687,3.66076899384066,-28.327737815677));
#7967=CARTESIAN_POINT('Origin',(-3.95537351337145,-6.95852736318326,-38.1409177529259));
#7968=CARTESIAN_POINT('',(-4.0293615684337,-6.99161743723145,-38.0250263610644));
#7969=CARTESIAN_POINT('Origin',(-6.30042699427588,-14.4192584194259,-40.5355882177964));
#7970=CARTESIAN_POINT('',(-6.41141663542527,-13.7011933820601,-41.5756133894813));
#7971=CARTESIAN_POINT('Origin',(-4.97121867372721,-10.5882140135717,-38.9485865028696));
#7972=CARTESIAN_POINT('',(-5.05112911010453,-10.6350167206625,-38.8417041901749));
#7973=CARTESIAN_POINT('Origin',(-7.90712188138111,-2.92351859579148,-51.7645649590403));
#7974=CARTESIAN_POINT('',(-6.14551279273044,1.96505560810955,-49.2440903322834));
#7975=CARTESIAN_POINT('',(-8.01857059679435,-2.8529678623641,-51.8155725844074));
#7976=CARTESIAN_POINT('Ctrl Pts',(-5.91076813396982,1.85442849293942,-49.125810267776));
#7977=CARTESIAN_POINT('Ctrl Pts',(-5.98903234517568,1.89120907831671,-49.1652743246051));
#7978=CARTESIAN_POINT('Ctrl Pts',(-6.06729377935614,1.92809270746283,-49.2047071867736));
#7979=CARTESIAN_POINT('Ctrl Pts',(-6.14551279273044,1.96505560810955,-49.2440903322834));
#7980=CARTESIAN_POINT('Origin',(-4.25999592650538,0.751493029001701,-43.4629060233569));
#7981=CARTESIAN_POINT('',(-3.07141675539315,6.83424843574321,-43.2696025940979));
#7982=CARTESIAN_POINT('Origin',(-4.35271431174313,0.770223358691298,-43.4304641401097));
#7983=CARTESIAN_POINT('Ctrl Pts',(-2.92087864105764,6.59926144101878,-43.320184282763));
#7984=CARTESIAN_POINT('Ctrl Pts',(-2.97103114395769,6.67758675924197,-43.3032716003978));
#7985=CARTESIAN_POINT('Ctrl Pts',(-3.02121941411286,6.75592902263218,-43.2864090472338));
#7986=CARTESIAN_POINT('Ctrl Pts',(-3.07141675539315,6.83424843574321,-43.2696025940979));
#7987=CARTESIAN_POINT('Origin',(-2.7112353059057,6.80833772696248,-42.5334937090163));
#7988=CARTESIAN_POINT('',(1.47883871832239,8.29689132616473,-31.1095022269042));
#7989=CARTESIAN_POINT('',(1.63667467577152,8.06425016427395,-31.1405811634626));
#7990=CARTESIAN_POINT('',(-2.79015328462464,6.92465830794765,-42.5179542407439));
#7991=CARTESIAN_POINT('Origin',(1.48875810963558,7.69262059618139,-31.0405204134129));
#7992=CARTESIAN_POINT('',(1.62080368370832,7.98950608160398,-30.5262996680668));
#7993=CARTESIAN_POINT('',(1.73131913441687,7.85932703698447,-30.7517763885872));
#7994=CARTESIAN_POINT('Origin',(1.39603972439784,7.71135092587098,-31.0080785301658));
#7995=CARTESIAN_POINT('Origin',(1.67606140906258,5.37461399027804,-29.1669088551472));
#7996=CARTESIAN_POINT('',(1.62080368370829,5.43970351196246,-29.054170494526));
#7997=CARTESIAN_POINT('Origin',(-10.5465399234831,-7.29778358519928,-54.0083050303309));
#7998=CARTESIAN_POINT('',(-6.70182310415695,2.07743758624714,-49.0494390328004));
#7999=CARTESIAN_POINT('',(-6.88725987463246,2.11489824562634,-48.984555266306));
#8000=CARTESIAN_POINT('',(-8.32619642944866,-2.10090052434743,-51.2795075164043));
#8001=CARTESIAN_POINT('Origin',(-5.09446139364513,0.920065996208077,-43.1709290741324));
#8002=CARTESIAN_POINT('',(-3.62772706681965,6.94663041388079,-43.0749512946148));
#8003=CARTESIAN_POINT('',(-3.81316383729516,6.98409107325999,-43.0100675281205));
#8004=CARTESIAN_POINT('Origin',(-4.90902462316963,0.882605336828882,-43.2358128406267));
#8005=CARTESIAN_POINT('Origin',(-3.81316383729516,6.98409107325999,-43.0100675281205));
#8006=CARTESIAN_POINT('',(0.922528406895886,8.40927330430232,-30.9148509274211));
#8007=CARTESIAN_POINT('',(0.737091636420387,8.44673396368151,-30.8499671609268));
#8008=CARTESIAN_POINT('',(-3.73315632288101,6.91274103058806,-43.3567003838134));
#8009=CARTESIAN_POINT('Origin',(0.654292642495816,7.86119356338776,-30.7485434641884));
#8010=CARTESIAN_POINT('',(1.06449337228184,8.10188805974156,-30.3316483685838));
#8011=CARTESIAN_POINT('',(0.879056601806292,8.13934871912076,-30.2667646020894));
#8012=CARTESIAN_POINT('Origin',(0.839729412971366,7.82373290400856,-30.8134272306827));
#8013=CARTESIAN_POINT('Origin',(0.879056601806292,8.13934871912078,-30.2667646020894));
#8014=CARTESIAN_POINT('',(1.06449337228179,3.77498095955824,-27.8335074343716));
#8015=CARTESIAN_POINT('',(0.87905660180629,3.81244161893743,-27.7686236678773));
#8016=CARTESIAN_POINT('',(1.06449337228179,7.40178262151728,-29.9274423126186));
#8017=CARTESIAN_POINT('Origin',(0.87905660180629,3.81244161893743,-27.7686236678773));
#8018=CARTESIAN_POINT('',(-5.07985264155867,-8.15040525607175,-38.5088255905995));
#8019=CARTESIAN_POINT('',(-5.26528941203417,-8.11294459669256,-38.4439418241052));
#8020=CARTESIAN_POINT('',(-1.4929824345744,-1.18875100885461,-32.2769205907184));
#8021=CARTESIAN_POINT('Origin',(-6.30691793662034,-7.53944049332287,-42.0602557987843));
#8022=CARTESIAN_POINT('',(-5.67228254832493,-9.35984367367539,-38.8872242158398));
#8023=CARTESIAN_POINT('Origin',(-4.41097545615025,-6.27264017326297,-37.3730699011998));
#8024=CARTESIAN_POINT('',(-5.23526643129389,-8.23571717621096,-38.287253843116));
#8025=CARTESIAN_POINT('',(-4.336987401088,-6.23955009921477,-37.4889612930613));
#8026=CARTESIAN_POINT('Origin',(-1.57479756130037,-1.23938051915462,-32.1732724468585));
#8027=CARTESIAN_POINT('',(0.953977921573206,3.77681094713825,-27.5339283525492));
#8028=CARTESIAN_POINT('Origin',(-3.81207430159996,7.02906161157324,-43.341160915541));
#8029=CARTESIAN_POINT('',(0.922528406895886,8.40927330430232,-30.9148509274211));
#8030=CARTESIAN_POINT('Ctrl Pts',(-3.77838322066017,7.1815794657592,-43.0246850546616));
#8031=CARTESIAN_POINT('Ctrl Pts',(-3.72814735612627,7.10327219524041,-43.0413889424662));
#8032=CARTESIAN_POINT('Ctrl Pts',(-3.67792029860077,7.02494341522666,-43.0581462173706));
#8033=CARTESIAN_POINT('Ctrl Pts',(-3.62772706681965,6.94663041388079,-43.0749512946148));
#8034=CARTESIAN_POINT('Origin',(-5.00174300840738,0.901335666518479,-43.2033709573795));
#8035=CARTESIAN_POINT('Ctrl Pts',(-6.93637200417803,2.18856824711655,-49.1674503441901));
#8036=CARTESIAN_POINT('Ctrl Pts',(-6.85821689180047,2.15144174763743,-49.1281547065425));
#8037=CARTESIAN_POINT('Ctrl Pts',(-6.78002155699304,2.11439077087852,-49.0888118261128));
#8038=CARTESIAN_POINT('Ctrl Pts',(-6.70182310415696,2.07743758624715,-49.0494390328004));
#8039=CARTESIAN_POINT('Origin',(-8.43764514486191,-2.03034979092005,-51.3305151417714));
#8040=CARTESIAN_POINT('',(-10.6488843497674,-7.36104179517045,-54.2642816255106));
#8041=CARTESIAN_POINT('Origin',(-8.4465471061546,-13.0431593505623,-44.9977083555856));
#8042=CARTESIAN_POINT('',(-7.88282686332751,-15.0137747884583,-41.9406260423199));
#8043=CARTESIAN_POINT('Origin',(-5.54539878341237,-10.2743700311543,-38.3048339200288));
#8044=CARTESIAN_POINT('',(-7.18661820244403,-13.805203809561,-41.2651285759533));
#8045=CARTESIAN_POINT('',(-5.46548834703506,-10.2275673240635,-38.4117162327235));
#8046=CARTESIAN_POINT('',(-7.40550945803629,-14.0215962151995,-41.1492950619084));
#8047=CARTESIAN_POINT('Origin',(0.747011027733589,7.84246323369816,-30.7809853474356));
#8048=CARTESIAN_POINT('',(1.06449337228184,8.10188805974156,-30.3316483685838));
#8049=CARTESIAN_POINT('Origin',(1.0092356469275,7.46687214320171,-29.8147039519974));
#8050=CARTESIAN_POINT('Origin',(-7.48610218622552,-13.3876290173923,-42.0538924314056));
#8051=CARTESIAN_POINT('',(-7.36094191802113,-13.3229098383585,-42.0417955256773));
#8052=CARTESIAN_POINT('Origin',(-5.26528941203417,-8.11294459669257,-38.4439418241051));
#8053=CARTESIAN_POINT('Origin',(-7.37205497291953,-13.7677431501818,-41.200244809459));
#8054=CARTESIAN_POINT('',(-7.37205497291953,-13.7677431501818,-41.200244809459));
#8055=CARTESIAN_POINT('Origin',(-6.36166866384128,-16.5631357554894,-36.6986561981977));
#8056=CARTESIAN_POINT('Origin',(-3.02258522438606,10.4818477517003,-42.8754626667218));
#8057=CARTESIAN_POINT('',(-2.66557938283857,12.3531810366254,-42.9355604182051));
#8058=CARTESIAN_POINT('Origin',(-2.66557938283857,12.3531810366254,-42.9355604182051));
#8059=CARTESIAN_POINT('Origin',(1.84151215490755,8.78538020432963,-50.9478052917309));
#8060=CARTESIAN_POINT('',(0.867403467033307,8.87541474426468,-52.3020827652442));
#8061=CARTESIAN_POINT('Origin',(1.39582554411403,8.87541474426468,-50.7918608913284));
#8062=CARTESIAN_POINT('',(2.28719876570107,8.69534566439457,-51.1037496921334));
#8063=CARTESIAN_POINT('',(1.57730111636719,8.78538020432963,-51.7029162286888));
#8064=CARTESIAN_POINT('Origin',(-0.458542160640974,9.25002133805663,-50.1430232263849));
#8065=CARTESIAN_POINT('',(-1.2181488964445,9.25002133805664,-52.3139671701389));
#8066=CARTESIAN_POINT('Origin',(-0.458542160640974,9.25002133805663,-50.1430232263849));
#8067=CARTESIAN_POINT('',(-0.986964237721691,9.25002133805663,-51.6532451003007));
#8068=CARTESIAN_POINT('Origin',(-0.458542160640974,9.25002133805663,-50.1430232263849));
#8069=CARTESIAN_POINT('Origin',(-2.77650179158472,9.71827958029657,-49.3319761452056));
#8070=CARTESIAN_POINT('',(-3.53610852738825,9.71827958029657,-51.5029200889596));
#8071=CARTESIAN_POINT('Origin',(-1.84931793920722,9.53097628340059,-49.6563949776774));
#8072=CARTESIAN_POINT('',(-2.37774001628794,9.53097628340059,-51.1666168515931));
#8073=CARTESIAN_POINT('Origin',(-1.,6.3502326673274,-18.5248881849302));
#8074=CARTESIAN_POINT('Origin',(-1.,-16.5136593707253,-30.1380942945327));
#8075=CARTESIAN_POINT('Ctrl Pts',(-0.927088120599052,-18.2476148596785,
-34.6191744944688));
#8076=CARTESIAN_POINT('Ctrl Pts',(-0.922420961476639,-18.2531841769306,
-33.9865146806003));
#8077=CARTESIAN_POINT('Ctrl Pts',(-0.918006068238115,-17.9092040049525,
-32.5074986888908));
#8078=CARTESIAN_POINT('Ctrl Pts',(-0.929995334868991,-16.8150398648564,
-31.410091650802));
#8079=CARTESIAN_POINT('Ctrl Pts',(-0.9409482572065,-16.0615903681792,-31.0281204225817));
#8080=CARTESIAN_POINT('Ctrl Pts',(-0.64254848743917,-18.2684158349135,-34.6193463873305));
#8081=CARTESIAN_POINT('Ctrl Pts',(-0.638873869172763,-18.2753121102028,
-33.9838103657457));
#8082=CARTESIAN_POINT('Ctrl Pts',(-0.63541198157528,-17.9303590550533,-32.4955151072935));
#8083=CARTESIAN_POINT('Ctrl Pts',(-0.644839725967366,-16.8268436409226,
-31.3935176270688));
#8084=CARTESIAN_POINT('Ctrl Pts',(-0.65350594108597,-16.0692906253705,-31.0129602809786));
#8085=CARTESIAN_POINT('Ctrl Pts',(-0.165628422005445,-18.531010764802,-34.6215163910663));
#8086=CARTESIAN_POINT('Ctrl Pts',(-0.164550466518904,-18.538836949988,-33.9438661580853));
#8087=CARTESIAN_POINT('Ctrl Pts',(-0.163539152809883,-18.1718445096517,
-32.3574619981424));
#8088=CARTESIAN_POINT('Ctrl Pts',(-0.166282161298438,-16.9951978589049,
-31.1850202794476));
#8089=CARTESIAN_POINT('Ctrl Pts',(-0.168836913923966,-16.1873423764481,
-30.7805419060642));
#8090=CARTESIAN_POINT('Ctrl Pts',(1.26384834830472E-15,-19.0309522589223,
-34.6256477538095));
#8091=CARTESIAN_POINT('Ctrl Pts',(-9.93755820417263E-6,-19.0378698075258,
-33.868835394188));
#8092=CARTESIAN_POINT('Ctrl Pts',(-1.91019229876312E-5,-18.6264952768873,
-32.0988167297355));
#8093=CARTESIAN_POINT('Ctrl Pts',(-2.41932834856428E-5,-17.3168499067998,
-30.7865322619077));
#8094=CARTESIAN_POINT('Ctrl Pts',(-3.59610493077743E-15,-16.4158605146664,
-30.3306390978603));
#8095=CARTESIAN_POINT('Ctrl Pts',(1.2490009027033E-15,-19.2449191948238,
-34.6274159107592));
#8096=CARTESIAN_POINT('Ctrl Pts',(1.38077153331788E-15,-19.2514529249405,
-33.8367608655058));
#8097=CARTESIAN_POINT('Ctrl Pts',(-1.73358244609097E-15,-18.8210729229472,
-31.9881514242564));
#8098=CARTESIAN_POINT('Ctrl Pts',(-4.21882578044632E-15,-17.4544670041969,
-30.6159566348031));
#8099=CARTESIAN_POINT('Ctrl Pts',(-4.44089209850063E-15,-16.5136593707253,
-30.1380942945327));
#8100=CARTESIAN_POINT('',(-0.927088120599053,-18.2476148596785,-34.6191744944688));
#8101=CARTESIAN_POINT('Origin',(-1.,-14.2316573187659,-34.5968146438469));
#8102=CARTESIAN_POINT('Origin',(-1.,-19.2449191948238,-34.6274159107592));
#8103=CARTESIAN_POINT('Origin',(-1.,-19.3876883843997,-17.3507335211118));
#8104=CARTESIAN_POINT('',(-0.927088120599053,-18.1245883521358,-49.5067696586437));
#8105=CARTESIAN_POINT('Origin',(-1.,-19.1218926872811,-49.515011074934));
#8106=CARTESIAN_POINT('',(-0.927088120599052,-18.3903840492543,-17.3424921048214));
#8107=CARTESIAN_POINT('Ctrl Pts',(-0.930243520425881,-16.1293507163443,
-52.9288563494396));
#8108=CARTESIAN_POINT('Ctrl Pts',(-0.923816683097609,-16.6430048561132,
-52.6328169261772));
#8109=CARTESIAN_POINT('Ctrl Pts',(-0.914239618028916,-17.6848941632044,
-51.671956667238));
#8110=CARTESIAN_POINT('Ctrl Pts',(-0.919611568317408,-18.1186051023201,
-50.2969554990763));
#8111=CARTESIAN_POINT('Ctrl Pts',(-0.927088120599053,-18.1245883521358,
-49.5067696586437));
#8112=CARTESIAN_POINT('Ctrl Pts',(-0.645038409808242,-16.1393224592339,
-52.9461279148005));
#8113=CARTESIAN_POINT('Ctrl Pts',(-0.639972683280985,-16.6561039164668,
-52.650364378726));
#8114=CARTESIAN_POINT('Ctrl Pts',(-0.632455052275775,-17.7060224915688,
-51.6856820878895));
#8115=CARTESIAN_POINT('Ctrl Pts',(-0.636661935285434,-18.1414638033729,
-50.3007478551172));
#8116=CARTESIAN_POINT('Ctrl Pts',(-0.642548487439172,-18.1453893273708,
-49.5069415515054));
#8117=CARTESIAN_POINT('Ctrl Pts',(-0.166390409422097,-16.2704239615862,
-53.1732023782959));
#8118=CARTESIAN_POINT('Ctrl Pts',(-0.164902716434236,-16.8216908807854,
-52.8584672212009));
#8119=CARTESIAN_POINT('Ctrl Pts',(-0.162710163277858,-17.9415379723354,
-51.8312909881276));
#8120=CARTESIAN_POINT('Ctrl Pts',(-0.163935683442478,-18.4045830417199,
-50.3554942057066));
#8121=CARTESIAN_POINT('Ctrl Pts',(-0.165662513477841,-18.4080108787699,
-49.5091117752331));
#8122=CARTESIAN_POINT('Ctrl Pts',(-2.90875588812205E-15,-16.5209196584539,
-53.6070736532515));
#8123=CARTESIAN_POINT('Ctrl Pts',(-1.37993587739577E-5,-17.1353827020582,
-53.2533679065828));
#8124=CARTESIAN_POINT('Ctrl Pts',(-2.38390077623509E-5,-18.3824311114519,
-52.1040960079027));
#8125=CARTESIAN_POINT('Ctrl Pts',(-1.59194643971515E-5,-18.9011782128382,
-50.4583901850369));
#8126=CARTESIAN_POINT('Ctrl Pts',(-8.5308250617082E-16,-18.9079257513796,
-49.5132429179843));
#8127=CARTESIAN_POINT('Ctrl Pts',(-2.91433543964104E-15,-16.6281327404916,
-53.7927721589633));
#8128=CARTESIAN_POINT('Ctrl Pts',(-2.82446733379248E-15,-17.2696156614699,
-53.422411822627));
#8129=CARTESIAN_POINT('Ctrl Pts',(-5.30376003914881E-16,-18.5711059142394,
-52.2208729714895));
#8130=CARTESIAN_POINT('Ctrl Pts',(-1.73466625744475E-15,-19.1137333616669,
-50.5023815122859));
#8131=CARTESIAN_POINT('Ctrl Pts',(-8.32667268468867E-16,-19.1218926872811,
-49.515011074934));
#8132=CARTESIAN_POINT('',(-0.930243520425883,-16.1293507163443,-52.9288563494396));
#8133=CARTESIAN_POINT('Origin',(-1.,-16.6281327404916,-53.7927721589633));
#8134=CARTESIAN_POINT('Origin',(-1.,-14.1088351019199,-49.4596883293498));
#8135=CARTESIAN_POINT('Origin',(-1.,-18.3556455361202,-52.795392183455));
#8136=CARTESIAN_POINT('',(-0.930243520425882,-1.77069525580742,-61.218829927523));
#8137=CARTESIAN_POINT('Origin',(-1.,-2.2694772799547,-62.0827457370467));
#8138=CARTESIAN_POINT('',(-0.930243520425882,-17.856863511973,-51.9314763739313));
#8139=CARTESIAN_POINT('Ctrl Pts',(-0.927088115958157,2.19053757037185,-61.2357130545908));
#8140=CARTESIAN_POINT('Ctrl Pts',(-0.919611564218996,1.50322493481885,-61.6256243297639));
#8141=CARTESIAN_POINT('Ctrl Pts',(-0.914239347909835,0.0955827179550286,
-61.9375333473164));
#8142=CARTESIAN_POINT('Ctrl Pts',(-0.923816682299281,-1.25749052416941,
-61.5156477489173));
#8143=CARTESIAN_POINT('Ctrl Pts',(-0.93024352042588,-1.77069525580743,-61.218829927523));
#8144=CARTESIAN_POINT('Ctrl Pts',(-0.642548483779055,2.2007891950609,-61.2538131750742));
#8145=CARTESIAN_POINT('Ctrl Pts',(-0.636661932062086,1.51137000903152,-61.6473167246565));
#8146=CARTESIAN_POINT('Ctrl Pts',(-0.632454494284471,0.0942635465823553,
-61.9627005735493));
#8147=CARTESIAN_POINT('Ctrl Pts',(-0.639972682651729,-1.26613753374781,
-61.5357655944329));
#8148=CARTESIAN_POINT('Ctrl Pts',(-0.645038409808238,-1.78066699869708,
-61.2361014928839));
#8149=CARTESIAN_POINT('Ctrl Pts',(-0.165652301919295,2.33021657309387,-61.482328284367));
#8150=CARTESIAN_POINT('Ctrl Pts',(-0.16392547201488,1.59551396893351,-61.9025509070018));
#8151=CARTESIAN_POINT('Ctrl Pts',(-0.162700084448045,0.0859171188706783,
-62.2394532730176));
#8152=CARTESIAN_POINT('Ctrl Pts',(-0.16489243435556,-1.36356237332496,-61.7832125602255));
#8153=CARTESIAN_POINT('Ctrl Pts',(-0.166380127528219,-1.91176447499032,
-61.4631689830406));
#8154=CARTESIAN_POINT('Ctrl Pts',(-9.86380022366427E-15,2.57660026446962,
-61.9173397712593));
#8155=CARTESIAN_POINT('Ctrl Pts',(-1.59194630549468E-5,1.75470495249577,
-62.3840698665592));
#8156=CARTESIAN_POINT('Ctrl Pts',(-2.32722428460703E-5,0.0701068748234301,
-62.7576895543309));
#8157=CARTESIAN_POINT('Ctrl Pts',(-1.37993604805079E-5,-1.5487145132958,
-62.2523349625304));
#8158=CARTESIAN_POINT('Ctrl Pts',(4.23143990118196E-15,-2.16226419791704,
-61.8970472313349));
#8159=CARTESIAN_POINT('Ctrl Pts',(-8.18789480661053E-15,2.68205246362519,
-62.1035246510076));
#8160=CARTESIAN_POINT('Ctrl Pts',(-8.8575568608006E-15,1.82288492018171,
-62.5901436880728));
#8161=CARTESIAN_POINT('Ctrl Pts',(-7.85077952776206E-16,0.0633129288194049,
-62.9794766418009));
#8162=CARTESIAN_POINT('Ctrl Pts',(4.83923660117131E-15,-1.62799435882718,
-62.4531060734692));
#8163=CARTESIAN_POINT('Ctrl Pts',(4.30211422042248E-15,-2.2694772799547,
-62.0827457370467));
#8164=CARTESIAN_POINT('',(-0.927088115958161,2.19053757037185,-61.2357130545908));
#8165=CARTESIAN_POINT('Origin',(-1.,2.68205246362519,-62.1035246510076));
#8166=CARTESIAN_POINT('Origin',(-1.,0.223434564442568,-57.7344280621143));
#8167=CARTESIAN_POINT('Origin',(-1.,18.6194845613652,-53.0768127833663));
#8168=CARTESIAN_POINT('',(-0.927088115958157,13.6123470475919,-54.7665790984008));
#8169=CARTESIAN_POINT('Origin',(-1.,14.1038619408452,-55.6343906948177));
#8170=CARTESIAN_POINT('',(-0.927088115958157,18.1279696681118,-52.2090011869494));
#8171=CARTESIAN_POINT('Ctrl Pts',(-0.940948252691365,17.0675085225577,-48.4491846148487));
#8172=CARTESIAN_POINT('Ctrl Pts',(-0.929995329736478,17.1456897764021,-49.8935142576809));
#8173=CARTESIAN_POINT('Ctrl Pts',(-0.918006797337532,16.4543437893072,-52.4558477628923));
#8174=CARTESIAN_POINT('Ctrl Pts',(-0.922420956404895,14.555339212159,-54.2328752350022));
#8175=CARTESIAN_POINT('Ctrl Pts',(-0.927088115958156,13.6123470475919,-54.7665790984008));
#8176=CARTESIAN_POINT('Ctrl Pts',(-0.653505937507769,17.0844877201519,-48.4482731622835));
#8177=CARTESIAN_POINT('Ctrl Pts',(-0.644839721914678,17.1659451914535,-49.8954496158961));
#8178=CARTESIAN_POINT('Ctrl Pts',(-0.635413297936117,16.4752804972226,-52.4681734058005));
#8179=CARTESIAN_POINT('Ctrl Pts',(-0.638873865179448,14.5687451850493,-54.2506864309868));
#8180=CARTESIAN_POINT('Ctrl Pts',(-0.642548483779051,13.6225986722809,-54.7846792188842));
#8181=CARTESIAN_POINT('Ctrl Pts',(-0.168871170958105,17.3448208626298,-48.4342983375486));
#8182=CARTESIAN_POINT('Ctrl Pts',(-0.166316418196809,17.4307133502546,-49.9369985191395));
#8183=CARTESIAN_POINT('Ctrl Pts',(-0.163572206689802,16.7156195801505,-52.608295646964));
#8184=CARTESIAN_POINT('Ctrl Pts',(-0.164583696356116,14.7351130934213,-54.4589561133557));
#8185=CARTESIAN_POINT('Ctrl Pts',(-0.165661651938639,13.7520296487055,-55.0132006814452));
#8186=CARTESIAN_POINT('Ctrl Pts',(-5.07786905890853E-16,17.8486801419549,
-48.4072508972857));
#8187=CARTESIAN_POINT('Ctrl Pts',(-2.41932845580165E-5,17.9366130696,-50.0163148056431));
#8188=CARTESIAN_POINT('Ctrl Pts',(-2.03760820130765E-5,17.1669142729651,
-52.8726954839532));
#8189=CARTESIAN_POINT('Ctrl Pts',(-9.93755900078307E-6,15.0495952804551,
-54.8535932811466));
#8190=CARTESIAN_POINT('Ctrl Pts',(1.37486651434198E-16,13.9984097416897,
-55.4482058150694));
#8191=CARTESIAN_POINT('Ctrl Pts',(-1.38777878078145E-16,18.0643282603602,
-48.395674788956));
#8192=CARTESIAN_POINT('Ctrl Pts',(2.93889544217983E-17,18.1531444439773,
-50.0502068938307));
#8193=CARTESIAN_POINT('Ctrl Pts',(1.56280391808494E-15,17.3600382527052,
-52.9858707799412));
#8194=CARTESIAN_POINT('Ctrl Pts',(1.46762559266799E-15,15.184164195709,
-55.0225244214548));
#8195=CARTESIAN_POINT('Ctrl Pts',(1.80411241501588E-15,14.1038619408452,
-55.6343906948177));
#8196=CARTESIAN_POINT('',(-0.940948252691363,17.0675085225577,-48.4491846148487));
#8197=CARTESIAN_POINT('Origin',(-1.,18.0643282603602,-48.395674788956));
#8198=CARTESIAN_POINT('Origin',(-1.,10.2095131382581,-48.7930793026271));
#8199=CARTESIAN_POINT('Origin',(-1.,16.7639236173874,-24.1707965797782));
#8200=CARTESIAN_POINT('',(-0.940948252691363,15.7671038795848,-24.2243064056709));
#8201=CARTESIAN_POINT('Origin',(-3.81122784415017,16.9129199488717,-48.7369464117549));
#8202=CARTESIAN_POINT('',(-7.48217896144634,16.6628076591422,-48.1288190488729));
#8203=CARTESIAN_POINT('Origin',(-7.07760954745727,9.83349615600028,-48.4954202061753));
#8204=CARTESIAN_POINT('',(-5.4948860449549,13.3297409375065,-54.5428650552885));
#8205=CARTESIAN_POINT('',(-7.57713614140334,13.2009137413106,-54.4408840580796));
#8206=CARTESIAN_POINT('',(-2.72228847082816,16.9665394307405,-48.6375051248736));
#8207=CARTESIAN_POINT('Ctrl Pts',(-2.72228847082815,16.9665394307405,-48.6375051248736));
#8208=CARTESIAN_POINT('Ctrl Pts',(-3.1998588020588,16.9561348482858,-50.0411389377016));
#8209=CARTESIAN_POINT('Ctrl Pts',(-4.18737131462442,16.1239200024991,-52.4518225350737));
#8210=CARTESIAN_POINT('Ctrl Pts',(-5.1354193581279,14.2382173487656,-54.0585199570531));
#8211=CARTESIAN_POINT('Ctrl Pts',(-5.4948860449549,13.3297409375065,-54.5428650552885));
#8212=CARTESIAN_POINT('Ctrl Pts',(-2.62969449665341,16.963027104083,-48.3664759977207));
#8213=CARTESIAN_POINT('Ctrl Pts',(-2.66066326189303,16.9660369632239,-48.4567219781265));
#8214=CARTESIAN_POINT('Ctrl Pts',(-2.69151835439138,16.9672098036525,-48.5470682341563));
#8215=CARTESIAN_POINT('Ctrl Pts',(-2.72228847082815,16.9665394307405,-48.6375051248736));
#8216=CARTESIAN_POINT('Origin',(-10.9008637038598,2.10196276266101,-60.4479027340208));
#8217=CARTESIAN_POINT('',(-9.83641857489182,2.1650375057585,-60.5016108480678));
#8218=CARTESIAN_POINT('',(-11.6192041907218,2.15993486099692,-60.3547146407298));
#8219=CARTESIAN_POINT('',(-5.61850338271931,13.0146836556444,-54.7109224699032));
#8220=CARTESIAN_POINT('',(-8.71135343508362,5.05901666521232,-58.9570322273654));
#8221=CARTESIAN_POINT('Ctrl Pts',(-5.4948860449549,13.3297409375065,-54.5428650552885));
#8222=CARTESIAN_POINT('Ctrl Pts',(-5.53651755865605,13.2245260468128,-54.5989593202988));
#8223=CARTESIAN_POINT('Ctrl Pts',(-5.57771942396395,13.1195912938797,-54.6549310179132));
#8224=CARTESIAN_POINT('Ctrl Pts',(-5.61850338271932,13.0146836556445,-54.7109224699032));
#8225=CARTESIAN_POINT('Origin',(-11.3275566545563,0.193875287996024,-56.8834682550843));
#8226=CARTESIAN_POINT('',(-10.6524293355047,-1.79852184886473,-60.4177508721263));
#8227=CARTESIAN_POINT('',(-11.606582572851,-1.80125280858041,-60.3391314931571));
#8228=CARTESIAN_POINT('',(-9.93369066317435,1.90786884899876,-60.6270390463367));
#8229=CARTESIAN_POINT('Ctrl Pts',(-9.93369066317435,1.90786884899877,-60.6270390463367));
#8230=CARTESIAN_POINT('Ctrl Pts',(-10.3763016797061,0.706900474830011,-61.1595324652085));
#8231=CARTESIAN_POINT('Ctrl Pts',(-10.6476159209492,-0.710530968855615,
-61.0462913526685));
#8232=CARTESIAN_POINT('Ctrl Pts',(-10.6524293358312,-1.79852184885382,-60.4177508721062));
#8233=CARTESIAN_POINT('Ctrl Pts',(-9.83641857489182,2.1650375057585,-60.5016108480678));
#8234=CARTESIAN_POINT('Ctrl Pts',(-9.86907966530844,2.08102413475775,-60.5464505824097));
#8235=CARTESIAN_POINT('Ctrl Pts',(-9.90146978828512,1.99529607128806,-60.5882749776896));
#8236=CARTESIAN_POINT('Ctrl Pts',(-9.93369066317435,1.90786884899876,-60.6270390463367));
#8237=CARTESIAN_POINT('Origin',(-11.6500768500893,-15.3252211000719,-52.5275528506547));
#8238=CARTESIAN_POINT('',(-10.6524292930393,-15.4216826569396,-52.5524153321741));
#8239=CARTESIAN_POINT('',(-9.02254389341795,-15.5403203600549,-52.6155241597772));
#8240=CARTESIAN_POINT('',(-10.6525128001628,-15.3839431320942,-52.5741975142136));
#8241=CARTESIAN_POINT('Ctrl Pts',(-10.6525128001628,-15.3839431320941,-52.5741975142136));
#8242=CARTESIAN_POINT('Ctrl Pts',(-10.6525128001236,-15.3965200743616,-52.5669362132282));
#8243=CARTESIAN_POINT('Ctrl Pts',(-10.6524849465534,-15.4090993225122,-52.5596758299609));
#8244=CARTESIAN_POINT('Ctrl Pts',(-10.6524292933658,-15.4216826569292,-52.5524153321537));
#8245=CARTESIAN_POINT('',(-10.6525128423929,-1.83625553433139,-60.3959585759851));
#8246=CARTESIAN_POINT('',(-10.6525128104598,-12.0805930714104,-54.481387556175));
#8247=CARTESIAN_POINT('Ctrl Pts',(-10.6524293358312,-1.79852184885222,-60.4177508721071));
#8248=CARTESIAN_POINT('Ctrl Pts',(-10.6524849889403,-1.81110129162196,-60.4104836337685));
#8249=CARTESIAN_POINT('Ctrl Pts',(-10.6525128424321,-1.8236785920639,-60.4032198769706));
#8250=CARTESIAN_POINT('Ctrl Pts',(-10.6525128423929,-1.83625553433139,-60.3959585759851));
#8251=CARTESIAN_POINT('Origin',(-8.74351797512211,-13.5451922634703,-49.1598609216904));
#8252=CARTESIAN_POINT('',(-9.83641851366432,-17.4760872073634,-49.1618022363021));
#8253=CARTESIAN_POINT('',(-9.03516549272523,-17.5344096040427,-49.1928265868517));
#8254=CARTESIAN_POINT('',(-9.9336906028107,-17.4561268848678,-49.4472309249415));
#8255=CARTESIAN_POINT('Ctrl Pts',(-9.93369060281071,-17.4561268848678,-49.4472309249415));
#8256=CARTESIAN_POINT('Ctrl Pts',(-9.90146972761733,-17.4662698278667,-49.3521346952422));
#8257=CARTESIAN_POINT('Ctrl Pts',(-9.86907960435271,-17.4729128708472,-49.2569798169222));
#8258=CARTESIAN_POINT('Ctrl Pts',(-9.83641851366432,-17.4760872073634,-49.1618022363021));
#8259=CARTESIAN_POINT('Ctrl Pts',(-10.6524292933658,-15.4216826569277,-52.5524153321547));
#8260=CARTESIAN_POINT('Ctrl Pts',(-10.6476158716999,-16.5100101217523,-51.9244578336548));
#8261=CARTESIAN_POINT('Ctrl Pts',(-10.3763016235224,-17.3167955250955,-50.7535467540563));
#8262=CARTESIAN_POINT('Ctrl Pts',(-9.9336906028107,-17.4561268848678,-49.4472309249415));
#8263=CARTESIAN_POINT('Origin',(-5.8436745377629,-17.8895462502793,-34.4524337995602));
#8264=CARTESIAN_POINT('',(-2.97192654053876,-18.0976272596849,-34.6786632286043));
#8265=CARTESIAN_POINT('',(-5.00794932775988,-17.9453668832991,-35.0911755203274));
#8266=CARTESIAN_POINT('Ctrl Pts',(-5.00794932775987,-17.9453668832991,-35.0911755203274));
#8267=CARTESIAN_POINT('Ctrl Pts',(-4.96723262014081,-17.9493241464856,-34.9725230920001));
#8268=CARTESIAN_POINT('Ctrl Pts',(-4.92577555427998,-17.9533357447899,-34.8538454571226));
#8269=CARTESIAN_POINT('Ctrl Pts',(-4.8835398271667,-17.9574116386454,-34.7342761579533));
#8270=CARTESIAN_POINT('',(-6.14698622803487,-17.834663708678,-38.4104393330234));
#8271=CARTESIAN_POINT('Origin',(-2.68027902293562,-14.1084099191122,-34.645697563443));
#8272=CARTESIAN_POINT('Origin',(-6.52488422668207,-17.3106375583516,-38.2632828697268));
#8273=CARTESIAN_POINT('',(-10.5922145109587,-16.4280349067106,-48.8674893097088));
#8274=CARTESIAN_POINT('',(-5.00794932775988,-17.9453668832991,-35.0911755203274));
#8275=CARTESIAN_POINT('Ctrl Pts',(-4.8835398271667,-17.9574116386454,-34.7342761579533));
#8276=CARTESIAN_POINT('Ctrl Pts',(-4.92577555427998,-17.9533357447899,-34.8538454571226));
#8277=CARTESIAN_POINT('Ctrl Pts',(-4.96723262014081,-17.9493241464856,-34.9725230920001));
#8278=CARTESIAN_POINT('Ctrl Pts',(-5.00794932775987,-17.9453668832991,-35.0911755203274));
#8279=CARTESIAN_POINT('Ctrl Pts',(-5.14345187194165,-17.6030071082095,-34.6600248008001));
#8280=CARTESIAN_POINT('Ctrl Pts',(-5.18304711593591,-17.6020412660277,-34.7714163701987));
#8281=CARTESIAN_POINT('Ctrl Pts',(-5.22186473354927,-17.5997109550689,-34.8822871776699));
#8282=CARTESIAN_POINT('Ctrl Pts',(-5.259881326858,-17.5960161164148,-34.993071211463));
#8283=CARTESIAN_POINT('Ctrl Pts',(-5.4033639167166,-17.2486025777736,-34.5857734436469));
#8284=CARTESIAN_POINT('Ctrl Pts',(-5.44031867759183,-17.2507467872654,-34.6889872832748));
#8285=CARTESIAN_POINT('Ctrl Pts',(-5.47649684695773,-17.2500977636522,-34.7920512633397));
#8286=CARTESIAN_POINT('Ctrl Pts',(-5.51181332595614,-17.2466653495306,-34.8949669025986));
#8287=CARTESIAN_POINT('Ctrl Pts',(-5.66327596149154,-16.8941980473377,-34.5115220864938));
#8288=CARTESIAN_POINT('Ctrl Pts',(-5.69759023924776,-16.8994523085032,-34.6065581963509));
#8289=CARTESIAN_POINT('Ctrl Pts',(-5.73112896036619,-16.9004845722355,-34.7018153490095));
#8290=CARTESIAN_POINT('Ctrl Pts',(-5.76374532505428,-16.8973145826463,-34.7968625937342));
#8291=CARTESIAN_POINT('Ctrl Pts',(-9.9336906028107,-17.4561268848678,-49.4472309249415));
#8292=CARTESIAN_POINT('Ctrl Pts',(-10.3763016235224,-17.3167955250955,-50.7535467540563));
#8293=CARTESIAN_POINT('Ctrl Pts',(-10.6476158716999,-16.5100101217523,-51.9244578336548));
#8294=CARTESIAN_POINT('Ctrl Pts',(-10.6524292933658,-15.4216826569277,-52.5524153321547));
#8295=CARTESIAN_POINT('Ctrl Pts',(-10.1858596628818,-17.1102552222993,-49.349161300484));
#8296=CARTESIAN_POINT('Ctrl Pts',(-10.5995883489678,-17.005835582947,-50.5658097234478));
#8297=CARTESIAN_POINT('Ctrl Pts',(-10.855307146291,-16.2677625533401,-51.6759109725567));
#8298=CARTESIAN_POINT('Ctrl Pts',(-10.8600824485413,-15.2530096939506,-52.2659963180189));
#8299=CARTESIAN_POINT('Ctrl Pts',(-10.4380287229528,-16.7643835597307,-49.2510916760265));
#8300=CARTESIAN_POINT('Ctrl Pts',(-10.8228750744132,-16.6948756407985,-50.3780726928393));
#8301=CARTESIAN_POINT('Ctrl Pts',(-11.0629984208821,-16.0255149849279,-51.4273641114586));
#8302=CARTESIAN_POINT('Ctrl Pts',(-11.0677356037169,-15.0843367309736,-51.9795773038831));
#8303=CARTESIAN_POINT('Ctrl Pts',(-10.6901977830239,-16.4185118971621,-49.153022051569));
#8304=CARTESIAN_POINT('Ctrl Pts',(-11.0461617998586,-16.3839156986501,-50.1903356622309));
#8305=CARTESIAN_POINT('Ctrl Pts',(-11.2706896954732,-15.7832674165157,-51.1788172503605));
#8306=CARTESIAN_POINT('Ctrl Pts',(-11.2753887588924,-14.9156637679966,-51.6931582897473));
#8307=CARTESIAN_POINT('',(-11.2753887588924,-14.9156637679979,-51.6931582897466));
#8308=CARTESIAN_POINT('',(-9.9336906028107,-17.4561268848678,-49.4472309249415));
#8309=CARTESIAN_POINT('Ctrl Pts',(-9.83641851366432,-17.4760872073634,-49.1618022363021));
#8310=CARTESIAN_POINT('Ctrl Pts',(-9.86907960435271,-17.4729128708472,-49.2569798169222));
#8311=CARTESIAN_POINT('Ctrl Pts',(-9.90146972761733,-17.4662698278667,-49.3521346952422));
#8312=CARTESIAN_POINT('Ctrl Pts',(-9.93369060281071,-17.4561268848678,-49.4472309249415));
#8313=CARTESIAN_POINT('Ctrl Pts',(-10.0883505127625,-17.1267364404791,-49.0636979274377));
#8314=CARTESIAN_POINT('Ctrl Pts',(-10.1210116034508,-17.123562103963,-49.1588755080577));
#8315=CARTESIAN_POINT('Ctrl Pts',(-10.1534920491901,-17.1180752964706,-49.2540379538111));
#8316=CARTESIAN_POINT('Ctrl Pts',(-10.1858596628818,-17.1102552222993,-49.349161300484));
#8317=CARTESIAN_POINT('Ctrl Pts',(-10.3402825118606,-16.7773856735949,-48.9655936185732));
#8318=CARTESIAN_POINT('Ctrl Pts',(-10.372943602549,-16.7742113370787,-49.0607711991933));
#8319=CARTESIAN_POINT('Ctrl Pts',(-10.4055143707628,-16.7698807650744,-49.15594121238));
#8320=CARTESIAN_POINT('Ctrl Pts',(-10.4380287229528,-16.7643835597307,-49.2510916760265));
#8321=CARTESIAN_POINT('Ctrl Pts',(-10.5922145109587,-16.4280349067106,-48.8674893097088));
#8322=CARTESIAN_POINT('Ctrl Pts',(-10.6248756016471,-16.4248605701945,-48.9626668903289));
#8323=CARTESIAN_POINT('Ctrl Pts',(-10.6575366923355,-16.4216862336783,-49.057844470949));
#8324=CARTESIAN_POINT('Ctrl Pts',(-10.6901977830239,-16.4185118971621,-49.153022051569));
#8325=CARTESIAN_POINT('Origin',(-10.9639915359686,-11.8313579896214,-54.0496997287191));
#8326=CARTESIAN_POINT('',(-11.2754702934105,-1.33778537075326,-59.5325829210734));
#8327=CARTESIAN_POINT('',(-10.6525128001628,-15.3839431320942,-52.5741975142136));
#8328=CARTESIAN_POINT('Ctrl Pts',(-10.6524292933658,-15.4216826569292,-52.5524153321537));
#8329=CARTESIAN_POINT('Ctrl Pts',(-10.6524849465534,-15.4090993225122,-52.5596758299609));
#8330=CARTESIAN_POINT('Ctrl Pts',(-10.6525128001236,-15.3965200743616,-52.5669362132282));
#8331=CARTESIAN_POINT('Ctrl Pts',(-10.6525128001628,-15.3839431320941,-52.5741975142136));
#8332=CARTESIAN_POINT('Ctrl Pts',(-10.8600824485413,-15.2530096939521,-52.265996318018));
#8333=CARTESIAN_POINT('Ctrl Pts',(-10.8601376609896,-15.2412770353642,-52.2728189347886));
#8334=CARTESIAN_POINT('Ctrl Pts',(-10.8601652837987,-15.229536265433,-52.2796218475834));
#8335=CARTESIAN_POINT('Ctrl Pts',(-10.8601652838353,-15.2177864109014,-52.286405629243));
#8336=CARTESIAN_POINT('Ctrl Pts',(-11.0677356037168,-15.084336730975,-51.9795773038823));
#8337=CARTESIAN_POINT('Ctrl Pts',(-11.0677903754258,-15.0734547482162,-51.9859620396162));
#8338=CARTESIAN_POINT('Ctrl Pts',(-11.0678177674738,-15.0625524565043,-51.9923074819386));
#8339=CARTESIAN_POINT('Ctrl Pts',(-11.0678177675079,-15.0516296897087,-51.9986137442725));
#8340=CARTESIAN_POINT('Ctrl Pts',(-11.2753887588924,-14.9156637679979,-51.6931582897466));
#8341=CARTESIAN_POINT('Ctrl Pts',(-11.2754430898619,-14.9056324610682,-51.6991051444439));
#8342=CARTESIAN_POINT('Ctrl Pts',(-11.2754702511489,-14.8955686475757,-51.7049931162938));
#8343=CARTESIAN_POINT('Ctrl Pts',(-11.2754702511804,-14.885472968516,-51.7108218593019));
#8344=CARTESIAN_POINT('Ctrl Pts',(-10.6524293358312,-1.79852184885382,-60.4177508721062));
#8345=CARTESIAN_POINT('Ctrl Pts',(-10.6476159209492,-0.710530968855615,
-61.0462913526685));
#8346=CARTESIAN_POINT('Ctrl Pts',(-10.3763016797061,0.706900474830011,-61.1595324652085));
#8347=CARTESIAN_POINT('Ctrl Pts',(-9.93369066317435,1.90786884899877,-60.6270390463367));
#8348=CARTESIAN_POINT('Ctrl Pts',(-10.8600824909913,-1.63481218957556,-60.1284662932511));
#8349=CARTESIAN_POINT('Ctrl Pts',(-10.8553071950785,-0.616406859019414,
-60.7122253731036));
#8350=CARTESIAN_POINT('Ctrl Pts',(-10.5995884042044,0.714005539657869,-60.7963647398261));
#8351=CARTESIAN_POINT('Ctrl Pts',(-10.1858597218929,1.81986380189517,-60.2784705873856));
#8352=CARTESIAN_POINT('Ctrl Pts',(-11.0677356461513,-1.47110253029731,-59.839181714396));
#8353=CARTESIAN_POINT('Ctrl Pts',(-11.0629984692079,-0.52228274918321,-60.3781593935387));
#8354=CARTESIAN_POINT('Ctrl Pts',(-10.8228751287026,0.72111060448573,-60.4331970144437));
#8355=CARTESIAN_POINT('Ctrl Pts',(-10.4380287806115,1.73185875479158,-59.9299021284345));
#8356=CARTESIAN_POINT('Ctrl Pts',(-11.2753888013113,-1.30739287101906,-59.5498971355409));
#8357=CARTESIAN_POINT('Ctrl Pts',(-11.2706897433373,-0.428158639347009,
-60.0440934139737));
#8358=CARTESIAN_POINT('Ctrl Pts',(-11.0461618532009,0.728215669313588,-60.0700292890613));
#8359=CARTESIAN_POINT('Ctrl Pts',(-10.6901978393301,1.64385370768799,-59.5813336694834));
#8360=CARTESIAN_POINT('',(-10.6524293355047,-1.79852184886473,-60.4177508721263));
#8361=CARTESIAN_POINT('',(-10.6901978393301,1.64385370768799,-59.5813336694833));
#8362=CARTESIAN_POINT('Ctrl Pts',(-10.6525128423929,-1.83625553433139,-60.3959585759851));
#8363=CARTESIAN_POINT('Ctrl Pts',(-10.6525128424321,-1.8236785920639,-60.4032198769706));
#8364=CARTESIAN_POINT('Ctrl Pts',(-10.6524849889403,-1.81110129162196,-60.4104836337685));
#8365=CARTESIAN_POINT('Ctrl Pts',(-10.6524293358312,-1.79852184885222,-60.4177508721071));
#8366=CARTESIAN_POINT('Ctrl Pts',(-10.8601653260654,-1.67009881313868,-60.1081666910146));
#8367=CARTESIAN_POINT('Ctrl Pts',(-10.8601653261021,-1.65834895860714,-60.1149504726742));
#8368=CARTESIAN_POINT('Ctrl Pts',(-10.8601377033662,-1.64658707832659,-60.1217168212717));
#8369=CARTESIAN_POINT('Ctrl Pts',(-10.8600824909912,-1.63481218957407,-60.1284662932519));
#8370=CARTESIAN_POINT('Ctrl Pts',(-11.067817809738,-1.50394209194597,-59.820374806044));
#8371=CARTESIAN_POINT('Ctrl Pts',(-11.067817809772,-1.49301932515037,-59.8266810683779));
#8372=CARTESIAN_POINT('Ctrl Pts',(-11.0677904177921,-1.48207286503121,-59.8329500087748));
#8373=CARTESIAN_POINT('Ctrl Pts',(-11.0677356461513,-1.47110253029592,-59.8391817143968));
#8374=CARTESIAN_POINT('Ctrl Pts',(-11.2754702934105,-1.33778537075326,-59.5325829210734));
#8375=CARTESIAN_POINT('Ctrl Pts',(-11.275470293442,-1.32768969169361,-59.5384116640815));
#8376=CARTESIAN_POINT('Ctrl Pts',(-11.275443132218,-1.31755865173583,-59.544183196278));
#8377=CARTESIAN_POINT('Ctrl Pts',(-11.2753888013113,-1.30739287101777,-59.5498971355416));
#8378=CARTESIAN_POINT('Origin',(-9.08925143167787,4.92444482267818,-58.4296340365603));
#8379=CARTESIAN_POINT('',(-9.83641857489182,2.1650375057585,-60.5016108480678));
#8380=CARTESIAN_POINT('',(-6.37429937590781,12.7455399705762,-53.656126088293));
#8381=CARTESIAN_POINT('Ctrl Pts',(-9.93369066317435,1.90786884899876,-60.6270390463367));
#8382=CARTESIAN_POINT('Ctrl Pts',(-9.90146978828512,1.99529607128806,-60.5882749776896));
#8383=CARTESIAN_POINT('Ctrl Pts',(-9.86907966530844,2.08102413475775,-60.5464505824097));
#8384=CARTESIAN_POINT('Ctrl Pts',(-9.83641857489182,2.1650375057585,-60.5016108480678));
#8385=CARTESIAN_POINT('Ctrl Pts',(-10.185859721893,1.81986380189517,-60.2784705873856));
#8386=CARTESIAN_POINT('Ctrl Pts',(-10.1534921084946,1.90615307375495,-60.2376812968402));
#8387=CARTESIAN_POINT('Ctrl Pts',(-10.1210116630379,1.99130957306833,-60.1948517885397));
#8388=CARTESIAN_POINT('Ctrl Pts',(-10.0883505726213,2.07532294406907,-60.1500120541978));
#8389=CARTESIAN_POINT('Ctrl Pts',(-10.4380287806115,1.73185875479158,-59.9299021284345));
#8390=CARTESIAN_POINT('Ctrl Pts',(-10.4055144287041,1.81701007622184,-59.8870876159908));
#8391=CARTESIAN_POINT('Ctrl Pts',(-10.3729436607674,1.9015950113789,-59.8432529946696));
#8392=CARTESIAN_POINT('Ctrl Pts',(-10.3402825703508,1.98560838237965,-59.7984132603277));
#8393=CARTESIAN_POINT('Ctrl Pts',(-10.6901978393301,1.64385370768798,-59.5813336694833));
#8394=CARTESIAN_POINT('Ctrl Pts',(-10.6575367489135,1.72786707868873,-59.5364939351415));
#8395=CARTESIAN_POINT('Ctrl Pts',(-10.6248756584969,1.81188044968948,-59.4916542007996));
#8396=CARTESIAN_POINT('Ctrl Pts',(-10.5922145680803,1.89589382069023,-59.4468144664577));
#8397=CARTESIAN_POINT('Ctrl Pts',(-5.4948860449549,13.3297409375065,-54.5428650552885));
#8398=CARTESIAN_POINT('Ctrl Pts',(-5.1354193581279,14.2382173487656,-54.0585199570531));
#8399=CARTESIAN_POINT('Ctrl Pts',(-4.18737131462442,16.1239200024991,-52.4518225350737));
#8400=CARTESIAN_POINT('Ctrl Pts',(-3.1998588020588,16.9561348482858,-50.0411389377016));
#8401=CARTESIAN_POINT('Ctrl Pts',(-2.72228847082815,16.9665394307405,-48.6375051248736));
#8402=CARTESIAN_POINT('Ctrl Pts',(-5.75136729472317,13.2265528565889,-54.1953754903611));
#8403=CARTESIAN_POINT('Ctrl Pts',(-5.40466913198271,14.091772404932,-53.7163829787529));
#8404=CARTESIAN_POINT('Ctrl Pts',(-4.49186608945018,15.872053133567,-52.1448505452259));
#8405=CARTESIAN_POINT('Ctrl Pts',(-3.55102631118209,16.6227202225847,-49.8434312710201));
#8406=CARTESIAN_POINT('Ctrl Pts',(-3.09951650677745,16.6167177258217,-48.5197228991935));
#8407=CARTESIAN_POINT('Ctrl Pts',(-6.00784854449144,13.1233647756712,-53.8478859254337));
#8408=CARTESIAN_POINT('Ctrl Pts',(-5.67391890583752,13.9453274610984,-53.3742460004528));
#8409=CARTESIAN_POINT('Ctrl Pts',(-4.79636086427594,15.6201862646349,-51.8378785553782));
#8410=CARTESIAN_POINT('Ctrl Pts',(-3.90219382030537,16.2893055968835,-49.6457236043386));
#8411=CARTESIAN_POINT('Ctrl Pts',(-3.47674454272675,16.2668960209029,-48.4019406735133));
#8412=CARTESIAN_POINT('Ctrl Pts',(-6.2643297942597,13.0201766947536,-53.5003963605064));
#8413=CARTESIAN_POINT('Ctrl Pts',(-5.94316867969232,13.7988825172648,-53.0321090221527));
#8414=CARTESIAN_POINT('Ctrl Pts',(-5.1008556391017,15.3683193957028,-51.5309065655305));
#8415=CARTESIAN_POINT('Ctrl Pts',(-4.25336132942865,15.9558909711823,-49.448015937657));
#8416=CARTESIAN_POINT('Ctrl Pts',(-3.85397257867604,15.9170743159841,-48.2841584478332));
#8417=CARTESIAN_POINT('',(-5.4948860449549,13.3297409375065,-54.5428650552885));
#8418=CARTESIAN_POINT('',(-3.85397257867605,15.9170743159841,-48.2841584478332));
#8419=CARTESIAN_POINT('Ctrl Pts',(-5.61850338271932,13.0146836556445,-54.7109224699032));
#8420=CARTESIAN_POINT('Ctrl Pts',(-5.57771942396395,13.1195912938797,-54.6549310179132));
#8421=CARTESIAN_POINT('Ctrl Pts',(-5.53651755865605,13.2245260468128,-54.5989593202988));
#8422=CARTESIAN_POINT('Ctrl Pts',(-5.4948860449549,13.3297409375065,-54.5428650552885));
#8423=CARTESIAN_POINT('Ctrl Pts',(-5.87043538044881,12.924969093955,-54.3593236760331));
#8424=CARTESIAN_POINT('Ctrl Pts',(-5.83121254425708,13.0258610925578,-54.3054754568665));
#8425=CARTESIAN_POINT('Ctrl Pts',(-5.79152002609224,13.1263477449572,-54.2508498473475));
#8426=CARTESIAN_POINT('Ctrl Pts',(-5.75136729472317,13.2265528565889,-54.1953754903611));
#8427=CARTESIAN_POINT('Ctrl Pts',(-6.12236737817831,12.8352545322656,-54.0077248821631));
#8428=CARTESIAN_POINT('Ctrl Pts',(-6.0847056645502,12.9321308912359,-53.9560198958199));
#8429=CARTESIAN_POINT('Ctrl Pts',(-6.04652249352842,13.0281694431016,-53.9027403743962));
#8430=CARTESIAN_POINT('Ctrl Pts',(-6.00784854449144,13.1233647756712,-53.8478859254337));
#8431=CARTESIAN_POINT('Ctrl Pts',(-6.37429937590781,12.7455399705762,-53.656126088293));
#8432=CARTESIAN_POINT('Ctrl Pts',(-6.33819878484333,12.8384006899141,-53.6065643347732));
#8433=CARTESIAN_POINT('Ctrl Pts',(-6.30152496096461,12.929991141246,-53.5546309014449));
#8434=CARTESIAN_POINT('Ctrl Pts',(-6.2643297942597,13.0201766947536,-53.5003963605064));
#8435=CARTESIAN_POINT('Ctrl Pts',(-2.72228847082815,16.9665394307405,-48.6375051248736));
#8436=CARTESIAN_POINT('Ctrl Pts',(-2.69151835439138,16.9672098036525,-48.5470682341563));
#8437=CARTESIAN_POINT('Ctrl Pts',(-2.66066326189303,16.9660369632239,-48.4567219781265));
#8438=CARTESIAN_POINT('Ctrl Pts',(-2.62969449665341,16.963027104083,-48.3664759977207));
#8439=CARTESIAN_POINT('Ctrl Pts',(-3.09951650677745,16.6167177258217,-48.5197228991935));
#8440=CARTESIAN_POINT('Ctrl Pts',(-3.06868017407306,16.6161613547161,-48.4293496452467));
#8441=CARTESIAN_POINT('Ctrl Pts',(-3.03778719066096,16.6143761747167,-48.3390368144249));
#8442=CARTESIAN_POINT('Ctrl Pts',(-3.00681842542134,16.6113663155758,-48.248790834019));
#8443=CARTESIAN_POINT('Ctrl Pts',(-3.47674454272675,16.2668960209029,-48.4019406735133));
#8444=CARTESIAN_POINT('Ctrl Pts',(-3.44584199375475,16.2651129057796,-48.311631056337));
#8445=CARTESIAN_POINT('Ctrl Pts',(-3.41491111942889,16.2627153862095,-48.2213516507232));
#8446=CARTESIAN_POINT('Ctrl Pts',(-3.38394235418927,16.2597055270686,-48.1311056703174));
#8447=CARTESIAN_POINT('Ctrl Pts',(-3.85397257867605,15.9170743159841,-48.2841584478332));
#8448=CARTESIAN_POINT('Ctrl Pts',(-3.82300381343643,15.9140644568432,-48.1939124674273));
#8449=CARTESIAN_POINT('Ctrl Pts',(-3.79203504819682,15.9110545977023,-48.1036664870215));
#8450=CARTESIAN_POINT('Ctrl Pts',(-3.7610662829572,15.9080447385614,-48.0134205066157));
#8451=CARTESIAN_POINT('Origin',(-1.43787264261312E-25,-22.2499980719356,
106.));
#8452=CARTESIAN_POINT('',(1.,-22.2499980719356,-104.));
#8453=CARTESIAN_POINT('Origin',(1.,-20.2499980719356,-104.));
#8454=CARTESIAN_POINT('',(2.6,-20.2499980719356,-106.));
#8455=CARTESIAN_POINT('Origin',(2.6,-20.2499980719356,-104.));
#8456=CARTESIAN_POINT('',(1.,-20.2499980719356,-106.));
#8457=CARTESIAN_POINT('Origin',(2.,43.75,-106.));
#8458=CARTESIAN_POINT('',(2.59999999999967,38.7499999999996,-106.));
#8459=CARTESIAN_POINT('',(2.6,-23.75,-106.));
#8460=CARTESIAN_POINT('',(2.,38.7499999999996,-106.));
#8461=CARTESIAN_POINT('Origin',(2.,38.7499999999996,-104.));
#8462=CARTESIAN_POINT('',(2.6,40.7499999999996,-104.));
#8463=CARTESIAN_POINT('Origin',(2.59999999999967,38.7499999999996,-104.));
#8464=CARTESIAN_POINT('',(2.,40.7499999999996,-104.));
#8465=CARTESIAN_POINT('Origin',(-2.31747130517019,11.8421280596511,-24.0039629687654));
#8466=CARTESIAN_POINT('',(-2.96337485606221,14.0301921344702,-20.2141248209465));
#8467=CARTESIAN_POINT('',(-4.93935764041551,14.429366567807,-19.5227344213269));
#8468=CARTESIAN_POINT('',(-1.9893580004638,15.2355802916226,-18.1263312899045));
#8469=CARTESIAN_POINT('Origin',(-1.9893580004571,19.5657073105499,-20.6263312898958));
#8470=CARTESIAN_POINT('',(-2.96337485604884,22.6904461723247,-25.2141248209291));
#8471=CARTESIAN_POINT('Origin',(-2.96337485605554,18.3603191533975,-22.7141248209378));
#8472=CARTESIAN_POINT('',(-1.98935800045039,23.8958343294771,-23.1263312898871));
#8473=CARTESIAN_POINT('Origin',(-2.3174713052338,35.5023820974534,-3.02320085518486));
#8474=CARTESIAN_POINT('',(-10.14929541885,24.1420963543871,-22.699792950788));
#8475=CARTESIAN_POINT('Origin',(-10.1492954188513,23.2760709506017,-22.1997929507897));
#8476=CARTESIAN_POINT('',(-3.33798144946371,21.3608288412574,-25.5170895929665));
#8477=CARTESIAN_POINT('',(-10.5239020122649,22.8124790233199,-23.0027577228253));
#8478=CARTESIAN_POINT('Origin',(-2.96337485605018,21.8244207685393,-24.7141248209309));
#8479=CARTESIAN_POINT('Origin',(-4.93935764041417,15.2953919715925,-20.0227344213252));
#8480=CARTESIAN_POINT('',(-3.33798144947441,14.4326256109739,-21.5170895929804));
#8481=CARTESIAN_POINT('Origin',(-2.96337485606088,14.8962175382557,-20.7141248209448));
#8482=CARTESIAN_POINT('',(-5.31396423382771,14.8318000443107,-20.8256991933608));
#8483=CARTESIAN_POINT('Origin',(-2.96337485605554,18.3603191533975,-22.7141248209378));
#8484=CARTESIAN_POINT('Origin',(-3.33798144946907,17.8967272261157,-23.5170895929734));
#8485=CARTESIAN_POINT('Origin',(-9.36516788395497,23.4045538977539,-23.8851757332891));
#8486=CARTESIAN_POINT('',(-1.50139932562819,17.5257135541737,-24.1597041231285));
#8487=CARTESIAN_POINT('Origin',(-3.81935896204756,17.9939717959195,-23.3486570573131));
#8488=CARTESIAN_POINT('Origin',(-3.74443764336486,18.0866901813759,-23.188064102906));
#8489=CARTESIAN_POINT('',(-1.72243023008988,17.7860716437657,-23.7087506837838));
#8490=CARTESIAN_POINT('Origin',(-3.66951632468215,18.1794085668322,-23.0274711484989));
#8491=CARTESIAN_POINT('',(-1.61191477785904,17.6558925989697,-23.9342274034561));
#8492=CARTESIAN_POINT('Origin',(-5.69239192911518,15.6760121595104,-27.3634809174912));
#8493=CARTESIAN_POINT('',(2.85015736263459,23.4448473622071,-13.9074636307511));
#8494=CARTESIAN_POINT('',(-3.74530583452291,15.2826752364439,-28.0447604527761));
#8495=CARTESIAN_POINT('Ctrl Pts',(2.8501573626346,23.4448473622071,-13.9074636307511));
#8496=CARTESIAN_POINT('Ctrl Pts',(2.850157362635,23.3992896441273,-13.8811608699546));
#8497=CARTESIAN_POINT('Ctrl Pts',(2.84964084059072,23.3559857142524,-13.8515120174373));
#8498=CARTESIAN_POINT('Ctrl Pts',(2.84858308108798,23.3150272382302,-13.8189295293455));
#8499=CARTESIAN_POINT('Ctrl Pts',(2.84789519979754,23.2883911557674,-13.7977405124693));
#8500=CARTESIAN_POINT('Ctrl Pts',(2.84697943730208,23.2627462514361,-13.7753107168748));
#8501=CARTESIAN_POINT('Ctrl Pts',(2.84584032952105,23.2381132873618,-13.751750013376));
#8502=CARTESIAN_POINT('Ctrl Pts',(2.84419114025684,23.2024499194402,-13.7176390539786));
#8503=CARTESIAN_POINT('Ctrl Pts',(2.84207168499558,23.1689111923768,-13.6811594316733));
#8504=CARTESIAN_POINT('Ctrl Pts',(2.8395383087629,23.1375802106909,-13.6426708045428));
#8505=CARTESIAN_POINT('Ctrl Pts',(2.83729548820409,23.109842613351,-13.6085964798945));
#8506=CARTESIAN_POINT('Ctrl Pts',(2.8347290090982,23.0838346958073,-13.5729475344869));
#8507=CARTESIAN_POINT('Ctrl Pts',(2.83190763093722,23.0596027025579,-13.5359662996692));
#8508=CARTESIAN_POINT('Ctrl Pts',(2.82862597963708,23.0314175577049,-13.4929520313239));
#8509=CARTESIAN_POINT('Ctrl Pts',(2.82499931582449,23.0056379098411,-13.4481391323208));
#8510=CARTESIAN_POINT('Ctrl Pts',(2.82118612495961,22.9823294139149,-13.4019131833276));
#8511=CARTESIAN_POINT('Ctrl Pts',(2.82118536486123,22.9823247677404,-13.4019039689268));
#8512=CARTESIAN_POINT('Ctrl Pts',(2.82118460475549,22.9823201216641,-13.4018947544699));
#8513=CARTESIAN_POINT('Ctrl Pts',(2.8211838446424,22.982315475686,-13.4018855399567));
#8514=CARTESIAN_POINT('Ctrl Pts',(2.8173750615299,22.9590353569203,-13.3557133551935));
#8515=CARTESIAN_POINT('Ctrl Pts',(2.81338788368743,22.9382179993609,-13.3081302992945));
#8516=CARTESIAN_POINT('Ctrl Pts',(2.80931024860491,22.9196719435412,-13.2591859777919));
#8517=CARTESIAN_POINT('Ctrl Pts',(2.80697936188484,22.909070515423,-13.231208077194));
#8518=CARTESIAN_POINT('Ctrl Pts',(2.80461799828486,22.8992113540091,-13.2027850850549));
#8519=CARTESIAN_POINT('Ctrl Pts',(2.80223573303638,22.8900600858293,-13.173924257455));
#8520=CARTESIAN_POINT('Ctrl Pts',(2.79765770818349,22.8724739949482,-13.1184620934026));
#8521=CARTESIAN_POINT('Ctrl Pts',(2.7930084882999,22.8575217780191,-13.0614439618548));
#8522=CARTESIAN_POINT('Ctrl Pts',(2.78832711391466,22.8449625422481,-13.0029715132944));
#8523=CARTESIAN_POINT('Ctrl Pts',(2.78351570471224,22.8320544478316,-12.9428748720221));
#8524=CARTESIAN_POINT('Ctrl Pts',(2.77867001022197,22.821672909186,-12.8812416804292));
#8525=CARTESIAN_POINT('Ctrl Pts',(2.77377965046269,22.8135693890969,-12.8181589937871));
#8526=CARTESIAN_POINT('Ctrl Pts',(2.7715772931403,22.8099199956609,-12.7897499147662));
#8527=CARTESIAN_POINT('Ctrl Pts',(2.76936520895035,22.8067328965411,-12.7610465852694));
#8528=CARTESIAN_POINT('Ctrl Pts',(2.76713936480391,22.8039870711157,-12.7320558460273));
#8529=CARTESIAN_POINT('Ctrl Pts',(2.76617662100547,22.8027994199479,-12.7195164890099));
#8530=CARTESIAN_POINT('Ctrl Pts',(2.76521149972355,22.8016943253776,-12.7069238363183));
#8531=CARTESIAN_POINT('Ctrl Pts',(2.76424370760375,22.8006701138083,-12.694278649283));
#8532=CARTESIAN_POINT('Ctrl Pts',(2.76424154927347,22.8006678296537,-12.6942504485057));
#8533=CARTESIAN_POINT('Ctrl Pts',(2.76423939092989,22.8006655459014,-12.6942222474671));
#8534=CARTESIAN_POINT('Ctrl Pts',(2.76423723257301,22.8006632625513,-12.6941940461672));
#8535=CARTESIAN_POINT('Ctrl Pts',(2.75766171409701,22.7937069475496,-12.6082776854755));
#8536=CARTESIAN_POINT('Ctrl Pts',(2.75096679479762,22.7904841145724,-12.5199390496658));
#8537=CARTESIAN_POINT('Ctrl Pts',(2.74429240277606,22.7908762923837,-12.4293179260819));
#8538=CARTESIAN_POINT('Ctrl Pts',(2.74393609396412,22.7908972285843,-12.4244801663614));
#8539=CARTESIAN_POINT('Ctrl Pts',(2.74357985398556,22.7909284611426,-12.4196358985414));
#8540=CARTESIAN_POINT('Ctrl Pts',(2.74322370760942,22.7909699699274,-12.4147851427263));
#8541=CARTESIAN_POINT('Ctrl Pts',(2.73594657807145,22.7918181178364,-12.3156697767181));
#8542=CARTESIAN_POINT('Ctrl Pts',(2.72870364400063,22.7969592081552,-12.2138469755336));
#8543=CARTESIAN_POINT('Ctrl Pts',(2.7216319264437,22.8062442501949,-12.1094906562347));
#8544=CARTESIAN_POINT('Ctrl Pts',(2.72068701578889,22.8074849014346,-12.0955467455499));
#8545=CARTESIAN_POINT('Ctrl Pts',(2.71974499679658,22.8087996461814,-12.0815576393045));
#8546=CARTESIAN_POINT('Ctrl Pts',(2.71883810133538,22.810174888531,-12.0675231050575));
#8547=CARTESIAN_POINT('Ctrl Pts',(2.71134961588336,22.8215306431562,-11.9516360926828));
#8548=CARTESIAN_POINT('Ctrl Pts',(2.70409842509088,22.8378903445455,-11.832680084222));
#8549=CARTESIAN_POINT('Ctrl Pts',(2.69711373518408,22.8591130414907,-11.710888597217));
#8550=CARTESIAN_POINT('Ctrl Pts',(2.68213710388065,22.9046189281733,-11.4497422584235));
#8551=CARTESIAN_POINT('Ctrl Pts',(2.66838095166251,22.9724863373743,-11.1755579791361));
#8552=CARTESIAN_POINT('Ctrl Pts',(2.6564714902275,23.0612339146249,-10.8906582312325));
#8553=CARTESIAN_POINT('Ctrl Pts',(2.65647025818162,23.0612430956518,-10.8906287580644));
#8554=CARTESIAN_POINT('Ctrl Pts',(2.65646902615551,23.0612522769023,-10.8905992847815));
#8555=CARTESIAN_POINT('Ctrl Pts',(2.65646779414917,23.0612614583762,-10.8905698113841));
#8556=CARTESIAN_POINT('Ctrl Pts',(2.65262525203002,23.0898978371542,-10.7986443339688));
#8557=CARTESIAN_POINT('Ctrl Pts',(2.6489743887277,23.1207091656684,-10.7056043242205));
#8558=CARTESIAN_POINT('Ctrl Pts',(2.64558258163403,23.153548379913,-10.6116118624824));
#8559=CARTESIAN_POINT('Ctrl Pts',(2.64045596993252,23.2031838383474,-10.4695451585414));
#8560=CARTESIAN_POINT('Ctrl Pts',(2.63592895426785,23.257437067479,-10.3253187224083));
#8561=CARTESIAN_POINT('Ctrl Pts',(2.63189011810665,23.3159969779447,-10.1795302941291));
#8562=CARTESIAN_POINT('Ctrl Pts',(2.62960133554659,23.3491825037853,-10.096912926455));
#8563=CARTESIAN_POINT('Ctrl Pts',(2.62746886973706,23.3837518407897,-10.0137942774363));
#8564=CARTESIAN_POINT('Ctrl Pts',(2.62546959353087,23.419654410441,-9.93028643965834));
#8565=CARTESIAN_POINT('Ctrl Pts',(2.62489454944025,23.4299809278337,-9.90626740292591));
#8566=CARTESIAN_POINT('Ctrl Pts',(2.62433054671747,23.440417768519,-9.88221613246881));
#8567=CARTESIAN_POINT('Ctrl Pts',(2.62377740441449,23.4509635431585,-9.85813521226493));
#8568=CARTESIAN_POINT('Ctrl Pts',(2.6194585555114,23.5333033081486,-9.67011513994938));
#8569=CARTESIAN_POINT('Ctrl Pts',(2.61580200890539,23.6222811614553,-9.48028845566223));
#8570=CARTESIAN_POINT('Ctrl Pts',(2.6127785630812,23.7172061832913,-9.28989075371388));
#8571=CARTESIAN_POINT('Ctrl Pts',(2.61159008098151,23.7545201276531,-9.21504758676268));
#8572=CARTESIAN_POINT('Ctrl Pts',(2.61049968618339,23.7927531621024,-9.14011608387759));
#8573=CARTESIAN_POINT('Ctrl Pts',(2.60950673101312,23.8318636443135,-9.06517098128061));
#8574=CARTESIAN_POINT('Ctrl Pts',(2.60714048296145,23.9250653366979,-8.88657409361646));
#8575=CARTESIAN_POINT('Ctrl Pts',(2.60532842933346,24.0232485982914,-8.70790059049179));
#8576=CARTESIAN_POINT('Ctrl Pts',(2.60409320761733,24.1258273959769,-8.53016164781993));
#8577=CARTESIAN_POINT('Ctrl Pts',(2.60355862951253,24.1702213525783,-8.45323995361615));
#8578=CARTESIAN_POINT('Ctrl Pts',(2.60313240471069,24.2154384227567,-8.37649317894988));
#8579=CARTESIAN_POINT('Ctrl Pts',(2.60281780267909,24.2614301424482,-8.30000270718016));
#8580=CARTESIAN_POINT('Ctrl Pts',(2.6020623197595,24.3718743073922,-8.11631907157267));
#8581=CARTESIAN_POINT('Ctrl Pts',(2.60195073375178,24.486785601728,-7.93411385993229));
#8582=CARTESIAN_POINT('Ctrl Pts',(2.60253688883244,24.6054796145938,-7.75451546512942));
#8583=CARTESIAN_POINT('Ctrl Pts',(2.60269532152049,24.6375615876645,-7.7059715602896));
#8584=CARTESIAN_POINT('Ctrl Pts',(2.60290488093002,24.6699197391432,-7.65761803767876));
#8585=CARTESIAN_POINT('Ctrl Pts',(2.6031669566255,24.7025401272438,-7.6094770225646));
#8586=CARTESIAN_POINT('Ctrl Pts',(2.60327200871923,24.7156158917173,-7.59017987094249));
#8587=CARTESIAN_POINT('Ctrl Pts',(2.60338546978103,24.7287338174448,-7.57091688290536));
#8588=CARTESIAN_POINT('Ctrl Pts',(2.60350741619339,24.7418930156822,-7.55168949273183));
#8589=CARTESIAN_POINT('Ctrl Pts',(2.60466758010646,24.8670859313584,-7.36876550349957));
#8590=CARTESIAN_POINT('Ctrl Pts',(2.60665262941141,24.9958612272753,-7.18917815293559));
#8591=CARTESIAN_POINT('Ctrl Pts',(2.60952074939315,25.1273602322902,-7.0141940094131));
#8592=CARTESIAN_POINT('Ctrl Pts',(2.6110214091458,25.196163234116,-6.92263868285447));
#8593=CARTESIAN_POINT('Ctrl Pts',(2.61276420325073,25.2657112461653,-6.83234369568216));
#8594=CARTESIAN_POINT('Ctrl Pts',(2.61478159756875,25.3358487798817,-6.74346910714995));
#8595=CARTESIAN_POINT('Ctrl Pts',(2.61516520110301,25.3491852930151,-6.72656978015083));
#8596=CARTESIAN_POINT('Ctrl Pts',(2.61556304275317,25.3625384060977,-6.70971847067863));
#8597=CARTESIAN_POINT('Ctrl Pts',(2.61596885506596,25.3759141327215,-6.69292109186017));
#8598=CARTESIAN_POINT('Ctrl Pts',(2.6159690996906,25.3759221956415,-6.69291096636001));
#8599=CARTESIAN_POINT('Ctrl Pts',(2.61596934431813,25.3759302585697,-6.69290084087945));
#8600=CARTESIAN_POINT('Ctrl Pts',(2.61596958894856,25.3759383215062,-6.6928907154185));
#8601=CARTESIAN_POINT('Ctrl Pts',(2.61963038540103,25.4965969375618,-6.54136724629436));
#8602=CARTESIAN_POINT('Ctrl Pts',(2.62394037177856,25.619096514024,-6.39423522582709));
#8603=CARTESIAN_POINT('Ctrl Pts',(2.62883181505575,25.7425763256221,-6.2522762152741));
#8604=CARTESIAN_POINT('Ctrl Pts',(2.63107859254364,25.7992940764341,-6.18707044858358));
#8605=CARTESIAN_POINT('Ctrl Pts',(2.63344806427863,25.8562188096585,-6.12295581448678));
#8606=CARTESIAN_POINT('Ctrl Pts',(2.63593721409754,25.9132633778036,-6.06000272894792));
#8607=CARTESIAN_POINT('Ctrl Pts',(2.64090473885968,26.0271055831434,-5.9343690652403));
#8608=CARTESIAN_POINT('Ctrl Pts',(2.6463766668582,26.1413883717932,-5.81333402901813));
#8609=CARTESIAN_POINT('Ctrl Pts',(2.65225386940401,26.2555102555573,-5.69751884416152));
#8610=CARTESIAN_POINT('Ctrl Pts',(2.65481525349241,26.3052464991074,-5.64704463140902));
#8611=CARTESIAN_POINT('Ctrl Pts',(2.65745378700106,26.3549522159866,-5.59756195624504));
#8612=CARTESIAN_POINT('Ctrl Pts',(2.6601646425976,26.4045739424623,-5.54911909939231));
#8613=CARTESIAN_POINT('Ctrl Pts',(2.6640847334146,26.4763305032063,-5.47906726832449));
#8614=CARTESIAN_POINT('Ctrl Pts',(2.66815650423991,26.547911032363,-5.41118923407077));
#8615=CARTESIAN_POINT('Ctrl Pts',(2.67236740146593,26.6191525205856,-5.34562626642244));
#8616=CARTESIAN_POINT('Ctrl Pts',(2.67863371632657,26.725168310661,-5.24806078894096));
#8617=CARTESIAN_POINT('Ctrl Pts',(2.68522457109629,26.8303673710496,-5.15563078585827));
#8618=CARTESIAN_POINT('Ctrl Pts',(2.69209424991105,26.9343097460518,-5.06872310762165));
#8619=CARTESIAN_POINT('Ctrl Pts',(2.69852691626314,27.0316398594768,-4.98734403407168));
#8620=CARTESIAN_POINT('Ctrl Pts',(2.70520193257821,27.1278719794058,-4.91080797362804));
#8621=CARTESIAN_POINT('Ctrl Pts',(2.71199559554846,27.2225209116701,-4.83932430730551));
#8622=CARTESIAN_POINT('Ctrl Pts',(2.71305527873306,27.2372843584881,-4.82817420470144));
#8623=CARTESIAN_POINT('Ctrl Pts',(2.7141178752339,27.2520093272376,-4.81714703250234));
#8624=CARTESIAN_POINT('Ctrl Pts',(2.71518294635351,27.2666940191629,-4.80624359114687));
#8625=CARTESIAN_POINT('Ctrl Pts',(2.72162498713968,27.3555138008415,-4.7402945548536));
#8626=CARTESIAN_POINT('Ctrl Pts',(2.72815747939993,27.442858310521,-4.67887151205424));
#8627=CARTESIAN_POINT('Ctrl Pts',(2.73469333920462,27.5282912655057,-4.62215979759043));
#8628=CARTESIAN_POINT('Ctrl Pts',(2.73582172591789,27.5430408798122,-4.61236877590388));
#8629=CARTESIAN_POINT('Ctrl Pts',(2.73695023205651,27.5577335360243,-4.60271817534059));
#8630=CARTESIAN_POINT('Ctrl Pts',(2.73807843409312,27.5723670103462,-4.59320894071022));
#8631=CARTESIAN_POINT('Ctrl Pts',(2.7444475664835,27.6549785748203,-4.53952567093548));
#8632=CARTESIAN_POINT('Ctrl Pts',(2.75080690417949,27.7357029411828,-4.49034772270984));
#8633=CARTESIAN_POINT('Ctrl Pts',(2.75708224154415,27.8141096517185,-4.44585908615315));
#8634=CARTESIAN_POINT('Ctrl Pts',(2.75781502036438,27.8232652992169,-4.44066409364278));
#8635=CARTESIAN_POINT('Ctrl Pts',(2.75854665991074,27.8323893466664,-4.43553303602325));
#8636=CARTESIAN_POINT('Ctrl Pts',(2.75927704704067,27.8414811102619,-4.43046620124326));
#8637=CARTESIAN_POINT('Ctrl Pts',(2.76188196884373,27.87390683663,-4.41239536202675));
#8638=CARTESIAN_POINT('Ctrl Pts',(2.76447089522389,27.9059215137278,-4.39514173585284));
#8639=CARTESIAN_POINT('Ctrl Pts',(2.76703853883844,27.9374927022412,-4.37871942161508));
#8640=CARTESIAN_POINT('Ctrl Pts',(2.77198716846859,27.9983399779499,-4.34706863083865));
#8641=CARTESIAN_POINT('Ctrl Pts',(2.77692236733058,28.0577152919509,-4.31825886494858));
#8642=CARTESIAN_POINT('Ctrl Pts',(2.78177615041514,28.1152302289595,-4.29252853120913));
#8643=CARTESIAN_POINT('Ctrl Pts',(2.78205190512467,28.1184977863415,-4.29106673108687));
#8644=CARTESIAN_POINT('Ctrl Pts',(2.7823273975884,28.1217593454098,-4.28961485763379));
#8645=CARTESIAN_POINT('Ctrl Pts',(2.78260261555684,28.1250148373268,-4.28817294995084));
#8646=CARTESIAN_POINT('Ctrl Pts',(2.78736686256821,28.1813700517925,-4.26321235450682));
#8647=CARTESIAN_POINT('Ctrl Pts',(2.79204855770659,28.2359049459564,-4.24124205835505));
#8648=CARTESIAN_POINT('Ctrl Pts',(2.79658558600921,28.2882773743387,-4.22244114381407));
#8649=CARTESIAN_POINT('Ctrl Pts',(2.79692394699296,28.2921831878375,-4.22103901547915));
#8650=CARTESIAN_POINT('Ctrl Pts',(2.79726150501684,28.2960769871955,-4.21965449302294));
#8651=CARTESIAN_POINT('Ctrl Pts',(2.7975982351664,28.2999586369037,-4.21828764011612));
#8652=CARTESIAN_POINT('Ctrl Pts',(2.79759846518918,28.2999612884864,-4.21828670640909));
#8653=CARTESIAN_POINT('Ctrl Pts',(2.79759869521158,28.2999639400635,-4.21828577271031));
#8654=CARTESIAN_POINT('Ctrl Pts',(2.79759892523358,28.299966591635,-4.21828483901978));
#8655=CARTESIAN_POINT('Ctrl Pts',(2.80236259236698,28.3548796142658,-4.19894846786645));
#8656=CARTESIAN_POINT('Ctrl Pts',(2.8069592755005,28.4073579634983,-4.18315398826892));
#8657=CARTESIAN_POINT('Ctrl Pts',(2.81129781564936,28.4572121353042,-4.17054842351789));
#8658=CARTESIAN_POINT('Ctrl Pts',(2.81585831584458,28.5096168503587,-4.1572979571086));
#8659=CARTESIAN_POINT('Ctrl Pts',(2.82013353498245,28.5591219663639,-4.14757000065686));
#8660=CARTESIAN_POINT('Ctrl Pts',(2.82403390768827,28.6055342064348,-4.14089567542554));
#8661=CARTESIAN_POINT('Ctrl Pts',(2.82789523740289,28.6514818568839,-4.1342881606354));
#8662=CARTESIAN_POINT('Ctrl Pts',(2.83138916402207,28.6943982634883,-4.13067299783091));
#8663=CARTESIAN_POINT('Ctrl Pts',(2.83444414447857,28.734120851946,-4.12955328773552));
#8664=CARTESIAN_POINT('Ctrl Pts',(2.83464889620621,28.7367831500291,-4.12947824222221));
#8665=CARTESIAN_POINT('Ctrl Pts',(2.83485167810542,28.7394311086676,-4.12941440855529));
#8666=CARTESIAN_POINT('Ctrl Pts',(2.8350524695627,28.7420646818893,-4.12936163808847));
#8667=CARTESIAN_POINT('Ctrl Pts',(2.83724882387774,28.7708719826967,-4.12878440913623));
#8668=CARTESIAN_POINT('Ctrl Pts',(2.83920714605761,28.797957732342,-4.12952958944482));
#8669=CARTESIAN_POINT('Ctrl Pts',(2.84090442271475,28.8232670668081,-4.13139011673416));
#8670=CARTESIAN_POINT('Ctrl Pts',(2.84231128735589,28.8442458551521,-4.13293229905679));
#8671=CARTESIAN_POINT('Ctrl Pts',(2.84357626126,28.8642392663775,-4.13515287145037));
#8672=CARTESIAN_POINT('Ctrl Pts',(2.84467744717151,28.8831749071956,-4.13796414850107));
#8673=CARTESIAN_POINT('Ctrl Pts',(2.84467749561564,28.8831757402253,-4.1379642721767));
#8674=CARTESIAN_POINT('Ctrl Pts',(2.84467754405945,28.883176573253,-4.13796439585347));
#8675=CARTESIAN_POINT('Ctrl Pts',(2.84467759250295,28.8831774062786,-4.13796451953138));
#8676=CARTESIAN_POINT('Ctrl Pts',(2.84610188684282,28.9076693162563,-4.14160079218725));
#8677=CARTESIAN_POINT('Ctrl Pts',(2.84725197754693,28.9303878630048,-4.14622299379632));
#8678=CARTESIAN_POINT('Ctrl Pts',(2.84813335785177,28.9516472732264,-4.15197434443423));
#8679=CARTESIAN_POINT('Ctrl Pts',(2.84818919151837,28.9529940140329,-4.15233868090997));
#8680=CARTESIAN_POINT('Ctrl Pts',(2.84824394659893,28.9543348996156,-4.15270755113378));
#8681=CARTESIAN_POINT('Ctrl Pts',(2.84829762437531,28.9556700099145,-4.15308099256249));
#8682=CARTESIAN_POINT('Ctrl Pts',(2.84916043380577,28.9771303950935,-4.15908364036496));
#8683=CARTESIAN_POINT('Ctrl Pts',(2.849744908331,28.9971000631589,-4.1662674452056));
#8684=CARTESIAN_POINT('Ctrl Pts',(2.85006098672954,29.0159584416019,-4.17479001424255));
#8685=CARTESIAN_POINT('Ctrl Pts',(2.85010613493482,29.0186521465344,-4.17600736632409));
#8686=CARTESIAN_POINT('Ctrl Pts',(2.85014580576138,29.0213231741153,-4.17725205044399));
#8687=CARTESIAN_POINT('Ctrl Pts',(2.8501800267889,29.0239726255351,-4.17852454333047));
#8688=CARTESIAN_POINT('Ctrl Pts',(2.85042205927268,29.0427112010373,-4.18752440792571));
#8689=CARTESIAN_POINT('Ctrl Pts',(2.85039152106964,29.0603731002244,-4.19791588608132));
#8690=CARTESIAN_POINT('Ctrl Pts',(2.85010279984791,29.0773671576949,-4.20985622379297));
#8691=CARTESIAN_POINT('Ctrl Pts',(2.85003348544599,29.0814469857129,-4.21272278608537));
#8692=CARTESIAN_POINT('Ctrl Pts',(2.84994928635908,29.085488296239,-4.21567866412378));
#8693=CARTESIAN_POINT('Ctrl Pts',(2.8498503935806,29.089496692554,-4.21872611829833));
#8694=CARTESIAN_POINT('Ctrl Pts',(2.84978750856805,29.0920455950771,-4.22066396651097));
#8695=CARTESIAN_POINT('Ctrl Pts',(2.84971869351095,29.0945811955876,-4.22263878073962));
#8696=CARTESIAN_POINT('Ctrl Pts',(2.84964400620014,29.0971049264143,-4.22465108994865));
#8697=CARTESIAN_POINT('Ctrl Pts',(2.8491699403747,29.113123906405,-4.23742390256952));
#8698=CARTESIAN_POINT('Ctrl Pts',(2.84845088280031,29.1286341768441,-4.25173877889651));
#8699=CARTESIAN_POINT('Ctrl Pts',(2.84749610133949,29.1439982741505,-4.26775831928099));
#8700=CARTESIAN_POINT('Ctrl Pts',(2.84710595245364,29.1502764495155,-4.27430432597401));
#8701=CARTESIAN_POINT('Ctrl Pts',(2.84667641889516,29.1565301375672,-4.28113504275302));
#8702=CARTESIAN_POINT('Ctrl Pts',(2.84620801944493,29.1627837451169,-4.28826181408682));
#8703=CARTESIAN_POINT('Ctrl Pts',(2.8456333350561,29.1704563643544,-4.29700572748444));
#8704=CARTESIAN_POINT('Ctrl Pts',(2.84500009248098,29.1781281299156,-4.30619516346322));
#8705=CARTESIAN_POINT('Ctrl Pts',(2.84430888603608,29.1858415335603,-4.31585066250055));
#8706=CARTESIAN_POINT('Ctrl Pts',(2.84222847804849,29.2090575013406,-4.34491199066072));
#8707=CARTESIAN_POINT('Ctrl Pts',(2.83962395520564,29.2326470626045,-4.37819248035947));
#8708=CARTESIAN_POINT('Ctrl Pts',(2.83636684657209,29.2556249147417,-4.41689108402607));
#8709=CARTESIAN_POINT('Ctrl Pts',(2.83360177661481,29.2751315925272,-4.4497436408259));
#8710=CARTESIAN_POINT('Ctrl Pts',(2.83036636795604,29.2941990310094,-4.48649931339885));
#8711=CARTESIAN_POINT('Ctrl Pts',(2.82657163253128,29.3122285127836,-4.52792947209104));
#8712=CARTESIAN_POINT('Ctrl Pts',(2.8265716021046,29.3122286573463,-4.52792980428339));
#8713=CARTESIAN_POINT('Ctrl Pts',(2.82657157167789,29.312228801909,-4.52793013647604));
#8714=CARTESIAN_POINT('Ctrl Pts',(2.82657154125114,29.3122289464716,-4.52793046866899));
#8715=CARTESIAN_POINT('Ctrl Pts',(2.82621844501272,29.3139065657328,-4.53178550028803));
#8716=CARTESIAN_POINT('Ctrl Pts',(2.82586049730578,29.3155751936981,-4.53568104838241));
#8717=CARTESIAN_POINT('Ctrl Pts',(2.82549783314195,29.3172343125543,-4.53961697980463));
#8718=CARTESIAN_POINT('Ctrl Pts',(2.82226383025135,29.3320292542997,-4.57471505363208));
#8719=CARTESIAN_POINT('Ctrl Pts',(2.81870333923504,29.3461870278947,-4.61286586716367));
#8720=CARTESIAN_POINT('Ctrl Pts',(2.8149294164539,29.3593681909244,-4.65394854801227));
#8721=CARTESIAN_POINT('Ctrl Pts',(2.81252487677321,29.3677665157923,-4.68012421243851));
#8722=CARTESIAN_POINT('Ctrl Pts',(2.81003371699698,29.3757681940358,-4.70748992873279));
#8723=CARTESIAN_POINT('Ctrl Pts',(2.80748518270408,29.3832830945444,-4.73601171068028));
#8724=CARTESIAN_POINT('Ctrl Pts',(2.80399618429465,29.3935711554093,-4.77505864527575));
#8725=CARTESIAN_POINT('Ctrl Pts',(2.80039986550644,29.4029492763548,-4.81627383794103));
#8726=CARTESIAN_POINT('Ctrl Pts',(2.79677485019866,29.4112001254264,-4.85957234386445));
#8727=CARTESIAN_POINT('Ctrl Pts',(2.79677468628402,29.4112004985103,-4.85957430172071));
#8728=CARTESIAN_POINT('Ctrl Pts',(2.79677452236933,29.4112008715919,-4.85957625958123));
#8729=CARTESIAN_POINT('Ctrl Pts',(2.79677435845457,29.4112012446712,-4.85957821744602));
#8730=CARTESIAN_POINT('Ctrl Pts',(2.79016923958535,29.4262348712643,-4.9384724549364));
#8731=CARTESIAN_POINT('Ctrl Pts',(2.78347235229888,29.4375313878394,-5.02427623299837));
#8732=CARTESIAN_POINT('Ctrl Pts',(2.77673787590927,29.4450532285014,-5.11636834909088));
#8733=CARTESIAN_POINT('Ctrl Pts',(2.77447179874885,29.4475842450708,-5.14735633224782));
#8734=CARTESIAN_POINT('Ctrl Pts',(2.77220144650403,29.4496881370626,-5.1790564739753));
#8735=CARTESIAN_POINT('Ctrl Pts',(2.76992887373898,29.4513641085267,-5.21144550678081));
#8736=CARTESIAN_POINT('Ctrl Pts',(2.76371890784743,29.4559438191468,-5.29995083082387));
#8737=CARTESIAN_POINT('Ctrl Pts',(2.75749274533956,29.457327007461,-5.39359913120224));
#8738=CARTESIAN_POINT('Ctrl Pts',(2.75127909940858,29.4554653225789,-5.4918937356841));
#8739=CARTESIAN_POINT('Ctrl Pts',(2.74670383615562,29.4540945173344,-5.56427051685983));
#8740=CARTESIAN_POINT('Ctrl Pts',(2.74213524411468,29.4509647114427,-5.63916648420674));
#8741=CARTESIAN_POINT('Ctrl Pts',(2.73758356311817,29.4460608188833,-5.71638338265991));
#8742=CARTESIAN_POINT('Ctrl Pts',(2.73162220175833,29.4396381641237,-5.81751477458269));
#8743=CARTESIAN_POINT('Ctrl Pts',(2.72568899370363,29.430168846376,-5.92262507838914));
#8744=CARTESIAN_POINT('Ctrl Pts',(2.71979776254065,29.4176131426798,-6.03126193731191));
#8745=CARTESIAN_POINT('Ctrl Pts',(2.71540572012298,29.4082525893945,-6.11225310525493));
#8746=CARTESIAN_POINT('Ctrl Pts',(2.71103691746238,29.3971768575162,-6.1952042952617));
#8747=CARTESIAN_POINT('Ctrl Pts',(2.70669593954478,29.3843741900091,-6.27992722267142));
#8748=CARTESIAN_POINT('Ctrl Pts',(2.70258250401087,29.372242603889,-6.36020920216072));
#8749=CARTESIAN_POINT('Ctrl Pts',(2.69849390884994,29.3585601704229,-6.44208230360008));
#8750=CARTESIAN_POINT('Ctrl Pts',(2.69443393628393,29.3433210188164,-6.52538824029542));
#8751=CARTESIAN_POINT('Ctrl Pts',(2.68822071144359,29.3199996111546,-6.65287642077138));
#8752=CARTESIAN_POINT('Ctrl Pts',(2.68208865162443,29.2930580129061,-6.78378486386208));
#8753=CARTESIAN_POINT('Ctrl Pts',(2.6760960086753,29.2625582661906,-6.91751126029382));
#8754=CARTESIAN_POINT('Ctrl Pts',(2.67207037965567,29.2420696993743,-7.00734355411412));
#8755=CARTESIAN_POINT('Ctrl Pts',(2.66810776881018,29.2199756893844,-7.09844746115925));
#8756=CARTESIAN_POINT('Ctrl Pts',(2.66422714093775,29.196297099965,-7.19063951928598));
#8757=CARTESIAN_POINT('Ctrl Pts',(2.65786138292067,29.1574548879867,-7.34187080257923));
#8758=CARTESIAN_POINT('Ctrl Pts',(2.65171317804608,29.1143462657043,-7.49602750535791));
#8759=CARTESIAN_POINT('Ctrl Pts',(2.64590386281082,29.0671115659843,-7.65232170716224));
#8760=CARTESIAN_POINT('Ctrl Pts',(2.6422577360616,29.0374654381419,-7.75041734268386));
#8761=CARTESIAN_POINT('Ctrl Pts',(2.63874542209971,29.0061938423629,-7.849354813458));
#8762=CARTESIAN_POINT('Ctrl Pts',(2.6353992099764,28.973329772198,-7.94893606100848));
#8763=CARTESIAN_POINT('Ctrl Pts',(2.63031369807346,28.9233835602294,-8.10027781731857));
#8764=CARTESIAN_POINT('Ctrl Pts',(2.62561121399364,28.8697629884144,-8.25310968938064));
#8765=CARTESIAN_POINT('Ctrl Pts',(2.62150840250086,28.812683838351,-8.40679143630329));
#8766=CARTESIAN_POINT('Ctrl Pts',(2.6195548399881,28.7855054783362,-8.47996733049459));
#8767=CARTESIAN_POINT('Ctrl Pts',(2.6177374829527,28.7575422317952,-8.55333587016052));
#8768=CARTESIAN_POINT('Ctrl Pts',(2.61608067445032,28.7288134066285,-8.62682757476562));
#8769=CARTESIAN_POINT('Ctrl Pts',(2.61608029781144,28.7288068757637,-8.62684428148381));
#8770=CARTESIAN_POINT('Ctrl Pts',(2.61607992118087,28.7288003448593,-8.62686098820835));
#8771=CARTESIAN_POINT('Ctrl Pts',(2.6160795445586,28.7287938139154,-8.62687769493927));
#8772=CARTESIAN_POINT('Ctrl Pts',(2.61227370864888,28.6627974494484,-8.79570221909338));
#8773=CARTESIAN_POINT('Ctrl Pts',(2.60922062460785,28.59264013988,-8.96512114767892));
#8774=CARTESIAN_POINT('Ctrl Pts',(2.60681766627107,28.5186823351396,-9.13423644389728));
#8775=CARTESIAN_POINT('Ctrl Pts',(2.60568449990004,28.4838059513403,-9.21398637695643));
#8776=CARTESIAN_POINT('Ctrl Pts',(2.6046956750309,28.4480851679156,-9.29366875269292));
#8777=CARTESIAN_POINT('Ctrl Pts',(2.60383946958719,28.4115616203692,-9.37318959432411));
#8778=CARTESIAN_POINT('Ctrl Pts',(2.60316914952719,28.3829674707256,-9.4354461657181));
#8779=CARTESIAN_POINT('Ctrl Pts',(2.60258009050355,28.3538811798317,-9.49760421491517));
#8780=CARTESIAN_POINT('Ctrl Pts',(2.60207141380857,28.3243278481994,-9.5596222886507));
#8781=CARTESIAN_POINT('Ctrl Pts',(2.60078902467663,28.2498230169934,-9.71597170376433));
#8782=CARTESIAN_POINT('Ctrl Pts',(2.60005640722045,28.1724071516362,-9.87142078549024));
#8783=CARTESIAN_POINT('Ctrl Pts',(2.59998943986342,28.0925522102709,-10.0254246944029));
#8784=CARTESIAN_POINT('Ctrl Pts',(2.59998122847409,28.0827605738382,-10.0443083133687));
#8785=CARTESIAN_POINT('Ctrl Pts',(2.59998302275886,28.0729322016219,-10.0631701995352));
#8786=CARTESIAN_POINT('Ctrl Pts',(2.59999503287346,28.063067910788,-10.0820093436285));
#8787=CARTESIAN_POINT('Ctrl Pts',(2.60005820221732,28.0111849104535,-10.1810971884359));
#8788=CARTESIAN_POINT('Ctrl Pts',(2.60033571726807,27.9582489606728,-10.2795198854838));
#8789=CARTESIAN_POINT('Ctrl Pts',(2.60081199279732,27.9043508680474,-10.3771090019127));
#8790=CARTESIAN_POINT('Ctrl Pts',(2.60160503268641,27.814605888993,-10.5396033089139));
#8791=CARTESIAN_POINT('Ctrl Pts',(2.60294572555144,27.7221906951551,-10.6997834872543));
#8792=CARTESIAN_POINT('Ctrl Pts',(2.60476405539383,27.6275356602215,-10.8568781033622));
#8793=CARTESIAN_POINT('Ctrl Pts',(2.60595901851182,27.5653306229174,-10.9601169481009));
#8794=CARTESIAN_POINT('Ctrl Pts',(2.60736061820953,27.5021587665611,-11.0620235276344));
#8795=CARTESIAN_POINT('Ctrl Pts',(2.60895364771424,27.4381475453202,-11.1623818120383));
#8796=CARTESIAN_POINT('Ctrl Pts',(2.61146979709018,27.337043457855,-11.3208951565351));
#8797=CARTESIAN_POINT('Ctrl Pts',(2.61446043452481,27.2338439936403,-11.4755442766262));
#8798=CARTESIAN_POINT('Ctrl Pts',(2.61789586003427,27.1290686819765,-11.6254987270456));
#8799=CARTESIAN_POINT('Ctrl Pts',(2.61933212279076,27.0852648278315,-11.6881908132847));
#8800=CARTESIAN_POINT('Ctrl Pts',(2.62084643062492,27.0411857335984,-11.7500624026976));
#8801=CARTESIAN_POINT('Ctrl Pts',(2.62243790770593,26.996870191487,-11.8110529586252));
#8802=CARTESIAN_POINT('Ctrl Pts',(2.62683043123275,26.8745579925554,-11.9793886858699));
#8803=CARTESIAN_POINT('Ctrl Pts',(2.63184895553908,26.7503486462013,-12.1411942189026));
#8804=CARTESIAN_POINT('Ctrl Pts',(2.63753841041206,26.6249859806199,-12.2952510455983));
#8805=CARTESIAN_POINT('Ctrl Pts',(2.64156193336803,26.5363308152218,-12.4041984215023));
#8806=CARTESIAN_POINT('Ctrl Pts',(2.64592239766191,26.4471006434678,-12.5092708089021));
#8807=CARTESIAN_POINT('Ctrl Pts',(2.65073641406255,26.3575909745932,-12.6100574537527));
#8808=CARTESIAN_POINT('Ctrl Pts',(2.65219815370169,26.3304120412054,-12.6406605555316));
#8809=CARTESIAN_POINT('Ctrl Pts',(2.65370156937938,26.3032071065013,-12.6708682785344));
#8810=CARTESIAN_POINT('Ctrl Pts',(2.65524952433442,26.275983861895,-12.7006684741903));
#8811=CARTESIAN_POINT('Ctrl Pts',(2.65581178476722,26.2660956198343,-12.7114927367778));
#8812=CARTESIAN_POINT('Ctrl Pts',(2.65638942404349,26.2562087811207,-12.7222671994915));
#8813=CARTESIAN_POINT('Ctrl Pts',(2.65697129557709,26.2463191129239,-12.7329865342178));
#8814=CARTESIAN_POINT('Ctrl Pts',(2.65697189826498,26.2463088694543,-12.7329976370351));
#8815=CARTESIAN_POINT('Ctrl Pts',(2.65697250095744,26.2462986259817,-12.7330087397932));
#8816=CARTESIAN_POINT('Ctrl Pts',(2.65697310365445,26.2462883825061,-12.7330198424923));
#8817=CARTESIAN_POINT('Ctrl Pts',(2.66419279634534,26.1235820393651,-12.8660188023247));
#8818=CARTESIAN_POINT('Ctrl Pts',(2.67206510048667,26.0004437756153,-12.99053688123));
#8819=CARTESIAN_POINT('Ctrl Pts',(2.68047969067243,25.8769971734022,-13.1060253767681));
#8820=CARTESIAN_POINT('Ctrl Pts',(2.68233425139012,25.8497897617347,-13.1314788358722));
#8821=CARTESIAN_POINT('Ctrl Pts',(2.68421538224417,25.8225642125302,-13.156496198532));
#8822=CARTESIAN_POINT('Ctrl Pts',(2.68612035588587,25.7953436114706,-13.1810520317465));
#8823=CARTESIAN_POINT('Ctrl Pts',(2.6928587080499,25.6990577668576,-13.2679119484712));
#8824=CARTESIAN_POINT('Ctrl Pts',(2.69989856533514,25.6027874663425,-13.349039530187));
#8825=CARTESIAN_POINT('Ctrl Pts',(2.70717699233266,25.506684443121,-13.4241537917853));
#8826=CARTESIAN_POINT('Ctrl Pts',(2.71277417058075,25.4327803218961,-13.4819173595565));
#8827=CARTESIAN_POINT('Ctrl Pts',(2.71851553645823,25.3589782284904,-13.5361272013781));
#8828=CARTESIAN_POINT('Ctrl Pts',(2.72451218525813,25.285365852988,-13.586715302802));
#8829=CARTESIAN_POINT('Ctrl Pts',(2.72575715860561,25.2700830761234,-13.5972179752235));
#8830=CARTESIAN_POINT('Ctrl Pts',(2.72701300204944,25.2548083660521,-13.6075644932368));
#8831=CARTESIAN_POINT('Ctrl Pts',(2.72828049723531,25.2395423428056,-13.6177541749165));
#8832=CARTESIAN_POINT('Ctrl Pts',(2.72976812421434,25.22162499819,-13.629713546079));
#8833=CARTESIAN_POINT('Ctrl Pts',(2.73126635557371,25.2037185346649,-13.6414550011721));
#8834=CARTESIAN_POINT('Ctrl Pts',(2.73276969941709,25.1858228770485,-13.6529752716725));
#8835=CARTESIAN_POINT('Ctrl Pts',(2.73966329354108,25.1037622089373,-13.7058015558109));
#8836=CARTESIAN_POINT('Ctrl Pts',(2.7466681793698,25.0219275136486,-13.7539770822701));
#8837=CARTESIAN_POINT('Ctrl Pts',(2.75363704815409,24.9403933549323,-13.7973374712366));
#8838=CARTESIAN_POINT('Ctrl Pts',(2.75712675387237,24.8995646022733,-13.819050463977));
#8839=CARTESIAN_POINT('Ctrl Pts',(2.76060454596945,24.8587838738563,-13.8395692525032));
#8840=CARTESIAN_POINT('Ctrl Pts',(2.76405090241407,24.8180523451757,-13.8588744885022));
#8841=CARTESIAN_POINT('Ctrl Pts',(2.76405183287832,24.8180413482775,-13.8588797006246));
#8842=CARTESIAN_POINT('Ctrl Pts',(2.76405276334024,24.8180303513829,-13.8588849126586));
#8843=CARTESIAN_POINT('Ctrl Pts',(2.76405369379982,24.8180193544919,-13.8588901246041));
#8844=CARTESIAN_POINT('Ctrl Pts',(2.76919010267998,24.7573133017889,-13.887661587148));
#8845=CARTESIAN_POINT('Ctrl Pts',(2.77425765209903,24.6967199496583,-13.9137377259267));
#8846=CARTESIAN_POINT('Ctrl Pts',(2.77928778212133,24.6362046785276,-13.9368456014722));
#8847=CARTESIAN_POINT('Ctrl Pts',(2.78108267118675,24.6146111614691,-13.9450911285178));
#8848=CARTESIAN_POINT('Ctrl Pts',(2.78287236930923,24.5930276028453,-13.952958400572));
#8849=CARTESIAN_POINT('Ctrl Pts',(2.78465680873374,24.5714526405282,-13.9604340251134));
#8850=CARTESIAN_POINT('Ctrl Pts',(2.78923293562572,24.5161244719748,-13.9796049793235));
#8851=CARTESIAN_POINT('Ctrl Pts',(2.79377779647131,24.4608522744089,-13.9962022378176));
#8852=CARTESIAN_POINT('Ctrl Pts',(2.79827249290701,24.4055925071297,-14.0099945229427));
#8853=CARTESIAN_POINT('Ctrl Pts',(2.80045456811285,24.3787651184984,-14.0166903707789));
#8854=CARTESIAN_POINT('Ctrl Pts',(2.80262415132232,24.3519407127185,-14.0227247424652));
#8855=CARTESIAN_POINT('Ctrl Pts',(2.80477502851311,24.3251150039172,-14.0280692700966));
#8856=CARTESIAN_POINT('Ctrl Pts',(2.80653439292584,24.303172236746,-14.0324409616826));
#8857=CARTESIAN_POINT('Ctrl Pts',(2.80828136868998,24.2812281522927,-14.0363512062043));
#8858=CARTESIAN_POINT('Ctrl Pts',(2.81001140613763,24.2592796959104,-14.0397841058255));
#8859=CARTESIAN_POINT('Ctrl Pts',(2.81384367745172,24.2106608409277,-14.0473884514771));
#8860=CARTESIAN_POINT('Ctrl Pts',(2.81758238192285,24.1621867522802,-14.05262701519));
#8861=CARTESIAN_POINT('Ctrl Pts',(2.82115895078471,24.1137614134019,-14.0553663755873));
#8862=CARTESIAN_POINT('Ctrl Pts',(2.82115913673638,24.1137588956892,-14.0553665180112));
#8863=CARTESIAN_POINT('Ctrl Pts',(2.8211593226876,24.1137563779767,-14.0553666604282));
#8864=CARTESIAN_POINT('Ctrl Pts',(2.82115950863836,24.1137538602643,-14.0553668028385));
#8865=CARTESIAN_POINT('Ctrl Pts',(2.82534222661036,24.057121229906,-14.0585701353845));
#8866=CARTESIAN_POINT('Ctrl Pts',(2.82929377320641,24.0005539642451,-14.0583546267045));
#8867=CARTESIAN_POINT('Ctrl Pts',(2.83281793249506,23.9444240051411,-14.0545465183522));
#8868=CARTESIAN_POINT('Ctrl Pts',(2.8361330768342,23.8916230671189,-14.0509642657316));
#8869=CARTESIAN_POINT('Ctrl Pts',(2.83907068748683,23.8392089554305,-14.044203086174));
#8870=CARTESIAN_POINT('Ctrl Pts',(2.84152195224918,23.7875073154092,-14.0340865705933));
#8871=CARTESIAN_POINT('Ctrl Pts',(2.84222296290463,23.7727217234505,-14.031193457892));
#8872=CARTESIAN_POINT('Ctrl Pts',(2.84288452427288,23.7579945101783,-14.0280257125531));
#8873=CARTESIAN_POINT('Ctrl Pts',(2.84350486825825,23.7433335613486,-14.0245786443363));
#8874=CARTESIAN_POINT('Ctrl Pts',(2.84534232810268,23.6999078082322,-14.0143684229448));
#8875=CARTESIAN_POINT('Ctrl Pts',(2.84681675830095,23.6570307852937,-14.0016946891677));
#8876=CARTESIAN_POINT('Ctrl Pts',(2.84789864531059,23.61507999023,-13.9864900346491));
#8877=CARTESIAN_POINT('Ctrl Pts',(2.84891672245803,23.5756034595104,-13.9721821529922));
#8878=CARTESIAN_POINT('Ctrl Pts',(2.84958756588148,23.5369479714422,-13.9556335014636));
#8879=CARTESIAN_POINT('Ctrl Pts',(2.84991629659398,23.499407340261,-13.9368345509866));
#8880=CARTESIAN_POINT('Ctrl Pts',(2.85007800365412,23.4809405987221,-13.9275870943313));
#8881=CARTESIAN_POINT('Ctrl Pts',(2.85015736263444,23.4627432229786,-13.9177958107847));
#8882=CARTESIAN_POINT('Ctrl Pts',(2.8501573626346,23.4448473622071,-13.9074636307511));
#8883=CARTESIAN_POINT('Ctrl Pts',(2.85003596565255,23.4448591607986,-13.9074431949913));
#8884=CARTESIAN_POINT('Ctrl Pts',(2.85003596565079,23.6450230463242,-14.0230078681791));
#8885=CARTESIAN_POINT('Ctrl Pts',(2.82466611352575,24.114024411043,-14.1137241695498));
#8886=CARTESIAN_POINT('Ctrl Pts',(2.74155951584161,25.0498342197012,-13.8272753178989));
#8887=CARTESIAN_POINT('Ctrl Pts',(2.60961237166544,26.7296425468748,-12.4792119048967));
#8888=CARTESIAN_POINT('Ctrl Pts',(2.56601254933324,29.078695764317,-8.58261184184324));
#8889=CARTESIAN_POINT('Ctrl Pts',(2.74389531698572,29.5968233056957,-5.39642909338452));
#8890=CARTESIAN_POINT('Ctrl Pts',(2.82838182775486,29.3140073866607,-4.50727900978722));
#8891=CARTESIAN_POINT('Ctrl Pts',(2.85117676620294,29.1380213484309,-4.2355888932326));
#8892=CARTESIAN_POINT('Ctrl Pts',(2.85373363908695,28.9426351370089,-4.10693061394988));
#8893=CARTESIAN_POINT('Ctrl Pts',(2.79206270849109,28.2516216967289,-4.15313149773884));
#8894=CARTESIAN_POINT('Ctrl Pts',(2.68509436024745,26.9634007360707,-4.93615930020395));
#8895=CARTESIAN_POINT('Ctrl Pts',(2.57761820644497,24.8027564198268,-7.17588547591614));
#8896=CARTESIAN_POINT('Ctrl Pts',(2.60793018127811,23.0383619750041,-10.3388530527933));
#8897=CARTESIAN_POINT('Ctrl Pts',(2.74197215955938,22.7125118340509,-12.4790087015359));
#8898=CARTESIAN_POINT('Ctrl Pts',(2.82454564041256,22.9315420904045,-13.4304010420067));
#8899=CARTESIAN_POINT('Ctrl Pts',(2.85003596565429,23.2446952752729,-13.7918785218034));
#8900=CARTESIAN_POINT('Ctrl Pts',(2.85003596565255,23.4448591607986,-13.9074431949913));
#8901=CARTESIAN_POINT('Ctrl Pts',(2.9000239771017,23.4400008182393,-13.9158580911446));
#8902=CARTESIAN_POINT('Ctrl Pts',(2.90002397710054,23.6418449538497,-14.0323928571715));
#8903=CARTESIAN_POINT('Ctrl Pts',(2.8831107423505,24.1136511641486,-14.1272621347497));
#8904=CARTESIAN_POINT('Ctrl Pts',(2.8277063438944,25.0612183565293,-13.8541934746082));
#8905=CARTESIAN_POINT('Ctrl Pts',(2.73974158111029,26.7862048279461,-12.5365747752401));
#8906=CARTESIAN_POINT('Ctrl Pts',(2.71067503288883,29.2279925712903,-8.66815093472537));
#8907=CARTESIAN_POINT('Ctrl Pts',(2.82926354465714,29.8500582130178,-5.44952010745882));
#8908=CARTESIAN_POINT('Ctrl Pts',(2.88558788516991,29.5560830341806,-4.42187431562278));
#8909=CARTESIAN_POINT('Ctrl Pts',(2.90078451080196,29.3399020781438,-4.04702145044487));
#8910=CARTESIAN_POINT('Ctrl Pts',(2.90248909272463,28.9634190601761,-3.82610723178065));
#8911=CARTESIAN_POINT('Ctrl Pts',(2.86137513899405,28.1212324166641,-3.93396694113665));
#8912=CARTESIAN_POINT('Ctrl Pts',(2.79006290683163,26.8064982993154,-4.77835216164671));
#8913=CARTESIAN_POINT('Ctrl Pts',(2.71841213762998,24.6610848458295,-7.10103700144265));
#8914=CARTESIAN_POINT('Ctrl Pts',(2.73862012085207,22.9646756222319,-10.3199687054717));
#8915=CARTESIAN_POINT('Ctrl Pts',(2.82798143970626,22.6826385454373,-12.4823853322249));
#8916=CARTESIAN_POINT('Ctrl Pts',(2.88303042694171,22.9203023692989,-13.4375907502551));
#8917=CARTESIAN_POINT('Ctrl Pts',(2.90002397710286,23.2381566826289,-13.7993233251177));
#8918=CARTESIAN_POINT('Ctrl Pts',(2.9000239771017,23.4400008182393,-13.9158580911446));
#8919=CARTESIAN_POINT('Ctrl Pts',(2.95001198855085,23.43514247568,-13.924272987298));
#8920=CARTESIAN_POINT('Ctrl Pts',(2.95001198855027,23.6386668613752,-14.0417778461638));
#8921=CARTESIAN_POINT('Ctrl Pts',(2.94155537117525,24.1132779172543,-14.1408000999497));
#8922=CARTESIAN_POINT('Ctrl Pts',(2.9138531719472,25.0726024933576,-13.8811116313176));
#8923=CARTESIAN_POINT('Ctrl Pts',(2.86987079055515,26.8427671090176,-12.5939376455834));
#8924=CARTESIAN_POINT('Ctrl Pts',(2.85533751644441,29.3772893782635,-8.75369002760751));
#8925=CARTESIAN_POINT('Ctrl Pts',(2.91463177232858,30.10329312034,-5.5026111215331));
#8926=CARTESIAN_POINT('Ctrl Pts',(2.94279394258495,29.7981586817006,-4.33646962145834));
#8927=CARTESIAN_POINT('Ctrl Pts',(2.95039225540098,29.5417828078566,-3.85845400765713));
#8928=CARTESIAN_POINT('Ctrl Pts',(2.95124454636232,28.9842029833433,-3.54528384961143));
#8929=CARTESIAN_POINT('Ctrl Pts',(2.93068756949703,27.9908431365994,-3.71480238453446));
#8930=CARTESIAN_POINT('Ctrl Pts',(2.89503145341582,26.6495958625601,-4.62054502308946));
#8931=CARTESIAN_POINT('Ctrl Pts',(2.85920606881499,24.5194132718321,-7.02618852696918));
#8932=CARTESIAN_POINT('Ctrl Pts',(2.86931006042604,22.8909892694598,-10.30108435815));
#8933=CARTESIAN_POINT('Ctrl Pts',(2.91399071985313,22.6527652568237,-12.4857619629138));
#8934=CARTESIAN_POINT('Ctrl Pts',(2.94151521347085,22.9090626481933,-13.4447804585036));
#8935=CARTESIAN_POINT('Ctrl Pts',(2.95001198855143,23.2316180899849,-13.806768128432));
#8936=CARTESIAN_POINT('Ctrl Pts',(2.95001198855085,23.43514247568,-13.924272987298));
#8937=CARTESIAN_POINT('Ctrl Pts',(3.,23.4302841331208,-13.9326878834512));
#8938=CARTESIAN_POINT('Ctrl Pts',(3.,23.6354887689007,-14.0511628351561));
#8939=CARTESIAN_POINT('Ctrl Pts',(3.,24.1129046703599,-14.1543380651497));
#8940=CARTESIAN_POINT('Ctrl Pts',(3.,25.0839866301858,-13.9080297880269));
#8941=CARTESIAN_POINT('Ctrl Pts',(3.,26.8993293900889,-12.6513005159268));
#8942=CARTESIAN_POINT('Ctrl Pts',(3.,29.5265861852368,-8.83922912048966));
#8943=CARTESIAN_POINT('Ctrl Pts',(3.,30.356528027662,-5.55570213560739));
#8944=CARTESIAN_POINT('Ctrl Pts',(3.,30.0402343292204,-4.2510649272939));
#8945=CARTESIAN_POINT('Ctrl Pts',(3.,29.7436635375696,-3.6698865648694));
#8946=CARTESIAN_POINT('Ctrl Pts',(3.,29.0049869065105,-3.2644604674422));
#8947=CARTESIAN_POINT('Ctrl Pts',(3.,27.8604538565346,-3.49563782793226));
#8948=CARTESIAN_POINT('Ctrl Pts',(3.,26.4926934258047,-4.46273788453222));
#8949=CARTESIAN_POINT('Ctrl Pts',(3.,24.3777416978347,-6.95134005249571));
#8950=CARTESIAN_POINT('Ctrl Pts',(3.,22.8173029166877,-10.2822000108284));
#8951=CARTESIAN_POINT('Ctrl Pts',(3.,22.6228919682101,-12.4891385936026));
#8952=CARTESIAN_POINT('Ctrl Pts',(3.,22.8978229270876,-13.4519701667521));
#8953=CARTESIAN_POINT('Ctrl Pts',(3.,23.2250794973409,-13.8142129317463));
#8954=CARTESIAN_POINT('Ctrl Pts',(3.,23.4302841331208,-13.9326878834512));
#8955=CARTESIAN_POINT('Ctrl Pts',(2.85015736263459,23.4448473622072,-13.9074636307511));
#8956=CARTESIAN_POINT('Ctrl Pts',(2.90010490842306,23.4399929525117,-13.9158717149845));
#8957=CARTESIAN_POINT('Ctrl Pts',(2.95005245421153,23.4351385428162,-13.9242797992179));
#8958=CARTESIAN_POINT('Ctrl Pts',(3.,23.4302841331208,-13.9326878834512));
#8959=CARTESIAN_POINT('Origin',(2.,40.75,106.));
#8960=CARTESIAN_POINT('',(2.6,40.75,104.));
#8961=CARTESIAN_POINT('',(2.6,40.7499999999999,52.9999999999999));
#8962=CARTESIAN_POINT('',(2.,40.75,104.));
#8963=CARTESIAN_POINT('Origin',(2.,38.75,104.));
#8964=CARTESIAN_POINT('',(2.59999999999967,38.75,106.));
#8965=CARTESIAN_POINT('Origin',(2.59999999999967,38.75,104.));
#8966=CARTESIAN_POINT('',(2.,38.75,106.));
#8967=CARTESIAN_POINT('Origin',(2.,43.75,106.));
#8968=CARTESIAN_POINT('',(2.6,-20.2499980719356,106.));
#8969=CARTESIAN_POINT('',(2.6,-23.75,106.));
#8970=CARTESIAN_POINT('',(1.,-20.2499980719356,106.));
#8971=CARTESIAN_POINT('Origin',(1.,-20.2499980719356,104.));
#8972=CARTESIAN_POINT('Origin',(2.6,-20.2499980719356,104.));
#8973=CARTESIAN_POINT('Origin',(2.8,-20.2499980719356,104.));
#8974=CARTESIAN_POINT('',(2.6,-20.2499980719356,106.));
#8975=CARTESIAN_POINT('Origin',(2.8,-20.2499980719356,-104.));
#8976=CARTESIAN_POINT('',(3.,-20.2499980719356,-105.6));
#8977=CARTESIAN_POINT('Origin',(2.8,-23.75,105.8));
#8978=CARTESIAN_POINT('',(2.59999999999967,38.75,106.));
#8979=CARTESIAN_POINT('Origin',(2.8,-23.75,-105.8));
#8980=CARTESIAN_POINT('',(3.,38.7499999999996,-105.6));
#8981=CARTESIAN_POINT('Origin',(2.79999999999983,38.75,104.));
#8982=CARTESIAN_POINT('',(2.6,40.75,104.));
#8983=CARTESIAN_POINT('Origin',(2.79999999999983,38.7499999999996,-104.));
#8984=CARTESIAN_POINT('',(3.,40.35,-104.));
#8985=CARTESIAN_POINT('Origin',(2.8,40.5500000000001,52.9999999999999));
#8986=CARTESIAN_POINT('Origin',(1.46115410912521,0.900496316566644,-24.4237858958448));
#8987=CARTESIAN_POINT('',(1.4611541091252,0.900496316566652,-24.4237858958448));
#8988=CARTESIAN_POINT('',(1.46115406703898,14.4004963250416,-32.218014515187));
#8989=CARTESIAN_POINT('Origin',(-0.0372723282964753,12.5461286202852,-35.4298735957284));
#8990=CARTESIAN_POINT('',(0.711940860020284,16.4733124745442,-35.5559948597501));
#8991=CARTESIAN_POINT('Origin',(0.711940860020303,16.4733124745443,-35.5559948597501));
#8992=CARTESIAN_POINT('Origin',(-4.34524814243745,-16.0351785455019,-31.2405747190594));
#8993=CARTESIAN_POINT('',(0.711940920802226,-3.02668753772501,-24.297664631822));
#8994=CARTESIAN_POINT('Origin',(-0.0372722862192131,-0.953871388200778,
-27.6356449764056));
#8995=CARTESIAN_POINT('',(0.,0.,0.));
#8996=CARTESIAN_POINT('Origin',(0.988222204485111,5.77382636955042,-48.810999096524));
#8997=CARTESIAN_POINT('',(-1.11022302462354E-15,4.50703378337233,-48.0563467858575));
#8998=CARTESIAN_POINT('',(-1.11022302462677E-15,5.50845842843345,-50.2614622715882));
#8999=CARTESIAN_POINT('Origin',(0.,13.3539766452354,-45.3685719998668));
#9000=CARTESIAN_POINT('',(1.23138155604967,7.52964336298348,-48.7170474752188));
#9001=CARTESIAN_POINT('Origin',(0.530815733382521,5.98070581481999,-48.7170474752188));
#9002=CARTESIAN_POINT('',(1.4456286755877,5.56694692428085,-48.9049507178292));
#9003=CARTESIAN_POINT('',(1.33850511581869,6.54829514363216,-48.810999096524));
#9004=CARTESIAN_POINT('Origin',(0.530815733382521,5.98070581481999,-48.7170474752188));
#9005=CARTESIAN_POINT('Origin',(-1.708161340001,6.99336821506174,-48.2571599585372));
#9006=CARTESIAN_POINT('',(-1.66533453693575E-15,6.43861278455008,-46.8735302216337));
#9007=CARTESIAN_POINT('Origin',(0.,6.22078738646418,-48.608017538136));
#9008=CARTESIAN_POINT('',(-1.66533453693972E-15,7.67015917830981,-49.5853688384171));
#9009=CARTESIAN_POINT('Origin',(-0.364775095970887,6.38577077491669,-48.5330924685462));
#9010=CARTESIAN_POINT('Origin',(0.,6.22078738646418,-48.608017538136));
#9011=CARTESIAN_POINT('Origin',(-0.364775095970887,6.38577077491669,-48.5330924685462));
#9012=CARTESIAN_POINT('',(-1.66533453693486E-15,6.16583458102297,-46.2728784963801));
#9013=CARTESIAN_POINT('',(-1.66533453693773E-15,-1.83685753243657,-28.651122936482));
#9014=CARTESIAN_POINT('',(0.495923045409495,7.44908878044822,-46.6841593901097));
#9015=CARTESIAN_POINT('Origin',(-0.364775095970887,6.38577077491669,-48.5330924685462));
#9016=CARTESIAN_POINT('',(-1.66533453694061E-15,7.94293738183692,-50.1860205636707));
#9017=CARTESIAN_POINT('Origin',(-0.364775095970887,6.38577077491669,-48.5330924685462));
#9018=CARTESIAN_POINT('',(-1.66533453693773E-15,-1.83685753243657,-28.651122936482));
#9019=CARTESIAN_POINT('Origin',(0.,9.25000096403245,1.43779681374081E-54));
#9020=CARTESIAN_POINT('Origin',(0.,6.22078738646418,-48.608017538136));
#9021=CARTESIAN_POINT('Origin',(-6.95136048754184E-26,-21.2499980719356,
-21.));
#9022=CARTESIAN_POINT('',(3.,-21.8499980719356,-21.8));
#9023=CARTESIAN_POINT('',(2.6,-22.2499980719356,-21.));
#9024=CARTESIAN_POINT('Origin',(3.6,-21.2499980719356,-21.));
#9025=CARTESIAN_POINT('',(-1.43787264261312E-25,-22.2499980719356,-21.));
#9026=CARTESIAN_POINT('',(-6.46668434737405E-26,-22.2499980719356,-21.));
#9027=CARTESIAN_POINT('',(9.85508120524952E-26,-21.2499980719356,-22.));
#9028=CARTESIAN_POINT('Origin',(1.47826218078743E-25,-21.2499980719356,
-21.));
#9029=CARTESIAN_POINT('',(3.,-21.2499980719356,-22.));
#9030=CARTESIAN_POINT('',(-6.95136048754184E-26,-21.2499980719356,-22.));
#9031=CARTESIAN_POINT('Origin',(3.,-21.2499980719356,-21.));
#9032=CARTESIAN_POINT('Origin',(-8.67068912027492E-29,-19.2499980719356,
-22.));
#9033=CARTESIAN_POINT('',(-8.67068912027492E-29,-19.2499980719356,-22.));
#9034=CARTESIAN_POINT('',(4.60442317584623E-26,-4.99999855395157,-22.));
#9035=CARTESIAN_POINT('',(3.,-19.2499980719356,-22.));
#9036=CARTESIAN_POINT('',(-8.67068912027492E-29,-19.2499980719356,-22.));
#9037=CARTESIAN_POINT('',(3.,-55.2499990359678,-22.));
#9038=CARTESIAN_POINT('Origin',(0.,9.25000096403245,1.43779681374081E-54));
#9039=CARTESIAN_POINT('',(-1.43787264261312E-25,-22.2499980719356,104.));
#9040=CARTESIAN_POINT('',(-1.43787264261312E-25,-22.2499980719356,106.));
#9041=CARTESIAN_POINT('',(-8.40105371923289E-26,-20.2499980719356,106.));
#9042=CARTESIAN_POINT('Origin',(-8.40105371923289E-26,-20.2499980719356,
104.));
#9043=CARTESIAN_POINT('',(-2.74649812761747E-25,38.75,106.));
#9044=CARTESIAN_POINT('',(-2.90805684100674E-25,43.75,106.));
#9045=CARTESIAN_POINT('',(-2.81112161297318E-25,40.7500000000001,104.));
#9046=CARTESIAN_POINT('Origin',(-1.58206781009359E-13,38.75,104.));
#9047=CARTESIAN_POINT('',(-2.81112161297317E-25,40.7499999999997,-104.));
#9048=CARTESIAN_POINT('',(-2.81112161297318E-25,40.75,53.));
#9049=CARTESIAN_POINT('',(-2.74649812761746E-25,38.7499999999996,-106.));
#9050=CARTESIAN_POINT('Origin',(-1.58206781009359E-13,38.7499999999996,
-104.));
#9051=CARTESIAN_POINT('',(-8.40105371923289E-26,-20.2499980719356,-106.));
#9052=CARTESIAN_POINT('',(-2.90805684100674E-25,43.75,-106.));
#9053=CARTESIAN_POINT('',(-1.43787264261312E-25,-22.2499980719356,-104.));
#9054=CARTESIAN_POINT('Origin',(-8.40105371923289E-26,-20.2499980719356,
-104.));
#9055=CARTESIAN_POINT('',(-1.43787264261312E-25,-22.2499980719356,-29.));
#9056=CARTESIAN_POINT('',(-1.43787264261312E-25,-22.2499980719356,106.));
#9057=CARTESIAN_POINT('',(9.85508120524952E-26,-21.2499980719356,-28.));
#9058=CARTESIAN_POINT('Origin',(1.47826218078743E-25,-21.2499980719356,
-29.));
#9059=CARTESIAN_POINT('',(-6.77742294774449E-29,-19.2499980719356,-28.));
#9060=CARTESIAN_POINT('',(5.08909931601402E-26,-6.49999855395157,-28.));
#9061=CARTESIAN_POINT('Origin',(0.,-19.2499980719356,-25.));
#9062=CARTESIAN_POINT('',(5.1388971741679E-26,-16.7502365358541,-27.6475301388691));
#9063=CARTESIAN_POINT('',(-5.55111512320039E-16,-11.0461676131161,-24.6807563041221));
#9064=CARTESIAN_POINT('',(0.,-0.846120111671702,-19.3755549732208));
#9065=CARTESIAN_POINT('',(9.17471437283821E-26,-19.1443647138263,-31.8751741350209));
#9066=CARTESIAN_POINT('Ctrl Pts',(0.,-19.1443647138263,-31.875174135021));
#9067=CARTESIAN_POINT('Ctrl Pts',(-1.90939837987692E-29,-19.1384554120628,
-30.9075961928702));
#9068=CARTESIAN_POINT('Ctrl Pts',(3.01474176987701E-27,-18.6313320936893,
-29.2173876131383));
#9069=CARTESIAN_POINT('Ctrl Pts',(2.01777964299863E-27,-17.3747090884848,
-28.0173416898715));
#9070=CARTESIAN_POINT('Ctrl Pts',(0.,-16.7502365358541,-27.6475301388691));
#9071=CARTESIAN_POINT('',(4.66787431859806E-28,-19.2375686715452,-47.1362146469906));
#9072=CARTESIAN_POINT('',(0.,-19.0931049586116,-23.4819983503167));
#9073=CARTESIAN_POINT('',(8.5211005468174E-26,-17.1215279001721,-51.3070038913247));
#9074=CARTESIAN_POINT('Ctrl Pts',(0.,-17.1215279001721,-51.3070038913247));
#9075=CARTESIAN_POINT('Ctrl Pts',(4.25254018465866E-27,-18.4376253409869,
-50.3632584699223));
#9076=CARTESIAN_POINT('Ctrl Pts',(3.19582081163027E-29,-19.2474592578979,
-48.7556806300971));
#9077=CARTESIAN_POINT('Ctrl Pts',(0.,-19.2375686715452,-47.1362146469906));
#9078=CARTESIAN_POINT('',(-2.75884690081521E-26,-6.9263615694795,-58.6177403509832));
#9079=CARTESIAN_POINT('',(0.,-15.4645791714233,-52.4951665058551));
#9080=CARTESIAN_POINT('',(3.97583800879617E-26,-3.05462168797116,-59.2794277119903));
#9081=CARTESIAN_POINT('Ctrl Pts',(0.,-3.05462168797115,-59.2794277119903));
#9082=CARTESIAN_POINT('Ctrl Pts',(2.38438586143076E-27,-3.79255336971393,
-59.5222962563676));
#9083=CARTESIAN_POINT('Ctrl Pts',(-1.15406759760359E-27,-5.20458260137023,
-59.5579667606649));
#9084=CARTESIAN_POINT('Ctrl Pts',(-1.52979854161137E-27,-6.45291185280423,
-58.9572410509465));
#9085=CARTESIAN_POINT('Ctrl Pts',(0.,-6.9263615694795,-58.6177403509832));
#9086=CARTESIAN_POINT('',(4.08966326767269E-26,1.4244952773905,-57.009419182317));
#9087=CARTESIAN_POINT('',(0.,14.0813900430073,-50.5949273752677));
#9088=CARTESIAN_POINT('',(2.01172390352202E-26,3.02401704363896,-55.0961787800294));
#9089=CARTESIAN_POINT('Ctrl Pts',(-1.0203045981407E-16,3.02398588331596,
-55.0961914990043));
#9090=CARTESIAN_POINT('Ctrl Pts',(-2.83070412350695E-17,3.05528970181769,
-55.1728769874966));
#9091=CARTESIAN_POINT('Ctrl Pts',(5.8361383033478E-17,3.06863190838819,
-55.2899276146966));
#9092=CARTESIAN_POINT('Ctrl Pts',(1.80163516101135E-16,3.00395543782641,
-55.6594039527978));
#9093=CARTESIAN_POINT('Ctrl Pts',(2.41470768786749E-15,2.52567208974831,
-56.3379076302816));
#9094=CARTESIAN_POINT('Ctrl Pts',(-2.34392964178999E-16,1.88228771936732,
-56.7774107850941));
#9095=CARTESIAN_POINT('Ctrl Pts',(0.,1.42449527739049,-57.009419182317));
#9096=CARTESIAN_POINT('',(0.,7.86575479991328,-53.5582997781184));
#9097=CARTESIAN_POINT('',(0.,11.7763562200793,-52.3161771949365));
#9098=CARTESIAN_POINT('',(0.,13.0756744532727,-48.545985943172));
#9099=CARTESIAN_POINT('Origin',(0.,3.83286041260093,-47.234725136794));
#9100=CARTESIAN_POINT('',(0.,13.5920332348177,-45.9890345348109));
#9101=CARTESIAN_POINT('',(-5.55111512312578E-16,17.7480265193933,-25.4090167991955));
#9102=CARTESIAN_POINT('',(0.,13.4034249391358,-40.4654488986857));
#9103=CARTESIAN_POINT('',(6.93889390390723E-17,12.7945184604708,-22.6330037926211));
#9104=CARTESIAN_POINT('',(-1.38777878110184E-16,14.126868526743,-42.0584558949925));
#9105=CARTESIAN_POINT('',(-1.38777878078145E-16,4.21126950847255,-20.2245209035434));
#9106=CARTESIAN_POINT('',(7.21931400008461E-27,15.026549647362,-41.5176587238375));
#9107=CARTESIAN_POINT('Origin',(1.38777878078145E-16,13.7497899019263,-35.7920248583162));
#9108=CARTESIAN_POINT('',(5.35963106085801E-27,15.6020936400732,-35.5315143613792));
#9109=CARTESIAN_POINT('',(0.,17.2608191115816,-18.2793663833188));
#9110=CARTESIAN_POINT('',(-2.05950853132372E-26,15.6238711444711,-35.3050098945944));
#9111=CARTESIAN_POINT('Ctrl Pts',(-2.05950853132372E-26,15.6238711444711,
-35.3050098945944));
#9112=CARTESIAN_POINT('Ctrl Pts',(-2.05716296759614E-26,15.6166119763385,
-35.3805113835226));
#9113=CARTESIAN_POINT('Ctrl Pts',(-2.05481740386857E-26,15.6093528082058,
-35.4560128724509));
#9114=CARTESIAN_POINT('Ctrl Pts',(-2.05247184014099E-26,15.6020936400732,
-35.5315143613792));
#9115=CARTESIAN_POINT('',(-1.15326433385478E-26,12.819181200929,-29.905313741754));
#9116=CARTESIAN_POINT('Ctrl Pts',(-1.15326433385478E-26,12.819181200929,
-29.905313741754));
#9117=CARTESIAN_POINT('Ctrl Pts',(-1.4138458843155E-26,13.625642037965,
-30.3691078873623));
#9118=CARTESIAN_POINT('Ctrl Pts',(-1.93297839695296E-26,15.2322793456868,
-31.889720948145));
#9119=CARTESIAN_POINT('Ctrl Pts',(-2.0976865389663E-26,15.7420263551734,
-34.0760957587548));
#9120=CARTESIAN_POINT('Ctrl Pts',(-2.05950853132372E-26,15.6238711444711,
-35.3050098945944));
#9121=CARTESIAN_POINT('',(-4.39373994982367E-26,12.5863159743776,-29.7713933778251));
#9122=CARTESIAN_POINT('Ctrl Pts',(-1.07802152106529E-26,12.5863159743776,
-29.7713933778251));
#9123=CARTESIAN_POINT('Ctrl Pts',(-1.10310245866178E-26,12.6639377165614,
-29.8160334991347));
#9124=CARTESIAN_POINT('Ctrl Pts',(-1.12818339625828E-26,12.7415594587452,
-29.8606736204444));
#9125=CARTESIAN_POINT('Ctrl Pts',(-1.15326433385478E-26,12.819181200929,
-29.905313741754));
#9126=CARTESIAN_POINT('',(-3.12354691037692E-26,8.65525892149576,-27.5106496895393));
#9127=CARTESIAN_POINT('',(0.,-1.01165054085859,-21.9512278194786));
#9128=CARTESIAN_POINT('',(-1.38777878089423E-16,7.7017578078458,-27.9105007900337));
#9129=CARTESIAN_POINT('Origin',(0.,11.7279864150572,-31.3400572246467));
#9130=CARTESIAN_POINT('',(0.,8.33110304454377,-29.2963054054246));
#9131=CARTESIAN_POINT('',(-1.38777878078145E-16,4.21126950847255,-20.2245209035434));
#9132=CARTESIAN_POINT('',(0.,4.68807207391469,-26.3827039565838));
#9133=CARTESIAN_POINT('',(0.,1.69478174536665,-23.9887481795477));
#9134=CARTESIAN_POINT('',(0.,-1.93291143650401,-23.5536431973866));
#9135=CARTESIAN_POINT('',(1.11022302462516E-15,6.03987303722321,-26.960311052799));
#9136=CARTESIAN_POINT('',(-3.65327520342185E-5,-6.20902125842906,-23.5101918392175));
#9137=CARTESIAN_POINT('Origin',(0.,-5.8606476936088,-27.651649801343));
#9138=CARTESIAN_POINT('',(1.43982048506075E-15,-6.36176149364992,-23.8210953112786));
#9139=CARTESIAN_POINT('Ctrl Pts',(-3.59955121265187E-16,-6.20881848941277,
-23.5108235276336));
#9140=CARTESIAN_POINT('Ctrl Pts',(-3.59955121265187E-16,-6.23588344597896,
-23.5188254283446));
#9141=CARTESIAN_POINT('Ctrl Pts',(2.62749023927089E-12,-6.26437131669846,
-23.5325417710379));
#9142=CARTESIAN_POINT('Ctrl Pts',(2.62749023927089E-12,-6.31570224036491,
-23.5728676377315));
#9143=CARTESIAN_POINT('Ctrl Pts',(3.15474346713159E-12,-6.33712444695446,
-23.5975351233117));
#9144=CARTESIAN_POINT('Ctrl Pts',(3.15474059457848E-12,-6.37002128924776,
-23.6552422073453));
#9145=CARTESIAN_POINT('Ctrl Pts',(-1.43765208071578E-15,-6.37790508755169,
-23.6844210565934));
#9146=CARTESIAN_POINT('Ctrl Pts',(-1.43765208071578E-15,-6.38394267373032,
-23.7334303043423));
#9147=CARTESIAN_POINT('Ctrl Pts',(2.32200318954855E-14,-6.3819775630621,
-23.7533913846541));
#9148=CARTESIAN_POINT('Ctrl Pts',(2.32207956437068E-14,-6.37638027504468,
-23.7860390870043));
#9149=CARTESIAN_POINT('Ctrl Pts',(-5.66038237332159E-16,-6.37044921448593,
-23.8042304428208));
#9150=CARTESIAN_POINT('Ctrl Pts',(-5.66038237332159E-16,-6.3617603370996,
-23.8210947153962));
#9151=CARTESIAN_POINT('',(0.,-5.88057231114839,-24.7462538891647));
#9152=CARTESIAN_POINT('',(0.,-9.63097888921106,-17.5355331530546));
#9153=CARTESIAN_POINT('',(0.,-5.98741029354484,-25.0246679331276));
#9154=CARTESIAN_POINT('Origin',(0.,-6.07972290349978,-24.8471830559679));
#9155=CARTESIAN_POINT('',(5.55111512312578E-16,-10.603040791288,-16.1504240751479));
#9156=CARTESIAN_POINT('',(5.55111512312578E-16,-9.49829327501599,-18.2744673376424));
#9157=CARTESIAN_POINT('',(0.,-14.1124064889014,-17.9289643831922));
#9158=CARTESIAN_POINT('',(5.55111512312578E-16,1.67198306158439,-9.92946376901995));
#9159=CARTESIAN_POINT('',(-5.55111512312578E-16,-13.3552531323461,-19.5961997561655));
#9160=CARTESIAN_POINT('',(1.61987227715872E-26,-19.2449191948238,-34.5449323696578));
#9161=CARTESIAN_POINT('',(1.61987227715872E-26,-19.2449191948238,-34.6274159107592));
#9162=CARTESIAN_POINT('Ctrl Pts',(5.55111512312578E-16,-19.2449191948238,
-34.5449323696579));
#9163=CARTESIAN_POINT('Ctrl Pts',(5.62545500158905E-16,-19.2449191948238,
-34.556837840589));
#9164=CARTESIAN_POINT('Ctrl Pts',(-1.45201549146616E-8,-19.2449191948238,
-34.5693374406691));
#9165=CARTESIAN_POINT('Ctrl Pts',(-1.45176311409666E-8,-19.2449191948238,
-34.603010922199));
#9166=CARTESIAN_POINT('Ctrl Pts',(1.11150528619305E-15,-19.2449191948238,
-34.6155100219836));
#9167=CARTESIAN_POINT('Ctrl Pts',(1.11022302462516E-15,-19.2449191948238,
-34.6274159107592));
#9168=CARTESIAN_POINT('',(3.48435972858167E-26,22.0918055929156,-26.2510007199349));
#9169=CARTESIAN_POINT('',(-2.77555756156289E-16,26.3577512463111,-18.8621661058922));
#9170=CARTESIAN_POINT('',(0.,32.8753766411276,-7.57330777731668));
#9171=CARTESIAN_POINT('',(2.77555756170281E-16,17.6974972084733,-13.8621661058808));
#9172=CARTESIAN_POINT('Origin',(2.77555756156289E-16,22.0276242273922,-16.3621661058865));
#9173=CARTESIAN_POINT('',(1.060979027752E-26,13.4315515550585,-21.251000719957));
#9174=CARTESIAN_POINT('',(0.,16.7151226032992,-15.5636888341156));
#9175=CARTESIAN_POINT('',(-8.80460090265788E-27,13.7583095875079,-22.6850392059778));
#9176=CARTESIAN_POINT('Origin',(0.,14.2975769588443,-21.7510007199548));
#9177=CARTESIAN_POINT('',(-3.11908329023435E-26,20.6865128177935,-26.6850392059602));
#9178=CARTESIAN_POINT('',(0.,11.0334175906758,-21.1118220781034));
#9179=CARTESIAN_POINT('Origin',(0.,21.2257801891299,-25.7510007199371));
#9180=CARTESIAN_POINT('Origin',(-1.43787264261312E-25,-22.2499980719356,
106.));
#9181=CARTESIAN_POINT('',(2.6,-22.2499980719356,104.));
#9182=CARTESIAN_POINT('',(2.6,-22.2499980719356,53.));
#9183=CARTESIAN_POINT('',(1.,-22.2499980719356,104.));
#9184=CARTESIAN_POINT('Origin',(-7.67864463613453E-26,-21.2499980719356,
-29.));
#9185=CARTESIAN_POINT('',(2.6,-22.2499980719356,-29.));
#9186=CARTESIAN_POINT('',(-7.19396849596674E-26,-22.2499980719356,-29.));
#9187=CARTESIAN_POINT('',(3.,-21.8499980719356,-28.2));
#9188=CARTESIAN_POINT('Origin',(3.6,-21.2499980719356,-29.));
#9189=CARTESIAN_POINT('',(3.,-21.2499980719356,-28.));
#9190=CARTESIAN_POINT('Origin',(3.,-21.2499980719356,-29.));
#9191=CARTESIAN_POINT('',(-7.67864463613453E-26,-21.2499980719356,-28.));
#9192=CARTESIAN_POINT('Origin',(3.,-91.25,6.93889390036336E-17));
#9193=CARTESIAN_POINT('',(3.,-19.2499980719356,-28.));
#9194=CARTESIAN_POINT('Origin',(3.,-19.2499980719356,-25.));
#9195=CARTESIAN_POINT('',(3.,-56.7499990359678,-28.));
#9196=CARTESIAN_POINT('',(3.,-21.8499980719356,-104.));
#9197=CARTESIAN_POINT('',(3.,-21.8499980719356,53.));
#9198=CARTESIAN_POINT('',(3.,-20.2499980719356,-105.6));
#9199=CARTESIAN_POINT('Origin',(3.,-20.2499980719356,-104.));
#9200=CARTESIAN_POINT('',(3.,38.7499999999996,-105.6));
#9201=CARTESIAN_POINT('',(3.,-23.75,-105.6));
#9202=CARTESIAN_POINT('',(3.,40.35,-104.));
#9203=CARTESIAN_POINT('Origin',(3.,38.7499999999996,-104.));
#9204=CARTESIAN_POINT('',(3.,40.3500000000004,104.));
#9205=CARTESIAN_POINT('',(3.,40.3500000000003,52.9999999999999));
#9206=CARTESIAN_POINT('',(3.,38.75,105.6));
#9207=CARTESIAN_POINT('Origin',(3.,38.75,104.));
#9208=CARTESIAN_POINT('',(3.,-20.2499980719356,105.6));
#9209=CARTESIAN_POINT('',(3.,-23.75,105.6));
#9210=CARTESIAN_POINT('',(3.,-21.8499980719356,104.));
#9211=CARTESIAN_POINT('Origin',(3.,-20.2499980719356,104.));
#9212=CARTESIAN_POINT('',(3.,-21.8499980719356,53.));
#9213=CARTESIAN_POINT('',(3.,23.4302841331208,-13.9326878834512));
#9214=CARTESIAN_POINT('Ctrl Pts',(3.,23.4302841331208,-13.9326878834512));
#9215=CARTESIAN_POINT('Ctrl Pts',(3.,23.6354887689007,-14.0511628351561));
#9216=CARTESIAN_POINT('Ctrl Pts',(3.,24.1129046703599,-14.1543380651497));
#9217=CARTESIAN_POINT('Ctrl Pts',(3.,25.0839866301858,-13.9080297880269));
#9218=CARTESIAN_POINT('Ctrl Pts',(3.,26.8993293900889,-12.6513005159268));
#9219=CARTESIAN_POINT('Ctrl Pts',(3.,29.5265861852368,-8.83922912048966));
#9220=CARTESIAN_POINT('Ctrl Pts',(3.,30.356528027662,-5.55570213560739));
#9221=CARTESIAN_POINT('Ctrl Pts',(3.,30.0402343292204,-4.2510649272939));
#9222=CARTESIAN_POINT('Ctrl Pts',(3.,29.7436635375696,-3.6698865648694));
#9223=CARTESIAN_POINT('Ctrl Pts',(3.,29.0049869065105,-3.2644604674422));
#9224=CARTESIAN_POINT('Ctrl Pts',(3.,27.8604538565346,-3.49563782793226));
#9225=CARTESIAN_POINT('Ctrl Pts',(3.,26.4926934258047,-4.46273788453222));
#9226=CARTESIAN_POINT('Ctrl Pts',(3.,24.3777416978347,-6.95134005249571));
#9227=CARTESIAN_POINT('Ctrl Pts',(3.,22.8173029166877,-10.2822000108284));
#9228=CARTESIAN_POINT('Ctrl Pts',(3.,22.6228919682101,-12.4891385936026));
#9229=CARTESIAN_POINT('Ctrl Pts',(3.,22.8978229270876,-13.4519701667521));
#9230=CARTESIAN_POINT('Ctrl Pts',(3.,23.2250794973409,-13.8142129317463));
#9231=CARTESIAN_POINT('Ctrl Pts',(3.,23.4302841331208,-13.9326878834512));
#9232=CARTESIAN_POINT('Origin',(2.8,-22.0499980719356,53.));
#9233=CARTESIAN_POINT('',(2.6,-22.2499980719356,-104.));
#9234=CARTESIAN_POINT('',(2.6,-22.2499980719356,53.));
#9235=CARTESIAN_POINT('',(3.,-21.8499980719356,-104.));
#9236=CARTESIAN_POINT('Origin',(-1.43787264261312E-25,-22.2499980719356,
106.));
#9237=CARTESIAN_POINT('',(1.,-22.2499980719356,-104.));
#9238=CARTESIAN_POINT('Origin',(-7.7240560340097E-29,-19.2499980719356,
-25.));
#9239=CARTESIAN_POINT('',(-6.77742294774449E-29,-19.2499980719356,-28.));
#9240=CARTESIAN_POINT('Origin',(-9.21056580228556E-29,-22.2499980719356,
-28.));
#9241=CARTESIAN_POINT('Origin',(2.8,40.5500000000001,52.9999999999999));
#9242=CARTESIAN_POINT('',(2.6,40.75,104.));
#9243=CARTESIAN_POINT('',(2.6,40.75,104.));
#9244=CARTESIAN_POINT('',(2.6,40.7499999999996,-104.));
#9245=CARTESIAN_POINT('',(3.,40.35,-104.));
#9246=CARTESIAN_POINT('',(2.6,40.7499999999999,52.9999999999999));
#9247=CARTESIAN_POINT('Origin',(2.79999999999983,38.7499999999996,-104.));
#9248=CARTESIAN_POINT('',(2.59999999999967,38.7499999999996,-106.));
#9249=CARTESIAN_POINT('',(3.,38.7499999999996,-105.6));
#9250=CARTESIAN_POINT('Origin',(2.59999999999967,38.7499999999996,-104.));
#9251=CARTESIAN_POINT('Origin',(2.79999999999983,38.75,104.));
#9252=CARTESIAN_POINT('',(2.59999999999967,38.75,106.));
#9253=CARTESIAN_POINT('Origin',(2.59999999999967,38.75,104.));
#9254=CARTESIAN_POINT('',(2.59999999999967,38.75,106.));
#9255=CARTESIAN_POINT('Origin',(2.8,-23.75,-105.8));
#9256=CARTESIAN_POINT('',(2.6,-20.2499980719356,-106.));
#9257=CARTESIAN_POINT('',(3.,-20.2499980719356,-105.6));
#9258=CARTESIAN_POINT('',(2.6,-23.75,-106.));
#9259=CARTESIAN_POINT('Origin',(2.8,-23.75,105.8));
#9260=CARTESIAN_POINT('',(2.6,-20.2499980719356,106.));
#9261=CARTESIAN_POINT('',(2.6,-20.2499980719356,106.));
#9262=CARTESIAN_POINT('',(2.6,-23.75,106.));
#9263=CARTESIAN_POINT('Origin',(2.8,-20.2499980719356,-104.));
#9264=CARTESIAN_POINT('Origin',(2.6,-20.2499980719356,-104.));
#9265=CARTESIAN_POINT('Origin',(2.8,-20.2499980719356,104.));
#9266=CARTESIAN_POINT('Origin',(2.6,-20.2499980719356,104.));
#9267=CARTESIAN_POINT('',(2.6,-22.2499980719356,104.));
#9268=CARTESIAN_POINT('Origin',(1.,-20.2499980719356,104.));
#9269=CARTESIAN_POINT('',(1.,-20.2499980719356,106.));
#9270=CARTESIAN_POINT('Origin',(2.,43.75,106.));
#9271=CARTESIAN_POINT('',(2.,38.75,106.));
#9272=CARTESIAN_POINT('Origin',(2.,38.75,104.));
#9273=CARTESIAN_POINT('',(2.,40.75,104.));
#9274=CARTESIAN_POINT('Origin',(2.,40.75,106.));
#9275=CARTESIAN_POINT('',(2.,40.7499999999996,-104.));
#9276=CARTESIAN_POINT('Ctrl Pts',(2.85003596565255,23.4448591607986,-13.9074431949913));
#9277=CARTESIAN_POINT('Ctrl Pts',(2.85003596565079,23.6450230463242,-14.0230078681791));
#9278=CARTESIAN_POINT('Ctrl Pts',(2.82466611352575,24.114024411043,-14.1137241695498));
#9279=CARTESIAN_POINT('Ctrl Pts',(2.74155951584161,25.0498342197012,-13.8272753178989));
#9280=CARTESIAN_POINT('Ctrl Pts',(2.60961237166544,26.7296425468748,-12.4792119048967));
#9281=CARTESIAN_POINT('Ctrl Pts',(2.56601254933324,29.078695764317,-8.58261184184324));
#9282=CARTESIAN_POINT('Ctrl Pts',(2.74389531698572,29.5968233056957,-5.39642909338452));
#9283=CARTESIAN_POINT('Ctrl Pts',(2.82838182775486,29.3140073866607,-4.50727900978722));
#9284=CARTESIAN_POINT('Ctrl Pts',(2.85117676620294,29.1380213484309,-4.2355888932326));
#9285=CARTESIAN_POINT('Ctrl Pts',(2.85373363908695,28.9426351370089,-4.10693061394988));
#9286=CARTESIAN_POINT('Ctrl Pts',(2.79206270849109,28.2516216967289,-4.15313149773884));
#9287=CARTESIAN_POINT('Ctrl Pts',(2.68509436024745,26.9634007360707,-4.93615930020395));
#9288=CARTESIAN_POINT('Ctrl Pts',(2.57761820644497,24.8027564198268,-7.17588547591614));
#9289=CARTESIAN_POINT('Ctrl Pts',(2.60793018127811,23.0383619750041,-10.3388530527933));
#9290=CARTESIAN_POINT('Ctrl Pts',(2.74197215955938,22.7125118340509,-12.4790087015359));
#9291=CARTESIAN_POINT('Ctrl Pts',(2.82454564041256,22.9315420904045,-13.4304010420067));
#9292=CARTESIAN_POINT('Ctrl Pts',(2.85003596565429,23.2446952752729,-13.7918785218034));
#9293=CARTESIAN_POINT('Ctrl Pts',(2.85003596565255,23.4448591607986,-13.9074431949913));
#9294=CARTESIAN_POINT('Ctrl Pts',(2.9000239771017,23.4400008182393,-13.9158580911446));
#9295=CARTESIAN_POINT('Ctrl Pts',(2.90002397710054,23.6418449538497,-14.0323928571715));
#9296=CARTESIAN_POINT('Ctrl Pts',(2.8831107423505,24.1136511641486,-14.1272621347497));
#9297=CARTESIAN_POINT('Ctrl Pts',(2.8277063438944,25.0612183565293,-13.8541934746082));
#9298=CARTESIAN_POINT('Ctrl Pts',(2.73974158111029,26.7862048279461,-12.5365747752401));
#9299=CARTESIAN_POINT('Ctrl Pts',(2.71067503288883,29.2279925712903,-8.66815093472537));
#9300=CARTESIAN_POINT('Ctrl Pts',(2.82926354465714,29.8500582130178,-5.44952010745882));
#9301=CARTESIAN_POINT('Ctrl Pts',(2.88558788516991,29.5560830341806,-4.42187431562278));
#9302=CARTESIAN_POINT('Ctrl Pts',(2.90078451080196,29.3399020781438,-4.04702145044487));
#9303=CARTESIAN_POINT('Ctrl Pts',(2.90248909272463,28.9634190601761,-3.82610723178065));
#9304=CARTESIAN_POINT('Ctrl Pts',(2.86137513899405,28.1212324166641,-3.93396694113665));
#9305=CARTESIAN_POINT('Ctrl Pts',(2.79006290683163,26.8064982993154,-4.77835216164671));
#9306=CARTESIAN_POINT('Ctrl Pts',(2.71841213762998,24.6610848458295,-7.10103700144265));
#9307=CARTESIAN_POINT('Ctrl Pts',(2.73862012085207,22.9646756222319,-10.3199687054717));
#9308=CARTESIAN_POINT('Ctrl Pts',(2.82798143970626,22.6826385454373,-12.4823853322249));
#9309=CARTESIAN_POINT('Ctrl Pts',(2.88303042694171,22.9203023692989,-13.4375907502551));
#9310=CARTESIAN_POINT('Ctrl Pts',(2.90002397710286,23.2381566826289,-13.7993233251177));
#9311=CARTESIAN_POINT('Ctrl Pts',(2.9000239771017,23.4400008182393,-13.9158580911446));
#9312=CARTESIAN_POINT('Ctrl Pts',(2.95001198855085,23.43514247568,-13.924272987298));
#9313=CARTESIAN_POINT('Ctrl Pts',(2.95001198855027,23.6386668613752,-14.0417778461638));
#9314=CARTESIAN_POINT('Ctrl Pts',(2.94155537117525,24.1132779172543,-14.1408000999497));
#9315=CARTESIAN_POINT('Ctrl Pts',(2.9138531719472,25.0726024933576,-13.8811116313176));
#9316=CARTESIAN_POINT('Ctrl Pts',(2.86987079055515,26.8427671090176,-12.5939376455834));
#9317=CARTESIAN_POINT('Ctrl Pts',(2.85533751644441,29.3772893782635,-8.75369002760751));
#9318=CARTESIAN_POINT('Ctrl Pts',(2.91463177232858,30.10329312034,-5.5026111215331));
#9319=CARTESIAN_POINT('Ctrl Pts',(2.94279394258495,29.7981586817006,-4.33646962145834));
#9320=CARTESIAN_POINT('Ctrl Pts',(2.95039225540098,29.5417828078566,-3.85845400765713));
#9321=CARTESIAN_POINT('Ctrl Pts',(2.95124454636232,28.9842029833433,-3.54528384961143));
#9322=CARTESIAN_POINT('Ctrl Pts',(2.93068756949703,27.9908431365994,-3.71480238453446));
#9323=CARTESIAN_POINT('Ctrl Pts',(2.89503145341582,26.6495958625601,-4.62054502308946));
#9324=CARTESIAN_POINT('Ctrl Pts',(2.85920606881499,24.5194132718321,-7.02618852696918));
#9325=CARTESIAN_POINT('Ctrl Pts',(2.86931006042604,22.8909892694598,-10.30108435815));
#9326=CARTESIAN_POINT('Ctrl Pts',(2.91399071985313,22.6527652568237,-12.4857619629138));
#9327=CARTESIAN_POINT('Ctrl Pts',(2.94151521347085,22.9090626481933,-13.4447804585036));
#9328=CARTESIAN_POINT('Ctrl Pts',(2.95001198855143,23.2316180899849,-13.806768128432));
#9329=CARTESIAN_POINT('Ctrl Pts',(2.95001198855085,23.43514247568,-13.924272987298));
#9330=CARTESIAN_POINT('Ctrl Pts',(3.,23.4302841331208,-13.9326878834512));
#9331=CARTESIAN_POINT('Ctrl Pts',(3.,23.6354887689007,-14.0511628351561));
#9332=CARTESIAN_POINT('Ctrl Pts',(3.,24.1129046703599,-14.1543380651497));
#9333=CARTESIAN_POINT('Ctrl Pts',(3.,25.0839866301858,-13.9080297880269));
#9334=CARTESIAN_POINT('Ctrl Pts',(3.,26.8993293900889,-12.6513005159268));
#9335=CARTESIAN_POINT('Ctrl Pts',(3.,29.5265861852368,-8.83922912048966));
#9336=CARTESIAN_POINT('Ctrl Pts',(3.,30.356528027662,-5.55570213560739));
#9337=CARTESIAN_POINT('Ctrl Pts',(3.,30.0402343292204,-4.2510649272939));
#9338=CARTESIAN_POINT('Ctrl Pts',(3.,29.7436635375696,-3.6698865648694));
#9339=CARTESIAN_POINT('Ctrl Pts',(3.,29.0049869065105,-3.2644604674422));
#9340=CARTESIAN_POINT('Ctrl Pts',(3.,27.8604538565346,-3.49563782793226));
#9341=CARTESIAN_POINT('Ctrl Pts',(3.,26.4926934258047,-4.46273788453222));
#9342=CARTESIAN_POINT('Ctrl Pts',(3.,24.3777416978347,-6.95134005249571));
#9343=CARTESIAN_POINT('Ctrl Pts',(3.,22.8173029166877,-10.2822000108284));
#9344=CARTESIAN_POINT('Ctrl Pts',(3.,22.6228919682101,-12.4891385936026));
#9345=CARTESIAN_POINT('Ctrl Pts',(3.,22.8978229270876,-13.4519701667521));
#9346=CARTESIAN_POINT('Ctrl Pts',(3.,23.2250794973409,-13.8142129317463));
#9347=CARTESIAN_POINT('Ctrl Pts',(3.,23.4302841331208,-13.9326878834512));
#9348=CARTESIAN_POINT('',(2.85015736263459,23.4448473622071,-13.9074636307511));
#9349=CARTESIAN_POINT('Ctrl Pts',(2.85015736263459,23.4448473622072,-13.9074636307511));
#9350=CARTESIAN_POINT('Ctrl Pts',(2.90010490842306,23.4399929525117,-13.9158717149845));
#9351=CARTESIAN_POINT('Ctrl Pts',(2.95005245421153,23.4351385428162,-13.9242797992179));
#9352=CARTESIAN_POINT('Ctrl Pts',(3.,23.4302841331208,-13.9326878834512));
#9353=CARTESIAN_POINT('Ctrl Pts',(2.8501573626346,23.4448473622071,-13.9074636307511));
#9354=CARTESIAN_POINT('Ctrl Pts',(2.850157362635,23.3992896441273,-13.8811608699546));
#9355=CARTESIAN_POINT('Ctrl Pts',(2.84964084059072,23.3559857142524,-13.8515120174373));
#9356=CARTESIAN_POINT('Ctrl Pts',(2.84858308108798,23.3150272382302,-13.8189295293455));
#9357=CARTESIAN_POINT('Ctrl Pts',(2.84789519979754,23.2883911557674,-13.7977405124693));
#9358=CARTESIAN_POINT('Ctrl Pts',(2.84697943730208,23.2627462514361,-13.7753107168748));
#9359=CARTESIAN_POINT('Ctrl Pts',(2.84584032952105,23.2381132873618,-13.751750013376));
#9360=CARTESIAN_POINT('Ctrl Pts',(2.84419114025684,23.2024499194402,-13.7176390539786));
#9361=CARTESIAN_POINT('Ctrl Pts',(2.84207168499558,23.1689111923768,-13.6811594316733));
#9362=CARTESIAN_POINT('Ctrl Pts',(2.8395383087629,23.1375802106909,-13.6426708045428));
#9363=CARTESIAN_POINT('Ctrl Pts',(2.83729548820409,23.109842613351,-13.6085964798945));
#9364=CARTESIAN_POINT('Ctrl Pts',(2.8347290090982,23.0838346958073,-13.5729475344869));
#9365=CARTESIAN_POINT('Ctrl Pts',(2.83190763093722,23.0596027025579,-13.5359662996692));
#9366=CARTESIAN_POINT('Ctrl Pts',(2.82862597963708,23.0314175577049,-13.4929520313239));
#9367=CARTESIAN_POINT('Ctrl Pts',(2.82499931582449,23.0056379098411,-13.4481391323208));
#9368=CARTESIAN_POINT('Ctrl Pts',(2.82118612495961,22.9823294139149,-13.4019131833276));
#9369=CARTESIAN_POINT('Ctrl Pts',(2.82118536486123,22.9823247677404,-13.4019039689268));
#9370=CARTESIAN_POINT('Ctrl Pts',(2.82118460475549,22.9823201216641,-13.4018947544699));
#9371=CARTESIAN_POINT('Ctrl Pts',(2.8211838446424,22.982315475686,-13.4018855399567));
#9372=CARTESIAN_POINT('Ctrl Pts',(2.8173750615299,22.9590353569203,-13.3557133551935));
#9373=CARTESIAN_POINT('Ctrl Pts',(2.81338788368743,22.9382179993609,-13.3081302992945));
#9374=CARTESIAN_POINT('Ctrl Pts',(2.80931024860491,22.9196719435412,-13.2591859777919));
#9375=CARTESIAN_POINT('Ctrl Pts',(2.80697936188484,22.909070515423,-13.231208077194));
#9376=CARTESIAN_POINT('Ctrl Pts',(2.80461799828486,22.8992113540091,-13.2027850850549));
#9377=CARTESIAN_POINT('Ctrl Pts',(2.80223573303638,22.8900600858293,-13.173924257455));
#9378=CARTESIAN_POINT('Ctrl Pts',(2.79765770818349,22.8724739949482,-13.1184620934026));
#9379=CARTESIAN_POINT('Ctrl Pts',(2.7930084882999,22.8575217780191,-13.0614439618548));
#9380=CARTESIAN_POINT('Ctrl Pts',(2.78832711391466,22.8449625422481,-13.0029715132944));
#9381=CARTESIAN_POINT('Ctrl Pts',(2.78351570471224,22.8320544478316,-12.9428748720221));
#9382=CARTESIAN_POINT('Ctrl Pts',(2.77867001022197,22.821672909186,-12.8812416804292));
#9383=CARTESIAN_POINT('Ctrl Pts',(2.77377965046269,22.8135693890969,-12.8181589937871));
#9384=CARTESIAN_POINT('Ctrl Pts',(2.7715772931403,22.8099199956609,-12.7897499147662));
#9385=CARTESIAN_POINT('Ctrl Pts',(2.76936520895035,22.8067328965411,-12.7610465852694));
#9386=CARTESIAN_POINT('Ctrl Pts',(2.76713936480391,22.8039870711157,-12.7320558460273));
#9387=CARTESIAN_POINT('Ctrl Pts',(2.76617662100547,22.8027994199479,-12.7195164890099));
#9388=CARTESIAN_POINT('Ctrl Pts',(2.76521149972355,22.8016943253776,-12.7069238363183));
#9389=CARTESIAN_POINT('Ctrl Pts',(2.76424370760375,22.8006701138083,-12.694278649283));
#9390=CARTESIAN_POINT('Ctrl Pts',(2.76424154927347,22.8006678296537,-12.6942504485057));
#9391=CARTESIAN_POINT('Ctrl Pts',(2.76423939092989,22.8006655459014,-12.6942222474671));
#9392=CARTESIAN_POINT('Ctrl Pts',(2.76423723257301,22.8006632625513,-12.6941940461672));
#9393=CARTESIAN_POINT('Ctrl Pts',(2.75766171409701,22.7937069475496,-12.6082776854755));
#9394=CARTESIAN_POINT('Ctrl Pts',(2.75096679479762,22.7904841145724,-12.5199390496658));
#9395=CARTESIAN_POINT('Ctrl Pts',(2.74429240277606,22.7908762923837,-12.4293179260819));
#9396=CARTESIAN_POINT('Ctrl Pts',(2.74393609396412,22.7908972285843,-12.4244801663614));
#9397=CARTESIAN_POINT('Ctrl Pts',(2.74357985398556,22.7909284611426,-12.4196358985414));
#9398=CARTESIAN_POINT('Ctrl Pts',(2.74322370760942,22.7909699699274,-12.4147851427263));
#9399=CARTESIAN_POINT('Ctrl Pts',(2.73594657807145,22.7918181178364,-12.3156697767181));
#9400=CARTESIAN_POINT('Ctrl Pts',(2.72870364400063,22.7969592081552,-12.2138469755336));
#9401=CARTESIAN_POINT('Ctrl Pts',(2.7216319264437,22.8062442501949,-12.1094906562347));
#9402=CARTESIAN_POINT('Ctrl Pts',(2.72068701578889,22.8074849014346,-12.0955467455499));
#9403=CARTESIAN_POINT('Ctrl Pts',(2.71974499679658,22.8087996461814,-12.0815576393045));
#9404=CARTESIAN_POINT('Ctrl Pts',(2.71883810133538,22.810174888531,-12.0675231050575));
#9405=CARTESIAN_POINT('Ctrl Pts',(2.71134961588336,22.8215306431562,-11.9516360926828));
#9406=CARTESIAN_POINT('Ctrl Pts',(2.70409842509088,22.8378903445455,-11.832680084222));
#9407=CARTESIAN_POINT('Ctrl Pts',(2.69711373518408,22.8591130414907,-11.710888597217));
#9408=CARTESIAN_POINT('Ctrl Pts',(2.68213710388065,22.9046189281733,-11.4497422584235));
#9409=CARTESIAN_POINT('Ctrl Pts',(2.66838095166251,22.9724863373743,-11.1755579791361));
#9410=CARTESIAN_POINT('Ctrl Pts',(2.6564714902275,23.0612339146249,-10.8906582312325));
#9411=CARTESIAN_POINT('Ctrl Pts',(2.65647025818162,23.0612430956518,-10.8906287580644));
#9412=CARTESIAN_POINT('Ctrl Pts',(2.65646902615551,23.0612522769023,-10.8905992847815));
#9413=CARTESIAN_POINT('Ctrl Pts',(2.65646779414917,23.0612614583762,-10.8905698113841));
#9414=CARTESIAN_POINT('Ctrl Pts',(2.65262525203002,23.0898978371542,-10.7986443339688));
#9415=CARTESIAN_POINT('Ctrl Pts',(2.6489743887277,23.1207091656684,-10.7056043242205));
#9416=CARTESIAN_POINT('Ctrl Pts',(2.64558258163403,23.153548379913,-10.6116118624824));
#9417=CARTESIAN_POINT('Ctrl Pts',(2.64045596993252,23.2031838383474,-10.4695451585414));
#9418=CARTESIAN_POINT('Ctrl Pts',(2.63592895426785,23.257437067479,-10.3253187224083));
#9419=CARTESIAN_POINT('Ctrl Pts',(2.63189011810665,23.3159969779447,-10.1795302941291));
#9420=CARTESIAN_POINT('Ctrl Pts',(2.62960133554659,23.3491825037853,-10.096912926455));
#9421=CARTESIAN_POINT('Ctrl Pts',(2.62746886973706,23.3837518407897,-10.0137942774363));
#9422=CARTESIAN_POINT('Ctrl Pts',(2.62546959353087,23.419654410441,-9.93028643965834));
#9423=CARTESIAN_POINT('Ctrl Pts',(2.62489454944025,23.4299809278337,-9.90626740292591));
#9424=CARTESIAN_POINT('Ctrl Pts',(2.62433054671747,23.440417768519,-9.88221613246881));
#9425=CARTESIAN_POINT('Ctrl Pts',(2.62377740441449,23.4509635431585,-9.85813521226493));
#9426=CARTESIAN_POINT('Ctrl Pts',(2.6194585555114,23.5333033081486,-9.67011513994938));
#9427=CARTESIAN_POINT('Ctrl Pts',(2.61580200890539,23.6222811614553,-9.48028845566223));
#9428=CARTESIAN_POINT('Ctrl Pts',(2.6127785630812,23.7172061832913,-9.28989075371388));
#9429=CARTESIAN_POINT('Ctrl Pts',(2.61159008098151,23.7545201276531,-9.21504758676268));
#9430=CARTESIAN_POINT('Ctrl Pts',(2.61049968618339,23.7927531621024,-9.14011608387759));
#9431=CARTESIAN_POINT('Ctrl Pts',(2.60950673101312,23.8318636443135,-9.06517098128061));
#9432=CARTESIAN_POINT('Ctrl Pts',(2.60714048296145,23.9250653366979,-8.88657409361646));
#9433=CARTESIAN_POINT('Ctrl Pts',(2.60532842933346,24.0232485982914,-8.70790059049179));
#9434=CARTESIAN_POINT('Ctrl Pts',(2.60409320761733,24.1258273959769,-8.53016164781993));
#9435=CARTESIAN_POINT('Ctrl Pts',(2.60355862951253,24.1702213525783,-8.45323995361615));
#9436=CARTESIAN_POINT('Ctrl Pts',(2.60313240471069,24.2154384227567,-8.37649317894988));
#9437=CARTESIAN_POINT('Ctrl Pts',(2.60281780267909,24.2614301424482,-8.30000270718016));
#9438=CARTESIAN_POINT('Ctrl Pts',(2.6020623197595,24.3718743073922,-8.11631907157267));
#9439=CARTESIAN_POINT('Ctrl Pts',(2.60195073375178,24.486785601728,-7.93411385993229));
#9440=CARTESIAN_POINT('Ctrl Pts',(2.60253688883244,24.6054796145938,-7.75451546512942));
#9441=CARTESIAN_POINT('Ctrl Pts',(2.60269532152049,24.6375615876645,-7.7059715602896));
#9442=CARTESIAN_POINT('Ctrl Pts',(2.60290488093002,24.6699197391432,-7.65761803767876));
#9443=CARTESIAN_POINT('Ctrl Pts',(2.6031669566255,24.7025401272438,-7.6094770225646));
#9444=CARTESIAN_POINT('Ctrl Pts',(2.60327200871923,24.7156158917173,-7.59017987094249));
#9445=CARTESIAN_POINT('Ctrl Pts',(2.60338546978103,24.7287338174448,-7.57091688290536));
#9446=CARTESIAN_POINT('Ctrl Pts',(2.60350741619339,24.7418930156822,-7.55168949273183));
#9447=CARTESIAN_POINT('Ctrl Pts',(2.60466758010646,24.8670859313584,-7.36876550349957));
#9448=CARTESIAN_POINT('Ctrl Pts',(2.60665262941141,24.9958612272753,-7.18917815293559));
#9449=CARTESIAN_POINT('Ctrl Pts',(2.60952074939315,25.1273602322902,-7.0141940094131));
#9450=CARTESIAN_POINT('Ctrl Pts',(2.6110214091458,25.196163234116,-6.92263868285447));
#9451=CARTESIAN_POINT('Ctrl Pts',(2.61276420325073,25.2657112461653,-6.83234369568216));
#9452=CARTESIAN_POINT('Ctrl Pts',(2.61478159756875,25.3358487798817,-6.74346910714995));
#9453=CARTESIAN_POINT('Ctrl Pts',(2.61516520110301,25.3491852930151,-6.72656978015083));
#9454=CARTESIAN_POINT('Ctrl Pts',(2.61556304275317,25.3625384060977,-6.70971847067863));
#9455=CARTESIAN_POINT('Ctrl Pts',(2.61596885506596,25.3759141327215,-6.69292109186017));
#9456=CARTESIAN_POINT('Ctrl Pts',(2.6159690996906,25.3759221956415,-6.69291096636001));
#9457=CARTESIAN_POINT('Ctrl Pts',(2.61596934431813,25.3759302585697,-6.69290084087945));
#9458=CARTESIAN_POINT('Ctrl Pts',(2.61596958894856,25.3759383215062,-6.6928907154185));
#9459=CARTESIAN_POINT('Ctrl Pts',(2.61963038540103,25.4965969375618,-6.54136724629436));
#9460=CARTESIAN_POINT('Ctrl Pts',(2.62394037177856,25.619096514024,-6.39423522582709));
#9461=CARTESIAN_POINT('Ctrl Pts',(2.62883181505575,25.7425763256221,-6.2522762152741));
#9462=CARTESIAN_POINT('Ctrl Pts',(2.63107859254364,25.7992940764341,-6.18707044858358));
#9463=CARTESIAN_POINT('Ctrl Pts',(2.63344806427863,25.8562188096585,-6.12295581448678));
#9464=CARTESIAN_POINT('Ctrl Pts',(2.63593721409754,25.9132633778036,-6.06000272894792));
#9465=CARTESIAN_POINT('Ctrl Pts',(2.64090473885968,26.0271055831434,-5.9343690652403));
#9466=CARTESIAN_POINT('Ctrl Pts',(2.6463766668582,26.1413883717932,-5.81333402901813));
#9467=CARTESIAN_POINT('Ctrl Pts',(2.65225386940401,26.2555102555573,-5.69751884416152));
#9468=CARTESIAN_POINT('Ctrl Pts',(2.65481525349241,26.3052464991074,-5.64704463140902));
#9469=CARTESIAN_POINT('Ctrl Pts',(2.65745378700106,26.3549522159866,-5.59756195624504));
#9470=CARTESIAN_POINT('Ctrl Pts',(2.6601646425976,26.4045739424623,-5.54911909939231));
#9471=CARTESIAN_POINT('Ctrl Pts',(2.6640847334146,26.4763305032063,-5.47906726832449));
#9472=CARTESIAN_POINT('Ctrl Pts',(2.66815650423991,26.547911032363,-5.41118923407077));
#9473=CARTESIAN_POINT('Ctrl Pts',(2.67236740146593,26.6191525205856,-5.34562626642244));
#9474=CARTESIAN_POINT('Ctrl Pts',(2.67863371632657,26.725168310661,-5.24806078894096));
#9475=CARTESIAN_POINT('Ctrl Pts',(2.68522457109629,26.8303673710496,-5.15563078585827));
#9476=CARTESIAN_POINT('Ctrl Pts',(2.69209424991105,26.9343097460518,-5.06872310762165));
#9477=CARTESIAN_POINT('Ctrl Pts',(2.69852691626314,27.0316398594768,-4.98734403407168));
#9478=CARTESIAN_POINT('Ctrl Pts',(2.70520193257821,27.1278719794058,-4.91080797362804));
#9479=CARTESIAN_POINT('Ctrl Pts',(2.71199559554846,27.2225209116701,-4.83932430730551));
#9480=CARTESIAN_POINT('Ctrl Pts',(2.71305527873306,27.2372843584881,-4.82817420470144));
#9481=CARTESIAN_POINT('Ctrl Pts',(2.7141178752339,27.2520093272376,-4.81714703250234));
#9482=CARTESIAN_POINT('Ctrl Pts',(2.71518294635351,27.2666940191629,-4.80624359114687));
#9483=CARTESIAN_POINT('Ctrl Pts',(2.72162498713968,27.3555138008415,-4.7402945548536));
#9484=CARTESIAN_POINT('Ctrl Pts',(2.72815747939993,27.442858310521,-4.67887151205424));
#9485=CARTESIAN_POINT('Ctrl Pts',(2.73469333920462,27.5282912655057,-4.62215979759043));
#9486=CARTESIAN_POINT('Ctrl Pts',(2.73582172591789,27.5430408798122,-4.61236877590388));
#9487=CARTESIAN_POINT('Ctrl Pts',(2.73695023205651,27.5577335360243,-4.60271817534059));
#9488=CARTESIAN_POINT('Ctrl Pts',(2.73807843409312,27.5723670103462,-4.59320894071022));
#9489=CARTESIAN_POINT('Ctrl Pts',(2.7444475664835,27.6549785748203,-4.53952567093548));
#9490=CARTESIAN_POINT('Ctrl Pts',(2.75080690417949,27.7357029411828,-4.49034772270984));
#9491=CARTESIAN_POINT('Ctrl Pts',(2.75708224154415,27.8141096517185,-4.44585908615315));
#9492=CARTESIAN_POINT('Ctrl Pts',(2.75781502036438,27.8232652992169,-4.44066409364278));
#9493=CARTESIAN_POINT('Ctrl Pts',(2.75854665991074,27.8323893466664,-4.43553303602325));
#9494=CARTESIAN_POINT('Ctrl Pts',(2.75927704704067,27.8414811102619,-4.43046620124326));
#9495=CARTESIAN_POINT('Ctrl Pts',(2.76188196884373,27.87390683663,-4.41239536202675));
#9496=CARTESIAN_POINT('Ctrl Pts',(2.76447089522389,27.9059215137278,-4.39514173585284));
#9497=CARTESIAN_POINT('Ctrl Pts',(2.76703853883844,27.9374927022412,-4.37871942161508));
#9498=CARTESIAN_POINT('Ctrl Pts',(2.77198716846859,27.9983399779499,-4.34706863083865));
#9499=CARTESIAN_POINT('Ctrl Pts',(2.77692236733058,28.0577152919509,-4.31825886494858));
#9500=CARTESIAN_POINT('Ctrl Pts',(2.78177615041514,28.1152302289595,-4.29252853120913));
#9501=CARTESIAN_POINT('Ctrl Pts',(2.78205190512467,28.1184977863415,-4.29106673108687));
#9502=CARTESIAN_POINT('Ctrl Pts',(2.7823273975884,28.1217593454098,-4.28961485763379));
#9503=CARTESIAN_POINT('Ctrl Pts',(2.78260261555684,28.1250148373268,-4.28817294995084));
#9504=CARTESIAN_POINT('Ctrl Pts',(2.78736686256821,28.1813700517925,-4.26321235450682));
#9505=CARTESIAN_POINT('Ctrl Pts',(2.79204855770659,28.2359049459564,-4.24124205835505));
#9506=CARTESIAN_POINT('Ctrl Pts',(2.79658558600921,28.2882773743387,-4.22244114381407));
#9507=CARTESIAN_POINT('Ctrl Pts',(2.79692394699296,28.2921831878375,-4.22103901547915));
#9508=CARTESIAN_POINT('Ctrl Pts',(2.79726150501684,28.2960769871955,-4.21965449302294));
#9509=CARTESIAN_POINT('Ctrl Pts',(2.7975982351664,28.2999586369037,-4.21828764011612));
#9510=CARTESIAN_POINT('Ctrl Pts',(2.79759846518918,28.2999612884864,-4.21828670640909));
#9511=CARTESIAN_POINT('Ctrl Pts',(2.79759869521158,28.2999639400635,-4.21828577271031));
#9512=CARTESIAN_POINT('Ctrl Pts',(2.79759892523358,28.299966591635,-4.21828483901978));
#9513=CARTESIAN_POINT('Ctrl Pts',(2.80236259236698,28.3548796142658,-4.19894846786645));
#9514=CARTESIAN_POINT('Ctrl Pts',(2.8069592755005,28.4073579634983,-4.18315398826892));
#9515=CARTESIAN_POINT('Ctrl Pts',(2.81129781564936,28.4572121353042,-4.17054842351789));
#9516=CARTESIAN_POINT('Ctrl Pts',(2.81585831584458,28.5096168503587,-4.1572979571086));
#9517=CARTESIAN_POINT('Ctrl Pts',(2.82013353498245,28.5591219663639,-4.14757000065686));
#9518=CARTESIAN_POINT('Ctrl Pts',(2.82403390768827,28.6055342064348,-4.14089567542554));
#9519=CARTESIAN_POINT('Ctrl Pts',(2.82789523740289,28.6514818568839,-4.1342881606354));
#9520=CARTESIAN_POINT('Ctrl Pts',(2.83138916402207,28.6943982634883,-4.13067299783091));
#9521=CARTESIAN_POINT('Ctrl Pts',(2.83444414447857,28.734120851946,-4.12955328773552));
#9522=CARTESIAN_POINT('Ctrl Pts',(2.83464889620621,28.7367831500291,-4.12947824222221));
#9523=CARTESIAN_POINT('Ctrl Pts',(2.83485167810542,28.7394311086676,-4.12941440855529));
#9524=CARTESIAN_POINT('Ctrl Pts',(2.8350524695627,28.7420646818893,-4.12936163808847));
#9525=CARTESIAN_POINT('Ctrl Pts',(2.83724882387774,28.7708719826967,-4.12878440913623));
#9526=CARTESIAN_POINT('Ctrl Pts',(2.83920714605761,28.797957732342,-4.12952958944482));
#9527=CARTESIAN_POINT('Ctrl Pts',(2.84090442271475,28.8232670668081,-4.13139011673416));
#9528=CARTESIAN_POINT('Ctrl Pts',(2.84231128735589,28.8442458551521,-4.13293229905679));
#9529=CARTESIAN_POINT('Ctrl Pts',(2.84357626126,28.8642392663775,-4.13515287145037));
#9530=CARTESIAN_POINT('Ctrl Pts',(2.84467744717151,28.8831749071956,-4.13796414850107));
#9531=CARTESIAN_POINT('Ctrl Pts',(2.84467749561564,28.8831757402253,-4.1379642721767));
#9532=CARTESIAN_POINT('Ctrl Pts',(2.84467754405945,28.883176573253,-4.13796439585347));
#9533=CARTESIAN_POINT('Ctrl Pts',(2.84467759250295,28.8831774062786,-4.13796451953138));
#9534=CARTESIAN_POINT('Ctrl Pts',(2.84610188684282,28.9076693162563,-4.14160079218725));
#9535=CARTESIAN_POINT('Ctrl Pts',(2.84725197754693,28.9303878630048,-4.14622299379632));
#9536=CARTESIAN_POINT('Ctrl Pts',(2.84813335785177,28.9516472732264,-4.15197434443423));
#9537=CARTESIAN_POINT('Ctrl Pts',(2.84818919151837,28.9529940140329,-4.15233868090997));
#9538=CARTESIAN_POINT('Ctrl Pts',(2.84824394659893,28.9543348996156,-4.15270755113378));
#9539=CARTESIAN_POINT('Ctrl Pts',(2.84829762437531,28.9556700099145,-4.15308099256249));
#9540=CARTESIAN_POINT('Ctrl Pts',(2.84916043380577,28.9771303950935,-4.15908364036496));
#9541=CARTESIAN_POINT('Ctrl Pts',(2.849744908331,28.9971000631589,-4.1662674452056));
#9542=CARTESIAN_POINT('Ctrl Pts',(2.85006098672954,29.0159584416019,-4.17479001424255));
#9543=CARTESIAN_POINT('Ctrl Pts',(2.85010613493482,29.0186521465344,-4.17600736632409));
#9544=CARTESIAN_POINT('Ctrl Pts',(2.85014580576138,29.0213231741153,-4.17725205044399));
#9545=CARTESIAN_POINT('Ctrl Pts',(2.8501800267889,29.0239726255351,-4.17852454333047));
#9546=CARTESIAN_POINT('Ctrl Pts',(2.85042205927268,29.0427112010373,-4.18752440792571));
#9547=CARTESIAN_POINT('Ctrl Pts',(2.85039152106964,29.0603731002244,-4.19791588608132));
#9548=CARTESIAN_POINT('Ctrl Pts',(2.85010279984791,29.0773671576949,-4.20985622379297));
#9549=CARTESIAN_POINT('Ctrl Pts',(2.85003348544599,29.0814469857129,-4.21272278608537));
#9550=CARTESIAN_POINT('Ctrl Pts',(2.84994928635908,29.085488296239,-4.21567866412378));
#9551=CARTESIAN_POINT('Ctrl Pts',(2.8498503935806,29.089496692554,-4.21872611829833));
#9552=CARTESIAN_POINT('Ctrl Pts',(2.84978750856805,29.0920455950771,-4.22066396651097));
#9553=CARTESIAN_POINT('Ctrl Pts',(2.84971869351095,29.0945811955876,-4.22263878073962));
#9554=CARTESIAN_POINT('Ctrl Pts',(2.84964400620014,29.0971049264143,-4.22465108994865));
#9555=CARTESIAN_POINT('Ctrl Pts',(2.8491699403747,29.113123906405,-4.23742390256952));
#9556=CARTESIAN_POINT('Ctrl Pts',(2.84845088280031,29.1286341768441,-4.25173877889651));
#9557=CARTESIAN_POINT('Ctrl Pts',(2.84749610133949,29.1439982741505,-4.26775831928099));
#9558=CARTESIAN_POINT('Ctrl Pts',(2.84710595245364,29.1502764495155,-4.27430432597401));
#9559=CARTESIAN_POINT('Ctrl Pts',(2.84667641889516,29.1565301375672,-4.28113504275302));
#9560=CARTESIAN_POINT('Ctrl Pts',(2.84620801944493,29.1627837451169,-4.28826181408682));
#9561=CARTESIAN_POINT('Ctrl Pts',(2.8456333350561,29.1704563643544,-4.29700572748444));
#9562=CARTESIAN_POINT('Ctrl Pts',(2.84500009248098,29.1781281299156,-4.30619516346322));
#9563=CARTESIAN_POINT('Ctrl Pts',(2.84430888603608,29.1858415335603,-4.31585066250055));
#9564=CARTESIAN_POINT('Ctrl Pts',(2.84222847804849,29.2090575013406,-4.34491199066072));
#9565=CARTESIAN_POINT('Ctrl Pts',(2.83962395520564,29.2326470626045,-4.37819248035947));
#9566=CARTESIAN_POINT('Ctrl Pts',(2.83636684657209,29.2556249147417,-4.41689108402607));
#9567=CARTESIAN_POINT('Ctrl Pts',(2.83360177661481,29.2751315925272,-4.4497436408259));
#9568=CARTESIAN_POINT('Ctrl Pts',(2.83036636795604,29.2941990310094,-4.48649931339885));
#9569=CARTESIAN_POINT('Ctrl Pts',(2.82657163253128,29.3122285127836,-4.52792947209104));
#9570=CARTESIAN_POINT('Ctrl Pts',(2.8265716021046,29.3122286573463,-4.52792980428339));
#9571=CARTESIAN_POINT('Ctrl Pts',(2.82657157167789,29.312228801909,-4.52793013647604));
#9572=CARTESIAN_POINT('Ctrl Pts',(2.82657154125114,29.3122289464716,-4.52793046866899));
#9573=CARTESIAN_POINT('Ctrl Pts',(2.82621844501272,29.3139065657328,-4.53178550028803));
#9574=CARTESIAN_POINT('Ctrl Pts',(2.82586049730578,29.3155751936981,-4.53568104838241));
#9575=CARTESIAN_POINT('Ctrl Pts',(2.82549783314195,29.3172343125543,-4.53961697980463));
#9576=CARTESIAN_POINT('Ctrl Pts',(2.82226383025135,29.3320292542997,-4.57471505363208));
#9577=CARTESIAN_POINT('Ctrl Pts',(2.81870333923504,29.3461870278947,-4.61286586716367));
#9578=CARTESIAN_POINT('Ctrl Pts',(2.8149294164539,29.3593681909244,-4.65394854801227));
#9579=CARTESIAN_POINT('Ctrl Pts',(2.81252487677321,29.3677665157923,-4.68012421243851));
#9580=CARTESIAN_POINT('Ctrl Pts',(2.81003371699698,29.3757681940358,-4.70748992873279));
#9581=CARTESIAN_POINT('Ctrl Pts',(2.80748518270408,29.3832830945444,-4.73601171068028));
#9582=CARTESIAN_POINT('Ctrl Pts',(2.80399618429465,29.3935711554093,-4.77505864527575));
#9583=CARTESIAN_POINT('Ctrl Pts',(2.80039986550644,29.4029492763548,-4.81627383794103));
#9584=CARTESIAN_POINT('Ctrl Pts',(2.79677485019866,29.4112001254264,-4.85957234386445));
#9585=CARTESIAN_POINT('Ctrl Pts',(2.79677468628402,29.4112004985103,-4.85957430172071));
#9586=CARTESIAN_POINT('Ctrl Pts',(2.79677452236933,29.4112008715919,-4.85957625958123));
#9587=CARTESIAN_POINT('Ctrl Pts',(2.79677435845457,29.4112012446712,-4.85957821744602));
#9588=CARTESIAN_POINT('Ctrl Pts',(2.79016923958535,29.4262348712643,-4.9384724549364));
#9589=CARTESIAN_POINT('Ctrl Pts',(2.78347235229888,29.4375313878394,-5.02427623299837));
#9590=CARTESIAN_POINT('Ctrl Pts',(2.77673787590927,29.4450532285014,-5.11636834909088));
#9591=CARTESIAN_POINT('Ctrl Pts',(2.77447179874885,29.4475842450708,-5.14735633224782));
#9592=CARTESIAN_POINT('Ctrl Pts',(2.77220144650403,29.4496881370626,-5.1790564739753));
#9593=CARTESIAN_POINT('Ctrl Pts',(2.76992887373898,29.4513641085267,-5.21144550678081));
#9594=CARTESIAN_POINT('Ctrl Pts',(2.76371890784743,29.4559438191468,-5.29995083082387));
#9595=CARTESIAN_POINT('Ctrl Pts',(2.75749274533956,29.457327007461,-5.39359913120224));
#9596=CARTESIAN_POINT('Ctrl Pts',(2.75127909940858,29.4554653225789,-5.4918937356841));
#9597=CARTESIAN_POINT('Ctrl Pts',(2.74670383615562,29.4540945173344,-5.56427051685983));
#9598=CARTESIAN_POINT('Ctrl Pts',(2.74213524411468,29.4509647114427,-5.63916648420674));
#9599=CARTESIAN_POINT('Ctrl Pts',(2.73758356311817,29.4460608188833,-5.71638338265991));
#9600=CARTESIAN_POINT('Ctrl Pts',(2.73162220175833,29.4396381641237,-5.81751477458269));
#9601=CARTESIAN_POINT('Ctrl Pts',(2.72568899370363,29.430168846376,-5.92262507838914));
#9602=CARTESIAN_POINT('Ctrl Pts',(2.71979776254065,29.4176131426798,-6.03126193731191));
#9603=CARTESIAN_POINT('Ctrl Pts',(2.71540572012298,29.4082525893945,-6.11225310525493));
#9604=CARTESIAN_POINT('Ctrl Pts',(2.71103691746238,29.3971768575162,-6.1952042952617));
#9605=CARTESIAN_POINT('Ctrl Pts',(2.70669593954478,29.3843741900091,-6.27992722267142));
#9606=CARTESIAN_POINT('Ctrl Pts',(2.70258250401087,29.372242603889,-6.36020920216072));
#9607=CARTESIAN_POINT('Ctrl Pts',(2.69849390884994,29.3585601704229,-6.44208230360008));
#9608=CARTESIAN_POINT('Ctrl Pts',(2.69443393628393,29.3433210188164,-6.52538824029542));
#9609=CARTESIAN_POINT('Ctrl Pts',(2.68822071144359,29.3199996111546,-6.65287642077138));
#9610=CARTESIAN_POINT('Ctrl Pts',(2.68208865162443,29.2930580129061,-6.78378486386208));
#9611=CARTESIAN_POINT('Ctrl Pts',(2.6760960086753,29.2625582661906,-6.91751126029382));
#9612=CARTESIAN_POINT('Ctrl Pts',(2.67207037965567,29.2420696993743,-7.00734355411412));
#9613=CARTESIAN_POINT('Ctrl Pts',(2.66810776881018,29.2199756893844,-7.09844746115925));
#9614=CARTESIAN_POINT('Ctrl Pts',(2.66422714093775,29.196297099965,-7.19063951928598));
#9615=CARTESIAN_POINT('Ctrl Pts',(2.65786138292067,29.1574548879867,-7.34187080257923));
#9616=CARTESIAN_POINT('Ctrl Pts',(2.65171317804608,29.1143462657043,-7.49602750535791));
#9617=CARTESIAN_POINT('Ctrl Pts',(2.64590386281082,29.0671115659843,-7.65232170716224));
#9618=CARTESIAN_POINT('Ctrl Pts',(2.6422577360616,29.0374654381419,-7.75041734268386));
#9619=CARTESIAN_POINT('Ctrl Pts',(2.63874542209971,29.0061938423629,-7.849354813458));
#9620=CARTESIAN_POINT('Ctrl Pts',(2.6353992099764,28.973329772198,-7.94893606100848));
#9621=CARTESIAN_POINT('Ctrl Pts',(2.63031369807346,28.9233835602294,-8.10027781731857));
#9622=CARTESIAN_POINT('Ctrl Pts',(2.62561121399364,28.8697629884144,-8.25310968938064));
#9623=CARTESIAN_POINT('Ctrl Pts',(2.62150840250086,28.812683838351,-8.40679143630329));
#9624=CARTESIAN_POINT('Ctrl Pts',(2.6195548399881,28.7855054783362,-8.47996733049459));
#9625=CARTESIAN_POINT('Ctrl Pts',(2.6177374829527,28.7575422317952,-8.55333587016052));
#9626=CARTESIAN_POINT('Ctrl Pts',(2.61608067445032,28.7288134066285,-8.62682757476562));
#9627=CARTESIAN_POINT('Ctrl Pts',(2.61608029781144,28.7288068757637,-8.62684428148381));
#9628=CARTESIAN_POINT('Ctrl Pts',(2.61607992118087,28.7288003448593,-8.62686098820835));
#9629=CARTESIAN_POINT('Ctrl Pts',(2.6160795445586,28.7287938139154,-8.62687769493927));
#9630=CARTESIAN_POINT('Ctrl Pts',(2.61227370864888,28.6627974494484,-8.79570221909338));
#9631=CARTESIAN_POINT('Ctrl Pts',(2.60922062460785,28.59264013988,-8.96512114767892));
#9632=CARTESIAN_POINT('Ctrl Pts',(2.60681766627107,28.5186823351396,-9.13423644389728));
#9633=CARTESIAN_POINT('Ctrl Pts',(2.60568449990004,28.4838059513403,-9.21398637695643));
#9634=CARTESIAN_POINT('Ctrl Pts',(2.6046956750309,28.4480851679156,-9.29366875269292));
#9635=CARTESIAN_POINT('Ctrl Pts',(2.60383946958719,28.4115616203692,-9.37318959432411));
#9636=CARTESIAN_POINT('Ctrl Pts',(2.60316914952719,28.3829674707256,-9.4354461657181));
#9637=CARTESIAN_POINT('Ctrl Pts',(2.60258009050355,28.3538811798317,-9.49760421491517));
#9638=CARTESIAN_POINT('Ctrl Pts',(2.60207141380857,28.3243278481994,-9.5596222886507));
#9639=CARTESIAN_POINT('Ctrl Pts',(2.60078902467663,28.2498230169934,-9.71597170376433));
#9640=CARTESIAN_POINT('Ctrl Pts',(2.60005640722045,28.1724071516362,-9.87142078549024));
#9641=CARTESIAN_POINT('Ctrl Pts',(2.59998943986342,28.0925522102709,-10.0254246944029));
#9642=CARTESIAN_POINT('Ctrl Pts',(2.59998122847409,28.0827605738382,-10.0443083133687));
#9643=CARTESIAN_POINT('Ctrl Pts',(2.59998302275886,28.0729322016219,-10.0631701995352));
#9644=CARTESIAN_POINT('Ctrl Pts',(2.59999503287346,28.063067910788,-10.0820093436285));
#9645=CARTESIAN_POINT('Ctrl Pts',(2.60005820221732,28.0111849104535,-10.1810971884359));
#9646=CARTESIAN_POINT('Ctrl Pts',(2.60033571726807,27.9582489606728,-10.2795198854838));
#9647=CARTESIAN_POINT('Ctrl Pts',(2.60081199279732,27.9043508680474,-10.3771090019127));
#9648=CARTESIAN_POINT('Ctrl Pts',(2.60160503268641,27.814605888993,-10.5396033089139));
#9649=CARTESIAN_POINT('Ctrl Pts',(2.60294572555144,27.7221906951551,-10.6997834872543));
#9650=CARTESIAN_POINT('Ctrl Pts',(2.60476405539383,27.6275356602215,-10.8568781033622));
#9651=CARTESIAN_POINT('Ctrl Pts',(2.60595901851182,27.5653306229174,-10.9601169481009));
#9652=CARTESIAN_POINT('Ctrl Pts',(2.60736061820953,27.5021587665611,-11.0620235276344));
#9653=CARTESIAN_POINT('Ctrl Pts',(2.60895364771424,27.4381475453202,-11.1623818120383));
#9654=CARTESIAN_POINT('Ctrl Pts',(2.61146979709018,27.337043457855,-11.3208951565351));
#9655=CARTESIAN_POINT('Ctrl Pts',(2.61446043452481,27.2338439936403,-11.4755442766262));
#9656=CARTESIAN_POINT('Ctrl Pts',(2.61789586003427,27.1290686819765,-11.6254987270456));
#9657=CARTESIAN_POINT('Ctrl Pts',(2.61933212279076,27.0852648278315,-11.6881908132847));
#9658=CARTESIAN_POINT('Ctrl Pts',(2.62084643062492,27.0411857335984,-11.7500624026976));
#9659=CARTESIAN_POINT('Ctrl Pts',(2.62243790770593,26.996870191487,-11.8110529586252));
#9660=CARTESIAN_POINT('Ctrl Pts',(2.62683043123275,26.8745579925554,-11.9793886858699));
#9661=CARTESIAN_POINT('Ctrl Pts',(2.63184895553908,26.7503486462013,-12.1411942189026));
#9662=CARTESIAN_POINT('Ctrl Pts',(2.63753841041206,26.6249859806199,-12.2952510455983));
#9663=CARTESIAN_POINT('Ctrl Pts',(2.64156193336803,26.5363308152218,-12.4041984215023));
#9664=CARTESIAN_POINT('Ctrl Pts',(2.64592239766191,26.4471006434678,-12.5092708089021));
#9665=CARTESIAN_POINT('Ctrl Pts',(2.65073641406255,26.3575909745932,-12.6100574537527));
#9666=CARTESIAN_POINT('Ctrl Pts',(2.65219815370169,26.3304120412054,-12.6406605555316));
#9667=CARTESIAN_POINT('Ctrl Pts',(2.65370156937938,26.3032071065013,-12.6708682785344));
#9668=CARTESIAN_POINT('Ctrl Pts',(2.65524952433442,26.275983861895,-12.7006684741903));
#9669=CARTESIAN_POINT('Ctrl Pts',(2.65581178476722,26.2660956198343,-12.7114927367778));
#9670=CARTESIAN_POINT('Ctrl Pts',(2.65638942404349,26.2562087811207,-12.7222671994915));
#9671=CARTESIAN_POINT('Ctrl Pts',(2.65697129557709,26.2463191129239,-12.7329865342178));
#9672=CARTESIAN_POINT('Ctrl Pts',(2.65697189826498,26.2463088694543,-12.7329976370351));
#9673=CARTESIAN_POINT('Ctrl Pts',(2.65697250095744,26.2462986259817,-12.7330087397932));
#9674=CARTESIAN_POINT('Ctrl Pts',(2.65697310365445,26.2462883825061,-12.7330198424923));
#9675=CARTESIAN_POINT('Ctrl Pts',(2.66419279634534,26.1235820393651,-12.8660188023247));
#9676=CARTESIAN_POINT('Ctrl Pts',(2.67206510048667,26.0004437756153,-12.99053688123));
#9677=CARTESIAN_POINT('Ctrl Pts',(2.68047969067243,25.8769971734022,-13.1060253767681));
#9678=CARTESIAN_POINT('Ctrl Pts',(2.68233425139012,25.8497897617347,-13.1314788358722));
#9679=CARTESIAN_POINT('Ctrl Pts',(2.68421538224417,25.8225642125302,-13.156496198532));
#9680=CARTESIAN_POINT('Ctrl Pts',(2.68612035588587,25.7953436114706,-13.1810520317465));
#9681=CARTESIAN_POINT('Ctrl Pts',(2.6928587080499,25.6990577668576,-13.2679119484712));
#9682=CARTESIAN_POINT('Ctrl Pts',(2.69989856533514,25.6027874663425,-13.349039530187));
#9683=CARTESIAN_POINT('Ctrl Pts',(2.70717699233266,25.506684443121,-13.4241537917853));
#9684=CARTESIAN_POINT('Ctrl Pts',(2.71277417058075,25.4327803218961,-13.4819173595565));
#9685=CARTESIAN_POINT('Ctrl Pts',(2.71851553645823,25.3589782284904,-13.5361272013781));
#9686=CARTESIAN_POINT('Ctrl Pts',(2.72451218525813,25.285365852988,-13.586715302802));
#9687=CARTESIAN_POINT('Ctrl Pts',(2.72575715860561,25.2700830761234,-13.5972179752235));
#9688=CARTESIAN_POINT('Ctrl Pts',(2.72701300204944,25.2548083660521,-13.6075644932368));
#9689=CARTESIAN_POINT('Ctrl Pts',(2.72828049723531,25.2395423428056,-13.6177541749165));
#9690=CARTESIAN_POINT('Ctrl Pts',(2.72976812421434,25.22162499819,-13.629713546079));
#9691=CARTESIAN_POINT('Ctrl Pts',(2.73126635557371,25.2037185346649,-13.6414550011721));
#9692=CARTESIAN_POINT('Ctrl Pts',(2.73276969941709,25.1858228770485,-13.6529752716725));
#9693=CARTESIAN_POINT('Ctrl Pts',(2.73966329354108,25.1037622089373,-13.7058015558109));
#9694=CARTESIAN_POINT('Ctrl Pts',(2.7466681793698,25.0219275136486,-13.7539770822701));
#9695=CARTESIAN_POINT('Ctrl Pts',(2.75363704815409,24.9403933549323,-13.7973374712366));
#9696=CARTESIAN_POINT('Ctrl Pts',(2.75712675387237,24.8995646022733,-13.819050463977));
#9697=CARTESIAN_POINT('Ctrl Pts',(2.76060454596945,24.8587838738563,-13.8395692525032));
#9698=CARTESIAN_POINT('Ctrl Pts',(2.76405090241407,24.8180523451757,-13.8588744885022));
#9699=CARTESIAN_POINT('Ctrl Pts',(2.76405183287832,24.8180413482775,-13.8588797006246));
#9700=CARTESIAN_POINT('Ctrl Pts',(2.76405276334024,24.8180303513829,-13.8588849126586));
#9701=CARTESIAN_POINT('Ctrl Pts',(2.76405369379982,24.8180193544919,-13.8588901246041));
#9702=CARTESIAN_POINT('Ctrl Pts',(2.76919010267998,24.7573133017889,-13.887661587148));
#9703=CARTESIAN_POINT('Ctrl Pts',(2.77425765209903,24.6967199496583,-13.9137377259267));
#9704=CARTESIAN_POINT('Ctrl Pts',(2.77928778212133,24.6362046785276,-13.9368456014722));
#9705=CARTESIAN_POINT('Ctrl Pts',(2.78108267118675,24.6146111614691,-13.9450911285178));
#9706=CARTESIAN_POINT('Ctrl Pts',(2.78287236930923,24.5930276028453,-13.952958400572));
#9707=CARTESIAN_POINT('Ctrl Pts',(2.78465680873374,24.5714526405282,-13.9604340251134));
#9708=CARTESIAN_POINT('Ctrl Pts',(2.78923293562572,24.5161244719748,-13.9796049793235));
#9709=CARTESIAN_POINT('Ctrl Pts',(2.79377779647131,24.4608522744089,-13.9962022378176));
#9710=CARTESIAN_POINT('Ctrl Pts',(2.79827249290701,24.4055925071297,-14.0099945229427));
#9711=CARTESIAN_POINT('Ctrl Pts',(2.80045456811285,24.3787651184984,-14.0166903707789));
#9712=CARTESIAN_POINT('Ctrl Pts',(2.80262415132232,24.3519407127185,-14.0227247424652));
#9713=CARTESIAN_POINT('Ctrl Pts',(2.80477502851311,24.3251150039172,-14.0280692700966));
#9714=CARTESIAN_POINT('Ctrl Pts',(2.80653439292584,24.303172236746,-14.0324409616826));
#9715=CARTESIAN_POINT('Ctrl Pts',(2.80828136868998,24.2812281522927,-14.0363512062043));
#9716=CARTESIAN_POINT('Ctrl Pts',(2.81001140613763,24.2592796959104,-14.0397841058255));
#9717=CARTESIAN_POINT('Ctrl Pts',(2.81384367745172,24.2106608409277,-14.0473884514771));
#9718=CARTESIAN_POINT('Ctrl Pts',(2.81758238192285,24.1621867522802,-14.05262701519));
#9719=CARTESIAN_POINT('Ctrl Pts',(2.82115895078471,24.1137614134019,-14.0553663755873));
#9720=CARTESIAN_POINT('Ctrl Pts',(2.82115913673638,24.1137588956892,-14.0553665180112));
#9721=CARTESIAN_POINT('Ctrl Pts',(2.8211593226876,24.1137563779767,-14.0553666604282));
#9722=CARTESIAN_POINT('Ctrl Pts',(2.82115950863836,24.1137538602643,-14.0553668028385));
#9723=CARTESIAN_POINT('Ctrl Pts',(2.82534222661036,24.057121229906,-14.0585701353845));
#9724=CARTESIAN_POINT('Ctrl Pts',(2.82929377320641,24.0005539642451,-14.0583546267045));
#9725=CARTESIAN_POINT('Ctrl Pts',(2.83281793249506,23.9444240051411,-14.0545465183522));
#9726=CARTESIAN_POINT('Ctrl Pts',(2.8361330768342,23.8916230671189,-14.0509642657316));
#9727=CARTESIAN_POINT('Ctrl Pts',(2.83907068748683,23.8392089554305,-14.044203086174));
#9728=CARTESIAN_POINT('Ctrl Pts',(2.84152195224918,23.7875073154092,-14.0340865705933));
#9729=CARTESIAN_POINT('Ctrl Pts',(2.84222296290463,23.7727217234505,-14.031193457892));
#9730=CARTESIAN_POINT('Ctrl Pts',(2.84288452427288,23.7579945101783,-14.0280257125531));
#9731=CARTESIAN_POINT('Ctrl Pts',(2.84350486825825,23.7433335613486,-14.0245786443363));
#9732=CARTESIAN_POINT('Ctrl Pts',(2.84534232810268,23.6999078082322,-14.0143684229448));
#9733=CARTESIAN_POINT('Ctrl Pts',(2.84681675830095,23.6570307852937,-14.0016946891677));
#9734=CARTESIAN_POINT('Ctrl Pts',(2.84789864531059,23.61507999023,-13.9864900346491));
#9735=CARTESIAN_POINT('Ctrl Pts',(2.84891672245803,23.5756034595104,-13.9721821529922));
#9736=CARTESIAN_POINT('Ctrl Pts',(2.84958756588148,23.5369479714422,-13.9556335014636));
#9737=CARTESIAN_POINT('Ctrl Pts',(2.84991629659398,23.499407340261,-13.9368345509866));
#9738=CARTESIAN_POINT('Ctrl Pts',(2.85007800365412,23.4809405987221,-13.9275870943313));
#9739=CARTESIAN_POINT('Ctrl Pts',(2.85015736263444,23.4627432229786,-13.9177958107847));
#9740=CARTESIAN_POINT('Ctrl Pts',(2.8501573626346,23.4448473622071,-13.9074636307511));
#9741=CARTESIAN_POINT('Origin',(-5.69239192911518,15.6760121595104,-27.3634809174912));
#9742=CARTESIAN_POINT('',(-1.72243023008988,17.7860716437657,-23.7087506837838));
#9743=CARTESIAN_POINT('Origin',(-3.66951632468215,18.1794085668322,-23.0274711484989));
#9744=CARTESIAN_POINT('',(-3.74530583452291,15.2826752364439,-28.0447604527761));
#9745=CARTESIAN_POINT('Origin',(-3.74443764336486,18.0866901813759,-23.188064102906));
#9746=CARTESIAN_POINT('',(-1.50139932562819,17.5257135541737,-24.1597041231285));
#9747=CARTESIAN_POINT('',(-1.61191477785904,17.6558925989697,-23.9342274034561));
#9748=CARTESIAN_POINT('Origin',(-3.81935896204756,17.9939717959195,-23.3486570573131));
#9749=CARTESIAN_POINT('Origin',(-9.36516788395497,23.4045538977539,-23.8851757332891));
#9750=CARTESIAN_POINT('',(-3.33798144946371,21.3608288412574,-25.5170895929665));
#9751=CARTESIAN_POINT('',(-10.5239020122649,22.8124790233199,-23.0027577228253));
#9752=CARTESIAN_POINT('',(-3.33798144947441,14.4326256109739,-21.5170895929804));
#9753=CARTESIAN_POINT('',(-5.31396423382771,14.8318000443107,-20.8256991933608));
#9754=CARTESIAN_POINT('Origin',(-3.33798144946907,17.8967272261157,-23.5170895929734));
#9755=CARTESIAN_POINT('Origin',(-2.96337485605554,18.3603191533975,-22.7141248209378));
#9756=CARTESIAN_POINT('',(-2.96337485606221,14.0301921344702,-20.2141248209465));
#9757=CARTESIAN_POINT('Origin',(-2.96337485606088,14.8962175382557,-20.7141248209448));
#9758=CARTESIAN_POINT('',(-2.96337485604884,22.6904461723247,-25.2141248209291));
#9759=CARTESIAN_POINT('Origin',(-2.96337485605554,18.3603191533975,-22.7141248209378));
#9760=CARTESIAN_POINT('Origin',(-2.96337485605018,21.8244207685393,-24.7141248209309));
#9761=CARTESIAN_POINT('Origin',(-4.93935764041417,15.2953919715925,-20.0227344213252));
#9762=CARTESIAN_POINT('',(-4.93935764041551,14.429366567807,-19.5227344213269));
#9763=CARTESIAN_POINT('Origin',(-10.1492954188513,23.2760709506017,-22.1997929507897));
#9764=CARTESIAN_POINT('',(-10.14929541885,24.1420963543871,-22.699792950788));
#9765=CARTESIAN_POINT('Origin',(-2.3174713052338,35.5023820974534,-3.02320085518486));
#9766=CARTESIAN_POINT('',(-1.98935800045039,23.8958343294771,-23.1263312898871));
#9767=CARTESIAN_POINT('Origin',(-1.9893580004571,19.5657073105499,-20.6263312898958));
#9768=CARTESIAN_POINT('',(-1.9893580004638,15.2355802916226,-18.1263312899045));
#9769=CARTESIAN_POINT('Origin',(-2.31747130517019,11.8421280596511,-24.0039629687654));
#9770=CARTESIAN_POINT('Origin',(2.,38.7499999999996,-104.));
#9771=CARTESIAN_POINT('',(2.,38.7499999999996,-106.));
#9772=CARTESIAN_POINT('Origin',(2.,43.75,-106.));
#9773=CARTESIAN_POINT('',(1.,-20.2499980719356,-106.));
#9774=CARTESIAN_POINT('Origin',(1.,-20.2499980719356,-104.));
#9775=CARTESIAN_POINT('Origin',(2.8,-22.0499980719356,53.));
#9776=CARTESIAN_POINT('Origin',(-0.666935058103913,9.46446368208297,-35.0389358417476));
#9777=CARTESIAN_POINT('',(0.918484419198912,14.2130419405217,-35.3979625602807));
#9778=CARTESIAN_POINT('',(0.916525550748624,14.2303212131882,-35.1710256063899));
#9779=CARTESIAN_POINT('Ctrl Pts',(0.918484419198912,14.2130419405217,-35.3979625602807));
#9780=CARTESIAN_POINT('Ctrl Pts',(0.918484419198912,14.2203011086543,-35.3224610713524));
#9781=CARTESIAN_POINT('Ctrl Pts',(0.917839489744015,14.2260590509008,-35.2468152455207));
#9782=CARTESIAN_POINT('Ctrl Pts',(0.916525550748625,14.2303212131882,-35.1710256063899));
#9783=CARTESIAN_POINT('',(1.31035078168278,14.035805507527,-35.4784521926668));
#9784=CARTESIAN_POINT('',(1.31035078168278,14.035805507527,-35.4784521926668));
#9785=CARTESIAN_POINT('',(1.20414778839422,11.7760245951336,-31.0195160917343));
#9786=CARTESIAN_POINT('Origin',(-0.666935058103913,9.46446368208297,-35.0389358417476));
#9787=CARTESIAN_POINT('',(0.927341339131189,11.9012208160757,-30.9626598481872));
#9788=CARTESIAN_POINT('',(1.20414778839422,11.7760245951336,-31.0195160917343));
#9789=CARTESIAN_POINT('',(0.92480009301027,12.1309767648264,-31.101986728782));
#9790=CARTESIAN_POINT('Ctrl Pts',(0.924800093010276,12.1309767648264,-31.101986728782));
#9791=CARTESIAN_POINT('Ctrl Pts',(0.926509313123933,12.0554263088347,-31.0537449854769));
#9792=CARTESIAN_POINT('Ctrl Pts',(0.927341339131189,11.9788425582595,-31.0072999694969));
#9793=CARTESIAN_POINT('Ctrl Pts',(0.927341339131189,11.9012208160757,-30.9626598481872));
#9794=CARTESIAN_POINT('Ctrl Pts',(0.916525550748624,14.2303212131882,-35.1710256063899));
#9795=CARTESIAN_POINT('Ctrl Pts',(0.900274415591976,14.2830367316676,-34.233639872875));
#9796=CARTESIAN_POINT('Ctrl Pts',(0.886460696460383,13.8828100295611,-32.655334855913));
#9797=CARTESIAN_POINT('Ctrl Pts',(0.911147294409386,12.734453842833,-31.4873290262654));
#9798=CARTESIAN_POINT('Ctrl Pts',(0.92480009301027,12.1309767648264,-31.101986728782));
#9799=CARTESIAN_POINT('Origin',(1.31035078168278,14.035805507527,-35.4784521926668));
#9800=CARTESIAN_POINT('',(0.143472271799956,14.0015703328782,-41.0840526099509));
#9801=CARTESIAN_POINT('',(0.595104991523312,14.0148208340279,-38.9144415144525));
#9802=CARTESIAN_POINT('',(0.918193461202529,14.2176487453679,-35.3513568481011));
#9803=CARTESIAN_POINT('Ctrl Pts',(0.91819378234922,14.2176486704788,-35.3513568409008));
#9804=CARTESIAN_POINT('Ctrl Pts',(0.918383099690456,14.2160782526213,-35.3668894586071));
#9805=CARTESIAN_POINT('Ctrl Pts',(0.918483694958763,14.214537501328,-35.3824189600906));
#9806=CARTESIAN_POINT('Ctrl Pts',(0.918484419201353,14.213041940518,-35.3979625602803));
#9807=CARTESIAN_POINT('Origin',(-0.752118566526506,14.4066352754305,-40.9000976083316));
#9808=CARTESIAN_POINT('Origin',(-2.17332091349226,0.702337575781445,-23.0788112599312));
#9809=CARTESIAN_POINT('',(0.165092276080171,8.36927932087791,-28.5766116993012));
#9810=CARTESIAN_POINT('',(-2.3262199119919,0.201028517310619,-22.7193332237659));
#9811=CARTESIAN_POINT('',(0.919593546770635,12.1162987312049,-31.0827440818598));
#9812=CARTESIAN_POINT('Origin',(-0.730498562246294,8.77434426343026,-28.3926566976819));
#9813=CARTESIAN_POINT('Ctrl Pts',(0.927341339131191,11.9012208160757,-30.9626598481872));
#9814=CARTESIAN_POINT('Ctrl Pts',(0.927341339131191,11.9081960369175,-30.9666712848772));
#9815=CARTESIAN_POINT('Ctrl Pts',(0.927316443579063,11.9151716851312,-30.9706713782025));
#9816=CARTESIAN_POINT('Ctrl Pts',(0.92681047526187,11.9862039527918,-31.0112863711625));
#9817=CARTESIAN_POINT('Ctrl Pts',(0.924261498526346,12.0508026707536,-31.0472503992607));
#9818=CARTESIAN_POINT('Ctrl Pts',(0.919593546770635,12.1162987312049,-31.0827440818598));
#9819=CARTESIAN_POINT('Origin',(-4.40174257512442,-3.79740447790372,-24.0196176451168));
#9820=CARTESIAN_POINT('',(1.77851895888482,-6.79181302691363,-25.3899770187345));
#9821=CARTESIAN_POINT('',(-2.93181742874085,-15.2163659285652,-29.771716344925));
#9822=CARTESIAN_POINT('',(1.86739323034944,-6.63285919858064,-25.3073026918253));
#9823=CARTESIAN_POINT('',(-4.49061684658904,-3.95635830623672,-24.102291972026));
#9824=CARTESIAN_POINT('',(-4.49061684658904,-3.95635830623672,-24.102291972026));
#9825=CARTESIAN_POINT('',(-4.49061684658904,-3.95635830623672,-24.102291972026));
#9826=CARTESIAN_POINT('',(-5.05052475681625,-4.95776742473492,-24.6231402315544));
#9827=CARTESIAN_POINT('',(-4.40174257512442,-3.79740447790372,-24.0196176451168));
#9828=CARTESIAN_POINT('',(-1.46816143940261,-6.57802726512173,-25.3589602582449));
#9829=CARTESIAN_POINT('',(-3.25934309810942,-5.76789734492833,-24.9910502448996));
#9830=CARTESIAN_POINT('',(-0.791332231357256,-8.37777841776465,-26.2549502200732));
#9831=CARTESIAN_POINT('Origin',(-2.13471847538737,-7.7701809776196,-25.9790177100643));
#9832=CARTESIAN_POINT('',(-3.04873872655897,-12.4152056574241,-28.3548781235683));
#9833=CARTESIAN_POINT('',(-1.26236587011981,-9.22023370792981,-26.6931241526923));
#9834=CARTESIAN_POINT('',(-5.05868200657384,-12.9997619297769,-28.6990030653788));
#9835=CARTESIAN_POINT('Origin',(-4.39212497058908,-11.807608217279,-28.0789456135594));
#9836=CARTESIAN_POINT('',(-8.64104532398748,-11.3795020893901,-27.9631830386882));
#9837=CARTESIAN_POINT('',(-8.64104532398748,-11.3795020893901,-27.9631830386882));
#9838=CARTESIAN_POINT('',(-9.20095323421471,-12.3809112078883,-28.4840312982165));
#9839=CARTESIAN_POINT('',(-4.40174257512442,-3.79740447790372,-24.0196176451168));
#9840=CARTESIAN_POINT('',(-9.20095323421471,-12.3809112078883,-28.4840312982165));
#9841=CARTESIAN_POINT('Origin',(-2.93181742874083,-15.2163659285652,-29.771716344925));
#9842=CARTESIAN_POINT('',(1.56611293994127,-11.3113748370735,-16.4721048102275));
#9843=CARTESIAN_POINT('',(1.65498721140589,-11.1524210087405,-16.3894304833183));
#9844=CARTESIAN_POINT('',(1.77851895888482,-6.79181302691363,-25.3899770187345));
#9845=CARTESIAN_POINT('',(-3.02493982058433,-15.4657109931014,-29.6760332276641));
#9846=CARTESIAN_POINT('Origin',(-2.93606554911969,-15.3067571647684,-29.5933589007548));
#9847=CARTESIAN_POINT('',(-3.05027995452713,-16.0048967572424,-28.6121270475459));
#9848=CARTESIAN_POINT('',(-3.05467666323642,-16.0984496465238,-28.4275311184731));
#9849=CARTESIAN_POINT('',(-3.14832723259762,-16.2629453337255,-28.521255950556));
#9850=CARTESIAN_POINT('Ctrl Pts',(-3.14832723259134,-16.2629453336577,-28.5212559506747));
#9851=CARTESIAN_POINT('Ctrl Pts',(-3.14243489363872,-16.2527125576094,-28.5151012624809));
#9852=CARTESIAN_POINT('Ctrl Pts',(-3.13651493735558,-16.2418474963316,-28.5102043968796));
#9853=CARTESIAN_POINT('Ctrl Pts',(-3.13065036376978,-16.23054522534,-28.506539890077));
#9854=CARTESIAN_POINT('Ctrl Pts',(-3.12504876458877,-16.2197497615261,-28.5030397040866));
#9855=CARTESIAN_POINT('Ctrl Pts',(-3.11949707844232,-16.2085539548618,-28.5006640676287));
#9856=CARTESIAN_POINT('Ctrl Pts',(-3.11406951061296,-16.1971129990815,-28.4994325182343));
#9857=CARTESIAN_POINT('Ctrl Pts',(-3.10836878204731,-16.1850962384466,-28.4981389869449));
#9858=CARTESIAN_POINT('Ctrl Pts',(-3.1028604223251,-16.172926088355,-28.4981197697959));
#9859=CARTESIAN_POINT('Ctrl Pts',(-3.09762721171667,-16.1607864415517,-28.4993729573179));
#9860=CARTESIAN_POINT('Ctrl Pts',(-3.09265980945043,-16.1492633989009,-28.5005624921948));
#9861=CARTESIAN_POINT('Ctrl Pts',(-3.08793977166849,-16.1377665077483,-28.5028987439339));
#9862=CARTESIAN_POINT('Ctrl Pts',(-3.08354706639967,-16.1264540380529,-28.5064225324007));
#9863=CARTESIAN_POINT('Ctrl Pts',(-3.08275019700896,-16.1244018719544,-28.5070617738241));
#9864=CARTESIAN_POINT('Ctrl Pts',(-3.08196546412583,-16.1223592237598,-28.5077391440033));
#9865=CARTESIAN_POINT('Ctrl Pts',(-3.08119328010158,-16.1203270020351,-28.5084546498408));
#9866=CARTESIAN_POINT('Ctrl Pts',(-3.0767136147697,-16.1085374895345,-28.5126055084372));
#9867=CARTESIAN_POINT('Ctrl Pts',(-3.07265500856559,-16.0970980107283,-28.5180355402036));
#9868=CARTESIAN_POINT('Ctrl Pts',(-3.06904773376635,-16.0861460491844,-28.5245893908348));
#9869=CARTESIAN_POINT('Ctrl Pts',(-3.06623572206438,-16.0776085670864,-28.5296983735694));
#9870=CARTESIAN_POINT('Ctrl Pts',(-3.06369818670103,-16.0693671927106,-28.5354916303086));
#9871=CARTESIAN_POINT('Ctrl Pts',(-3.06145723481958,-16.0614958439141,-28.5419140248576));
#9872=CARTESIAN_POINT('Ctrl Pts',(-3.05857861514933,-16.0513846854976,-28.5501639259071));
#9873=CARTESIAN_POINT('Ctrl Pts',(-3.05621088153159,-16.0419610990022,-28.5593870734802));
#9874=CARTESIAN_POINT('Ctrl Pts',(-3.05439603100696,-16.0333765648227,-28.5694543749462));
#9875=CARTESIAN_POINT('Ctrl Pts',(-3.05413365813252,-16.0321354990281,-28.5709098043536));
#9876=CARTESIAN_POINT('Ctrl Pts',(-3.05388287745101,-16.030912023252,-28.5723829378812));
#9877=CARTESIAN_POINT('Ctrl Pts',(-3.0536438545228,-16.0297066547082,-28.5738734426711));
#9878=CARTESIAN_POINT('Ctrl Pts',(-3.05200914042985,-16.0214629562462,-28.5840672312079));
#9879=CARTESIAN_POINT('Ctrl Pts',(-3.05093182460934,-16.0141098987874,-28.595013558755));
#9880=CARTESIAN_POINT('Ctrl Pts',(-3.05045850558,-16.007802927509,-28.6065970047602));
#9881=CARTESIAN_POINT('Ctrl Pts',(-3.0503838281317,-16.0068078512658,-28.608424571658));
#9882=CARTESIAN_POINT('Ctrl Pts',(-3.05032423210972,-16.0058388928386,-28.6102680520939));
#9883=CARTESIAN_POINT('Ctrl Pts',(-3.05027995452713,-16.0048967572424,-28.6121270475459));
#9884=CARTESIAN_POINT('',(-1.,-12.4206090478025,-26.5227978477911));
#9885=CARTESIAN_POINT('',(-3.1483272325976,-16.2629453337254,-28.521255950556));
#9886=CARTESIAN_POINT('Origin',(-1.,-12.8346922976341,-25.61099545598));
#9887=CARTESIAN_POINT('Origin',(-4.61414859406798,-8.31696628806356,-15.1017454366098));
#9888=CARTESIAN_POINT('',(-4.7030228655326,-8.47592011639655,-15.1844197635191));
#9889=CARTESIAN_POINT('Origin',(1.77851895888482,-6.79181302691363,-25.3899770187345));
#9890=CARTESIAN_POINT('Ctrl Pts',(-1.15326433385478E-26,12.819181200929,
-29.905313741754));
#9891=CARTESIAN_POINT('Ctrl Pts',(-1.12818339625828E-26,12.7415594587452,
-29.8606736204444));
#9892=CARTESIAN_POINT('Ctrl Pts',(-1.10310245866178E-26,12.6639377165614,
-29.8160334991347));
#9893=CARTESIAN_POINT('Ctrl Pts',(-1.07802152106529E-26,12.5863159743776,
-29.7713933778251));
#9894=CARTESIAN_POINT('Ctrl Pts',(0.308266697670092,12.5897797222281,-30.30420473743));
#9895=CARTESIAN_POINT('Ctrl Pts',(0.308836437707978,12.512848408775,-30.2583640754552));
#9896=CARTESIAN_POINT('Ctrl Pts',(0.309113779710396,12.4355726637941,-30.2131223225888));
#9897=CARTESIAN_POINT('Ctrl Pts',(0.309113779710396,12.3579509216103,-30.1684822012791));
#9898=CARTESIAN_POINT('Ctrl Pts',(0.616533395340184,12.3603782435273,-30.703095733106));
#9899=CARTESIAN_POINT('Ctrl Pts',(0.617672875415955,12.2841373588049,-30.656054530466));
#9900=CARTESIAN_POINT('Ctrl Pts',(0.618227559420793,12.2072076110268,-30.6102111460428));
#9901=CARTESIAN_POINT('Ctrl Pts',(0.618227559420793,12.129585868843,-30.5655710247332));
#9902=CARTESIAN_POINT('Ctrl Pts',(0.924800093010276,12.1309767648264,-31.101986728782));
#9903=CARTESIAN_POINT('Ctrl Pts',(0.926509313123933,12.0554263088347,-31.0537449854769));
#9904=CARTESIAN_POINT('Ctrl Pts',(0.927341339131189,11.9788425582595,-31.0072999694969));
#9905=CARTESIAN_POINT('Ctrl Pts',(0.927341339131189,11.9012208160757,-30.9626598481872));
#9906=CARTESIAN_POINT('',(0.822036217401763,11.9790174439159,-30.8273844588778));
#9907=CARTESIAN_POINT('Ctrl Pts',(0.919593546770654,12.1162987312049,-31.0827440818598));
#9908=CARTESIAN_POINT('Ctrl Pts',(0.889888658911452,12.0751266557963,-31.0020037547863));
#9909=CARTESIAN_POINT('Ctrl Pts',(0.858776755490486,12.0316027851309,-30.9207093277002));
#9910=CARTESIAN_POINT('Ctrl Pts',(0.825017636935064,11.9832905985702,-30.8349445165642));
#9911=CARTESIAN_POINT('Ctrl Pts',(0.823527385664295,11.9811557773911,-30.8311633199311));
#9912=CARTESIAN_POINT('Ctrl Pts',(0.822036217401763,11.9790174439159,-30.8273844588778));
#9913=CARTESIAN_POINT('',(-4.39373994982367E-26,12.5863159743776,-29.7713933778251));
#9914=CARTESIAN_POINT('',(0.92480009301027,12.1309767648264,-31.101986728782));
#9915=CARTESIAN_POINT('Origin',(0.463670669565593,-1.35419812000951,-22.5468610546596));
#9916=CARTESIAN_POINT('',(-0.817671691850573,5.34914758868839,-24.2115248178438));
#9917=CARTESIAN_POINT('Ctrl Pts',(-2.05950853132372E-26,15.6238711444711,
-35.3050098945944));
#9918=CARTESIAN_POINT('Ctrl Pts',(-2.0976865389663E-26,15.7420263551734,
-34.0760957587548));
#9919=CARTESIAN_POINT('Ctrl Pts',(-1.93297839695296E-26,15.2322793456868,
-31.889720948145));
#9920=CARTESIAN_POINT('Ctrl Pts',(-1.4138458843155E-26,13.625642037965,
-30.3691078873623));
#9921=CARTESIAN_POINT('Ctrl Pts',(-1.15326433385478E-26,12.819181200929,
-29.905313741754));
#9922=CARTESIAN_POINT('Ctrl Pts',(0.305508516916208,15.1593545007101,-35.2603484651929));
#9923=CARTESIAN_POINT('Ctrl Pts',(0.300091471863992,15.2556964806714,-34.1286104634615));
#9924=CARTESIAN_POINT('Ctrl Pts',(0.295486898820128,14.7824562403116,-32.1449255840677));
#9925=CARTESIAN_POINT('Ctrl Pts',(0.303715764803129,13.3285793062543,-30.7418482669967));
#9926=CARTESIAN_POINT('Ctrl Pts',(0.30826669767009,12.5897797222281,-30.30420473743));
#9927=CARTESIAN_POINT('Ctrl Pts',(0.611017033832416,14.6948378569492,-35.2156870357914));
#9928=CARTESIAN_POINT('Ctrl Pts',(0.600182943727984,14.7693666061695,-34.1811251681683));
#9929=CARTESIAN_POINT('Ctrl Pts',(0.590973797640255,14.3326331349364,-32.4001302199903));
#9930=CARTESIAN_POINT('Ctrl Pts',(0.607431529606257,13.0315165745436,-31.114588646631));
#9931=CARTESIAN_POINT('Ctrl Pts',(0.61653339534018,12.3603782435273,-30.703095733106));
#9932=CARTESIAN_POINT('Ctrl Pts',(0.916525550748624,14.2303212131882,-35.1710256063899));
#9933=CARTESIAN_POINT('Ctrl Pts',(0.900274415591976,14.2830367316676,-34.233639872875));
#9934=CARTESIAN_POINT('Ctrl Pts',(0.886460696460383,13.8828100295611,-32.655334855913));
#9935=CARTESIAN_POINT('Ctrl Pts',(0.911147294409386,12.734453842833,-31.4873290262654));
#9936=CARTESIAN_POINT('Ctrl Pts',(0.92480009301027,12.1309767648264,-31.101986728782));
#9937=CARTESIAN_POINT('',(-2.05950853132372E-26,15.6238711444711,-35.3050098945944));
#9938=CARTESIAN_POINT('Origin',(-6.8095948534007,-6.58926365316169,-37.2052663388592));
#9939=CARTESIAN_POINT('',(-3.01131702773638,4.60912505072098,-43.3718399266219));
#9940=CARTESIAN_POINT('',(0.645471801241023,6.47874739626452,-29.6855147492866));
#9941=CARTESIAN_POINT('',(0.645471801241033,6.47874739626463,-29.6855147492866));
#9942=CARTESIAN_POINT('',(-6.11019062375435,-0.104585752706026,-48.0793154723274));
#9943=CARTESIAN_POINT('Origin',(-5.26752345287308,-1.00111445222339,-42.0026265441307));
#9944=CARTESIAN_POINT('',(-11.1224744169168,-9.06917904258627,-52.7419380969502));
#9945=CARTESIAN_POINT('',(-11.1224744169168,-9.06917904258627,-52.7419380969502));
#9946=CARTESIAN_POINT('',(-11.4283390841955,-15.5773480492164,-39.9002021167001));
#9947=CARTESIAN_POINT('',(-11.4283390841955,-15.5773480492164,-39.9002021167001));
#9948=CARTESIAN_POINT('',(-10.939684283057,-14.7033768751721,-39.4456362889377));
#9949=CARTESIAN_POINT('',(-10.939684283057,-14.7033768751721,-39.4456362889377));
#9950=CARTESIAN_POINT('',(-8.58646510281735,-10.4945862832324,-37.2565796745756));
#9951=CARTESIAN_POINT('',(-8.8932996060476,-11.0433673663215,-37.5420091426214));
#9952=CARTESIAN_POINT('',(-4.9302258857686,-3.95531219103809,-33.8554028063185));
#9953=CARTESIAN_POINT('',(-7.88880207182002,-9.246798730818,-36.6075862083381));
#9954=CARTESIAN_POINT('',(-2.1369333329055,-0.194834919540021,-28.5366586426296));
#9955=CARTESIAN_POINT('',(-2.1369333329055,-0.194834919540021,-28.5366586426296));
#9956=CARTESIAN_POINT('',(-0.689303609404952,2.76788428949867,-28.0126709120264));
#9957=CARTESIAN_POINT('Origin',(-1.60734800488692,1.7158783297281,-30.165704942363));
#9958=CARTESIAN_POINT('',(-0.204660931122369,4.26561016521093,-28.9511326425366));
#9959=CARTESIAN_POINT('',(-0.204660931122369,4.26561016521093,-28.9511326425366));
#9960=CARTESIAN_POINT('',(0.115098249184349,4.6993551629256,-28.349471990322));
#9961=CARTESIAN_POINT('',(0.115098249216299,4.69935516296896,-28.3494719902619));
#9962=CARTESIAN_POINT('',(0.362962498476865,5.2666601725009,-28.3919303752097));
#9963=CARTESIAN_POINT('Origin',(0.138432548568154,4.98927286674367,-28.8742607434907));
#9964=CARTESIAN_POINT('',(0.651659193897524,6.2132082985403,-29.070679860091));
#9965=CARTESIAN_POINT('',(-0.225542591502216,3.33713205901616,-27.0083068942026));
#9966=CARTESIAN_POINT('Origin',(0.427129243960355,5.93582099273043,-29.5530102283946));
#9967=CARTESIAN_POINT('Origin',(-12.1935114441518,-14.1362859310367,-39.188099279596));
#9968=CARTESIAN_POINT('',(-12.1935114441518,-14.1362859310367,-39.188099279596));
#9969=CARTESIAN_POINT('',(-12.6821662452902,-15.010257105081,-39.6426651073584));
#9970=CARTESIAN_POINT('',(-9.65053373033232,-9.58810751769153,-36.8225218478989));
#9971=CARTESIAN_POINT('',(-12.1935114441518,-14.1362859310367,-39.188099279596));
#9972=CARTESIAN_POINT('',(-12.6821662452902,-15.010257105081,-39.6426651073584));
#9973=CARTESIAN_POINT('Origin',(-12.6821662452902,-15.010257105081,-39.6426651073584));
#9974=CARTESIAN_POINT('',(-12.3763015780116,-8.50208809845089,-52.4844010876085));
#9975=CARTESIAN_POINT('',(-12.6076098455755,-13.4238507568534,-42.772917481041));
#9976=CARTESIAN_POINT('',(-12.3763015780116,-8.50208809845089,-52.4844010876085));
#9977=CARTESIAN_POINT('Origin',(-12.3763015780116,-8.50208809845089,-52.4844010876085));
#9978=CARTESIAN_POINT('',(-7.36401778484913,0.462505191429354,-47.8217784629857));
#9979=CARTESIAN_POINT('',(-9.58899646362282,-3.51692409808352,-49.8915407420302));
#9980=CARTESIAN_POINT('',(-7.36401778484913,0.462505191429354,-47.8217784629857));
#9981=CARTESIAN_POINT('Origin',(-6.52135061396786,-0.434023508088011,-41.745089534789));
#9982=CARTESIAN_POINT('',(-4.26514418883116,5.17621599485636,-43.1143029172802));
#9983=CARTESIAN_POINT('Origin',(-6.52135061396786,-0.434023508088011,-41.745089534789));
#9984=CARTESIAN_POINT('',(-4.26514418883116,5.17621599485636,-43.1143029172802));
#9985=CARTESIAN_POINT('Origin',(-1.45848809221715,4.83270110934631,-28.6935956331949));
#9986=CARTESIAN_POINT('',(-1.45848809221715,4.83270110934631,-28.6935956331949));
#9987=CARTESIAN_POINT('',(-1.94313077049973,3.33497523363405,-27.7551339026846));
#9988=CARTESIAN_POINT('',(-1.56065210215989,4.51697637416622,-28.4957653184847));
#9989=CARTESIAN_POINT('',(-1.45848809221715,4.83270110934631,-28.6935956331949));
#9990=CARTESIAN_POINT('',(-1.94313077049973,3.33497523363405,-27.7551339026846));
#9991=CARTESIAN_POINT('Origin',(-2.8611751659817,2.28296927386348,-29.9081679330213));
#9992=CARTESIAN_POINT('',(-3.39076049400028,0.372256024595359,-28.2791216332879));
#9993=CARTESIAN_POINT('Origin',(-2.8611751659817,2.28296927386348,-29.9081679330213));
#9994=CARTESIAN_POINT('',(-3.39076049400028,0.372256024595359,-28.2791216332879));
#9995=CARTESIAN_POINT('Origin',(-3.39076049400028,0.372256024595359,-28.2791216332879));
#9996=CARTESIAN_POINT('',(-6.18405304686338,-3.38822124690271,-33.5978657969768));
#9997=CARTESIAN_POINT('',(-5.74135282931399,-2.7922349423263,-32.7549146367265));
#9998=CARTESIAN_POINT('',(-6.18405304686338,-3.38822124690271,-33.5978657969768));
#9999=CARTESIAN_POINT('Origin',(-6.18405304686338,-3.38822124690271,-33.5978657969768));
#10000=CARTESIAN_POINT('',(-9.84029226391213,-9.927495339097,-36.9990426652339));
#10001=CARTESIAN_POINT('',(-6.64580453168808,-4.21407517562454,-34.0274051065893));
#10002=CARTESIAN_POINT('',(-9.84029226391213,-9.927495339097,-36.9990426652339));
#10003=CARTESIAN_POINT('Origin',(-12.0938159151039,-14.0555143987435,-38.88058558339));
#10004=CARTESIAN_POINT('',(-12.0938159151039,-14.0555143987435,-38.88058558339));
#10005=CARTESIAN_POINT('',(-11.6755642632672,-13.7166544004498,-37.5904764618588));
#10006=CARTESIAN_POINT('',(-10.8399887540092,-14.6226053428789,-39.1381225927317));
#10007=CARTESIAN_POINT('',(-12.0938159151039,-14.0555143987435,-38.88058558339));
#10008=CARTESIAN_POINT('',(-8.99377853531404,-14.7097581421053,-37.5684372045176));
#10009=CARTESIAN_POINT('Origin',(-10.2476056964088,-14.1426671979699,-37.3109001951759));
#10010=CARTESIAN_POINT('',(-9.68585712196227,-15.2704678193075,-39.7031732982794));
#10011=CARTESIAN_POINT('',(-9.68585712196227,-15.2704678193075,-39.7031732982794));
#10012=CARTESIAN_POINT('',(-10.939684283057,-14.7033768751721,-39.4456362889377));
#10013=CARTESIAN_POINT('Origin',(-10.939684283057,-14.7033768751721,-39.4456362889377));
#10014=CARTESIAN_POINT('',(-7.95475784197506,-12.1743540256991,-38.0928369722821));
#10015=CARTESIAN_POINT('Origin',(-9.20858500306982,-11.6072630815638,-37.8352999629405));
#10016=CARTESIAN_POINT('',(-7.33263794172259,-11.0616772273678,-37.5141166839173));
#10017=CARTESIAN_POINT('Origin',(-8.41404799341686,-14.8207290109348,-34.5016450710615));
#10018=CARTESIAN_POINT('',(-8.16915255460525,-16.7362311340923,-29.0914694078179));
#10019=CARTESIAN_POINT('',(-8.00157616613643,-13.1705513601625,-36.1271684193642));
#10020=CARTESIAN_POINT('',(-9.14007418984723,-17.8226278079893,-31.4262103586124));
#10021=CARTESIAN_POINT('',(-9.09275214989143,-16.8157124407749,-33.4130274322088));
#10022=CARTESIAN_POINT('Origin',(-7.4933655073422,-13.9525115346341,-31.9310691327655));
#10023=CARTESIAN_POINT('Origin',(-12.2626047643766,-17.646992836821,-31.7939813735782));
#10024=CARTESIAN_POINT('',(-11.4064952433811,-17.7184731551468,-32.5768609220879));
#10025=CARTESIAN_POINT('',(-12.2201235605879,-16.743080474789,-33.5775558152796));
#10026=CARTESIAN_POINT('',(-12.0605384868094,-16.9343940138657,-33.3812794996913));
#10027=CARTESIAN_POINT('',(-10.987130952109,-17.7534877091255,-32.960353593248));
#10028=CARTESIAN_POINT('',(-12.285731721527,-17.6450618662868,-31.7728326521491));
#10029=CARTESIAN_POINT('',(-10.9686992112387,-17.3612982949709,-33.7342107112319));
#10030=CARTESIAN_POINT('',(-12.1011516484573,-14.2116036681444,-38.5725946284909));
#10031=CARTESIAN_POINT('Origin',(-10.3465793109862,-16.2486214966395,-33.1554904228671));
#10032=CARTESIAN_POINT('',(-9.25772459043014,-17.8445347686409,-31.838126294517));
#10033=CARTESIAN_POINT('Ctrl Pts',(-9.25772459043014,-17.8445347686409,
-31.838126294517));
#10034=CARTESIAN_POINT('Ctrl Pts',(-9.21480514028912,-17.8446315209051,
-31.7006647942362));
#10035=CARTESIAN_POINT('Ctrl Pts',(-9.17489197482944,-17.8373893437521,
-31.5632172739969));
#10036=CARTESIAN_POINT('Ctrl Pts',(-9.14007418984722,-17.8226278079893,
-31.4262103586124));
#10037=CARTESIAN_POINT('Origin',(-10.4165167741867,-17.7367464064344,-30.2191642184076));
#10038=CARTESIAN_POINT('Origin',(-9.2554033272312,-12.6034604160271,-35.8696314100225));
#10039=CARTESIAN_POINT('',(-8.80500614767868,-15.1446887860723,-28.0811282439604));
#10040=CARTESIAN_POINT('',(-8.16935621021415,-15.7215430008753,-28.3583370162759));
#10041=CARTESIAN_POINT('Origin',(-9.42712604793106,-16.2573655844016,-28.6598485323293));
#10042=CARTESIAN_POINT('',(-8.63328342697878,-11.4907836176958,-35.2909111216578));
#10043=CARTESIAN_POINT('Ctrl Pts',(-8.16915255460523,-16.7362311340923,
-29.0914694078179));
#10044=CARTESIAN_POINT('Ctrl Pts',(-8.16882744072309,-16.7357415536921,
-29.0909646259818));
#10045=CARTESIAN_POINT('Ctrl Pts',(-8.16850284042732,-16.7352516569085,
-29.0904598321585));
#10046=CARTESIAN_POINT('Ctrl Pts',(-8.08690956781443,-16.611833751105,-28.9633681399815));
#10047=CARTESIAN_POINT('Ctrl Pts',(-8.0395238861912,-16.4676798405185,-28.8364505846455));
#10048=CARTESIAN_POINT('Ctrl Pts',(-8.01865775043636,-16.1808079693463,
-28.6208439339514));
#10049=CARTESIAN_POINT('Ctrl Pts',(-8.04183397228787,-16.0208701828525,
-28.5181386414774));
#10050=CARTESIAN_POINT('Ctrl Pts',(-8.12127189965148,-15.8168639167082,
-28.4065933184742));
#10051=CARTESIAN_POINT('Ctrl Pts',(-8.14373254471151,-15.7686114958441,
-28.3815809411376));
#10052=CARTESIAN_POINT('Ctrl Pts',(-8.16935621021414,-15.7215430008753,
-28.3583370162758));
#10053=CARTESIAN_POINT('Ctrl Pts',(-3.0494564033881,-4.0398672494157,-22.3372223192497));
#10054=CARTESIAN_POINT('Ctrl Pts',(-3.11176460416558,-4.15697940103954,
-22.3839771105698));
#10055=CARTESIAN_POINT('Ctrl Pts',(-3.17420338313173,-4.27111854176333,
-22.4363075919504));
#10056=CARTESIAN_POINT('Ctrl Pts',(-3.23645634796758,-4.38245950605674,
-22.4942177371598));
#10057=CARTESIAN_POINT('Ctrl Pts',(-3.34098682923084,-3.75704999030273,
-22.5675880513894));
#10058=CARTESIAN_POINT('Ctrl Pts',(-3.40327661802775,-3.87223841281617,
-22.6180612940062));
#10059=CARTESIAN_POINT('Ctrl Pts',(-3.46565345895051,-3.98544482806301,
-22.6722516633302));
#10060=CARTESIAN_POINT('Ctrl Pts',(-3.52790642378633,-4.09678579235617,
-22.73016180854));
#10061=CARTESIAN_POINT('Ctrl Pts',(-3.63251725507363,-3.47423273118958,
-22.7979537835291));
#10062=CARTESIAN_POINT('Ctrl Pts',(-3.69478863188999,-3.58749742459283,
-22.8521454774428));
#10063=CARTESIAN_POINT('Ctrl Pts',(-3.75710353476929,-3.69977111436269,
-22.90819573471));
#10064=CARTESIAN_POINT('Ctrl Pts',(-3.81935649960511,-3.81111207865571,
-22.9661058799202));
#10065=CARTESIAN_POINT('Ctrl Pts',(-3.92404768091646,-3.19141547207657,
-23.0283195156688));
#10066=CARTESIAN_POINT('Ctrl Pts',(-3.98630064575229,-3.30275643636938,
-23.0862296608794));
#10067=CARTESIAN_POINT('Ctrl Pts',(-4.04855361058814,-3.41409740066233,
-23.1441398060899));
#10068=CARTESIAN_POINT('Ctrl Pts',(-4.11080657542394,-3.52543836495508,
-23.2020499513004));
#10069=CARTESIAN_POINT('',(-3.23645634796284,-4.38245950604824,-22.4942177371554));
#10070=CARTESIAN_POINT('',(-4.1108065754239,-3.52543836495446,-23.2020499513016));
#10071=CARTESIAN_POINT('',(-3.23645634796284,-4.38245950604824,-22.4942177371554));
#10072=CARTESIAN_POINT('',(-3.04945640338268,-4.03986724940721,-22.3372223192463));
#10073=CARTESIAN_POINT('Ctrl Pts',(-3.23645634796287,-4.38245950604828,
-22.4942177371554));
#10074=CARTESIAN_POINT('Ctrl Pts',(-3.18655425170825,-4.29320837508759,
-22.4477968534599));
#10075=CARTESIAN_POINT('Ctrl Pts',(-3.13653303071394,-4.20215840159762,
-22.4049635271726));
#10076=CARTESIAN_POINT('Ctrl Pts',(-3.08655492732347,-4.10922175129394,
-22.3657096868033));
#10077=CARTESIAN_POINT('Ctrl Pts',(-3.07418524682574,-4.08621974455902,
-22.3559942828416));
#10078=CARTESIAN_POINT('Ctrl Pts',(-3.06181823067245,-4.06310207522044,
-22.3464983799896));
#10079=CARTESIAN_POINT('Ctrl Pts',(-3.04945640338812,-4.03986724941573,
-22.3372223192496));
#10080=CARTESIAN_POINT('',(-3.92404768091557,-3.19141547205721,-23.0283195157071));
#10081=CARTESIAN_POINT('',(-3.92404768091557,-3.19141547205721,-23.0283195157071));
#10082=CARTESIAN_POINT('',(-3.92404768091646,-3.19141547207657,-23.0283195156688));
#10083=CARTESIAN_POINT('Ctrl Pts',(-1.48463992832943,-0.179607966613293,
-22.8921943570332));
#10084=CARTESIAN_POINT('Ctrl Pts',(-1.5004526240417,-0.23145295733249,-22.8550174192954));
#10085=CARTESIAN_POINT('Ctrl Pts',(-1.51585689700898,-0.283759904257703,
-22.8180311515953));
#10086=CARTESIAN_POINT('Ctrl Pts',(-1.53090988914352,-0.336655896303366,
-22.78112695778));
#10087=CARTESIAN_POINT('Ctrl Pts',(-1.84724228412014,-0.154126481803765,
-23.0108871176995));
#10088=CARTESIAN_POINT('Ctrl Pts',(-1.86208168796028,-0.20278034629154,
-22.9759984685615));
#10089=CARTESIAN_POINT('Ctrl Pts',(-1.87685014308999,-0.252024298851268,
-22.9415959133649));
#10090=CARTESIAN_POINT('Ctrl Pts',(-1.89158131914523,-0.301926071404868,
-22.9076229320255));
#10091=CARTESIAN_POINT('Ctrl Pts',(-2.20984463991091,-0.128644996994201,
-23.1295798783657));
#10092=CARTESIAN_POINT('Ctrl Pts',(-2.22371075187894,-0.17410773525059,
-23.0969795178275));
#10093=CARTESIAN_POINT('Ctrl Pts',(-2.23784338917094,-0.22028869344501,
-23.0651606751347));
#10094=CARTESIAN_POINT('Ctrl Pts',(-2.25225274914695,-0.267196246506352,
-23.034118906271));
#10095=CARTESIAN_POINT('Ctrl Pts',(-2.57244699570156,-0.103163512184636,
-23.248272639032));
#10096=CARTESIAN_POINT('Ctrl Pts',(-2.58533981579752,-0.145435124209659,
-23.2179605670936));
#10097=CARTESIAN_POINT('Ctrl Pts',(-2.59883663525196,-0.188553088038681,
-23.1887254369044));
#10098=CARTESIAN_POINT('Ctrl Pts',(-2.61292417914866,-0.232466421607889,
-23.1606148805164));
#10099=CARTESIAN_POINT('',(-1.53090988914352,-0.336655896303366,-22.78112695778));
#10100=CARTESIAN_POINT('',(-2.61292417914866,-0.232466421607889,-23.1606148805164));
#10101=CARTESIAN_POINT('',(-1.53090988914352,-0.336655896303366,-22.78112695778));
#10102=CARTESIAN_POINT('',(-1.48463992832943,-0.179607966613293,-22.8921943570332));
#10103=CARTESIAN_POINT('Ctrl Pts',(-1.53090988914352,-0.336655896303366,
-22.78112695778));
#10104=CARTESIAN_POINT('Ctrl Pts',(-1.51585689700898,-0.283759904257703,
-22.8180311515953));
#10105=CARTESIAN_POINT('Ctrl Pts',(-1.5004526240417,-0.23145295733249,-22.8550174192954));
#10106=CARTESIAN_POINT('Ctrl Pts',(-1.48463992832943,-0.179607966613293,
-22.8921943570332));
#10107=CARTESIAN_POINT('',(-2.57244699570156,-0.103163512184636,-23.248272639032));
#10108=CARTESIAN_POINT('',(-2.57244699570156,-0.103163512184636,-23.248272639032));
#10109=CARTESIAN_POINT('Origin',(-3.66803685800205,-1.45656613205528,-25.6020234992767));
#10110=CARTESIAN_POINT('Ctrl Pts',(-1.53090988914352,-0.336655896303366,
-22.78112695778));
#10111=CARTESIAN_POINT('Ctrl Pts',(-1.65611447751417,-0.776622970714769,
-22.474173074159));
#10112=CARTESIAN_POINT('Ctrl Pts',(-2.05606918689568,-1.96724298690956,
-21.9539534515987));
#10113=CARTESIAN_POINT('Ctrl Pts',(-2.67284578413139,-3.33200408863339,
-22.0546214626656));
#10114=CARTESIAN_POINT('Ctrl Pts',(-3.04945640338268,-4.03986724940721,
-22.3372223192463));
#10115=CARTESIAN_POINT('Ctrl Pts',(-1.89158131914523,-0.301926071404868,
-22.9076229320255));
#10116=CARTESIAN_POINT('Ctrl Pts',(-2.01410917392201,-0.716988461374761,
-22.6250496664357));
#10117=CARTESIAN_POINT('Ctrl Pts',(-2.40434138037067,-1.83898496919603,
-22.1571673116278));
#10118=CARTESIAN_POINT('Ctrl Pts',(-2.99074058301642,-3.10776875208882,
-22.286933338019));
#10119=CARTESIAN_POINT('Ctrl Pts',(-3.34098682922699,-3.75704999029061,
-22.5675880513999));
#10120=CARTESIAN_POINT('Ctrl Pts',(-2.25225274914695,-0.267196246506352,
-23.034118906271));
#10121=CARTESIAN_POINT('Ctrl Pts',(-2.37210387032985,-0.657353952034789,
-22.7759262587124));
#10122=CARTESIAN_POINT('Ctrl Pts',(-2.75261357384561,-1.7107269514824,-22.3603811716568));
#10123=CARTESIAN_POINT('Ctrl Pts',(-3.30863538190147,-2.8835334155443,-22.5192452133725));
#10124=CARTESIAN_POINT('Ctrl Pts',(-3.63251725507126,-3.474232731174,-22.7979537835535));
#10125=CARTESIAN_POINT('Ctrl Pts',(-2.61292417914866,-0.232466421607889,
-23.1606148805164));
#10126=CARTESIAN_POINT('Ctrl Pts',(-2.73009856673781,-0.597719442694764,
-22.9268028509892));
#10127=CARTESIAN_POINT('Ctrl Pts',(-3.1008857673207,-1.5824689337688,-22.5635950316859));
#10128=CARTESIAN_POINT('Ctrl Pts',(-3.62653018078662,-2.65929807899973,
-22.7515570887259));
#10129=CARTESIAN_POINT('Ctrl Pts',(-3.92404768091557,-3.19141547205721,
-23.0283195157071));
#10130=CARTESIAN_POINT('Ctrl Pts',(-2.61292417914866,-0.232466421607889,
-23.1606148805164));
#10131=CARTESIAN_POINT('Ctrl Pts',(-2.73009856673781,-0.597719442694764,
-22.9268028509892));
#10132=CARTESIAN_POINT('Ctrl Pts',(-3.1008857673207,-1.5824689337688,-22.5635950316859));
#10133=CARTESIAN_POINT('Ctrl Pts',(-3.62653018078662,-2.65929807899973,
-22.7515570887259));
#10134=CARTESIAN_POINT('Ctrl Pts',(-3.92404768091557,-3.19141547205721,
-23.0283195157071));
#10135=CARTESIAN_POINT('Ctrl Pts',(-3.04945640338268,-4.03986724940721,
-22.3372223192463));
#10136=CARTESIAN_POINT('Ctrl Pts',(-2.67284578413139,-3.33200408863339,
-22.0546214626656));
#10137=CARTESIAN_POINT('Ctrl Pts',(-2.05606918689568,-1.96724298690956,
-21.9539534515987));
#10138=CARTESIAN_POINT('Ctrl Pts',(-1.65611447751417,-0.776622970714769,
-22.474173074159));
#10139=CARTESIAN_POINT('Ctrl Pts',(-1.53090988914352,-0.336655896303366,
-22.78112695778));
#10140=CARTESIAN_POINT('Ctrl Pts',(-0.581969023378761,13.5730419361991,
-48.7754383832232));
#10141=CARTESIAN_POINT('Ctrl Pts',(-0.56731329695535,13.5747482799156,-48.7112656083408));
#10142=CARTESIAN_POINT('Ctrl Pts',(-0.553281496967415,13.575800457273,-48.6469589598669));
#10143=CARTESIAN_POINT('Ctrl Pts',(-0.53986761966522,13.5761940082728,-48.5825196603211));
#10144=CARTESIAN_POINT('Ctrl Pts',(-0.94861008463047,13.500054539631,-48.6986715265482));
#10145=CARTESIAN_POINT('Ctrl Pts',(-0.934368307914175,13.5013232857753,
-48.6344099101114));
#10146=CARTESIAN_POINT('Ctrl Pts',(-0.920542482154758,13.5021559210134,
-48.5700590446135));
#10147=CARTESIAN_POINT('Ctrl Pts',(-0.907128604852527,13.5025494720132,
-48.5056197450677));
#10148=CARTESIAN_POINT('Ctrl Pts',(-1.3152511458822,13.427067143063,-48.6219046698733));
#10149=CARTESIAN_POINT('Ctrl Pts',(-1.30142331887289,13.4278982916349,-48.557554211882));
#10150=CARTESIAN_POINT('Ctrl Pts',(-1.28780346734215,13.4285113847539,-48.4931591293602));
#10151=CARTESIAN_POINT('Ctrl Pts',(-1.27438959003996,13.4289049357537,-48.4287198298144));
#10152=CARTESIAN_POINT('Ctrl Pts',(-1.68189220713389,13.3540797464949,-48.5451378131983));
#10153=CARTESIAN_POINT('Ctrl Pts',(-1.66847832983171,13.3544732974946,-48.4806985136526));
#10154=CARTESIAN_POINT('Ctrl Pts',(-1.65506445252948,13.3548668484944,-48.4162592141068));
#10155=CARTESIAN_POINT('Ctrl Pts',(-1.64165057522728,13.3552603994941,-48.351819914561));
#10156=CARTESIAN_POINT('',(-0.53986761966522,13.5761940082728,-48.5825196603211));
#10157=CARTESIAN_POINT('',(-1.64165057522728,13.3552603994941,-48.351819914561));
#10158=CARTESIAN_POINT('',(-0.53986761966522,13.5761940082728,-48.5825196603211));
#10159=CARTESIAN_POINT('',(-0.581969023378761,13.5730419361991,-48.7754383832232));
#10160=CARTESIAN_POINT('Origin',(-5.37919903313203,8.46040157237214,-47.5439064023672));
#10161=CARTESIAN_POINT('',(-1.68189220713389,13.3540797464949,-48.5451378131983));
#10162=CARTESIAN_POINT('',(-1.68189220713389,13.3540797464949,-48.5451378131983));
#10163=CARTESIAN_POINT('',(-1.68189220713389,13.3540797464949,-48.5451378131983));
#10164=CARTESIAN_POINT('Origin',(-0.444684148606544,13.4846824571843,-45.363472309123));
#10165=CARTESIAN_POINT('',(0.10620732917447,13.5951492615736,-45.478822182003));
#10166=CARTESIAN_POINT('',(-0.995575626387613,13.3742156527949,-45.248122436243));
#10167=CARTESIAN_POINT('Ctrl Pts',(-2.94904701009061,10.5998615390432,-53.7578665707938));
#10168=CARTESIAN_POINT('Ctrl Pts',(-2.91979768425149,10.652174680312,-53.7306577027328));
#10169=CARTESIAN_POINT('Ctrl Pts',(-2.89084513453823,10.7042259439822,-53.702626303526));
#10170=CARTESIAN_POINT('Ctrl Pts',(-2.86219596193011,10.7560190522271,-53.673772433609));
#10171=CARTESIAN_POINT('Ctrl Pts',(-3.23423233734953,10.627614369288,-53.5046535074317));
#10172=CARTESIAN_POINT('Ctrl Pts',(-3.20498301151041,10.6799275105569,-53.4774446393707));
#10173=CARTESIAN_POINT('Ctrl Pts',(-3.17593153642192,10.7320660667599,-53.4496874172125));
#10174=CARTESIAN_POINT('Ctrl Pts',(-3.14708231273677,10.784032519346,-53.4213818812474));
#10175=CARTESIAN_POINT('Ctrl Pts',(-3.51941766460859,10.6553671995327,-53.2514404440695));
#10176=CARTESIAN_POINT('Ctrl Pts',(-3.49016833876943,10.7076803408016,-53.2242315760085));
#10177=CARTESIAN_POINT('Ctrl Pts',(-3.46101793830549,10.7599061895376,-53.1967485308989));
#10178=CARTESIAN_POINT('Ctrl Pts',(-3.43196866354342,10.812045986465,-53.1689913288859));
#10179=CARTESIAN_POINT('Ctrl Pts',(-3.80460299186749,10.6831200297775,-52.9982273807073));
#10180=CARTESIAN_POINT('Ctrl Pts',(-3.77535366602835,10.7354331710464,-52.9710185126464));
#10181=CARTESIAN_POINT('Ctrl Pts',(-3.74610434018919,10.7877463123152,-52.9438096445853));
#10182=CARTESIAN_POINT('Ctrl Pts',(-3.71685501435003,10.8400594535841,-52.9166007765244));
#10183=CARTESIAN_POINT('',(-2.86219596193011,10.7560190522271,-53.673772433609));
#10184=CARTESIAN_POINT('',(-3.71685501435003,10.8400594535841,-52.9166007765244));
#10185=CARTESIAN_POINT('',(-2.86219596193011,10.7560190522271,-53.673772433609));
#10186=CARTESIAN_POINT('',(-2.94904701009061,10.5998615390432,-53.7578665707938));
#10187=CARTESIAN_POINT('Origin',(-5.2877684062579,8.57335619292972,-47.3474971126875));
#10188=CARTESIAN_POINT('',(-3.80460299186749,10.6831200297775,-52.9982273807073));
#10189=CARTESIAN_POINT('',(-3.80460299186749,10.6831200297775,-52.9982273807073));
#10190=CARTESIAN_POINT('',(-3.80460299186749,10.6831200297775,-52.9982273807073));
#10191=CARTESIAN_POINT('Ctrl Pts',(-2.86219596193011,10.7560190522271,-53.673772433609));
#10192=CARTESIAN_POINT('Ctrl Pts',(-2.45930928326834,11.4843735371445,-53.2680071441047));
#10193=CARTESIAN_POINT('Ctrl Pts',(-1.55203781674794,12.9254802106287,-51.9453408380393));
#10194=CARTESIAN_POINT('Ctrl Pts',(-0.85676913821839,13.5410473809174,-49.9787008758376));
#10195=CARTESIAN_POINT('Ctrl Pts',(-0.581969023378761,13.5730419361991,
-48.7754383832232));
#10196=CARTESIAN_POINT('Ctrl Pts',(-3.14708231273677,10.784032519346,-53.4213818812474));
#10197=CARTESIAN_POINT('Ctrl Pts',(-2.75554643616333,11.4894919095169,-53.0365036613347));
#10198=CARTESIAN_POINT('Ctrl Pts',(-1.87363274736494,12.8867808290374,-51.7670974268292));
#10199=CARTESIAN_POINT('Ctrl Pts',(-1.20698754707416,13.47651919976,-49.8619932638308));
#10200=CARTESIAN_POINT('Ctrl Pts',(-0.94861008463047,13.500054539631,-48.6986715265482));
#10201=CARTESIAN_POINT('Ctrl Pts',(-3.43196866354342,10.812045986465,-53.1689913288859));
#10202=CARTESIAN_POINT('Ctrl Pts',(-3.0517835890584,11.4946102818894,-52.8050001785647));
#10203=CARTESIAN_POINT('Ctrl Pts',(-2.19522767798205,12.8480814474461,-51.5888540156191));
#10204=CARTESIAN_POINT('Ctrl Pts',(-1.55720595592994,13.4119910186026,-49.745285651824));
#10205=CARTESIAN_POINT('Ctrl Pts',(-1.3152511458822,13.427067143063,-48.6219046698733));
#10206=CARTESIAN_POINT('Ctrl Pts',(-3.71685501435003,10.8400594535841,-52.9166007765244));
#10207=CARTESIAN_POINT('Ctrl Pts',(-3.34802074195348,11.4997286542619,-52.5734966957947));
#10208=CARTESIAN_POINT('Ctrl Pts',(-2.51682260859907,12.8093820658547,-51.410610604409));
#10209=CARTESIAN_POINT('Ctrl Pts',(-1.90742436478573,13.3474628374452,-49.6285780398172));
#10210=CARTESIAN_POINT('Ctrl Pts',(-1.68189220713389,13.3540797464949,-48.5451378131983));
#10211=CARTESIAN_POINT('Ctrl Pts',(-0.581969023378761,13.5730419361991,
-48.7754383832232));
#10212=CARTESIAN_POINT('Ctrl Pts',(-0.85676913821839,13.5410473809174,-49.9787008758376));
#10213=CARTESIAN_POINT('Ctrl Pts',(-1.55203781674794,12.9254802106287,-51.9453408380393));
#10214=CARTESIAN_POINT('Ctrl Pts',(-2.45930928326834,11.4843735371445,-53.2680071441047));
#10215=CARTESIAN_POINT('Ctrl Pts',(-2.86219596193011,10.7560190522271,-53.673772433609));
#10216=CARTESIAN_POINT('Ctrl Pts',(-3.71685501435003,10.8400594535841,-52.9166007765244));
#10217=CARTESIAN_POINT('Ctrl Pts',(-3.34802074195348,11.4997286542619,-52.5734966957947));
#10218=CARTESIAN_POINT('Ctrl Pts',(-2.51682260859907,12.8093820658547,-51.410610604409));
#10219=CARTESIAN_POINT('Ctrl Pts',(-1.90742436478573,13.3474628374452,-49.6285780398172));
#10220=CARTESIAN_POINT('Ctrl Pts',(-1.68189220713389,13.3540797464949,-48.5451378131983));
#10221=CARTESIAN_POINT('Ctrl Pts',(-9.22632320441929,-0.625783699372864,
-59.591574195916));
#10222=CARTESIAN_POINT('Ctrl Pts',(-9.19604008715057,-0.572582476142145,
-59.5671841169107));
#10223=CARTESIAN_POINT('Ctrl Pts',(-9.16628391558811,-0.519820135940225,
-59.5413837566523));
#10224=CARTESIAN_POINT('Ctrl Pts',(-9.13703458974899,-0.467506994671414,
-59.5141748885914));
#10225=CARTESIAN_POINT('Ctrl Pts',(-9.51099498596051,-0.597585108829719,
-59.3397702315065));
#10226=CARTESIAN_POINT('Ctrl Pts',(-9.48105646583508,-0.544679912919648,
-59.3144405561494));
#10227=CARTESIAN_POINT('Ctrl Pts',(-9.45146924284705,-0.492067305695461,
-59.2881706932902));
#10228=CARTESIAN_POINT('Ctrl Pts',(-9.42221991700791,-0.439754164426649,
-59.2609618252292));
#10229=CARTESIAN_POINT('Ctrl Pts',(-9.79566676750185,-0.569386518286557,
-59.0879662670971));
#10230=CARTESIAN_POINT('Ctrl Pts',(-9.76607284451958,-0.516777349697186,
-59.0616969953881));
#10231=CARTESIAN_POINT('Ctrl Pts',(-9.73665457010606,-0.464314475450642,
-59.034957629928));
#10232=CARTESIAN_POINT('Ctrl Pts',(-9.70740524426695,-0.412001334181866,
-59.0077487618671));
#10233=CARTESIAN_POINT('Ctrl Pts',(-10.0803385490432,-0.541187927743447,
-58.8361623026877));
#10234=CARTESIAN_POINT('Ctrl Pts',(-10.0510892232041,-0.488874786474636,
-58.8089534346268));
#10235=CARTESIAN_POINT('Ctrl Pts',(-10.021839897365,-0.436561645205842,
-58.7817445665658));
#10236=CARTESIAN_POINT('Ctrl Pts',(-9.99259057152587,-0.384248503937066,
-58.7545356985049));
#10237=CARTESIAN_POINT('',(-9.13703458974899,-0.467506994671414,-59.5141748885914));
#10238=CARTESIAN_POINT('',(-9.99259057152587,-0.384248503937066,-58.7545356985049));
#10239=CARTESIAN_POINT('',(-9.13703458974899,-0.467506994671414,-59.5141748885914));
#10240=CARTESIAN_POINT('',(-9.22632320441929,-0.625783699372864,-59.591574195916));
#10241=CARTESIAN_POINT('Origin',(-10.5092503817649,-1.64632065062566,-55.7726081270548));
#10242=CARTESIAN_POINT('',(-10.0803385490432,-0.541187927743447,-58.8361623026877));
#10243=CARTESIAN_POINT('',(-10.0803385490432,-0.541187927743447,-58.8361623026877));
#10244=CARTESIAN_POINT('',(-10.0803385490432,-0.541187927743447,-58.8361623026877));
#10245=CARTESIAN_POINT('Origin',(-7.88340491024298,2.58136137393542,-57.570244048316));
#10246=CARTESIAN_POINT('',(-8.31118290113139,2.62299061930266,-57.1904244532728));
#10247=CARTESIAN_POINT('',(-7.45562691935453,2.53973212856831,-57.9500636433593));
#10248=CARTESIAN_POINT('Ctrl Pts',(-10.6234673844515,-3.90403190986762,
-59.1837666580195));
#10249=CARTESIAN_POINT('Ctrl Pts',(-10.6076319359146,-3.85211231959859,
-59.2209970895042));
#10250=CARTESIAN_POINT('Ctrl Pts',(-10.5917220611825,-3.79929806970543,
-59.2569482198528));
#10251=CARTESIAN_POINT('Ctrl Pts',(-10.5757589097259,-3.74558127062441,
-59.2916180423314));
#10252=CARTESIAN_POINT('Ctrl Pts',(-10.8219184243855,-3.67575569204945,
-58.9498331224686));
#10253=CARTESIAN_POINT('Ctrl Pts',(-10.8060829758486,-3.62383610178043,
-58.9870635539533));
#10254=CARTESIAN_POINT('Ctrl Pts',(-10.7901979098481,-3.57132007176197,
-59.0234411180138));
#10255=CARTESIAN_POINT('Ctrl Pts',(-10.7742773260315,-3.51820234228494,
-59.0589644768279));
#10256=CARTESIAN_POINT('Ctrl Pts',(-11.0203694643196,-3.44747947423119,
-58.7158995869176));
#10257=CARTESIAN_POINT('Ctrl Pts',(-11.0045340157826,-3.39555988396219,
-58.7531300184022));
#10258=CARTESIAN_POINT('Ctrl Pts',(-10.9886737585139,-3.3433420738185,-58.7899340161749));
#10259=CARTESIAN_POINT('Ctrl Pts',(-10.9727957423371,-3.29082341394546,
-58.8263109113243));
#10260=CARTESIAN_POINT('Ctrl Pts',(-11.2188205042535,-3.21920325641301,
-58.4819660513666));
#10261=CARTESIAN_POINT('Ctrl Pts',(-11.2029850557166,-3.16728366614401,
-58.5191964828513));
#10262=CARTESIAN_POINT('Ctrl Pts',(-11.1871496071797,-3.11536407587496,
-58.556426914336));
#10263=CARTESIAN_POINT('Ctrl Pts',(-11.1713141586428,-3.06344448560594,
-58.5936573458207));
#10264=CARTESIAN_POINT('',(-10.5757589097259,-3.74558127062441,-59.2916180423314));
#10265=CARTESIAN_POINT('',(-11.1713141586428,-3.06344448560594,-58.5936573458207));
#10266=CARTESIAN_POINT('',(-10.5757589097259,-3.74558127062441,-59.2916180423314));
#10267=CARTESIAN_POINT('',(-10.6234673844515,-3.90403190986762,-59.1837666580195));
#10268=CARTESIAN_POINT('Origin',(-10.4539533306933,-1.51847787565146,-55.7848997024304));
#10269=CARTESIAN_POINT('',(-11.2188205042535,-3.21920325641301,-58.4819660513666));
#10270=CARTESIAN_POINT('',(-11.2188205042535,-3.21920325641301,-58.4819660513666));
#10271=CARTESIAN_POINT('',(-11.2188205042535,-3.21920325641301,-58.4819660513666));
#10272=CARTESIAN_POINT('Ctrl Pts',(-10.5757589097259,-3.74558127062441,
-59.2916180423314));
#10273=CARTESIAN_POINT('Ctrl Pts',(-10.2819298792651,-2.75683196028865,
-59.9297752604033));
#10274=CARTESIAN_POINT('Ctrl Pts',(-9.7837356308194,-1.60504295678125,-60.0405152014869));
#10275=CARTESIAN_POINT('Ctrl Pts',(-9.22632320441929,-0.625783699372864,
-59.591574195916));
#10276=CARTESIAN_POINT('Ctrl Pts',(-10.7742773260315,-3.51820234228494,
-59.0589644768279));
#10277=CARTESIAN_POINT('Ctrl Pts',(-10.4990746048319,-2.5989809432587,-59.6708826572574));
#10278=CARTESIAN_POINT('Ctrl Pts',(-10.0291074897622,-1.51245102679281,
-59.7753481961439));
#10279=CARTESIAN_POINT('Ctrl Pts',(-9.51099498596051,-0.597585108829719,
-59.3397702315065));
#10280=CARTESIAN_POINT('Ctrl Pts',(-10.9727957423371,-3.29082341394546,
-58.8263109113243));
#10281=CARTESIAN_POINT('Ctrl Pts',(-10.7162193303988,-2.44112992622876,
-59.4119900541114));
#10282=CARTESIAN_POINT('Ctrl Pts',(-10.2744793487049,-1.41985909680434,
-59.5101811908009));
#10283=CARTESIAN_POINT('Ctrl Pts',(-9.79566676750185,-0.569386518286557,
-59.0879662670971));
#10284=CARTESIAN_POINT('Ctrl Pts',(-11.1713141586428,-3.06344448560594,
-58.5936573458207));
#10285=CARTESIAN_POINT('Ctrl Pts',(-10.9333640559656,-2.28327890919878,
-59.1530974509654));
#10286=CARTESIAN_POINT('Ctrl Pts',(-10.5198512076476,-1.32726716681589,
-59.2450141854579));
#10287=CARTESIAN_POINT('Ctrl Pts',(-10.0803385490432,-0.541187927743447,
-58.8361623026877));
#10288=CARTESIAN_POINT('Ctrl Pts',(-9.22632320441929,-0.625783699372864,
-59.591574195916));
#10289=CARTESIAN_POINT('Ctrl Pts',(-9.7837356308194,-1.60504295678125,-60.0405152014869));
#10290=CARTESIAN_POINT('Ctrl Pts',(-10.2819298792651,-2.75683196028865,
-59.9297752604033));
#10291=CARTESIAN_POINT('Ctrl Pts',(-10.5757589097259,-3.74558127062441,
-59.2916180423314));
#10292=CARTESIAN_POINT('Ctrl Pts',(-11.1713141586428,-3.06344448560594,
-58.5936573458207));
#10293=CARTESIAN_POINT('Ctrl Pts',(-10.9333640559656,-2.28327890919878,
-59.1530974509654));
#10294=CARTESIAN_POINT('Ctrl Pts',(-10.5198512076476,-1.32726716681589,
-59.2450141854579));
#10295=CARTESIAN_POINT('Ctrl Pts',(-10.0803385490432,-0.541187927743447,
-58.8361623026877));
#10296=CARTESIAN_POINT('Ctrl Pts',(-14.3930521965893,-16.2613179059716,
-50.3168500815522));
#10297=CARTESIAN_POINT('Ctrl Pts',(-14.377344450972,-16.2111955245146,-50.3566411220429));
#10298=CARTESIAN_POINT('Ctrl Pts',(-14.3615834286303,-16.1601705938697,
-50.3951508546639));
#10299=CARTESIAN_POINT('Ctrl Pts',(-14.3457479800934,-16.1082510036006,
-50.4323812861486));
#10300=CARTESIAN_POINT('Ctrl Pts',(-14.5915706128949,-16.0339389776321,
-50.0841965160486));
#10301=CARTESIAN_POINT('Ctrl Pts',(-14.5758202996377,-15.9832175265711,
-50.123134020204));
#10302=CARTESIAN_POINT('Ctrl Pts',(-14.5600344685643,-15.9318943760515,
-50.1612173191129));
#10303=CARTESIAN_POINT('Ctrl Pts',(-14.5441990200274,-15.8799747857825,
-50.1984477505976));
#10304=CARTESIAN_POINT('Ctrl Pts',(-14.7900890292005,-15.8065600492926,
-49.8515429505451));
#10305=CARTESIAN_POINT('Ctrl Pts',(-14.7742961483035,-15.7552395286276,
-49.8896269183651));
#10306=CARTESIAN_POINT('Ctrl Pts',(-14.7584855084983,-15.7036181582332,
-49.9272837835619));
#10307=CARTESIAN_POINT('Ctrl Pts',(-14.7426500599614,-15.6516985679642,
-49.9645142150467));
#10308=CARTESIAN_POINT('Ctrl Pts',(-14.9886074455062,-15.5791811209532,
-49.6188893850416));
#10309=CARTESIAN_POINT('Ctrl Pts',(-14.9727719969693,-15.5272615306841,
-49.6561198165262));
#10310=CARTESIAN_POINT('Ctrl Pts',(-14.9569365484323,-15.4753419404151,
-49.693350248011));
#10311=CARTESIAN_POINT('Ctrl Pts',(-14.9411010998954,-15.423422350146,-49.7305806794957));
#10312=CARTESIAN_POINT('',(-14.3457479800934,-16.1082510036006,-50.4323812861486));
#10313=CARTESIAN_POINT('',(-14.9411010998954,-15.423422350146,-49.7305806794957));
#10314=CARTESIAN_POINT('',(-14.3457479800934,-16.1082510036006,-50.4323812861486));
#10315=CARTESIAN_POINT('',(-14.3930521965893,-16.2613179059716,-50.3168500815522));
#10316=CARTESIAN_POINT('Origin',(-14.1762341879402,-13.7226978269195,-47.0335137156234));
#10317=CARTESIAN_POINT('',(-14.9886074455062,-15.5791811209531,-49.6188893850415));
#10318=CARTESIAN_POINT('',(-14.9886074455062,-15.5791811209531,-49.6188893850415));
#10319=CARTESIAN_POINT('',(-14.9886074455062,-15.5791811209532,-49.6188893850416));
#10320=CARTESIAN_POINT('Origin',(-13.7463822818965,-12.8247095982267,-52.1905005190331));
#10321=CARTESIAN_POINT('',(-14.0440588417975,-12.4822952714994,-51.8396002157066));
#10322=CARTESIAN_POINT('',(-13.4487057219956,-13.167123924954,-52.5414008223596));
#10323=CARTESIAN_POINT('Ctrl Pts',(-14.4255865275376,-17.8070505564728,
-47.0803578031787));
#10324=CARTESIAN_POINT('Ctrl Pts',(-14.4390004048398,-17.8074441074726,
-47.1447971027245));
#10325=CARTESIAN_POINT('Ctrl Pts',(-14.4523086349551,-17.8062786805694,
-47.2092679152713));
#10326=CARTESIAN_POINT('Ctrl Pts',(-14.4655324237243,-17.8035475856284,
-47.2737658674065));
#10327=CARTESIAN_POINT('Ctrl Pts',(-14.6193789380749,-17.4796483175853,
-47.0420169435476));
#10328=CARTESIAN_POINT('Ctrl Pts',(-14.632792815377,-17.4800418685851,-47.1064562430933));
#10329=CARTESIAN_POINT('Ctrl Pts',(-14.6461362612213,-17.4793961009829,
-47.1709165513063));
#10330=CARTESIAN_POINT('Ctrl Pts',(-14.6594234128349,-17.4777065546889,
-47.2353949525784));
#10331=CARTESIAN_POINT('Ctrl Pts',(-14.8131713486123,-17.1522460786979,
-47.0036760839163));
#10332=CARTESIAN_POINT('Ctrl Pts',(-14.8265852259144,-17.1526396296976,
-47.068115383462));
#10333=CARTESIAN_POINT('Ctrl Pts',(-14.8399638874876,-17.1525135213964,
-47.1325651873414));
#10334=CARTESIAN_POINT('Ctrl Pts',(-14.8533144019455,-17.1518655237492,
-47.1970240377503));
#10335=CARTESIAN_POINT('Ctrl Pts',(-15.0069637591495,-16.8248438398103,
-46.9653352242851));
#10336=CARTESIAN_POINT('Ctrl Pts',(-15.0203776364517,-16.8252373908101,
-47.0297745238308));
#10337=CARTESIAN_POINT('Ctrl Pts',(-15.0337915137539,-16.8256309418098,
-47.0942138233765));
#10338=CARTESIAN_POINT('Ctrl Pts',(-15.0472053910561,-16.8260244928096,
-47.1586531229222));
#10339=CARTESIAN_POINT('',(-14.4655324237243,-17.8035475856284,-47.2737658674065));
#10340=CARTESIAN_POINT('',(-15.0472053910561,-16.8260244928096,-47.1586531229222));
#10341=CARTESIAN_POINT('',(-14.4655324237243,-17.8035475856284,-47.2737658674065));
#10342=CARTESIAN_POINT('',(-14.4255865275376,-17.8070505564728,-47.0803578031787));
#10343=CARTESIAN_POINT('Origin',(-14.1732640999833,-13.6595004823781,-47.1582129378115));
#10344=CARTESIAN_POINT('',(-15.0069637591495,-16.8248438398103,-46.9653352242851));
#10345=CARTESIAN_POINT('',(-15.0069637591495,-16.8248438398103,-46.9653352242851));
#10346=CARTESIAN_POINT('',(-15.0069637591495,-16.8248438398103,-46.9653352242851));
#10347=CARTESIAN_POINT('Ctrl Pts',(-14.4655324237243,-17.8035475856284,
-47.2737658674065));
#10348=CARTESIAN_POINT('Ctrl Pts',(-14.7089388114702,-17.7532771248871,
-48.460960688825));
#10349=CARTESIAN_POINT('Ctrl Pts',(-14.6821800469416,-17.1839058290439,
-49.5844281108459));
#10350=CARTESIAN_POINT('Ctrl Pts',(-14.3930521965893,-16.2613179059716,
-50.3168500815522));
#10351=CARTESIAN_POINT('Ctrl Pts',(-14.6594234128349,-17.4777065546889,
-47.2353949525784));
#10352=CARTESIAN_POINT('Ctrl Pts',(-14.8888818566416,-17.4461641350829,
-48.349622162831));
#10353=CARTESIAN_POINT('Ctrl Pts',(-14.8636392140226,-16.9090527851509,
-49.4094351671951));
#10354=CARTESIAN_POINT('Ctrl Pts',(-14.5915706128949,-16.0339389776321,
-50.0841965160486));
#10355=CARTESIAN_POINT('Ctrl Pts',(-14.8533144019455,-17.1518655237492,
-47.1970240377503));
#10356=CARTESIAN_POINT('Ctrl Pts',(-15.0688249018129,-17.1390511452786,
-48.2382836368369));
#10357=CARTESIAN_POINT('Ctrl Pts',(-15.0450983811036,-16.6341997412577,
-49.2344422235444));
#10358=CARTESIAN_POINT('Ctrl Pts',(-14.7900890292005,-15.8065600492926,
-49.8515429505451));
#10359=CARTESIAN_POINT('Ctrl Pts',(-15.0472053910561,-16.8260244928096,
-47.1586531229222));
#10360=CARTESIAN_POINT('Ctrl Pts',(-15.2487679469843,-16.8319381554744,
-48.126945110843));
#10361=CARTESIAN_POINT('Ctrl Pts',(-15.2265575481846,-16.3593466973646,
-49.0594492798937));
#10362=CARTESIAN_POINT('Ctrl Pts',(-14.9886074455062,-15.5791811209531,
-49.6188893850415));
#10363=CARTESIAN_POINT('Ctrl Pts',(-14.3930521965893,-16.2613179059716,
-50.3168500815522));
#10364=CARTESIAN_POINT('Ctrl Pts',(-14.6821800469416,-17.1839058290439,
-49.5844281108459));
#10365=CARTESIAN_POINT('Ctrl Pts',(-14.7089388114702,-17.7532771248871,
-48.460960688825));
#10366=CARTESIAN_POINT('Ctrl Pts',(-14.4655324237243,-17.8035475856284,
-47.2737658674065));
#10367=CARTESIAN_POINT('Ctrl Pts',(-15.0472053910561,-16.8260244928096,
-47.1586531229222));
#10368=CARTESIAN_POINT('Ctrl Pts',(-15.2487679469843,-16.8319381554744,
-48.126945110843));
#10369=CARTESIAN_POINT('Ctrl Pts',(-15.2265575481846,-16.3593466973646,
-49.0594492798937));
#10370=CARTESIAN_POINT('Ctrl Pts',(-14.9886074455062,-15.5791811209531,
-49.6188893850415));
#10371=CARTESIAN_POINT('Origin',(-12.3343104945049,-17.24606251471,-35.5800600578884));
#10372=CARTESIAN_POINT('',(-11.6387463289759,-17.7252871914513,-33.6925783941733));
#10373=CARTESIAN_POINT('',(-11.6387463289759,-17.7252871914513,-33.6925783941733));
#10374=CARTESIAN_POINT('',(-12.0436218786989,-17.7371658730411,-35.6375713473352));
#10375=CARTESIAN_POINT('Origin',(-12.3343104945049,-17.24606251471,-35.5800600578884));
#10376=CARTESIAN_POINT('',(-12.6249991103109,-16.7549591563788,-35.5225487684415));
#10377=CARTESIAN_POINT('',(-12.0436218786989,-17.7371658730411,-35.6375713473352));
#10378=CARTESIAN_POINT('Origin',(-9.84029226391213,-9.927495339097,-36.9990426652339));
#10379=CARTESIAN_POINT('',(-10.0375927068791,-14.125641660921,-28.7153784554693));
#10380=CARTESIAN_POINT('',(-9.16324247942004,-14.9826628020337,-28.0075462412913));
#10381=CARTESIAN_POINT('',(-11.8494288645136,-12.3497149869637,-30.1821545354772));
#10382=CARTESIAN_POINT('',(-9.76573586419738,-8.34108899086932,-40.1292950389167));
#10383=CARTESIAN_POINT('',(-10.0588333087735,-14.577597841937,-27.8235912346187));
#10384=CARTESIAN_POINT('Origin',(-9.32381246871028,-13.2629949258469,-27.1398460717646));
#10385=CARTESIAN_POINT('',(-8.51709591082127,-13.8270137142765,-27.4064754053458));
#10386=CARTESIAN_POINT('',(-3.67628513884648,-16.0164542019614,-28.4007814530111));
#10387=CARTESIAN_POINT('',(-9.41268674017468,-13.4219487541798,-27.2225203986732));
#10388=CARTESIAN_POINT('',(-7.42936393567778,-11.88157822659,-26.3946245353458));
#10389=CARTESIAN_POINT('',(-10.7768051682468,-15.5503981665751,-28.3337053777831));
#10390=CARTESIAN_POINT('Origin',(-7.86653904940794,-11.4530676560348,-26.7485406424354));
#10391=CARTESIAN_POINT('',(-9.39144613828041,-12.969992573164,-28.1143076195239));
#10392=CARTESIAN_POINT('',(-9.30401111553605,-13.0556946872736,-28.0435243981074));
#10393=CARTESIAN_POINT('',(-8.30371416313811,-11.0245570854796,-27.102456749525));
#10394=CARTESIAN_POINT('Origin',(-3.22094051919955,-8.88498223541742,-28.8125561035132));
#10395=CARTESIAN_POINT('',(-2.40148430280685,-6.72639990294494,-27.6990725869991));
#10396=CARTESIAN_POINT('',(-4.65889079800855,-10.7638271426043,-29.7990004904942));
#10397=CARTESIAN_POINT('',(-2.40148430280685,-6.72639990294494,-27.6990725869991));
#10398=CARTESIAN_POINT('',(-4.04039673559213,-11.04356456789,-29.9260396200273));
#10399=CARTESIAN_POINT('Origin',(-4.34964376680038,-10.9036958552471,-29.8625200552607));
#10400=CARTESIAN_POINT('',(-1.78299024039044,-7.00613732823058,-27.8261117165322));
#10401=CARTESIAN_POINT('',(-4.04039673559213,-11.04356456789,-29.9260396200273));
#10402=CARTESIAN_POINT('Origin',(-2.09223727159869,-6.86626861558775,-27.7625921517656));
#10403=CARTESIAN_POINT('Origin',(-2.13471847538737,-7.7701809776196,-25.9790177100643));
#10404=CARTESIAN_POINT('',(-1.70347876027898,-6.58493126198984,-26.4894077035763));
#10405=CARTESIAN_POINT('',(-2.93979451111211,-6.94449172020974,-26.7010788935272));
#10406=CARTESIAN_POINT('Origin',(-2.11347787349301,-7.31822479660366,-26.870804930915));
#10407=CARTESIAN_POINT('',(-3.47810471941749,-7.16258353747454,-25.7030852000553));
#10408=CARTESIAN_POINT('',(-0.791332231357256,-8.37777841776465,-26.2549502200732));
#10409=CARTESIAN_POINT('',(-1.46816143940261,-6.57802726512173,-25.3589602582449));
#10410=CARTESIAN_POINT('Origin',(-3.04873872655897,-12.4152056574241,-28.3548781235683));
#10411=CARTESIAN_POINT('',(-3.04873872655897,-12.4152056574241,-28.3548781235683));
#10412=CARTESIAN_POINT('Origin',(-4.39212497058908,-11.807608217279,-28.0789456135594));
#10413=CARTESIAN_POINT('',(-5.19720100631382,-10.9819189598692,-28.8010067970223));
#10414=CARTESIAN_POINT('',(-5.7355112146192,-11.200010777134,-27.8030131035504));
#10415=CARTESIAN_POINT('',(-4.78088348190881,-12.0889455708769,-29.3521300617488));
#10416=CARTESIAN_POINT('Origin',(-4.37088436869472,-11.3556520362631,-28.97073283441));
#10417=CARTESIAN_POINT('',(-5.05868200657384,-12.9997619297769,-28.6990030653788));
#10418=CARTESIAN_POINT('Origin',(-3.23025721481082,9.08227335718419,-39.0664200832551));
#10419=CARTESIAN_POINT('',(-3.23317012140546,10.3314992109512,-41.8313700688021));
#10420=CARTESIAN_POINT('',(-2.13269992112602,10.3637860089998,-36.5447905601814));
#10421=CARTESIAN_POINT('',(-2.95805257133562,10.3395709104633,-40.509725191647));
#10422=CARTESIAN_POINT('',(-4.32781450849564,7.80076070536857,-41.5880496063288));
#10423=CARTESIAN_POINT('Origin',(-3.78049231495055,9.06612995815991,-41.7097098375655));
#10424=CARTESIAN_POINT('',(-3.22734430821619,7.83304750341717,-36.3014700977081));
#10425=CARTESIAN_POINT('',(-3.50246185828608,7.82497580390501,-37.6231149748633));
#10426=CARTESIAN_POINT('Origin',(-2.68002211467113,9.09841675620845,-36.4231303289447));
#10427=CARTESIAN_POINT('Origin',(-2.49603414347408,8.48518497645367,-41.9735384786819));
#10428=CARTESIAN_POINT('',(-1.77783445828473,10.2302813222973,-42.1336989233161));
#10429=CARTESIAN_POINT('',(-1.74228059313561,10.2278085682413,-42.141084820327));
#10430=CARTESIAN_POINT('',(-3.27549584942682,6.76779670575174,-41.8007947704982));
#10431=CARTESIAN_POINT('Origin',(-2.52666515385577,8.49903901402453,-41.9672468469071));
#10432=CARTESIAN_POINT('',(-3.24978769381259,6.74256138466605,-41.8059921370369));
#10433=CARTESIAN_POINT('Origin',(-2.14931749353314,6.77484818271466,-36.5194126284161));
#10434=CARTESIAN_POINT('',(-2.17502564914737,6.80008350380035,-36.5142152618774));
#10435=CARTESIAN_POINT('',(-2.69892975119372,6.78471263238979,-39.0310127995639));
#10436=CARTESIAN_POINT('',(-2.14931749353314,6.77484818271466,-36.5194126284161));
#10437=CARTESIAN_POINT('Origin',(-1.39556394319467,8.51747177450221,-36.6869589700612));
#10438=CARTESIAN_POINT('',(-0.677364258005309,10.2625681203459,-36.8471194146954));
#10439=CARTESIAN_POINT('Origin',(-1.42619495357636,8.53132581207307,-36.6806673382864));
#10440=CARTESIAN_POINT('',(-0.641810392856179,10.2600953662898,-36.8545053117063));
#10441=CARTESIAN_POINT('Origin',(-1.74228059313561,10.2278085682413,-42.141084820327));
#10442=CARTESIAN_POINT('',(-1.75150346019137,10.2310538499111,-42.0072067066922));
#10443=CARTESIAN_POINT('Origin',(-3.47810471941749,-7.16258353747454,-25.7030852000553));
#10444=CARTESIAN_POINT('',(-3.50414613491253,-7.95384853012459,-27.226060869401));
#10445=CARTESIAN_POINT('Origin',(-8.64104532398748,-11.3795020893901,-27.9631830386882));
#10446=CARTESIAN_POINT('',(-7.84617719291143,-10.7025500942412,-28.7225165076795));
#10447=CARTESIAN_POINT('',(-4.78088348190881,-12.0889455708769,-29.3521300617488));
#10448=CARTESIAN_POINT('',(-7.528629717408,-10.4321097674846,-29.025867990418));
#10449=CARTESIAN_POINT('Origin',(-5.05052475681625,-4.95776742473492,-24.6231402315544));
#10450=CARTESIAN_POINT('',(-4.7687724712816,-5.19853578535416,-25.859794149507));
#10451=CARTESIAN_POINT('',(-3.86343236681904,-3.57931266063886,-25.0176113385887));
#10452=CARTESIAN_POINT('',(-4.85532104733839,-5.12457663811393,-25.4799191984635));
#10453=CARTESIAN_POINT('',(-4.40174257512442,-3.79740447790372,-24.0196176451168));
#10454=CARTESIAN_POINT('Origin',(-1.46816143940261,-6.57802726512173,-25.3589602582449));
#10455=CARTESIAN_POINT('',(-1.70347876027898,-6.58493126198984,-26.4894077035763));
#10456=CARTESIAN_POINT('Origin',(-4.36166965778564,-8.83060721631248,-27.6908251243217));
#10457=CARTESIAN_POINT('Origin',(-9.32381246871028,-13.2629949258469,-27.1398460717646));
#10458=CARTESIAN_POINT('',(-2.42117300443707,-5.23254256003153,-22.9056198890526));
#10459=CARTESIAN_POINT('',(-3.45126243733645,-4.76664549927833,-22.6940387715469));
#10460=CARTESIAN_POINT('',(-4.34685326668983,-4.36158053918147,-22.5100837648743));
#10461=CARTESIAN_POINT('',(-3.87579978808999,-3.71582620801336,-22.1715970566786));
#10462=CARTESIAN_POINT('',(-7.42936393567778,-11.88157822659,-26.3946245353458));
#10463=CARTESIAN_POINT('Origin',(-7.86653904940831,-11.4530676560432,-26.748540642419));
#10464=CARTESIAN_POINT('',(-4.32561266479633,-3.90962435818231,-23.4018709856922));
#10465=CARTESIAN_POINT('',(-3.88843755106201,-4.33813492873462,-23.047954878616));
#10466=CARTESIAN_POINT('',(-8.30371416313888,-11.0245570854962,-27.1024567494921));
#10467=CARTESIAN_POINT('Origin',(-3.75877800661642,-4.33150350867464,-23.2000878033962));
#10468=CARTESIAN_POINT('',(-4.40847918680685,-3.94074567435981,-23.7367808290925));
#10469=CARTESIAN_POINT('Origin',(-4.31960491534221,-3.78179184602679,-23.6541065021832));
#10470=CARTESIAN_POINT('',(-3.46169541485331,-4.86876477143051,-22.9703098743522));
#10471=CARTESIAN_POINT('',(-3.84765227808106,-4.49045733700768,-23.2827621303054));
#10472=CARTESIAN_POINT('Origin',(-3.37282114338867,-4.70981094309744,-22.887635547443));
#10473=CARTESIAN_POINT('Origin',(-4.34260514631122,-4.27118930297876,-22.6884412090447));
#10474=CARTESIAN_POINT('',(-2.50579915552309,-5.30110515216188,-23.1666516601322));
#10475=CARTESIAN_POINT('',(-4.43147941777585,-4.43014313131183,-22.7711155359539));
#10476=CARTESIAN_POINT('Origin',(-2.41692488405845,-5.14215132382882,-23.083977333223));
#10477=CARTESIAN_POINT('Origin',(-9.17435157108821,-13.049063267216,-28.1956573228857));
#10478=CARTESIAN_POINT('',(-8.34978034540693,-13.6112253297635,-27.517397854333));
#10479=CARTESIAN_POINT('',(-9.29656411736158,-12.683206232673,-28.2838688091104));
#10480=CARTESIAN_POINT('',(-9.08547729962359,-12.8901094388829,-28.1129829959764));
#10481=CARTESIAN_POINT('Origin',(-9.38543838882619,-12.842160061006,-28.3665431360197));
#10482=CARTESIAN_POINT('Origin',(-8.43865461687155,-13.7701791580966,-27.6000721812422));
#10483=CARTESIAN_POINT('Ctrl Pts',(-3.05027995452713,-16.0048967572424,
-28.6121270475459));
#10484=CARTESIAN_POINT('Ctrl Pts',(-3.22773899291642,-15.9267860797948,
-28.5715394593171));
#10485=CARTESIAN_POINT('Ctrl Pts',(-3.40547562980236,-15.847474883344,-28.5329616331708));
#10486=CARTESIAN_POINT('Ctrl Pts',(-3.58316274700325,-15.7671091374256,
-28.4964645702722));
#10487=CARTESIAN_POINT('Ctrl Pts',(-3.05028843366987,-16.0299140667967,
-28.5640183921196));
#10488=CARTESIAN_POINT('Ctrl Pts',(-3.22814008182165,-15.9513632275368,
-28.5239097518496));
#10489=CARTESIAN_POINT('Ctrl Pts',(-3.40622394983999,-15.8715730747514,
-28.4857756940343));
#10490=CARTESIAN_POINT('Ctrl Pts',(-3.58427490231772,-15.7907735077259,
-28.4497707005791));
#10491=CARTESIAN_POINT('Ctrl Pts',(-3.07108828519089,-16.1168325209977,
-28.4876862466053));
#10492=CARTESIAN_POINT('Ctrl Pts',(-3.24918212089576,-16.036475756116,-28.4479830228531));
#10493=CARTESIAN_POINT('Ctrl Pts',(-3.42752920485974,-15.9549467732642,
-28.4103455500244));
#10494=CARTESIAN_POINT('Ctrl Pts',(-3.60579111640789,-15.8723917222369,
-28.3748015272365));
#10495=CARTESIAN_POINT('Ctrl Pts',(-3.1200969704267,-16.2232368553562,-28.4971896325267));
#10496=CARTESIAN_POINT('Ctrl Pts',(-3.2975816568646,-16.1415856672667,-28.4557302642426));
#10497=CARTESIAN_POINT('Ctrl Pts',(-3.4753273703269,-16.0587655170969,-28.4163188378322));
#10498=CARTESIAN_POINT('Ctrl Pts',(-3.653017908986,-15.9748401870155,-28.3791373648396));
#10499=CARTESIAN_POINT('Ctrl Pts',(-3.14415466657293,-16.2648666971816,
-28.5222593772778));
#10500=CARTESIAN_POINT('Ctrl Pts',(-3.32136584791384,-16.1832742452212,
-28.4796261727758));
#10501=CARTESIAN_POINT('Ctrl Pts',(-3.49885155745794,-16.1004192495556,
-28.4391086743317));
#10502=CARTESIAN_POINT('Ctrl Pts',(-3.67628513884648,-16.0164542019614,
-28.4007814530111));
#10503=CARTESIAN_POINT('',(-3.58316274700325,-15.7671091374256,-28.4964645702722));
#10504=CARTESIAN_POINT('Origin',(-3.50244845978203,-14.0496756495792,-31.8852560095016));
#10505=CARTESIAN_POINT('Origin',(-3.67203701846787,-15.9260629657586,-28.5791388971814));
#10506=CARTESIAN_POINT('Origin',(-3.59132273124668,-14.2086294779122,-31.9679303364109));
#10507=CARTESIAN_POINT('Origin',(-9.40843861979607,-13.331557517977,-27.4008778428435));
#10508=CARTESIAN_POINT('',(-9.31956434833145,-13.172603689644,-27.3182035159343));
#10509=CARTESIAN_POINT('Origin',(-9.28982750567931,-12.5398650362213,-28.5667056251258));
#10510=CARTESIAN_POINT('',(-9.29407562605819,-12.6302562724245,-28.3883481809556));
#10511=CARTESIAN_POINT('',(-9.29407562605819,-12.6302562724245,-28.3883481809556));
#10512=CARTESIAN_POINT('',(-9.32381246871028,-13.2629949258469,-27.1398460717646));
#10513=CARTESIAN_POINT('Origin',(-9.20520135459356,-12.4713024440915,-28.3056738540463));
#10514=CARTESIAN_POINT('Origin',(-9.20520135459356,-12.4713024440915,-28.3056738540463));
#10515=CARTESIAN_POINT('Origin',(0.0830203187058309,6.18323829486833,-48.6250699718825));
#10516=CARTESIAN_POINT('',(-3.08644027200414,9.06934862083503,-45.9483393634191));
#10517=CARTESIAN_POINT('',(0.943718460086214,7.24655630039987,-46.776136893446));
#10518=CARTESIAN_POINT('Origin',(-3.94713841338452,8.0060306153035,-47.7972724418556));
#10519=CARTESIAN_POINT('Origin',(-0.602167967197271,6.7802992426757,-28.8131428507493));
#10520=CARTESIAN_POINT('',(-0.890864662617936,5.8337511166363,-28.134393365868));
#10521=CARTESIAN_POINT('',(-0.890864662617936,5.8337511166363,-28.134393365868));
#10522=CARTESIAN_POINT('',(-0.602167967197271,6.7802992426757,-28.8131428507493));
#10523=CARTESIAN_POINT('',(-0.796656210800002,6.14263180332168,-28.3558851222934));
#10524=CARTESIAN_POINT('',(-0.602167967197271,6.7802992426757,-28.8131428507493));
#10525=CARTESIAN_POINT('Origin',(-6.95844321708327,-1.86711640789094,-40.7174491635672));
#10526=CARTESIAN_POINT('',(-1.38777878078145E-16,4.21126950847255,-20.2245209035434));
#10527=CARTESIAN_POINT('',(-0.608355359853743,7.04583834040001,-29.4279777399449));
#10528=CARTESIAN_POINT('',(-4.17750542118521,5.22102344915297,-42.7862958246532));
#10529=CARTESIAN_POINT('Origin',(-0.826697917134442,6.50291193686583,-29.2954732190529));
#10530=CARTESIAN_POINT('',(-1.13872891187848,5.26644610710434,-28.0919349809201));
#10531=CARTESIAN_POINT('Origin',(-1.11539461252663,5.55636381087906,-28.616723734149));
#10532=CARTESIAN_POINT('',(-4.21471694284747,1.09394847878512,-33.879731169108));
#10533=CARTESIAN_POINT('',(-4.40599069550329,-3.88779571410687,-23.8412602009466));
#10534=CARTESIAN_POINT('Origin',(-4.49486496696794,-4.04674954243998,-23.9239345278559));
#10535=CARTESIAN_POINT('',(-4.43572753815538,-4.52053436752925,-22.5927580917556));
#10536=CARTESIAN_POINT('',(0.180228445587698,8.92201696958537,-29.7200371853882));
#10537=CARTESIAN_POINT('Origin',(0.724131979273732,8.88379474237102,-29.5419980443889));
#10538=CARTESIAN_POINT('',(1.2680355129598,8.8455725151567,-29.3639589033895));
#10539=CARTESIAN_POINT('Origin',(-1.23782177286646,14.2697743724892,-48.3995065424745));
#10540=CARTESIAN_POINT('',(-0.263455959370793,13.3199285162005,-48.5638144351028));
#10541=CARTESIAN_POINT('Origin',(1.51854306851703,12.5453116141173,-31.1828263879658));
#10542=CARTESIAN_POINT('',(-1.1590027179707,-0.724437624434344,-22.9687959586759));
#10543=CARTESIAN_POINT('Origin',(-4.90794190386504,8.38308866894986,-47.5668535230287));
#10544=CARTESIAN_POINT('',(-2.6726353497962,10.343596046971,-53.7391613455755));
#10545=CARTESIAN_POINT('Origin',(-3.79083738051724,-1.90800148395109,-25.7387459401005));
#10546=CARTESIAN_POINT('Origin',(-2.33621059688229,-3.42471783595048,-26.4727687724654));
#10547=CARTESIAN_POINT('Ctrl Pts',(-2.52163425263143,-5.29367805844361,
-23.1639067875928));
#10548=CARTESIAN_POINT('Ctrl Pts',(-1.04249318543621,-5.96319315488104,
-23.4667272465745));
#10549=CARTESIAN_POINT('Ctrl Pts',(0.439239555935735,-6.55771521140489,
-23.9165231065883));
#10550=CARTESIAN_POINT('Ctrl Pts',(1.74141128721307,-7.00415475442094,-24.4579981294564));
#10551=CARTESIAN_POINT('Ctrl Pts',(-2.5223304824393,-5.30733201071616,-23.1371163114031));
#10552=CARTESIAN_POINT('Ctrl Pts',(-1.04151366666205,-5.97902383835621,
-23.4376515670791));
#10553=CARTESIAN_POINT('Ctrl Pts',(0.442393206662839,-6.57578357437114,
-23.8853711976092));
#10554=CARTESIAN_POINT('Ctrl Pts',(1.74781489615731,-7.02477791373262,-24.4255890567424));
#10555=CARTESIAN_POINT('Ctrl Pts',(-2.51817060945842,-5.32153866716001,
-23.0853817223175));
#10556=CARTESIAN_POINT('Ctrl Pts',(-1.03332090995972,-5.99502141965893,
-23.3809292158571));
#10557=CARTESIAN_POINT('Ctrl Pts',(0.455582830239312,-6.59359708345679,
-23.8238939568569));
#10558=CARTESIAN_POINT('Ctrl Pts',(1.76809685027253,-7.04437866467407,-24.3606428866383));
#10559=CARTESIAN_POINT('Ctrl Pts',(-2.49820310308815,-5.31397235112122,
-23.004570927358));
#10560=CARTESIAN_POINT('Ctrl Pts',(-1.00542500905301,-5.98386081094878,
-23.2936133223954));
#10561=CARTESIAN_POINT('Ctrl Pts',(0.492596569277648,-6.57756310626429,
-23.7311263496129));
#10562=CARTESIAN_POINT('Ctrl Pts',(1.8155432884182,-7.02243825148351,-24.2646189410684));
#10563=CARTESIAN_POINT('Ctrl Pts',(-2.47030157489695,-5.2809201937913,-22.9413563194388));
#10564=CARTESIAN_POINT('Ctrl Pts',(-0.970289567673763,-5.94230664425005,
-23.2284003953219));
#10565=CARTESIAN_POINT('Ctrl Pts',(0.534890722296648,-6.52568647502775,
-23.6662933335559));
#10566=CARTESIAN_POINT('Ctrl Pts',(1.86315483315077,-6.95905519190719,-24.2023747295693));
#10567=CARTESIAN_POINT('Ctrl Pts',(-2.44724279922412,-5.24335990815558,
-22.9117671646559));
#10568=CARTESIAN_POINT('Ctrl Pts',(-0.943649262312274,-5.89687045387425,
-23.2018850992236));
#10569=CARTESIAN_POINT('Ctrl Pts',(0.563658386899473,-6.4716280288024,-23.6454546834436));
#10570=CARTESIAN_POINT('Ctrl Pts',(1.89029463258866,-6.89664288124742,-24.1885678296907));
#10571=CARTESIAN_POINT('Ctrl Pts',(-2.43727666415364,-5.22554870639539,
-22.9024663568559));
#10572=CARTESIAN_POINT('Ctrl Pts',(-0.932618877031626,-5.87573547307613,
-23.1947576183412));
#10573=CARTESIAN_POINT('Ctrl Pts',(0.574807246240194,-6.44701651027567,
-23.6417823255425));
#10574=CARTESIAN_POINT('Ctrl Pts',(1.899705124893,-6.86916970147552,-24.1885904794621));
#10575=CARTESIAN_POINT('Origin',(-2.42508486834693,-3.58367166428353,-26.5554430993747));
#10576=CARTESIAN_POINT('Origin',(-4.43572753815538,-4.52053436752925,-22.5927580917556));
#10577=CARTESIAN_POINT('',(-4.40599069550329,-3.88779571410687,-23.8412602009466));
#10578=CARTESIAN_POINT('Origin',(-4.49486496696794,-4.04674954243998,-23.9239345278559));
#10579=CARTESIAN_POINT('Origin',(-9.99720860339586,0.0214588722834641,-59.6703776328967));
#10580=CARTESIAN_POINT('',(-0.104157325870918,2.61276517330178,-55.2645251925968));
#10581=CARTESIAN_POINT('Ctrl Pts',(-1.04083408558608E-16,3.02393595144045,
-55.0960692315861));
#10582=CARTESIAN_POINT('Ctrl Pts',(-7.78244457104509E-7,2.98139556989644,
-55.1096121671212));
#10583=CARTESIAN_POINT('Ctrl Pts',(-0.00297480287436894,2.93922303876401,
-55.1241094817964));
#10584=CARTESIAN_POINT('Ctrl Pts',(-0.00890493725209177,2.89773740872746,
-55.1394552371868));
#10585=CARTESIAN_POINT('Ctrl Pts',(-0.00979991169918099,2.8914764074686,
-55.1417712148816));
#10586=CARTESIAN_POINT('Ctrl Pts',(-0.0107623120178028,2.88523106795567,
-55.1441065204738));
#10587=CARTESIAN_POINT('Ctrl Pts',(-0.0117921817711766,2.87900250835213,
-55.1464607899533));
#10588=CARTESIAN_POINT('Ctrl Pts',(-0.0140312037563222,2.86546110484703,
-55.1515791664335));
#10589=CARTESIAN_POINT('Ctrl Pts',(-0.0165870266066968,2.85201150354721,
-55.1567824691625));
#10590=CARTESIAN_POINT('Ctrl Pts',(-0.0194587343026427,2.83866495907449,
-55.1620662317921));
#10591=CARTESIAN_POINT('Ctrl Pts',(-0.0266209341713949,2.80537792947679,
-55.1752442317903));
#10592=CARTESIAN_POINT('Ctrl Pts',(-0.0357463072825279,2.77273145410747,
-55.1889226770587));
#10593=CARTESIAN_POINT('Ctrl Pts',(-0.0467869354412707,2.74089328262695,
-55.2030378647506));
#10594=CARTESIAN_POINT('Ctrl Pts',(-0.0600253015175762,2.70271743219533,
-55.2199628095286));
#10595=CARTESIAN_POINT('Ctrl Pts',(-0.075979807028957,2.66580844770757,
-55.2374691621621));
#10596=CARTESIAN_POINT('Ctrl Pts',(-0.0945641170902962,2.63045801501467,
-55.2554286852935));
#10597=CARTESIAN_POINT('Ctrl Pts',(-0.0974959293052275,2.6248812230848,
-55.2582619327543));
#10598=CARTESIAN_POINT('Ctrl Pts',(-0.100493292967892,2.61934324378208,
-55.2611064545601));
#10599=CARTESIAN_POINT('Ctrl Pts',(-0.103555986904163,2.61384525202813,
-55.2639617350792));
#10600=CARTESIAN_POINT('Ctrl Pts',(-0.103756222623272,2.61348579909048,
-55.2641484103265));
#10601=CARTESIAN_POINT('Ctrl Pts',(-0.103956734768245,2.61312652334432,
-55.2643351273386));
#10602=CARTESIAN_POINT('Ctrl Pts',(-0.104157522985186,2.61276742206295,
-55.2645218904431));
#10603=CARTESIAN_POINT('',(-1.02124060189396,0.972539096375222,-56.1176319614659));
#10604=CARTESIAN_POINT('',(-2.07492312169469,-0.911998099934338,-57.0978086950109));
#10605=CARTESIAN_POINT('',(-3.19042263883091,-2.90709652190123,-58.1354900197276));
#10606=CARTESIAN_POINT('',(-2.07492312169469,-0.911998099934338,-57.0978086950109));
#10607=CARTESIAN_POINT('',(-8.66881135096699,-0.659594946460782,-59.4056202527942));
#10608=CARTESIAN_POINT('Origin',(-9.97389031366838,-1.80423299649418,-55.8019314988467));
#10609=CARTESIAN_POINT('',(-4.67685543353342,-6.34362143709742,-57.8050817891558));
#10610=CARTESIAN_POINT('',(-4.56388225141553,-5.99167948932202,-58.0300368252423));
#10611=CARTESIAN_POINT('Origin',(-3.15308713673593,-4.60245829437516,-54.2205708499343));
#10612=CARTESIAN_POINT('',(-10.1552441456695,-4.096119861657,-59.0752120222223));
#10613=CARTESIAN_POINT('Origin',(-3.15308713673593,-4.60245829437516,-54.2205708499343));
#10614=CARTESIAN_POINT('Origin',(-15.3293174267711,-15.9316354021706,-50.5015500870775));
#10615=CARTESIAN_POINT('',(-7.78637596168964,-16.5387877677901,-50.4943453294974));
#10616=CARTESIAN_POINT('',(-7.19571373733462,-14.6021870706637,-51.883040409602));
#10617=CARTESIAN_POINT('',(-13.829277351744,-16.1421505282052,-50.4372601996046));
#10618=CARTESIAN_POINT('Origin',(-13.6479235197421,-13.8502636630331,-47.1639796762157));
#10619=CARTESIAN_POINT('',(-7.86621450913378,-18.2375873206622,-47.1423218465275));
#10620=CARTESIAN_POINT('Origin',(-6.1242804989577,-14.3440921746645,-47.2350528431244));
#10621=CARTESIAN_POINT('',(-13.9091158991882,-17.8409500810773,-47.0852367166347));
#10622=CARTESIAN_POINT('Origin',(-12.2374960025163,-17.6462561685103,-31.6733606917063));
#10623=CARTESIAN_POINT('',(-4.68943067730385,-18.1443833629433,-31.8812813345579));
#10624=CARTESIAN_POINT('',(-5.74377797981033,-18.1753169569824,-36.9462897673063));
#10625=CARTESIAN_POINT('',(-10.9530351401206,-17.7332598605687,-31.8221113016017));
#10626=CARTESIAN_POINT('Origin',(-10.6918427606746,-13.7425734425241,-31.9008542611828));
#10627=CARTESIAN_POINT('Origin',(-2.94749666712795,-14.2508882169452,-31.9740123311566));
#10628=CARTESIAN_POINT('Origin',(-1.13872891187848,5.26644610710434,-28.0919349809201));
#10629=CARTESIAN_POINT('',(-1.13872891187848,5.26644610710434,-28.0919349809201));
#10630=CARTESIAN_POINT('Origin',(-1.11539461252663,5.55636381087906,-28.616723734149));
#10631=CARTESIAN_POINT('Origin',(-0.826697917134442,6.50291193686583,-29.2954732190529));
#10632=CARTESIAN_POINT('',(-0.608355359853775,7.04583834039991,-29.4279777399449));
#10633=CARTESIAN_POINT('Origin',(-4.26514418883116,5.17621599485636,-43.1143029172802));
#10634=CARTESIAN_POINT('Ctrl Pts',(-1.,-18.1443833629433,-31.8812813345579));
#10635=CARTESIAN_POINT('Ctrl Pts',(-1.,-18.1307238261356,-29.644694501782));
#10636=CARTESIAN_POINT('Ctrl Pts',(-1.,-16.2629453337254,-28.521255950556));
#10637=CARTESIAN_POINT('Ctrl Pts',(-4.68943067730382,-18.1443833629433,
-31.8812813345579));
#10638=CARTESIAN_POINT('Ctrl Pts',(-4.68943067730382,-18.1307238261356,
-29.644694501782));
#10639=CARTESIAN_POINT('Ctrl Pts',(-4.68943067730382,-16.2629453337254,
-28.521255950556));
#10640=CARTESIAN_POINT('',(-1.,-16.2629453683995,-28.5212559608976));
#10641=CARTESIAN_POINT('',(-1.,-18.1443833629433,-31.8812813345579));
#10642=CARTESIAN_POINT('Ctrl Pts',(-1.,-16.2629446285512,-28.521257165926));
#10643=CARTESIAN_POINT('Ctrl Pts',(-1.,-16.7475103304915,-28.8127860065146));
#10644=CARTESIAN_POINT('Ctrl Pts',(-1.,-17.7343981585432,-29.7596448776082));
#10645=CARTESIAN_POINT('Ctrl Pts',(-1.,-18.1396346104657,-31.1037295468939));
#10646=CARTESIAN_POINT('Ctrl Pts',(-1.,-18.1443833629433,-31.8812813345579));
#10647=CARTESIAN_POINT('',(0.,-16.2629453337254,-28.521255950556));
#10648=CARTESIAN_POINT('',(0.,-18.1443833629433,-31.8812813345579));
#10649=CARTESIAN_POINT('Ctrl Pts',(-1.,-2.90709652190123,-58.1354900197276));
#10650=CARTESIAN_POINT('Ctrl Pts',(-1.,-4.63184661441076,-59.032559026998));
#10651=CARTESIAN_POINT('Ctrl Pts',(-1.,-6.34362143709744,-57.8050817891558));
#10652=CARTESIAN_POINT('Ctrl Pts',(-4.67685543353342,-2.90709652190123,
-58.1354900197276));
#10653=CARTESIAN_POINT('Ctrl Pts',(-4.67685543353342,-4.63184661441076,
-59.032559026998));
#10654=CARTESIAN_POINT('Ctrl Pts',(-4.67685543353342,-6.34362143709744,
-57.8050817891558));
#10655=CARTESIAN_POINT('',(-1.,-6.34362143709744,-57.8050817891558));
#10656=CARTESIAN_POINT('',(-1.,-3.43560184830138,-58.3511640608196));
#10657=CARTESIAN_POINT('Ctrl Pts',(-1.,-6.34362143709744,-57.8050817891558));
#10658=CARTESIAN_POINT('Ctrl Pts',(-1.,-5.96509759415514,-58.0765131684671));
#10659=CARTESIAN_POINT('Ctrl Pts',(-1.,-5.00716729134992,-58.5320902792954));
#10660=CARTESIAN_POINT('Ctrl Pts',(-1.,-3.97294168317083,-58.5137711936708));
#10661=CARTESIAN_POINT('Ctrl Pts',(-1.,-3.43560431412132,-58.3511404628776));
#10662=CARTESIAN_POINT('',(0.,-6.34362143709744,-57.8050817891558));
#10663=CARTESIAN_POINT('',(-1.021240601894,-3.43310958242943,-58.3504068938845));
#10664=CARTESIAN_POINT('Origin',(197.251360492741,-4.60245829437518,-54.2205708499343));
#10665=CARTESIAN_POINT('',(-1.,-3.43435700313031,-58.3507861585264));
#10666=CARTESIAN_POINT('Ctrl Pts',(-1.,-3.43435700313024,-58.3507861585264));
#10667=CARTESIAN_POINT('Ctrl Pts',(-1.00697972461902,-3.43435700313024,
-58.3507861585264));
#10668=CARTESIAN_POINT('Ctrl Pts',(-1.01409020332893,-3.43395050239731,
-58.3506627623278));
#10669=CARTESIAN_POINT('Ctrl Pts',(-1.02124060189399,-3.43310958242938,
-58.3504068938845));
#10670=CARTESIAN_POINT('Ctrl Pts',(-1.,-3.43435938406666,-58.3507633759148));
#10671=CARTESIAN_POINT('Ctrl Pts',(-1.,-3.43477433504367,-58.3508891624462));
#10672=CARTESIAN_POINT('Ctrl Pts',(-1.,-3.43518931173886,-58.3510148581));
#10673=CARTESIAN_POINT('Ctrl Pts',(-1.,-3.43560431412132,-58.3511404628776));
#10674=CARTESIAN_POINT('Origin',(1.63595316468724E-42,-6.34362143709744,
-57.8050817891558));
#10675=CARTESIAN_POINT('',(-1.,-16.53878776779,-50.4943453294973));
#10676=CARTESIAN_POINT('',(-1.,-14.8818390390413,-51.6825079440278));
#10677=CARTESIAN_POINT('',(3.58732406867153E-42,-16.53878776779,-50.4943453294973));
#10678=CARTESIAN_POINT('Ctrl Pts',(-1.,-16.53878776779,-50.4943453294973));
#10679=CARTESIAN_POINT('Ctrl Pts',(-1.,-18.2505625904838,-49.26686809165));
#10680=CARTESIAN_POINT('Ctrl Pts',(-1.,-18.2375873206622,-47.1423218465275));
#10681=CARTESIAN_POINT('Ctrl Pts',(-8.13715377288766,-16.53878776779,-50.4943453294973));
#10682=CARTESIAN_POINT('Ctrl Pts',(-8.13715377288766,-18.2505625904838,
-49.26686809165));
#10683=CARTESIAN_POINT('Ctrl Pts',(-8.13715377288766,-18.2375873206622,
-47.1423218465275));
#10684=CARTESIAN_POINT('',(-1.,-18.2375873206622,-47.1423218465275));
#10685=CARTESIAN_POINT('Ctrl Pts',(-1.,-18.2375873206622,-47.1423218465275));
#10686=CARTESIAN_POINT('Ctrl Pts',(-1.,-18.2455354587548,-48.4437350096119));
#10687=CARTESIAN_POINT('Ctrl Pts',(-1.,-17.5910098801665,-49.7398192814572));
#10688=CARTESIAN_POINT('Ctrl Pts',(-1.,-16.53878776779,-50.4943453294973));
#10689=CARTESIAN_POINT('',(3.58732406867153E-42,-18.2375873206622,-47.1423218465275));
#10690=CARTESIAN_POINT('Origin',(2.03163878844452E-43,-18.2375873206622,
-47.1423218465275));
#10691=CARTESIAN_POINT('',(-1.,-18.0931236077286,-23.4881055498536));
#10692=CARTESIAN_POINT('Origin',(-3.19042263883087,-2.90709652190124,-58.1354900197276));
#10693=CARTESIAN_POINT('',(-1.02124060189396,13.629433861992,-49.7031401544167));
#10694=CARTESIAN_POINT('Origin',(-3.58732406867153E-42,-16.2629453337254,
-28.521255950556));
#10695=CARTESIAN_POINT('',(-1.,-0.384686819326995,-20.2627298808438));
#10696=CARTESIAN_POINT('Ctrl Pts',(-0.104157522985186,2.61276742206295,
-55.2645218904431));
#10697=CARTESIAN_POINT('Ctrl Pts',(-0.104157325870918,2.61276517330178,
-55.2645251925968));
#10698=CARTESIAN_POINT('Ctrl Pts',(-0.121439271288423,2.58185598732607,
-55.2806015348444));
#10699=CARTESIAN_POINT('Ctrl Pts',(-0.215433491866371,2.4137450036203,-55.3680386388742));
#10700=CARTESIAN_POINT('Ctrl Pts',(-0.508984775133001,1.88872128732577,
-55.6411115356464));
#10701=CARTESIAN_POINT('Ctrl Pts',(-0.816943093750272,1.33793023267588,
-55.927586420764));
#10702=CARTESIAN_POINT('Ctrl Pts',(-1.02124060189396,0.972539096375222,
-56.1176319614659));
#10703=CARTESIAN_POINT('Ctrl Pts',(-0.0651819453501452,2.6824736034517,
-55.2282687676779));
#10704=CARTESIAN_POINT('Ctrl Pts',(-0.0651819453501452,2.69037821623566,
-55.2434665746692));
#10705=CARTESIAN_POINT('Ctrl Pts',(-0.0761399838246662,2.66736337351606,
-55.2802892462739));
#10706=CARTESIAN_POINT('Ctrl Pts',(-0.136106942407426,2.509744570818,-55.4174869699714));
#10707=CARTESIAN_POINT('Ctrl Pts',(-0.327943506920391,1.96433072072276,
-55.7356651860268));
#10708=CARTESIAN_POINT('Ctrl Pts',(-0.551524644297364,1.36339086715666,
-55.9800311021304));
#10709=CARTESIAN_POINT('Ctrl Pts',(-0.718063582639353,0.96962733748536,
-56.1118865607451));
#10710=CARTESIAN_POINT('Ctrl Pts',(-0.0151841045035177,2.81246440543277,
-55.1606585555121));
#10711=CARTESIAN_POINT('Ctrl Pts',(-0.0151841045035179,2.83511209264925,
-55.204202140571));
#10712=CARTESIAN_POINT('Ctrl Pts',(-0.0177358224897151,2.82829752624356,
-55.2789189864612));
#10713=CARTESIAN_POINT('Ctrl Pts',(-0.0318862185147712,2.70171138443671,
-55.5125202295014));
#10714=CARTESIAN_POINT('Ctrl Pts',(-0.0784122888665405,2.16277214744256,
-55.9557966784443));
#10715=CARTESIAN_POINT('Ctrl Pts',(-0.137525878563775,1.5145388605813,-56.2218358764616));
#10716=CARTESIAN_POINT('Ctrl Pts',(-0.188093898272629,1.08140664209415,
-56.3324463397525));
#10717=CARTESIAN_POINT('Ctrl Pts',(1.30529237321402E-16,2.94864035352875,
-55.0898313538769));
#10718=CARTESIAN_POINT('Ctrl Pts',(1.07085433672211E-16,2.98673136192366,
-55.1630670466948));
#10719=CARTESIAN_POINT('Ctrl Pts',(-2.79991271142148E-5,2.99816850347673,
-55.2772584247723));
#10720=CARTESIAN_POINT('Ctrl Pts',(-9.1347175638607E-5,2.91327907370677,
-55.615320953971));
#10721=CARTESIAN_POINT('Ctrl Pts',(-0.000167188918586307,2.41681350822946,
-56.2232457805375));
#10722=CARTESIAN_POINT('Ctrl Pts',(-0.000556660571134448,1.772022436389,
-56.6107513515559));
#10723=CARTESIAN_POINT('Ctrl Pts',(-1.6521162732424E-15,1.32168184591152,
-56.8065506119196));
#10724=CARTESIAN_POINT('Ctrl Pts',(-1.38777878078145E-16,3.00700029118551,
-55.0594774541639));
#10725=CARTESIAN_POINT('Ctrl Pts',(-4.9266828172635E-17,3.05170963575068,
-55.1454378937174));
#10726=CARTESIAN_POINT('Ctrl Pts',(5.39532006197062E-17,3.07097263652599,
-55.2765557709127));
#10727=CARTESIAN_POINT('Ctrl Pts',(1.80163516101135E-16,3.00395543782641,
-55.6594039527978));
#10728=CARTESIAN_POINT('Ctrl Pts',(2.41470768786749E-15,2.52567208974831,
-56.3379076302816));
#10729=CARTESIAN_POINT('Ctrl Pts',(-2.34392964178999E-16,1.88228771936732,
-56.7774107850941));
#10730=CARTESIAN_POINT('Ctrl Pts',(0.,1.42449527739049,-57.009419182317));
#10731=CARTESIAN_POINT('Origin',(-1.,1.4244952773905,-57.009419182317));
#10732=CARTESIAN_POINT('Ctrl Pts',(0.,-6.9263615694795,-58.6177403509832));
#10733=CARTESIAN_POINT('Ctrl Pts',(-1.52979854161137E-27,-6.45291185280423,
-58.9572410509465));
#10734=CARTESIAN_POINT('Ctrl Pts',(-1.15406759760359E-27,-5.20458260137023,
-59.5579667606649));
#10735=CARTESIAN_POINT('Ctrl Pts',(2.38438586143076E-27,-3.79255336971393,
-59.5222962563676));
#10736=CARTESIAN_POINT('Ctrl Pts',(0.,-3.05462168797115,-59.2794277119903));
#10737=CARTESIAN_POINT('Ctrl Pts',(0.,-6.75200612958965,-58.3745934778676));
#10738=CARTESIAN_POINT('Ctrl Pts',(-4.5854958939407E-18,-6.30708122656407,
-58.6936396419862));
#10739=CARTESIAN_POINT('Ctrl Pts',(-8.92031846707807E-16,-5.13873486713746,
-59.2540922291562));
#10740=CARTESIAN_POINT('Ctrl Pts',(-2.67146812692786E-15,-3.83149739303602,
-59.2201260988467));
#10741=CARTESIAN_POINT('Ctrl Pts',(-2.47230195912445E-15,-3.14815859929386,
-58.9952252004861));
#10742=CARTESIAN_POINT('Ctrl Pts',(-0.251217047193242,-6.45020781160377,
-57.9537215086524));
#10743=CARTESIAN_POINT('Ctrl Pts',(-0.251217047193242,-6.05428014131489,
-58.237632801581));
#10744=CARTESIAN_POINT('Ctrl Pts',(-0.251217047193243,-5.02456214840148,
-58.7286817034846));
#10745=CARTESIAN_POINT('Ctrl Pts',(-0.251217047193246,-3.89962940241405,
-58.6973262710715));
#10746=CARTESIAN_POINT('Ctrl Pts',(-0.251217047193245,-3.31006511924312,
-58.5032884992653));
#10747=CARTESIAN_POINT('Ctrl Pts',(-0.775600524743586,-6.34362143709744,
-57.8050817891558));
#10748=CARTESIAN_POINT('Ctrl Pts',(-0.775600524743586,-5.96517474463997,
-58.076457845499));
#10749=CARTESIAN_POINT('Ctrl Pts',(-0.775600524743587,-4.98433063336515,
-58.5428519608489));
#10750=CARTESIAN_POINT('Ctrl Pts',(-0.775600524743588,-3.92335368680843,
-58.5125773725969));
#10751=CARTESIAN_POINT('Ctrl Pts',(-0.775600524743587,-3.36724578574086,
-58.3295507865448));
#10752=CARTESIAN_POINT('Ctrl Pts',(-1.,-6.34362143709744,-57.8050817891558));
#10753=CARTESIAN_POINT('Ctrl Pts',(-1.,-5.96509759415514,-58.0765131684671));
#10754=CARTESIAN_POINT('Ctrl Pts',(-1.,-4.98429089065786,-58.5429699482055));
#10755=CARTESIAN_POINT('Ctrl Pts',(-1.,-3.92350134308515,-58.5126259693245));
#10756=CARTESIAN_POINT('Ctrl Pts',(-1.,-3.36724578574086,-58.3295507865448));
#10757=CARTESIAN_POINT('Origin',(-1.,-6.9263615694795,-58.6177403509832));
#10758=CARTESIAN_POINT('Ctrl Pts',(2.69946136167533E-41,-3.05462168797116,
-59.2794277119903));
#10759=CARTESIAN_POINT('Ctrl Pts',(-1.29146344324896E-17,-3.05522268730409,
-59.2779801043804));
#10760=CARTESIAN_POINT('Ctrl Pts',(-3.91716142731192E-6,-3.0558236258229,
-59.276532569631));
#10761=CARTESIAN_POINT('Ctrl Pts',(-1.17437090429622E-5,-3.05642449920037,
-59.2750851177087));
#10762=CARTESIAN_POINT('Ctrl Pts',(-0.000229561358937134,-3.07314717609328,
-59.2348016374903));
#10763=CARTESIAN_POINT('Ctrl Pts',(-0.00347012537373595,-3.08976841507297,
-59.1947124803918));
#10764=CARTESIAN_POINT('Ctrl Pts',(-0.00953632592640439,-3.10619328468396,
-59.1550281273275));
#10765=CARTESIAN_POINT('Ctrl Pts',(-0.0158350674573772,-3.12324778320596,
-59.1138225192033));
#10766=CARTESIAN_POINT('Ctrl Pts',(-0.0251804321685527,-3.14009085661969,
-59.0730523330953));
#10767=CARTESIAN_POINT('Ctrl Pts',(-0.0374089209873236,-3.15662086460645,
-59.0329582006858));
#10768=CARTESIAN_POINT('Ctrl Pts',(-0.0496374098060945,-3.1731508725932,
-58.9928640682763));
#10769=CARTESIAN_POINT('Ctrl Pts',(-0.0647495649014905,-3.18936814713525,
-58.9534449427151));
#10770=CARTESIAN_POINT('Ctrl Pts',(-0.0826317964103468,-3.2051708321588,
-58.9149619868213));
#10771=CARTESIAN_POINT('Ctrl Pts',(-0.100332132889974,-3.22081277494763,
-58.8768704730349));
#10772=CARTESIAN_POINT('Ctrl Pts',(-0.120632033313729,-3.23594699483092,
-58.8399423039729));
#10773=CARTESIAN_POINT('Ctrl Pts',(-0.143366200104498,-3.25047843641792,
-58.8044079193965));
#10774=CARTESIAN_POINT('Ctrl Pts',(-0.165873024805538,-3.26486456331944,
-58.7692288793253));
#10775=CARTESIAN_POINT('Ctrl Pts',(-0.190766278015716,-3.27866025640341,
-58.735414992634));
#10776=CARTESIAN_POINT('Ctrl Pts',(-0.21792988337709,-3.29177228524517,
-58.7032129581909));
#10777=CARTESIAN_POINT('Ctrl Pts',(-0.243221137410115,-3.30398051931107,
-58.6732305673172));
#10778=CARTESIAN_POINT('Ctrl Pts',(-0.270481283017013,-3.31559631059305,
-58.6446451007412));
#10779=CARTESIAN_POINT('Ctrl Pts',(-0.299645170429649,-3.3265395948652,
-58.6176842463371));
#10780=CARTESIAN_POINT('Ctrl Pts',(-0.324009912318627,-3.33568207621331,
-58.5951600111635));
#10781=CARTESIAN_POINT('Ctrl Pts',(-0.349582668163107,-3.34430790540549,
-58.5738820129826));
#10782=CARTESIAN_POINT('Ctrl Pts',(-0.376302398541537,-3.35237891133425,
-58.5539616623999));
#10783=CARTESIAN_POINT('Ctrl Pts',(-0.410519479714956,-3.36271457943809,
-58.5284518146868));
#10784=CARTESIAN_POINT('Ctrl Pts',(-0.446616730152608,-3.3721410784729,
-58.5051666735712));
#10785=CARTESIAN_POINT('Ctrl Pts',(-0.48429050034785,-3.38063155768626,
-58.4841713800211));
#10786=CARTESIAN_POINT('Ctrl Pts',(-0.522358120837745,-3.38921079833024,
-58.4629565968232));
#10787=CARTESIAN_POINT('Ctrl Pts',(-0.562036495623426,-3.39683458165904,
-58.4440793674429));
#10788=CARTESIAN_POINT('Ctrl Pts',(-0.603036194944951,-3.40346003083844,
-58.4276507853453));
#10789=CARTESIAN_POINT('Ctrl Pts',(-0.6091245673129,-3.404443896632,-58.4252111741545));
#10790=CARTESIAN_POINT('Ctrl Pts',(-0.615242101830199,-3.40540571662987,
-58.4228256446087));
#10791=CARTESIAN_POINT('Ctrl Pts',(-0.621387871563743,-3.40634531707726,
-58.4204946510067));
#10792=CARTESIAN_POINT('Ctrl Pts',(-0.662653327955197,-3.41265421620108,
-58.4048433137449));
#10793=CARTESIAN_POINT('Ctrl Pts',(-0.704919427555724,-3.41791823376811,
-58.391748685875));
#10794=CARTESIAN_POINT('Ctrl Pts',(-0.747876642288596,-3.42212281745081,
-58.3812762452102));
#10795=CARTESIAN_POINT('Ctrl Pts',(-0.7903773484609,-3.4262827188035,-58.3709150957183));
#10796=CARTESIAN_POINT('Ctrl Pts',(-0.833555706811172,-3.42940571507462,
-58.3631204520889));
#10797=CARTESIAN_POINT('Ctrl Pts',(-0.877128743230439,-3.43145778244204,
-58.3579982027161));
#10798=CARTESIAN_POINT('Ctrl Pts',(-0.917817468721515,-3.43337401350289,
-58.3532150199097));
#10799=CARTESIAN_POINT('Ctrl Pts',(-0.958851218711367,-3.4343563502214,
-58.3507623128228));
#10800=CARTESIAN_POINT('Ctrl Pts',(-1.,-3.43435938406666,-58.3507633759149));
#10801=CARTESIAN_POINT('Origin',(-1.,-15.4645791714233,-52.4951665058551));
#10802=CARTESIAN_POINT('Origin',(-1.,-17.1215279001721,-51.3070038913247));
#10803=CARTESIAN_POINT('Ctrl Pts',(0.,-19.2375686715452,-47.1362146469906));
#10804=CARTESIAN_POINT('Ctrl Pts',(3.19582081163027E-29,-19.2474592578979,
-48.7556806300971));
#10805=CARTESIAN_POINT('Ctrl Pts',(4.25254018465866E-27,-18.4376253409869,
-50.3632584699223));
#10806=CARTESIAN_POINT('Ctrl Pts',(0.,-17.1215279001721,-51.3070038913247));
#10807=CARTESIAN_POINT('Ctrl Pts',(-1.31245761317691E-15,-18.9383749510061,
-47.1380419168191));
#10808=CARTESIAN_POINT('Ctrl Pts',(-2.17195484169584E-15,-18.9476818400752,
-48.6619344059443));
#10809=CARTESIAN_POINT('Ctrl Pts',(-2.24149199930151E-15,-18.1839765085323,
-50.1769711984286));
#10810=CARTESIAN_POINT('Ctrl Pts',(-2.54672490285705E-15,-16.9471724602823,
-51.0638570182091));
#10811=CARTESIAN_POINT('Ctrl Pts',(-0.251222170044954,-18.4204955548876,
-47.1412047686117));
#10812=CARTESIAN_POINT('Ctrl Pts',(-0.251222170044955,-18.4287998238518,
-48.5009301299311));
#10813=CARTESIAN_POINT('Ctrl Pts',(-0.251222170044955,-17.7459790663789,
-49.8537722816807));
#10814=CARTESIAN_POINT('Ctrl Pts',(-0.251222170044956,-16.6453777242249,
-50.642990044162));
#10815=CARTESIAN_POINT('Ctrl Pts',(-0.775600524743587,-18.2375873206622,
-47.1423218465275));
#10816=CARTESIAN_POINT('Ctrl Pts',(-0.775600524743587,-18.2455338800406,
-48.4434765139215));
#10817=CARTESIAN_POINT('Ctrl Pts',(-0.775600524743587,-17.5907954169362,
-49.7399730684683));
#10818=CARTESIAN_POINT('Ctrl Pts',(-0.775600524743587,-16.53878776779,-50.4943453294973));
#10819=CARTESIAN_POINT('Ctrl Pts',(-1.,-18.2375873206622,-47.1423218465275));
#10820=CARTESIAN_POINT('Ctrl Pts',(-1.,-18.2455354587548,-48.4437350096119));
#10821=CARTESIAN_POINT('Ctrl Pts',(-1.,-17.5910098801665,-49.7398192814572));
#10822=CARTESIAN_POINT('Ctrl Pts',(-1.,-16.53878776779,-50.4943453294973));
#10823=CARTESIAN_POINT('Origin',(-1.,-19.2375686715452,-47.1362146469906));
#10824=CARTESIAN_POINT('Origin',(-1.,-19.0931049586116,-23.4819983503167));
#10825=CARTESIAN_POINT('Origin',(-1.,-19.1443647138263,-31.8751741350209));
#10826=CARTESIAN_POINT('Ctrl Pts',(0.,-16.7502365358541,-27.6475301388691));
#10827=CARTESIAN_POINT('Ctrl Pts',(2.01777964299863E-27,-17.3747090884848,
-28.0173416898715));
#10828=CARTESIAN_POINT('Ctrl Pts',(3.01474176987701E-27,-18.6313320936893,
-29.2173876131383));
#10829=CARTESIAN_POINT('Ctrl Pts',(-1.90939837987692E-29,-19.1384554120628,
-30.9075961928702));
#10830=CARTESIAN_POINT('Ctrl Pts',(0.,-19.1443647138263,-31.875174135021));
#10831=CARTESIAN_POINT('Ctrl Pts',(4.6623044731267E-16,-16.5977791601177,
-27.9049732780448));
#10832=CARTESIAN_POINT('Ctrl Pts',(2.03115116761668E-16,-17.1830411506923,
-28.2515644029316));
#10833=CARTESIAN_POINT('Ctrl Pts',(-3.8099246191271E-16,-18.3619297278283,
-29.3769803682278));
#10834=CARTESIAN_POINT('Ctrl Pts',(-1.31901934483224E-15,-18.8396104315543,
-30.966525498552));
#10835=CARTESIAN_POINT('Ctrl Pts',(-1.32868702946323E-15,-18.8451709932871,
-31.8770014048494));
#10836=CARTESIAN_POINT('Ctrl Pts',(-0.251185020865634,-16.3338654355512,
-28.350624250297));
#10837=CARTESIAN_POINT('Ctrl Pts',(-0.251185020865635,-16.8517752232897,
-28.6573295187288));
#10838=CARTESIAN_POINT('Ctrl Pts',(-0.251185020865636,-17.8963606587807,
-29.6533678704794));
#10839=CARTESIAN_POINT('Ctrl Pts',(-0.251185020865637,-18.3222854952017,
-31.0677731105065));
#10840=CARTESIAN_POINT('Ctrl Pts',(-0.251185020865637,-18.3272470242238,
-31.8801645288629));
#10841=CARTESIAN_POINT('Ctrl Pts',(-0.775600524743586,-16.2406852917095,
-28.5079704503322));
#10842=CARTESIAN_POINT('Ctrl Pts',(-0.775600524743586,-16.7345655108598,
-28.8004454503686));
#10843=CARTESIAN_POINT('Ctrl Pts',(-0.775600524743586,-17.7316085211772,
-29.7508940477216));
#10844=CARTESIAN_POINT('Ctrl Pts',(-0.775600524743587,-18.1396355536958,
-31.103883989612));
#10845=CARTESIAN_POINT('Ctrl Pts',(-0.775600524743587,-18.1443833629433,
-31.8812813345579));
#10846=CARTESIAN_POINT('Ctrl Pts',(-1.,-16.2406852917095,-28.5079704503322));
#10847=CARTESIAN_POINT('Ctrl Pts',(-1.,-16.7346715628716,-28.8005082541841));
#10848=CARTESIAN_POINT('Ctrl Pts',(-1.,-17.7317672608767,-29.750918739564));
#10849=CARTESIAN_POINT('Ctrl Pts',(-1.,-18.1396346104657,-31.1037295468939));
#10850=CARTESIAN_POINT('Ctrl Pts',(-1.,-18.1443833629433,-31.8812813345579));
#10851=CARTESIAN_POINT('Ctrl Pts',(-1.,-16.2629446285512,-28.521257165926));
#10852=CARTESIAN_POINT('Ctrl Pts',(-0.956117981883691,-16.262943703203,
-28.5212566218663));
#10853=CARTESIAN_POINT('Ctrl Pts',(-0.912362976688258,-16.2644080399671,
-28.5186452718631));
#10854=CARTESIAN_POINT('Ctrl Pts',(-0.869014373030028,-16.2672598051094,
-28.5135581173451));
#10855=CARTESIAN_POINT('Ctrl Pts',(-0.824884354911191,-16.2701629769946,
-28.5083792603091));
#10856=CARTESIAN_POINT('Ctrl Pts',(-0.781174378132288,-16.2745041564255,
-28.5006343210116));
#10857=CARTESIAN_POINT('Ctrl Pts',(-0.738180899258827,-16.2802269265149,
-28.4904184366087));
#10858=CARTESIAN_POINT('Ctrl Pts',(-0.698143549468556,-16.2855562125798,
-28.480904972056));
#10859=CARTESIAN_POINT('Ctrl Pts',(-0.65872681671839,-16.2920839921317,
-28.469248007826));
#10860=CARTESIAN_POINT('Ctrl Pts',(-0.620184788051323,-16.2997828487271,
-28.4554910921453));
#10861=CARTESIAN_POINT('Ctrl Pts',(-0.578819964237645,-16.3080455649786,
-28.4407266281814));
#10862=CARTESIAN_POINT('Ctrl Pts',(-0.538731427550422,-16.3176040042426,
-28.4236401938059));
#10863=CARTESIAN_POINT('Ctrl Pts',(-0.50020830805197,-16.3283981695853,
-28.404338527099));
#10864=CARTESIAN_POINT('Ctrl Pts',(-0.46209481618728,-16.3390775574006,
-28.385242100678));
#10865=CARTESIAN_POINT('Ctrl Pts',(-0.425512549458488,-16.3509667505715,
-28.3639768837624));
#10866=CARTESIAN_POINT('Ctrl Pts',(-0.39076290297488,-16.3640305493153,
-28.3406068435242));
#10867=CARTESIAN_POINT('Ctrl Pts',(-0.385901293711187,-16.3658582250305,
-28.3373372849643));
#10868=CARTESIAN_POINT('Ctrl Pts',(-0.381075604190647,-16.3677089253749,
-28.3340264706156));
#10869=CARTESIAN_POINT('Ctrl Pts',(-0.376286712176992,-16.3695825865265,
-28.3306745202673));
#10870=CARTESIAN_POINT('Ctrl Pts',(-0.349018625415875,-16.3802512661914,
-28.3115884200467));
#10871=CARTESIAN_POINT('Ctrl Pts',(-0.322942312757605,-16.3916638583776,
-28.2911694543459));
#10872=CARTESIAN_POINT('Ctrl Pts',(-0.29812369765115,-16.4037579324176,
-28.2695245235529));
#10873=CARTESIAN_POINT('Ctrl Pts',(-0.266983602890901,-16.418932454043,
-28.242366473312));
#10874=CARTESIAN_POINT('Ctrl Pts',(-0.238021643918485,-16.4350825976131,
-28.2134539740328));
#10875=CARTESIAN_POINT('Ctrl Pts',(-0.211320584936287,-16.4520623074507,
-28.1830396696643));
#10876=CARTESIAN_POINT('Ctrl Pts',(-0.184157031870328,-16.4693361260481,
-28.1520985533877));
#10877=CARTESIAN_POINT('Ctrl Pts',(-0.15933275190276,-16.4874689626635,
-28.1196023321267));
#10878=CARTESIAN_POINT('Ctrl Pts',(-0.136973951988356,-16.5063272489273,
-28.0857860636836));
#10879=CARTESIAN_POINT('Ctrl Pts',(-0.116472907481222,-16.523618631627,
-28.0547795326055));
#10880=CARTESIAN_POINT('Ctrl Pts',(-0.0980447706916128,-16.54152045064,
-28.0226623262806));
#10881=CARTESIAN_POINT('Ctrl Pts',(-0.0818218058873706,-16.5599391014874,
-27.9896025111834));
#10882=CARTESIAN_POINT('Ctrl Pts',(-0.0641276644946877,-16.5800280443095,
-27.9535446728163));
#10883=CARTESIAN_POINT('Ctrl Pts',(-0.0491725438041228,-16.6005998106989,
-27.9166028536313));
#10884=CARTESIAN_POINT('Ctrl Pts',(-0.0370687477557376,-16.6215195466193,
-27.8790161243172));
#10885=CARTESIAN_POINT('Ctrl Pts',(-0.0252144534384254,-16.6420080533365,
-27.8422041894552));
#10886=CARTESIAN_POINT('Ctrl Pts',(-0.0160948135116485,-16.6628308767531,
-27.8047727533187));
#10887=CARTESIAN_POINT('Ctrl Pts',(-0.00986068956757522,-16.6838717286526,
-27.7669322339016));
#10888=CARTESIAN_POINT('Ctrl Pts',(-0.00362656562350199,-16.7049125805521,
-27.7290917144844));
#10889=CARTESIAN_POINT('Ctrl Pts',(-0.00027744831463344,-16.7261719491125,
-27.690841288622));
#10890=CARTESIAN_POINT('Ctrl Pts',(-1.64952855607476E-5,-16.7475364451513,
-27.6523897934896));
#10891=CARTESIAN_POINT('Ctrl Pts',(-5.50272155464656E-6,-16.7484364178054,
-27.6507700363905));
#10892=CARTESIAN_POINT('Ctrl Pts',(2.88676954653103E-18,-16.7493364509337,
-27.6491501462393));
#10893=CARTESIAN_POINT('Ctrl Pts',(3.70433188804231E-41,-16.7502365358541,
-27.6475301388691));
#10894=CARTESIAN_POINT('Origin',(-1.,14.0813900430073,-50.5949273752677));
#10895=CARTESIAN_POINT('Origin',(-1.,-0.846120111671702,-19.3755549732208));
#10896=CARTESIAN_POINT('Origin',(-6.90538692062827,-1.69316203126532,-40.8421882970874));
#10897=CARTESIAN_POINT('',(1.83187910660246,12.5270392318116,-29.617104009513));
#10898=CARTESIAN_POINT('',(-0.751000804212844,4.66521845531398,-24.8803782401941));
#10899=CARTESIAN_POINT('Origin',(-1.64659164253931,5.07028339786634,-24.6964232385748));
#10900=CARTESIAN_POINT('Ctrl Pts',(-2.05247184014099E-26,15.6020936400732,
-35.5315143613792));
#10901=CARTESIAN_POINT('Ctrl Pts',(-2.05481740386857E-26,15.6093528082058,
-35.4560128724509));
#10902=CARTESIAN_POINT('Ctrl Pts',(-2.05716296759614E-26,15.6166119763385,
-35.3805113835226));
#10903=CARTESIAN_POINT('Ctrl Pts',(-2.05950853132372E-26,15.6238711444711,
-35.3050098945944));
#10904=CARTESIAN_POINT('Ctrl Pts',(0.306161473066304,15.1390764068893,-35.4869970943464));
#10905=CARTESIAN_POINT('Ctrl Pts',(0.306161473066304,15.146335575022,-35.4114956054181));
#10906=CARTESIAN_POINT('Ctrl Pts',(0.305946496581338,15.1530943345259,-35.3359460041887));
#10907=CARTESIAN_POINT('Ctrl Pts',(0.305508516916208,15.1593545007101,-35.2603484651929));
#10908=CARTESIAN_POINT('Ctrl Pts',(0.612322946132608,14.6760591737055,-35.4424798273135));
#10909=CARTESIAN_POINT('Ctrl Pts',(0.612322946132608,14.6833183418382,-35.3669783383852));
#10910=CARTESIAN_POINT('Ctrl Pts',(0.611892993162677,14.6895766927133,-35.2913806248547));
#10911=CARTESIAN_POINT('Ctrl Pts',(0.611017033832417,14.6948378569492,-35.2156870357914));
#10912=CARTESIAN_POINT('Ctrl Pts',(0.918484419198912,14.2130419405217,-35.3979625602807));
#10913=CARTESIAN_POINT('Ctrl Pts',(0.918484419198912,14.2203011086543,-35.3224610713524));
#10914=CARTESIAN_POINT('Ctrl Pts',(0.917839489744015,14.2260590509008,-35.2468152455207));
#10915=CARTESIAN_POINT('Ctrl Pts',(0.916525550748625,14.2303212131882,-35.1710256063899));
#10916=CARTESIAN_POINT('',(0.900690207531446,14.2399526637111,-35.4005499193775));
#10917=CARTESIAN_POINT('Ctrl Pts',(0.900690207531443,14.2399526637111,-35.4005499193775));
#10918=CARTESIAN_POINT('Ctrl Pts',(0.901999618686467,14.2383068817699,-35.3968806495461));
#10919=CARTESIAN_POINT('Ctrl Pts',(0.903307822719989,14.2366576299061,-35.3932125092413));
#10920=CARTESIAN_POINT('Ctrl Pts',(0.904614789525032,14.2350048972216,-35.389545485814));
#10921=CARTESIAN_POINT('Ctrl Pts',(0.909160434765859,14.229256674365,-35.3767915371096));
#10922=CARTESIAN_POINT('Ctrl Pts',(0.913687128968086,14.2234713286836,-35.3640629402943));
#10923=CARTESIAN_POINT('Ctrl Pts',(0.918193782349286,14.2176486704787,-35.3513568409008));
#10924=CARTESIAN_POINT('',(0.918484419198912,14.2130419405217,-35.3979625602807));
#10925=CARTESIAN_POINT('Origin',(0.459242209599456,16.5662932618058,-18.2125904827695));
#10926=CARTESIAN_POINT('',(1.7715897611387,13.4793726593965,-29.4857666979942));
#10927=CARTESIAN_POINT('Origin',(0.936288268275994,12.932104174364,-29.4331490078937));
#10928=CARTESIAN_POINT('',(0.,0.,0.));
#10929=CARTESIAN_POINT('',(1.65164318552353,140.,1.21397517922666));
#10930=CARTESIAN_POINT('',(221.651643185524,139.999999999999,1.21397517922646));
#10931=CARTESIAN_POINT('',(14.2099579775446,1.36287990514326,63.3256704692936));
#10932=UNCERTAINTY_MEASURE_WITH_UNIT(LENGTH_MEASURE(0.01),#10942,
'DISTANCE_ACCURACY_VALUE',
'Maximum model space distance between geometric entities at asserted c
onnectivities');
#10933=UNCERTAINTY_MEASURE_WITH_UNIT(LENGTH_MEASURE(0.01),#10942,
'DISTANCE_ACCURACY_VALUE',
'Maximum model space distance between geometric entities at asserted c
onnectivities');
#10934=UNCERTAINTY_MEASURE_WITH_UNIT(LENGTH_MEASURE(0.01),#10942,
'DISTANCE_ACCURACY_VALUE',
'Maximum model space distance between geometric entities at asserted c
onnectivities');
#10935=UNCERTAINTY_MEASURE_WITH_UNIT(LENGTH_MEASURE(0.01),#10942,
'DISTANCE_ACCURACY_VALUE',
'Maximum model space distance between geometric entities at asserted c
onnectivities');
#10936=UNCERTAINTY_MEASURE_WITH_UNIT(LENGTH_MEASURE(0.01),#10942,
'DISTANCE_ACCURACY_VALUE',
'Maximum model space distance between geometric entities at asserted c
onnectivities');
#10937=(
GEOMETRIC_REPRESENTATION_CONTEXT(3)
GLOBAL_UNCERTAINTY_ASSIGNED_CONTEXT((#10932))
GLOBAL_UNIT_ASSIGNED_CONTEXT((#10942,#10944,#10945))
REPRESENTATION_CONTEXT('','3D')
);
#10938=(
GEOMETRIC_REPRESENTATION_CONTEXT(3)
GLOBAL_UNCERTAINTY_ASSIGNED_CONTEXT((#10933))
GLOBAL_UNIT_ASSIGNED_CONTEXT((#10942,#10944,#10945))
REPRESENTATION_CONTEXT('','3D')
);
#10939=(
GEOMETRIC_REPRESENTATION_CONTEXT(3)
GLOBAL_UNCERTAINTY_ASSIGNED_CONTEXT((#10934))
GLOBAL_UNIT_ASSIGNED_CONTEXT((#10942,#10944,#10945))
REPRESENTATION_CONTEXT('','3D')
);
#10940=(
GEOMETRIC_REPRESENTATION_CONTEXT(3)
GLOBAL_UNCERTAINTY_ASSIGNED_CONTEXT((#10935))
GLOBAL_UNIT_ASSIGNED_CONTEXT((#10942,#10944,#10945))
REPRESENTATION_CONTEXT('','3D')
);
#10941=(
GEOMETRIC_REPRESENTATION_CONTEXT(3)
GLOBAL_UNCERTAINTY_ASSIGNED_CONTEXT((#10936))
GLOBAL_UNIT_ASSIGNED_CONTEXT((#10942,#10944,#10945))
REPRESENTATION_CONTEXT('','3D')
);
#10942=(
LENGTH_UNIT()
NAMED_UNIT(*)
SI_UNIT(.MILLI.,.METRE.)
);
#10943=(
LENGTH_UNIT()
NAMED_UNIT(*)
SI_UNIT($,.METRE.)
);
#10944=(
NAMED_UNIT(*)
PLANE_ANGLE_UNIT()
SI_UNIT($,.RADIAN.)
);
#10945=(
NAMED_UNIT(*)
SI_UNIT($,.STERADIAN.)
SOLID_ANGLE_UNIT()
);
#10946=SHAPE_DEFINITION_REPRESENTATION(#10950,#10957);
#10947=SHAPE_DEFINITION_REPRESENTATION(#10951,#10958);
#10948=SHAPE_DEFINITION_REPRESENTATION(#10952,#10959);
#10949=SHAPE_DEFINITION_REPRESENTATION(#10953,#10960);
#10950=PRODUCT_DEFINITION_SHAPE('',$,#10962);
#10951=PRODUCT_DEFINITION_SHAPE('',$,#10963);
#10952=PRODUCT_DEFINITION_SHAPE('',$,#10964);
#10953=PRODUCT_DEFINITION_SHAPE('',$,#10965);
#10954=PRODUCT_DEFINITION_SHAPE($,$,#20);
#10955=PRODUCT_DEFINITION_SHAPE($,$,#21);
#10956=PRODUCT_DEFINITION_SHAPE($,$,#22);
#10957=SHAPE_REPRESENTATION('',(#5220,#5668,#5669,#5670),#10937);
#10958=SHAPE_REPRESENTATION('',(#5221),#10938);
#10959=SHAPE_REPRESENTATION('',(#5442),#10939);
#10960=SHAPE_REPRESENTATION('',(#5667),#10940);
#10961=PRODUCT_DEFINITION_CONTEXT('part definition',#10975,'design');
#10962=PRODUCT_DEFINITION('(Unsaved)','URBI_Assembly_OFS v4',#10966,#10961);
#10963=PRODUCT_DEFINITION('URBI','URBI-OPTOTAPFS',#10967,#10961);
#10964=PRODUCT_DEFINITION('URBI_1','URBI-CHEAPPOFS',#10968,#10961);
#10965=PRODUCT_DEFINITION('Component52','Component52',#10969,#10961);
#10966=PRODUCT_DEFINITION_FORMATION('',$,#10977);
#10967=PRODUCT_DEFINITION_FORMATION('',$,#10978);
#10968=PRODUCT_DEFINITION_FORMATION('',$,#10979);
#10969=PRODUCT_DEFINITION_FORMATION('',$,#10980);
#10970=PRODUCT_RELATED_PRODUCT_CATEGORY('URBI_Assembly_OFS v4',
'URBI_Assembly_OFS v4',(#10977));
#10971=PRODUCT_RELATED_PRODUCT_CATEGORY('URBI-OPTOTAPFS',
'URBI-OPTOTAPFS',(#10978));
#10972=PRODUCT_RELATED_PRODUCT_CATEGORY('URBI-CHEAPPOFS',
'URBI-CHEAPPOFS',(#10979));
#10973=PRODUCT_RELATED_PRODUCT_CATEGORY('Component52','Component52',(#10980));
#10974=APPLICATION_PROTOCOL_DEFINITION('international standard',
'automotive_design',2009,#10975);
#10975=APPLICATION_CONTEXT(
'Core Data for Automotive Mechanical Design Process');
#10976=PRODUCT_CONTEXT('part definition',#10975,'mechanical');
#10977=PRODUCT('(Unsaved)','URBI_Assembly_OFS v4',$,(#10976));
#10978=PRODUCT('URBI','URBI-OPTOTAPFS',$,(#10976));
#10979=PRODUCT('URBI_1','URBI-CHEAPPOFS',$,(#10976));
#10980=PRODUCT('Component52','Component52',$,(#10976));
#10981=PRESENTATION_STYLE_ASSIGNMENT((#10983));
#10982=PRESENTATION_STYLE_ASSIGNMENT((#10984));
#10983=SURFACE_STYLE_USAGE(.BOTH.,#10985);
#10984=SURFACE_STYLE_USAGE(.BOTH.,#10986);
#10985=SURFACE_SIDE_STYLE('',(#10987));
#10986=SURFACE_SIDE_STYLE('',(#10988));
#10987=SURFACE_STYLE_FILL_AREA(#10989);
#10988=SURFACE_STYLE_FILL_AREA(#10990);
#10989=FILL_AREA_STYLE('Steel - Satin',(#10991));
#10990=FILL_AREA_STYLE('Opaque(57,57,57)',(#10992));
#10991=FILL_AREA_STYLE_COLOUR('Steel - Satin',#10993);
#10992=FILL_AREA_STYLE_COLOUR('Opaque(57,57,57)',#10994);
#10993=COLOUR_RGB('Steel - Satin',0.627450980392157,0.627450980392157,0.627450980392157);
#10994=COLOUR_RGB('Opaque(57,57,57)',0.223529411764706,0.223529411764706,
0.223529411764706);
ENDSEC;
END-ISO-10303-21;
