ISO-10303-21;
HEADER;
/* Generated by software containing ST-Developer
 * from STEP Tools, Inc. (www.steptools.com) 
 */

FILE_DESCRIPTION(
/* description */ (''),
/* implementation_level */ '2;1');

FILE_NAME(
/* name */ 'front_belt_guard.step',
/* time_stamp */ '2025-11-25T09:29:28+01:00',
/* author */ (''),
/* organization */ (''),
/* preprocessor_version */ 'ST-DEVELOPER v20.1',
/* originating_system */ 'Autodesk Translation Framework v14.21.0.0',
/* authorisation */ '');

FILE_SCHEMA (('AUTOMOTIVE_DESIGN { 1 0 10303 214 3 1 1 }'));
ENDSEC;

DATA;
#10=MECHANICAL_DESIGN_GEOMETRIC_PRESENTATION_REPRESENTATION('',(#23,#24,
#25,#26),#3467);
#11=ITEM_DEFINED_TRANSFORMATION($,$,#2131,#2289);
#12=ITEM_DEFINED_TRANSFORMATION($,$,#2210,#2290);
#13=(
REPRESENTATION_RELATIONSHIP($,$,#3481,#3480)
REPRESENTATION_RELATIONSHIP_WITH_TRANSFORMATION(#11)
SHAPE_REPRESENTATION_RELATIONSHIP()
);
#14=(
REPRESENTATION_RELATIONSHIP($,$,#3482,#3480)
REPRESENTATION_RELATIONSHIP_WITH_TRANSFORMATION(#12)
SHAPE_REPRESENTATION_RELATIONSHIP()
);
#15=CONTEXT_DEPENDENT_SHAPE_REPRESENTATION(#13,#3478);
#16=CONTEXT_DEPENDENT_SHAPE_REPRESENTATION(#14,#3479);
#17=NEXT_ASSEMBLY_USAGE_OCCURRENCE('front_belt_guard:1',
'front_belt_guard:1','front_belt_guard:1',#3484,#3485,
'front_belt_guard:1');
#18=NEXT_ASSEMBLY_USAGE_OCCURRENCE('front_belt_guard(Mirror):1',
'front_belt_guard(Mirror):1','front_belt_guard(Mirror):1',#3484,#3486,
'front_belt_guard(Mirror):1');
#19=SHAPE_REPRESENTATION_RELATIONSHIP('SRR','None',#3481,#21);
#20=SHAPE_REPRESENTATION_RELATIONSHIP('SRR','None',#3482,#22);
#21=ADVANCED_BREP_SHAPE_REPRESENTATION('',(#27,#28),#3465);
#22=ADVANCED_BREP_SHAPE_REPRESENTATION('',(#29,#30),#3466);
#23=STYLED_ITEM('',(#3499),#27);
#24=STYLED_ITEM('',(#3499),#28);
#25=STYLED_ITEM('',(#3499),#29);
#26=STYLED_ITEM('',(#3499),#30);
#27=MANIFOLD_SOLID_BREP('Body1',#2103);
#28=MANIFOLD_SOLID_BREP('Body2',#2104);
#29=MANIFOLD_SOLID_BREP('Body1',#2105);
#30=MANIFOLD_SOLID_BREP('Body2',#2106);
#31=CYLINDRICAL_SURFACE('',#2157,2.);
#32=CYLINDRICAL_SURFACE('',#2161,0.4);
#33=CYLINDRICAL_SURFACE('',#2164,0.4);
#34=CYLINDRICAL_SURFACE('',#2187,0.4);
#35=CYLINDRICAL_SURFACE('',#2189,0.4);
#36=CYLINDRICAL_SURFACE('',#2236,2.);
#37=CYLINDRICAL_SURFACE('',#2240,0.4);
#38=CYLINDRICAL_SURFACE('',#2243,0.4);
#39=CYLINDRICAL_SURFACE('',#2266,0.4);
#40=CYLINDRICAL_SURFACE('',#2268,0.4);
#41=CIRCLE('',#2134,0.4);
#42=CIRCLE('',#2135,0.6);
#43=CIRCLE('',#2138,0.4);
#44=CIRCLE('',#2139,0.6);
#45=CIRCLE('',#2142,0.6);
#46=CIRCLE('',#2143,0.200000000000001);
#47=CIRCLE('',#2144,1.8);
#48=CIRCLE('',#2148,2.);
#49=CIRCLE('',#2152,0.4);
#50=CIRCLE('',#2155,0.4);
#51=CIRCLE('',#2158,2.);
#52=CIRCLE('',#2162,0.4);
#53=CIRCLE('',#2165,0.4);
#54=CIRCLE('',#2170,0.8);
#55=CIRCLE('',#2171,0.799999999999999);
#56=CIRCLE('',#2172,0.799999999999999);
#57=CIRCLE('',#2180,0.4);
#58=CIRCLE('',#2183,0.4);
#59=CIRCLE('',#2213,0.6);
#60=CIRCLE('',#2214,0.4);
#61=CIRCLE('',#2217,0.6);
#62=CIRCLE('',#2218,0.4);
#63=CIRCLE('',#2221,1.8);
#64=CIRCLE('',#2222,0.200000000000001);
#65=CIRCLE('',#2223,0.6);
#66=CIRCLE('',#2227,2.);
#67=CIRCLE('',#2231,0.4);
#68=CIRCLE('',#2234,0.4);
#69=CIRCLE('',#2237,2.);
#70=CIRCLE('',#2241,0.4);
#71=CIRCLE('',#2244,0.4);
#72=CIRCLE('',#2249,0.799999999999999);
#73=CIRCLE('',#2250,0.799999999999999);
#74=CIRCLE('',#2251,0.8);
#75=CIRCLE('',#2259,0.4);
#76=CIRCLE('',#2262,0.4);
#77=CONICAL_SURFACE('',#2133,0.5,0.785398163397448);
#78=CONICAL_SURFACE('',#2137,0.5,0.785398163397448);
#79=CONICAL_SURFACE('',#2147,1.9,0.785398163397442);
#80=CONICAL_SURFACE('',#2151,0.5,0.785398163397447);
#81=CONICAL_SURFACE('',#2154,0.3,0.785398163397447);
#82=CONICAL_SURFACE('',#2177,0.6,0.785398163397448);
#83=CONICAL_SURFACE('',#2179,0.6,0.785398163397448);
#84=CONICAL_SURFACE('',#2182,0.6,0.785398163397448);
#85=CONICAL_SURFACE('',#2185,0.4,0.785398163397449);
#86=CONICAL_SURFACE('',#2212,0.5,0.785398163397448);
#87=CONICAL_SURFACE('',#2216,0.5,0.785398163397448);
#88=CONICAL_SURFACE('',#2226,1.9,0.785398163397442);
#89=CONICAL_SURFACE('',#2230,0.5,0.785398163397447);
#90=CONICAL_SURFACE('',#2233,0.3,0.785398163397447);
#91=CONICAL_SURFACE('',#2256,0.6,0.785398163397448);
#92=CONICAL_SURFACE('',#2258,0.6,0.785398163397448);
#93=CONICAL_SURFACE('',#2261,0.6,0.785398163397448);
#94=CONICAL_SURFACE('',#2264,0.4,0.785398163397449);
#95=FACE_OUTER_BOUND('',#215,.T.);
#96=FACE_OUTER_BOUND('',#216,.T.);
#97=FACE_OUTER_BOUND('',#217,.T.);
#98=FACE_OUTER_BOUND('',#218,.T.);
#99=FACE_OUTER_BOUND('',#219,.T.);
#100=FACE_OUTER_BOUND('',#220,.T.);
#101=FACE_OUTER_BOUND('',#221,.T.);
#102=FACE_OUTER_BOUND('',#222,.T.);
#103=FACE_OUTER_BOUND('',#223,.T.);
#104=FACE_OUTER_BOUND('',#224,.T.);
#105=FACE_OUTER_BOUND('',#225,.T.);
#106=FACE_OUTER_BOUND('',#226,.T.);
#107=FACE_OUTER_BOUND('',#227,.T.);
#108=FACE_OUTER_BOUND('',#228,.T.);
#109=FACE_OUTER_BOUND('',#229,.T.);
#110=FACE_OUTER_BOUND('',#230,.T.);
#111=FACE_OUTER_BOUND('',#231,.T.);
#112=FACE_OUTER_BOUND('',#232,.T.);
#113=FACE_OUTER_BOUND('',#233,.T.);
#114=FACE_OUTER_BOUND('',#234,.T.);
#115=FACE_OUTER_BOUND('',#235,.T.);
#116=FACE_OUTER_BOUND('',#236,.T.);
#117=FACE_OUTER_BOUND('',#237,.T.);
#118=FACE_OUTER_BOUND('',#238,.T.);
#119=FACE_OUTER_BOUND('',#239,.T.);
#120=FACE_OUTER_BOUND('',#240,.T.);
#121=FACE_OUTER_BOUND('',#241,.T.);
#122=FACE_OUTER_BOUND('',#242,.T.);
#123=FACE_OUTER_BOUND('',#243,.T.);
#124=FACE_OUTER_BOUND('',#244,.T.);
#125=FACE_OUTER_BOUND('',#245,.T.);
#126=FACE_OUTER_BOUND('',#246,.T.);
#127=FACE_OUTER_BOUND('',#247,.T.);
#128=FACE_OUTER_BOUND('',#248,.T.);
#129=FACE_OUTER_BOUND('',#249,.T.);
#130=FACE_OUTER_BOUND('',#250,.T.);
#131=FACE_OUTER_BOUND('',#251,.T.);
#132=FACE_OUTER_BOUND('',#252,.T.);
#133=FACE_OUTER_BOUND('',#253,.T.);
#134=FACE_OUTER_BOUND('',#254,.T.);
#135=FACE_OUTER_BOUND('',#255,.T.);
#136=FACE_OUTER_BOUND('',#256,.T.);
#137=FACE_OUTER_BOUND('',#257,.T.);
#138=FACE_OUTER_BOUND('',#258,.T.);
#139=FACE_OUTER_BOUND('',#259,.T.);
#140=FACE_OUTER_BOUND('',#260,.T.);
#141=FACE_OUTER_BOUND('',#261,.T.);
#142=FACE_OUTER_BOUND('',#262,.T.);
#143=FACE_OUTER_BOUND('',#263,.T.);
#144=FACE_OUTER_BOUND('',#264,.T.);
#145=FACE_OUTER_BOUND('',#265,.T.);
#146=FACE_OUTER_BOUND('',#266,.T.);
#147=FACE_OUTER_BOUND('',#267,.T.);
#148=FACE_OUTER_BOUND('',#268,.T.);
#149=FACE_OUTER_BOUND('',#269,.T.);
#150=FACE_OUTER_BOUND('',#270,.T.);
#151=FACE_OUTER_BOUND('',#271,.T.);
#152=FACE_OUTER_BOUND('',#272,.T.);
#153=FACE_OUTER_BOUND('',#273,.T.);
#154=FACE_OUTER_BOUND('',#274,.T.);
#155=FACE_OUTER_BOUND('',#275,.T.);
#156=FACE_OUTER_BOUND('',#276,.T.);
#157=FACE_OUTER_BOUND('',#277,.T.);
#158=FACE_OUTER_BOUND('',#278,.T.);
#159=FACE_OUTER_BOUND('',#279,.T.);
#160=FACE_OUTER_BOUND('',#280,.T.);
#161=FACE_OUTER_BOUND('',#281,.T.);
#162=FACE_OUTER_BOUND('',#282,.T.);
#163=FACE_OUTER_BOUND('',#283,.T.);
#164=FACE_OUTER_BOUND('',#284,.T.);
#165=FACE_OUTER_BOUND('',#285,.T.);
#166=FACE_OUTER_BOUND('',#286,.T.);
#167=FACE_OUTER_BOUND('',#287,.T.);
#168=FACE_OUTER_BOUND('',#288,.T.);
#169=FACE_OUTER_BOUND('',#289,.T.);
#170=FACE_OUTER_BOUND('',#290,.T.);
#171=FACE_OUTER_BOUND('',#291,.T.);
#172=FACE_OUTER_BOUND('',#292,.T.);
#173=FACE_OUTER_BOUND('',#293,.T.);
#174=FACE_OUTER_BOUND('',#294,.T.);
#175=FACE_OUTER_BOUND('',#295,.T.);
#176=FACE_OUTER_BOUND('',#296,.T.);
#177=FACE_OUTER_BOUND('',#297,.T.);
#178=FACE_OUTER_BOUND('',#298,.T.);
#179=FACE_OUTER_BOUND('',#299,.T.);
#180=FACE_OUTER_BOUND('',#300,.T.);
#181=FACE_OUTER_BOUND('',#301,.T.);
#182=FACE_OUTER_BOUND('',#302,.T.);
#183=FACE_OUTER_BOUND('',#303,.T.);
#184=FACE_OUTER_BOUND('',#304,.T.);
#185=FACE_OUTER_BOUND('',#305,.T.);
#186=FACE_OUTER_BOUND('',#306,.T.);
#187=FACE_OUTER_BOUND('',#307,.T.);
#188=FACE_OUTER_BOUND('',#308,.T.);
#189=FACE_OUTER_BOUND('',#309,.T.);
#190=FACE_OUTER_BOUND('',#310,.T.);
#191=FACE_OUTER_BOUND('',#311,.T.);
#192=FACE_OUTER_BOUND('',#312,.T.);
#193=FACE_OUTER_BOUND('',#313,.T.);
#194=FACE_OUTER_BOUND('',#314,.T.);
#195=FACE_OUTER_BOUND('',#315,.T.);
#196=FACE_OUTER_BOUND('',#316,.T.);
#197=FACE_OUTER_BOUND('',#317,.T.);
#198=FACE_OUTER_BOUND('',#318,.T.);
#199=FACE_OUTER_BOUND('',#319,.T.);
#200=FACE_OUTER_BOUND('',#320,.T.);
#201=FACE_OUTER_BOUND('',#321,.T.);
#202=FACE_OUTER_BOUND('',#322,.T.);
#203=FACE_OUTER_BOUND('',#323,.T.);
#204=FACE_OUTER_BOUND('',#324,.T.);
#205=FACE_OUTER_BOUND('',#325,.T.);
#206=FACE_OUTER_BOUND('',#326,.T.);
#207=FACE_OUTER_BOUND('',#327,.T.);
#208=FACE_OUTER_BOUND('',#328,.T.);
#209=FACE_OUTER_BOUND('',#329,.T.);
#210=FACE_OUTER_BOUND('',#330,.T.);
#211=FACE_OUTER_BOUND('',#331,.T.);
#212=FACE_OUTER_BOUND('',#332,.T.);
#213=FACE_OUTER_BOUND('',#333,.T.);
#214=FACE_OUTER_BOUND('',#334,.T.);
#215=EDGE_LOOP('',(#1311,#1312,#1313,#1314));
#216=EDGE_LOOP('',(#1315,#1316,#1317,#1318));
#217=EDGE_LOOP('',(#1319,#1320,#1321,#1322));
#218=EDGE_LOOP('',(#1323,#1324,#1325,#1326));
#219=EDGE_LOOP('',(#1327,#1328,#1329,#1330));
#220=EDGE_LOOP('',(#1331,#1332,#1333,#1334,#1335,#1336,#1337,#1338,#1339,
#1340,#1341,#1342,#1343,#1344,#1345));
#221=EDGE_LOOP('',(#1346,#1347,#1348,#1349,#1350,#1351));
#222=EDGE_LOOP('',(#1352,#1353,#1354,#1355));
#223=EDGE_LOOP('',(#1356,#1357,#1358,#1359));
#224=EDGE_LOOP('',(#1360,#1361,#1362,#1363));
#225=EDGE_LOOP('',(#1364,#1365,#1366,#1367));
#226=EDGE_LOOP('',(#1368,#1369,#1370,#1371));
#227=EDGE_LOOP('',(#1372,#1373,#1374,#1375));
#228=EDGE_LOOP('',(#1376,#1377,#1378,#1379));
#229=EDGE_LOOP('',(#1380,#1381,#1382,#1383));
#230=EDGE_LOOP('',(#1384,#1385,#1386,#1387));
#231=EDGE_LOOP('',(#1388,#1389,#1390,#1391));
#232=EDGE_LOOP('',(#1392,#1393,#1394,#1395,#1396,#1397,#1398));
#233=EDGE_LOOP('',(#1399,#1400,#1401,#1402));
#234=EDGE_LOOP('',(#1403,#1404,#1405,#1406));
#235=EDGE_LOOP('',(#1407,#1408,#1409,#1410));
#236=EDGE_LOOP('',(#1411,#1412,#1413,#1414,#1415,#1416,#1417,#1418));
#237=EDGE_LOOP('',(#1419,#1420,#1421,#1422));
#238=EDGE_LOOP('',(#1423,#1424,#1425,#1426,#1427));
#239=EDGE_LOOP('',(#1428,#1429,#1430,#1431,#1432,#1433,#1434,#1435,#1436,
#1437,#1438,#1439,#1440,#1441));
#240=EDGE_LOOP('',(#1442,#1443,#1444,#1445));
#241=EDGE_LOOP('',(#1446,#1447,#1448,#1449));
#242=EDGE_LOOP('',(#1450,#1451,#1452,#1453));
#243=EDGE_LOOP('',(#1454,#1455,#1456,#1457));
#244=EDGE_LOOP('',(#1458,#1459,#1460,#1461));
#245=EDGE_LOOP('',(#1462,#1463,#1464,#1465));
#246=EDGE_LOOP('',(#1466,#1467,#1468,#1469));
#247=EDGE_LOOP('',(#1470,#1471,#1472,#1473));
#248=EDGE_LOOP('',(#1474,#1475,#1476,#1477));
#249=EDGE_LOOP('',(#1478,#1479,#1480,#1481));
#250=EDGE_LOOP('',(#1482,#1483,#1484));
#251=EDGE_LOOP('',(#1485,#1486,#1487,#1488,#1489));
#252=EDGE_LOOP('',(#1490,#1491,#1492,#1493));
#253=EDGE_LOOP('',(#1494,#1495,#1496,#1497));
#254=EDGE_LOOP('',(#1498,#1499,#1500,#1501));
#255=EDGE_LOOP('',(#1502,#1503,#1504,#1505,#1506,#1507,#1508,#1509));
#256=EDGE_LOOP('',(#1510,#1511,#1512,#1513));
#257=EDGE_LOOP('',(#1514,#1515,#1516,#1517,#1518,#1519));
#258=EDGE_LOOP('',(#1520,#1521,#1522,#1523,#1524));
#259=EDGE_LOOP('',(#1525,#1526,#1527,#1528,#1529,#1530));
#260=EDGE_LOOP('',(#1531,#1532,#1533,#1534));
#261=EDGE_LOOP('',(#1535,#1536,#1537,#1538));
#262=EDGE_LOOP('',(#1539,#1540,#1541,#1542,#1543));
#263=EDGE_LOOP('',(#1544,#1545,#1546,#1547));
#264=EDGE_LOOP('',(#1548,#1549,#1550,#1551,#1552));
#265=EDGE_LOOP('',(#1553,#1554,#1555,#1556));
#266=EDGE_LOOP('',(#1557,#1558,#1559,#1560,#1561));
#267=EDGE_LOOP('',(#1562,#1563,#1564,#1565,#1566,#1567,#1568));
#268=EDGE_LOOP('',(#1569,#1570,#1571,#1572,#1573,#1574,#1575,#1576));
#269=EDGE_LOOP('',(#1577,#1578,#1579,#1580));
#270=EDGE_LOOP('',(#1581,#1582,#1583,#1584));
#271=EDGE_LOOP('',(#1585,#1586,#1587,#1588));
#272=EDGE_LOOP('',(#1589,#1590,#1591,#1592));
#273=EDGE_LOOP('',(#1593,#1594,#1595,#1596));
#274=EDGE_LOOP('',(#1597,#1598,#1599,#1600));
#275=EDGE_LOOP('',(#1601,#1602,#1603,#1604));
#276=EDGE_LOOP('',(#1605,#1606,#1607,#1608));
#277=EDGE_LOOP('',(#1609,#1610,#1611,#1612));
#278=EDGE_LOOP('',(#1613,#1614,#1615,#1616));
#279=EDGE_LOOP('',(#1617,#1618,#1619,#1620));
#280=EDGE_LOOP('',(#1621,#1622,#1623,#1624,#1625,#1626,#1627,#1628,#1629,
#1630,#1631,#1632,#1633,#1634,#1635));
#281=EDGE_LOOP('',(#1636,#1637,#1638,#1639,#1640,#1641));
#282=EDGE_LOOP('',(#1642,#1643,#1644,#1645));
#283=EDGE_LOOP('',(#1646,#1647,#1648,#1649));
#284=EDGE_LOOP('',(#1650,#1651,#1652,#1653));
#285=EDGE_LOOP('',(#1654,#1655,#1656,#1657));
#286=EDGE_LOOP('',(#1658,#1659,#1660,#1661));
#287=EDGE_LOOP('',(#1662,#1663,#1664,#1665));
#288=EDGE_LOOP('',(#1666,#1667,#1668,#1669));
#289=EDGE_LOOP('',(#1670,#1671,#1672,#1673));
#290=EDGE_LOOP('',(#1674,#1675,#1676,#1677));
#291=EDGE_LOOP('',(#1678,#1679,#1680,#1681));
#292=EDGE_LOOP('',(#1682,#1683,#1684,#1685,#1686,#1687,#1688));
#293=EDGE_LOOP('',(#1689,#1690,#1691,#1692));
#294=EDGE_LOOP('',(#1693,#1694,#1695,#1696));
#295=EDGE_LOOP('',(#1697,#1698,#1699,#1700));
#296=EDGE_LOOP('',(#1701,#1702,#1703,#1704,#1705,#1706,#1707,#1708));
#297=EDGE_LOOP('',(#1709,#1710,#1711,#1712));
#298=EDGE_LOOP('',(#1713,#1714,#1715,#1716,#1717));
#299=EDGE_LOOP('',(#1718,#1719,#1720,#1721,#1722,#1723,#1724,#1725,#1726,
#1727,#1728,#1729,#1730,#1731));
#300=EDGE_LOOP('',(#1732,#1733,#1734,#1735));
#301=EDGE_LOOP('',(#1736,#1737,#1738,#1739));
#302=EDGE_LOOP('',(#1740,#1741,#1742,#1743));
#303=EDGE_LOOP('',(#1744,#1745,#1746,#1747));
#304=EDGE_LOOP('',(#1748,#1749,#1750,#1751));
#305=EDGE_LOOP('',(#1752,#1753,#1754,#1755));
#306=EDGE_LOOP('',(#1756,#1757,#1758,#1759));
#307=EDGE_LOOP('',(#1760,#1761,#1762,#1763));
#308=EDGE_LOOP('',(#1764,#1765,#1766,#1767));
#309=EDGE_LOOP('',(#1768,#1769,#1770,#1771));
#310=EDGE_LOOP('',(#1772,#1773,#1774));
#311=EDGE_LOOP('',(#1775,#1776,#1777,#1778,#1779));
#312=EDGE_LOOP('',(#1780,#1781,#1782,#1783));
#313=EDGE_LOOP('',(#1784,#1785,#1786,#1787));
#314=EDGE_LOOP('',(#1788,#1789,#1790,#1791));
#315=EDGE_LOOP('',(#1792,#1793,#1794,#1795,#1796,#1797,#1798,#1799));
#316=EDGE_LOOP('',(#1800,#1801,#1802,#1803));
#317=EDGE_LOOP('',(#1804,#1805,#1806,#1807,#1808,#1809));
#318=EDGE_LOOP('',(#1810,#1811,#1812,#1813,#1814));
#319=EDGE_LOOP('',(#1815,#1816,#1817,#1818,#1819,#1820));
#320=EDGE_LOOP('',(#1821,#1822,#1823,#1824));
#321=EDGE_LOOP('',(#1825,#1826,#1827,#1828));
#322=EDGE_LOOP('',(#1829,#1830,#1831,#1832,#1833));
#323=EDGE_LOOP('',(#1834,#1835,#1836,#1837));
#324=EDGE_LOOP('',(#1838,#1839,#1840,#1841,#1842));
#325=EDGE_LOOP('',(#1843,#1844,#1845,#1846));
#326=EDGE_LOOP('',(#1847,#1848,#1849,#1850,#1851));
#327=EDGE_LOOP('',(#1852,#1853,#1854,#1855,#1856,#1857,#1858));
#328=EDGE_LOOP('',(#1859,#1860,#1861,#1862,#1863,#1864,#1865,#1866));
#329=EDGE_LOOP('',(#1867,#1868,#1869,#1870));
#330=EDGE_LOOP('',(#1871,#1872,#1873,#1874));
#331=EDGE_LOOP('',(#1875,#1876,#1877,#1878));
#332=EDGE_LOOP('',(#1879,#1880,#1881,#1882));
#333=EDGE_LOOP('',(#1883,#1884,#1885,#1886));
#334=EDGE_LOOP('',(#1887,#1888,#1889,#1890));
#335=LINE('',#2872,#589);
#336=LINE('',#2874,#590);
#337=LINE('',#2876,#591);
#338=LINE('',#2877,#592);
#339=LINE('',#2882,#593);
#340=LINE('',#2887,#594);
#341=LINE('',#2888,#595);
#342=LINE('',#2889,#596);
#343=LINE('',#2894,#597);
#344=LINE('',#2899,#598);
#345=LINE('',#2900,#599);
#346=LINE('',#2901,#600);
#347=LINE('',#2904,#601);
#348=LINE('',#2906,#602);
#349=LINE('',#2910,#603);
#350=LINE('',#2914,#604);
#351=LINE('',#2916,#605);
#352=LINE('',#2920,#606);
#353=LINE('',#2921,#607);
#354=LINE('',#2924,#608);
#355=LINE('',#2926,#609);
#356=LINE('',#2928,#610);
#357=LINE('',#2929,#611);
#358=LINE('',#2933,#612);
#359=LINE('',#2934,#613);
#360=LINE('',#2935,#614);
#361=LINE('',#2939,#615);
#362=LINE('',#2942,#616);
#363=LINE('',#2943,#617);
#364=LINE('',#2946,#618);
#365=LINE('',#2947,#619);
#366=LINE('',#2951,#620);
#367=LINE('',#2954,#621);
#368=LINE('',#2955,#622);
#369=LINE('',#2959,#623);
#370=LINE('',#2961,#624);
#371=LINE('',#2964,#625);
#372=LINE('',#2967,#626);
#373=LINE('',#2970,#627);
#374=LINE('',#2971,#628);
#375=LINE('',#2974,#629);
#376=LINE('',#2976,#630);
#377=LINE('',#2978,#631);
#378=LINE('',#2980,#632);
#379=LINE('',#2981,#633);
#380=LINE('',#2984,#634);
#381=LINE('',#2988,#635);
#382=LINE('',#2989,#636);
#383=LINE('',#2992,#637);
#384=LINE('',#2996,#638);
#385=LINE('',#2998,#639);
#386=LINE('',#3000,#640);
#387=LINE('',#3002,#641);
#388=LINE('',#3003,#642);
#389=LINE('',#3007,#643);
#390=LINE('',#3009,#644);
#391=LINE('',#3011,#645);
#392=LINE('',#3012,#646);
#393=LINE('',#3015,#647);
#394=LINE('',#3017,#648);
#395=LINE('',#3019,#649);
#396=LINE('',#3020,#650);
#397=LINE('',#3023,#651);
#398=LINE('',#3025,#652);
#399=LINE('',#3027,#653);
#400=LINE('',#3029,#654);
#401=LINE('',#3033,#655);
#402=LINE('',#3035,#656);
#403=LINE('',#3037,#657);
#404=LINE('',#3041,#658);
#405=LINE('',#3044,#659);
#406=LINE('',#3046,#660);
#407=LINE('',#3047,#661);
#408=LINE('',#3051,#662);
#409=LINE('',#3052,#663);
#410=LINE('',#3053,#664);
#411=LINE('',#3055,#665);
#412=LINE('',#3056,#666);
#413=LINE('',#3058,#667);
#414=LINE('',#3059,#668);
#415=LINE('',#3061,#669);
#416=LINE('',#3066,#670);
#417=LINE('',#3069,#671);
#418=LINE('',#3070,#672);
#419=LINE('',#3074,#673);
#420=LINE('',#3076,#674);
#421=LINE('',#3080,#675);
#422=LINE('',#3081,#676);
#423=LINE('',#3082,#677);
#424=LINE('',#3084,#678);
#425=LINE('',#3086,#679);
#426=LINE('',#3088,#680);
#427=LINE('',#3091,#681);
#428=LINE('',#3093,#682);
#429=LINE('',#3095,#683);
#430=LINE('',#3096,#684);
#431=LINE('',#3098,#685);
#432=LINE('',#3101,#686);
#433=LINE('',#3102,#687);
#434=LINE('',#3105,#688);
#435=LINE('',#3106,#689);
#436=LINE('',#3109,#690);
#437=LINE('',#3111,#691);
#438=LINE('',#3112,#692);
#439=LINE('',#3114,#693);
#440=LINE('',#3115,#694);
#441=LINE('',#3119,#695);
#442=LINE('',#3120,#696);
#443=LINE('',#3124,#697);
#444=LINE('',#3125,#698);
#445=LINE('',#3128,#699);
#446=LINE('',#3129,#700);
#447=LINE('',#3132,#701);
#448=LINE('',#3133,#702);
#449=LINE('',#3135,#703);
#450=LINE('',#3140,#704);
#451=LINE('',#3142,#705);
#452=LINE('',#3144,#706);
#453=LINE('',#3145,#707);
#454=LINE('',#3148,#708);
#455=LINE('',#3150,#709);
#456=LINE('',#3151,#710);
#457=LINE('',#3154,#711);
#458=LINE('',#3156,#712);
#459=LINE('',#3157,#713);
#460=LINE('',#3159,#714);
#461=LINE('',#3160,#715);
#462=LINE('',#3167,#716);
#463=LINE('',#3169,#717);
#464=LINE('',#3171,#718);
#465=LINE('',#3172,#719);
#466=LINE('',#3177,#720);
#467=LINE('',#3182,#721);
#468=LINE('',#3183,#722);
#469=LINE('',#3184,#723);
#470=LINE('',#3189,#724);
#471=LINE('',#3194,#725);
#472=LINE('',#3195,#726);
#473=LINE('',#3196,#727);
#474=LINE('',#3199,#728);
#475=LINE('',#3201,#729);
#476=LINE('',#3205,#730);
#477=LINE('',#3207,#731);
#478=LINE('',#3211,#732);
#479=LINE('',#3215,#733);
#480=LINE('',#3216,#734);
#481=LINE('',#3219,#735);
#482=LINE('',#3221,#736);
#483=LINE('',#3223,#737);
#484=LINE('',#3224,#738);
#485=LINE('',#3228,#739);
#486=LINE('',#3229,#740);
#487=LINE('',#3230,#741);
#488=LINE('',#3233,#742);
#489=LINE('',#3237,#743);
#490=LINE('',#3238,#744);
#491=LINE('',#3241,#745);
#492=LINE('',#3242,#746);
#493=LINE('',#3245,#747);
#494=LINE('',#3249,#748);
#495=LINE('',#3250,#749);
#496=LINE('',#3253,#750);
#497=LINE('',#3256,#751);
#498=LINE('',#3259,#752);
#499=LINE('',#3262,#753);
#500=LINE('',#3265,#754);
#501=LINE('',#3266,#755);
#502=LINE('',#3269,#756);
#503=LINE('',#3271,#757);
#504=LINE('',#3273,#758);
#505=LINE('',#3275,#759);
#506=LINE('',#3276,#760);
#507=LINE('',#3280,#761);
#508=LINE('',#3283,#762);
#509=LINE('',#3284,#763);
#510=LINE('',#3288,#764);
#511=LINE('',#3291,#765);
#512=LINE('',#3293,#766);
#513=LINE('',#3295,#767);
#514=LINE('',#3297,#768);
#515=LINE('',#3298,#769);
#516=LINE('',#3302,#770);
#517=LINE('',#3304,#771);
#518=LINE('',#3306,#772);
#519=LINE('',#3307,#773);
#520=LINE('',#3310,#774);
#521=LINE('',#3312,#775);
#522=LINE('',#3314,#776);
#523=LINE('',#3315,#777);
#524=LINE('',#3318,#778);
#525=LINE('',#3322,#779);
#526=LINE('',#3326,#780);
#527=LINE('',#3328,#781);
#528=LINE('',#3330,#782);
#529=LINE('',#3334,#783);
#530=LINE('',#3336,#784);
#531=LINE('',#3338,#785);
#532=LINE('',#3339,#786);
#533=LINE('',#3341,#787);
#534=LINE('',#3342,#788);
#535=LINE('',#3346,#789);
#536=LINE('',#3347,#790);
#537=LINE('',#3348,#791);
#538=LINE('',#3350,#792);
#539=LINE('',#3351,#793);
#540=LINE('',#3353,#794);
#541=LINE('',#3354,#795);
#542=LINE('',#3356,#796);
#543=LINE('',#3360,#797);
#544=LINE('',#3364,#798);
#545=LINE('',#3365,#799);
#546=LINE('',#3368,#800);
#547=LINE('',#3371,#801);
#548=LINE('',#3374,#802);
#549=LINE('',#3376,#803);
#550=LINE('',#3377,#804);
#551=LINE('',#3379,#805);
#552=LINE('',#3381,#806);
#553=LINE('',#3383,#807);
#554=LINE('',#3386,#808);
#555=LINE('',#3388,#809);
#556=LINE('',#3390,#810);
#557=LINE('',#3391,#811);
#558=LINE('',#3393,#812);
#559=LINE('',#3396,#813);
#560=LINE('',#3397,#814);
#561=LINE('',#3400,#815);
#562=LINE('',#3401,#816);
#563=LINE('',#3404,#817);
#564=LINE('',#3406,#818);
#565=LINE('',#3407,#819);
#566=LINE('',#3409,#820);
#567=LINE('',#3410,#821);
#568=LINE('',#3414,#822);
#569=LINE('',#3415,#823);
#570=LINE('',#3419,#824);
#571=LINE('',#3420,#825);
#572=LINE('',#3423,#826);
#573=LINE('',#3424,#827);
#574=LINE('',#3427,#828);
#575=LINE('',#3428,#829);
#576=LINE('',#3430,#830);
#577=LINE('',#3435,#831);
#578=LINE('',#3437,#832);
#579=LINE('',#3439,#833);
#580=LINE('',#3440,#834);
#581=LINE('',#3443,#835);
#582=LINE('',#3445,#836);
#583=LINE('',#3446,#837);
#584=LINE('',#3449,#838);
#585=LINE('',#3451,#839);
#586=LINE('',#3452,#840);
#587=LINE('',#3454,#841);
#588=LINE('',#3455,#842);
#589=VECTOR('',#2297,10.);
#590=VECTOR('',#2298,10.);
#591=VECTOR('',#2299,10.);
#592=VECTOR('',#2300,10.);
#593=VECTOR('',#2305,10.);
#594=VECTOR('',#2310,10.);
#595=VECTOR('',#2311,10.);
#596=VECTOR('',#2312,10.);
#597=VECTOR('',#2317,10.);
#598=VECTOR('',#2322,10.);
#599=VECTOR('',#2323,10.);
#600=VECTOR('',#2324,10.);
#601=VECTOR('',#2327,10.);
#602=VECTOR('',#2328,10.);
#603=VECTOR('',#2331,10.);
#604=VECTOR('',#2334,10.);
#605=VECTOR('',#2335,10.);
#606=VECTOR('',#2338,10.);
#607=VECTOR('',#2339,10.);
#608=VECTOR('',#2342,10.);
#609=VECTOR('',#2343,10.);
#610=VECTOR('',#2344,10.);
#611=VECTOR('',#2345,10.);
#612=VECTOR('',#2348,10.);
#613=VECTOR('',#2349,10.);
#614=VECTOR('',#2350,10.);
#615=VECTOR('',#2355,10.);
#616=VECTOR('',#2358,10.);
#617=VECTOR('',#2359,10.);
#618=VECTOR('',#2362,10.);
#619=VECTOR('',#2363,10.);
#620=VECTOR('',#2368,10.);
#621=VECTOR('',#2371,10.);
#622=VECTOR('',#2372,10.);
#623=VECTOR('',#2377,10.);
#624=VECTOR('',#2380,10.);
#625=VECTOR('',#2383,10.);
#626=VECTOR('',#2386,10.);
#627=VECTOR('',#2389,10.);
#628=VECTOR('',#2390,10.);
#629=VECTOR('',#2393,10.);
#630=VECTOR('',#2394,10.);
#631=VECTOR('',#2395,10.);
#632=VECTOR('',#2396,10.);
#633=VECTOR('',#2397,10.);
#634=VECTOR('',#2400,10.);
#635=VECTOR('',#2405,10.);
#636=VECTOR('',#2406,10.);
#637=VECTOR('',#2409,10.);
#638=VECTOR('',#2414,10.);
#639=VECTOR('',#2415,10.);
#640=VECTOR('',#2416,10.);
#641=VECTOR('',#2417,10.);
#642=VECTOR('',#2418,10.);
#643=VECTOR('',#2421,10.);
#644=VECTOR('',#2422,10.);
#645=VECTOR('',#2423,10.);
#646=VECTOR('',#2424,10.);
#647=VECTOR('',#2427,10.);
#648=VECTOR('',#2428,10.);
#649=VECTOR('',#2429,10.);
#650=VECTOR('',#2430,10.);
#651=VECTOR('',#2433,10.);
#652=VECTOR('',#2434,10.);
#653=VECTOR('',#2435,10.);
#654=VECTOR('',#2436,10.);
#655=VECTOR('',#2439,10.);
#656=VECTOR('',#2440,10.);
#657=VECTOR('',#2441,10.);
#658=VECTOR('',#2444,10.);
#659=VECTOR('',#2447,10.);
#660=VECTOR('',#2450,10.);
#661=VECTOR('',#2451,10.);
#662=VECTOR('',#2454,10.);
#663=VECTOR('',#2455,10.);
#664=VECTOR('',#2456,10.);
#665=VECTOR('',#2459,10.);
#666=VECTOR('',#2460,10.);
#667=VECTOR('',#2463,10.);
#668=VECTOR('',#2464,10.);
#669=VECTOR('',#2467,10.);
#670=VECTOR('',#2474,10.);
#671=VECTOR('',#2477,10.);
#672=VECTOR('',#2478,10.);
#673=VECTOR('',#2483,10.);
#674=VECTOR('',#2486,10.);
#675=VECTOR('',#2491,10.);
#676=VECTOR('',#2492,10.);
#677=VECTOR('',#2493,10.);
#678=VECTOR('',#2496,10.);
#679=VECTOR('',#2499,10.);
#680=VECTOR('',#2502,10.);
#681=VECTOR('',#2505,10.);
#682=VECTOR('',#2506,10.);
#683=VECTOR('',#2507,10.);
#684=VECTOR('',#2508,10.);
#685=VECTOR('',#2511,10.);
#686=VECTOR('',#2514,10.);
#687=VECTOR('',#2515,10.);
#688=VECTOR('',#2518,10.);
#689=VECTOR('',#2519,10.);
#690=VECTOR('',#2522,10.);
#691=VECTOR('',#2523,10.);
#692=VECTOR('',#2524,10.);
#693=VECTOR('',#2527,10.);
#694=VECTOR('',#2528,10.);
#695=VECTOR('',#2533,10.);
#696=VECTOR('',#2534,10.);
#697=VECTOR('',#2539,10.);
#698=VECTOR('',#2540,10.);
#699=VECTOR('',#2543,10.);
#700=VECTOR('',#2544,10.);
#701=VECTOR('',#2547,10.);
#702=VECTOR('',#2548,10.);
#703=VECTOR('',#2551,10.);
#704=VECTOR('',#2556,10.);
#705=VECTOR('',#2557,10.);
#706=VECTOR('',#2558,10.);
#707=VECTOR('',#2559,10.);
#708=VECTOR('',#2562,10.);
#709=VECTOR('',#2563,10.);
#710=VECTOR('',#2564,10.);
#711=VECTOR('',#2567,10.);
#712=VECTOR('',#2568,10.);
#713=VECTOR('',#2569,10.);
#714=VECTOR('',#2572,10.);
#715=VECTOR('',#2573,10.);
#716=VECTOR('',#2582,10.);
#717=VECTOR('',#2583,10.);
#718=VECTOR('',#2584,10.);
#719=VECTOR('',#2585,10.);
#720=VECTOR('',#2590,10.);
#721=VECTOR('',#2595,10.);
#722=VECTOR('',#2596,10.);
#723=VECTOR('',#2597,10.);
#724=VECTOR('',#2602,10.);
#725=VECTOR('',#2607,10.);
#726=VECTOR('',#2608,10.);
#727=VECTOR('',#2609,10.);
#728=VECTOR('',#2612,10.);
#729=VECTOR('',#2613,10.);
#730=VECTOR('',#2616,10.);
#731=VECTOR('',#2617,10.);
#732=VECTOR('',#2620,10.);
#733=VECTOR('',#2623,10.);
#734=VECTOR('',#2624,10.);
#735=VECTOR('',#2627,10.);
#736=VECTOR('',#2628,10.);
#737=VECTOR('',#2629,10.);
#738=VECTOR('',#2630,10.);
#739=VECTOR('',#2633,10.);
#740=VECTOR('',#2634,10.);
#741=VECTOR('',#2635,10.);
#742=VECTOR('',#2638,10.);
#743=VECTOR('',#2643,10.);
#744=VECTOR('',#2644,10.);
#745=VECTOR('',#2647,10.);
#746=VECTOR('',#2648,10.);
#747=VECTOR('',#2651,10.);
#748=VECTOR('',#2656,10.);
#749=VECTOR('',#2657,10.);
#750=VECTOR('',#2660,10.);
#751=VECTOR('',#2665,10.);
#752=VECTOR('',#2668,10.);
#753=VECTOR('',#2671,10.);
#754=VECTOR('',#2674,10.);
#755=VECTOR('',#2675,10.);
#756=VECTOR('',#2678,10.);
#757=VECTOR('',#2679,10.);
#758=VECTOR('',#2680,10.);
#759=VECTOR('',#2681,10.);
#760=VECTOR('',#2682,10.);
#761=VECTOR('',#2687,10.);
#762=VECTOR('',#2690,10.);
#763=VECTOR('',#2691,10.);
#764=VECTOR('',#2696,10.);
#765=VECTOR('',#2699,10.);
#766=VECTOR('',#2700,10.);
#767=VECTOR('',#2701,10.);
#768=VECTOR('',#2702,10.);
#769=VECTOR('',#2703,10.);
#770=VECTOR('',#2706,10.);
#771=VECTOR('',#2707,10.);
#772=VECTOR('',#2708,10.);
#773=VECTOR('',#2709,10.);
#774=VECTOR('',#2712,10.);
#775=VECTOR('',#2713,10.);
#776=VECTOR('',#2714,10.);
#777=VECTOR('',#2715,10.);
#778=VECTOR('',#2718,10.);
#779=VECTOR('',#2721,10.);
#780=VECTOR('',#2724,10.);
#781=VECTOR('',#2725,10.);
#782=VECTOR('',#2726,10.);
#783=VECTOR('',#2729,10.);
#784=VECTOR('',#2730,10.);
#785=VECTOR('',#2731,10.);
#786=VECTOR('',#2732,10.);
#787=VECTOR('',#2735,10.);
#788=VECTOR('',#2736,10.);
#789=VECTOR('',#2739,10.);
#790=VECTOR('',#2740,10.);
#791=VECTOR('',#2741,10.);
#792=VECTOR('',#2744,10.);
#793=VECTOR('',#2745,10.);
#794=VECTOR('',#2748,10.);
#795=VECTOR('',#2749,10.);
#796=VECTOR('',#2752,10.);
#797=VECTOR('',#2757,10.);
#798=VECTOR('',#2762,10.);
#799=VECTOR('',#2763,10.);
#800=VECTOR('',#2766,10.);
#801=VECTOR('',#2771,10.);
#802=VECTOR('',#2776,10.);
#803=VECTOR('',#2777,10.);
#804=VECTOR('',#2778,10.);
#805=VECTOR('',#2781,10.);
#806=VECTOR('',#2784,10.);
#807=VECTOR('',#2787,10.);
#808=VECTOR('',#2790,10.);
#809=VECTOR('',#2791,10.);
#810=VECTOR('',#2792,10.);
#811=VECTOR('',#2793,10.);
#812=VECTOR('',#2796,10.);
#813=VECTOR('',#2799,10.);
#814=VECTOR('',#2800,10.);
#815=VECTOR('',#2803,10.);
#816=VECTOR('',#2804,10.);
#817=VECTOR('',#2807,10.);
#818=VECTOR('',#2808,10.);
#819=VECTOR('',#2809,10.);
#820=VECTOR('',#2812,10.);
#821=VECTOR('',#2813,10.);
#822=VECTOR('',#2818,10.);
#823=VECTOR('',#2819,10.);
#824=VECTOR('',#2824,10.);
#825=VECTOR('',#2825,10.);
#826=VECTOR('',#2828,10.);
#827=VECTOR('',#2829,10.);
#828=VECTOR('',#2832,10.);
#829=VECTOR('',#2833,10.);
#830=VECTOR('',#2836,10.);
#831=VECTOR('',#2841,10.);
#832=VECTOR('',#2842,10.);
#833=VECTOR('',#2843,10.);
#834=VECTOR('',#2844,10.);
#835=VECTOR('',#2847,10.);
#836=VECTOR('',#2848,10.);
#837=VECTOR('',#2849,10.);
#838=VECTOR('',#2852,10.);
#839=VECTOR('',#2853,10.);
#840=VECTOR('',#2854,10.);
#841=VECTOR('',#2857,10.);
#842=VECTOR('',#2858,10.);
#843=VERTEX_POINT('',#2870);
#844=VERTEX_POINT('',#2871);
#845=VERTEX_POINT('',#2873);
#846=VERTEX_POINT('',#2875);
#847=VERTEX_POINT('',#2879);
#848=VERTEX_POINT('',#2881);
#849=VERTEX_POINT('',#2885);
#850=VERTEX_POINT('',#2886);
#851=VERTEX_POINT('',#2891);
#852=VERTEX_POINT('',#2893);
#853=VERTEX_POINT('',#2897);
#854=VERTEX_POINT('',#2898);
#855=VERTEX_POINT('',#2903);
#856=VERTEX_POINT('',#2905);
#857=VERTEX_POINT('',#2907);
#858=VERTEX_POINT('',#2909);
#859=VERTEX_POINT('',#2911);
#860=VERTEX_POINT('',#2913);
#861=VERTEX_POINT('',#2915);
#862=VERTEX_POINT('',#2917);
#863=VERTEX_POINT('',#2919);
#864=VERTEX_POINT('',#2923);
#865=VERTEX_POINT('',#2925);
#866=VERTEX_POINT('',#2927);
#867=VERTEX_POINT('',#2931);
#868=VERTEX_POINT('',#2932);
#869=VERTEX_POINT('',#2937);
#870=VERTEX_POINT('',#2941);
#871=VERTEX_POINT('',#2945);
#872=VERTEX_POINT('',#2949);
#873=VERTEX_POINT('',#2953);
#874=VERTEX_POINT('',#2957);
#875=VERTEX_POINT('',#2963);
#876=VERTEX_POINT('',#2965);
#877=VERTEX_POINT('',#2969);
#878=VERTEX_POINT('',#2973);
#879=VERTEX_POINT('',#2975);
#880=VERTEX_POINT('',#2977);
#881=VERTEX_POINT('',#2979);
#882=VERTEX_POINT('',#2983);
#883=VERTEX_POINT('',#2987);
#884=VERTEX_POINT('',#2991);
#885=VERTEX_POINT('',#2995);
#886=VERTEX_POINT('',#2997);
#887=VERTEX_POINT('',#2999);
#888=VERTEX_POINT('',#3001);
#889=VERTEX_POINT('',#3005);
#890=VERTEX_POINT('',#3006);
#891=VERTEX_POINT('',#3008);
#892=VERTEX_POINT('',#3010);
#893=VERTEX_POINT('',#3014);
#894=VERTEX_POINT('',#3016);
#895=VERTEX_POINT('',#3018);
#896=VERTEX_POINT('',#3022);
#897=VERTEX_POINT('',#3024);
#898=VERTEX_POINT('',#3026);
#899=VERTEX_POINT('',#3028);
#900=VERTEX_POINT('',#3030);
#901=VERTEX_POINT('',#3032);
#902=VERTEX_POINT('',#3034);
#903=VERTEX_POINT('',#3036);
#904=VERTEX_POINT('',#3038);
#905=VERTEX_POINT('',#3040);
#906=VERTEX_POINT('',#3042);
#907=VERTEX_POINT('',#3049);
#908=VERTEX_POINT('',#3050);
#909=VERTEX_POINT('',#3064);
#910=VERTEX_POINT('',#3068);
#911=VERTEX_POINT('',#3072);
#912=VERTEX_POINT('',#3079);
#913=VERTEX_POINT('',#3090);
#914=VERTEX_POINT('',#3092);
#915=VERTEX_POINT('',#3094);
#916=VERTEX_POINT('',#3100);
#917=VERTEX_POINT('',#3104);
#918=VERTEX_POINT('',#3108);
#919=VERTEX_POINT('',#3110);
#920=VERTEX_POINT('',#3118);
#921=VERTEX_POINT('',#3123);
#922=VERTEX_POINT('',#3127);
#923=VERTEX_POINT('',#3131);
#924=VERTEX_POINT('',#3138);
#925=VERTEX_POINT('',#3139);
#926=VERTEX_POINT('',#3141);
#927=VERTEX_POINT('',#3143);
#928=VERTEX_POINT('',#3147);
#929=VERTEX_POINT('',#3149);
#930=VERTEX_POINT('',#3153);
#931=VERTEX_POINT('',#3155);
#932=VERTEX_POINT('',#3165);
#933=VERTEX_POINT('',#3166);
#934=VERTEX_POINT('',#3168);
#935=VERTEX_POINT('',#3170);
#936=VERTEX_POINT('',#3174);
#937=VERTEX_POINT('',#3176);
#938=VERTEX_POINT('',#3180);
#939=VERTEX_POINT('',#3181);
#940=VERTEX_POINT('',#3186);
#941=VERTEX_POINT('',#3188);
#942=VERTEX_POINT('',#3192);
#943=VERTEX_POINT('',#3193);
#944=VERTEX_POINT('',#3198);
#945=VERTEX_POINT('',#3200);
#946=VERTEX_POINT('',#3202);
#947=VERTEX_POINT('',#3204);
#948=VERTEX_POINT('',#3206);
#949=VERTEX_POINT('',#3208);
#950=VERTEX_POINT('',#3210);
#951=VERTEX_POINT('',#3212);
#952=VERTEX_POINT('',#3214);
#953=VERTEX_POINT('',#3218);
#954=VERTEX_POINT('',#3220);
#955=VERTEX_POINT('',#3222);
#956=VERTEX_POINT('',#3226);
#957=VERTEX_POINT('',#3227);
#958=VERTEX_POINT('',#3232);
#959=VERTEX_POINT('',#3236);
#960=VERTEX_POINT('',#3240);
#961=VERTEX_POINT('',#3244);
#962=VERTEX_POINT('',#3248);
#963=VERTEX_POINT('',#3252);
#964=VERTEX_POINT('',#3258);
#965=VERTEX_POINT('',#3260);
#966=VERTEX_POINT('',#3264);
#967=VERTEX_POINT('',#3268);
#968=VERTEX_POINT('',#3270);
#969=VERTEX_POINT('',#3272);
#970=VERTEX_POINT('',#3274);
#971=VERTEX_POINT('',#3278);
#972=VERTEX_POINT('',#3282);
#973=VERTEX_POINT('',#3286);
#974=VERTEX_POINT('',#3290);
#975=VERTEX_POINT('',#3292);
#976=VERTEX_POINT('',#3294);
#977=VERTEX_POINT('',#3296);
#978=VERTEX_POINT('',#3300);
#979=VERTEX_POINT('',#3301);
#980=VERTEX_POINT('',#3303);
#981=VERTEX_POINT('',#3305);
#982=VERTEX_POINT('',#3309);
#983=VERTEX_POINT('',#3311);
#984=VERTEX_POINT('',#3313);
#985=VERTEX_POINT('',#3317);
#986=VERTEX_POINT('',#3319);
#987=VERTEX_POINT('',#3321);
#988=VERTEX_POINT('',#3323);
#989=VERTEX_POINT('',#3325);
#990=VERTEX_POINT('',#3327);
#991=VERTEX_POINT('',#3329);
#992=VERTEX_POINT('',#3331);
#993=VERTEX_POINT('',#3333);
#994=VERTEX_POINT('',#3335);
#995=VERTEX_POINT('',#3337);
#996=VERTEX_POINT('',#3344);
#997=VERTEX_POINT('',#3345);
#998=VERTEX_POINT('',#3359);
#999=VERTEX_POINT('',#3363);
#1000=VERTEX_POINT('',#3367);
#1001=VERTEX_POINT('',#3375);
#1002=VERTEX_POINT('',#3385);
#1003=VERTEX_POINT('',#3387);
#1004=VERTEX_POINT('',#3389);
#1005=VERTEX_POINT('',#3395);
#1006=VERTEX_POINT('',#3399);
#1007=VERTEX_POINT('',#3403);
#1008=VERTEX_POINT('',#3405);
#1009=VERTEX_POINT('',#3413);
#1010=VERTEX_POINT('',#3418);
#1011=VERTEX_POINT('',#3422);
#1012=VERTEX_POINT('',#3426);
#1013=VERTEX_POINT('',#3433);
#1014=VERTEX_POINT('',#3434);
#1015=VERTEX_POINT('',#3436);
#1016=VERTEX_POINT('',#3438);
#1017=VERTEX_POINT('',#3442);
#1018=VERTEX_POINT('',#3444);
#1019=VERTEX_POINT('',#3448);
#1020=VERTEX_POINT('',#3450);
#1021=EDGE_CURVE('',#843,#844,#335,.T.);
#1022=EDGE_CURVE('',#844,#845,#336,.T.);
#1023=EDGE_CURVE('',#845,#846,#337,.T.);
#1024=EDGE_CURVE('',#846,#843,#338,.T.);
#1025=EDGE_CURVE('',#845,#847,#41,.T.);
#1026=EDGE_CURVE('',#847,#848,#339,.T.);
#1027=EDGE_CURVE('',#848,#846,#42,.T.);
#1028=EDGE_CURVE('',#849,#850,#340,.T.);
#1029=EDGE_CURVE('',#850,#848,#341,.T.);
#1030=EDGE_CURVE('',#847,#849,#342,.T.);
#1031=EDGE_CURVE('',#849,#851,#43,.T.);
#1032=EDGE_CURVE('',#851,#852,#343,.T.);
#1033=EDGE_CURVE('',#852,#850,#44,.T.);
#1034=EDGE_CURVE('',#853,#854,#344,.T.);
#1035=EDGE_CURVE('',#854,#852,#345,.T.);
#1036=EDGE_CURVE('',#851,#853,#346,.T.);
#1037=EDGE_CURVE('',#855,#854,#347,.T.);
#1038=EDGE_CURVE('',#856,#855,#348,.T.);
#1039=EDGE_CURVE('',#857,#856,#45,.T.);
#1040=EDGE_CURVE('',#858,#857,#349,.T.);
#1041=EDGE_CURVE('',#859,#858,#46,.T.);
#1042=EDGE_CURVE('',#860,#859,#350,.T.);
#1043=EDGE_CURVE('',#861,#860,#351,.T.);
#1044=EDGE_CURVE('',#862,#861,#47,.T.);
#1045=EDGE_CURVE('',#863,#862,#352,.T.);
#1046=EDGE_CURVE('',#843,#863,#353,.T.);
#1047=EDGE_CURVE('',#853,#864,#354,.T.);
#1048=EDGE_CURVE('',#864,#865,#355,.T.);
#1049=EDGE_CURVE('',#865,#866,#356,.T.);
#1050=EDGE_CURVE('',#855,#866,#357,.T.);
#1051=EDGE_CURVE('',#867,#868,#358,.T.);
#1052=EDGE_CURVE('',#868,#861,#359,.T.);
#1053=EDGE_CURVE('',#860,#867,#360,.T.);
#1054=EDGE_CURVE('',#868,#869,#48,.T.);
#1055=EDGE_CURVE('',#869,#862,#361,.T.);
#1056=EDGE_CURVE('',#870,#863,#362,.T.);
#1057=EDGE_CURVE('',#869,#870,#363,.T.);
#1058=EDGE_CURVE('',#866,#871,#364,.T.);
#1059=EDGE_CURVE('',#871,#856,#365,.T.);
#1060=EDGE_CURVE('',#871,#872,#49,.T.);
#1061=EDGE_CURVE('',#872,#857,#366,.T.);
#1062=EDGE_CURVE('',#873,#858,#367,.T.);
#1063=EDGE_CURVE('',#872,#873,#368,.T.);
#1064=EDGE_CURVE('',#873,#874,#50,.T.);
#1065=EDGE_CURVE('',#874,#859,#369,.T.);
#1066=EDGE_CURVE('',#874,#867,#370,.T.);
#1067=EDGE_CURVE('',#868,#875,#371,.T.);
#1068=EDGE_CURVE('',#875,#876,#51,.F.);
#1069=EDGE_CURVE('',#876,#869,#372,.T.);
#1070=EDGE_CURVE('',#877,#867,#373,.T.);
#1071=EDGE_CURVE('',#875,#877,#374,.T.);
#1072=EDGE_CURVE('',#878,#874,#375,.T.);
#1073=EDGE_CURVE('',#879,#878,#376,.T.);
#1074=EDGE_CURVE('',#880,#879,#377,.T.);
#1075=EDGE_CURVE('',#881,#880,#378,.T.);
#1076=EDGE_CURVE('',#881,#877,#379,.T.);
#1077=EDGE_CURVE('',#873,#882,#380,.T.);
#1078=EDGE_CURVE('',#878,#882,#52,.T.);
#1079=EDGE_CURVE('',#883,#872,#381,.T.);
#1080=EDGE_CURVE('',#882,#883,#382,.T.);
#1081=EDGE_CURVE('',#871,#884,#383,.T.);
#1082=EDGE_CURVE('',#883,#884,#53,.T.);
#1083=EDGE_CURVE('',#885,#865,#384,.T.);
#1084=EDGE_CURVE('',#886,#885,#385,.T.);
#1085=EDGE_CURVE('',#887,#886,#386,.T.);
#1086=EDGE_CURVE('',#887,#888,#387,.T.);
#1087=EDGE_CURVE('',#884,#888,#388,.T.);
#1088=EDGE_CURVE('',#889,#890,#389,.T.);
#1089=EDGE_CURVE('',#890,#891,#390,.T.);
#1090=EDGE_CURVE('',#891,#892,#391,.T.);
#1091=EDGE_CURVE('',#892,#889,#392,.T.);
#1092=EDGE_CURVE('',#889,#893,#393,.T.);
#1093=EDGE_CURVE('',#893,#894,#394,.T.);
#1094=EDGE_CURVE('',#895,#894,#395,.T.);
#1095=EDGE_CURVE('',#890,#895,#396,.T.);
#1096=EDGE_CURVE('',#895,#896,#397,.T.);
#1097=EDGE_CURVE('',#897,#896,#398,.T.);
#1098=EDGE_CURVE('',#898,#897,#399,.T.);
#1099=EDGE_CURVE('',#899,#898,#400,.T.);
#1100=EDGE_CURVE('',#900,#899,#54,.T.);
#1101=EDGE_CURVE('',#901,#900,#401,.T.);
#1102=EDGE_CURVE('',#901,#902,#402,.T.);
#1103=EDGE_CURVE('',#903,#902,#403,.T.);
#1104=EDGE_CURVE('',#904,#903,#55,.T.);
#1105=EDGE_CURVE('',#905,#904,#404,.T.);
#1106=EDGE_CURVE('',#906,#905,#56,.T.);
#1107=EDGE_CURVE('',#891,#906,#405,.T.);
#1108=EDGE_CURVE('',#897,#879,#406,.T.);
#1109=EDGE_CURVE('',#878,#898,#407,.T.);
#1110=EDGE_CURVE('',#907,#908,#408,.T.);
#1111=EDGE_CURVE('',#908,#903,#409,.T.);
#1112=EDGE_CURVE('',#902,#907,#410,.T.);
#1113=EDGE_CURVE('',#901,#888,#411,.T.);
#1114=EDGE_CURVE('',#888,#907,#412,.T.);
#1115=EDGE_CURVE('',#883,#899,#413,.T.);
#1116=EDGE_CURVE('',#898,#882,#414,.T.);
#1117=EDGE_CURVE('',#884,#900,#415,.T.);
#1118=EDGE_CURVE('',#908,#909,#57,.T.);
#1119=EDGE_CURVE('',#909,#904,#416,.T.);
#1120=EDGE_CURVE('',#910,#905,#417,.T.);
#1121=EDGE_CURVE('',#909,#910,#418,.T.);
#1122=EDGE_CURVE('',#910,#911,#58,.T.);
#1123=EDGE_CURVE('',#911,#906,#419,.T.);
#1124=EDGE_CURVE('',#911,#892,#420,.T.);
#1125=EDGE_CURVE('',#912,#844,#421,.T.);
#1126=EDGE_CURVE('',#912,#892,#422,.T.);
#1127=EDGE_CURVE('',#845,#911,#423,.T.);
#1128=EDGE_CURVE('',#910,#847,#424,.T.);
#1129=EDGE_CURVE('',#849,#909,#425,.T.);
#1130=EDGE_CURVE('',#908,#851,#426,.T.);
#1131=EDGE_CURVE('',#913,#907,#427,.T.);
#1132=EDGE_CURVE('',#914,#913,#428,.T.);
#1133=EDGE_CURVE('',#915,#914,#429,.T.);
#1134=EDGE_CURVE('',#915,#864,#430,.T.);
#1135=EDGE_CURVE('',#887,#913,#431,.T.);
#1136=EDGE_CURVE('',#870,#916,#432,.T.);
#1137=EDGE_CURVE('',#916,#912,#433,.T.);
#1138=EDGE_CURVE('',#896,#917,#434,.T.);
#1139=EDGE_CURVE('',#917,#880,#435,.T.);
#1140=EDGE_CURVE('',#894,#918,#436,.T.);
#1141=EDGE_CURVE('',#918,#919,#437,.T.);
#1142=EDGE_CURVE('',#919,#917,#438,.T.);
#1143=EDGE_CURVE('',#885,#915,#439,.T.);
#1144=EDGE_CURVE('',#914,#886,#440,.T.);
#1145=EDGE_CURVE('',#920,#876,#441,.T.);
#1146=EDGE_CURVE('',#920,#916,#442,.T.);
#1147=EDGE_CURVE('',#921,#919,#443,.T.);
#1148=EDGE_CURVE('',#881,#921,#444,.T.);
#1149=EDGE_CURVE('',#922,#918,#445,.T.);
#1150=EDGE_CURVE('',#921,#922,#446,.T.);
#1151=EDGE_CURVE('',#923,#893,#447,.T.);
#1152=EDGE_CURVE('',#922,#923,#448,.T.);
#1153=EDGE_CURVE('',#920,#923,#449,.T.);
#1154=EDGE_CURVE('',#924,#925,#450,.T.);
#1155=EDGE_CURVE('',#924,#926,#451,.T.);
#1156=EDGE_CURVE('',#927,#926,#452,.T.);
#1157=EDGE_CURVE('',#925,#927,#453,.T.);
#1158=EDGE_CURVE('',#925,#928,#454,.T.);
#1159=EDGE_CURVE('',#929,#927,#455,.T.);
#1160=EDGE_CURVE('',#928,#929,#456,.T.);
#1161=EDGE_CURVE('',#930,#928,#457,.T.);
#1162=EDGE_CURVE('',#931,#929,#458,.T.);
#1163=EDGE_CURVE('',#930,#931,#459,.T.);
#1164=EDGE_CURVE('',#930,#924,#460,.T.);
#1165=EDGE_CURVE('',#926,#931,#461,.T.);
#1166=EDGE_CURVE('',#932,#933,#462,.T.);
#1167=EDGE_CURVE('',#934,#932,#463,.T.);
#1168=EDGE_CURVE('',#935,#934,#464,.T.);
#1169=EDGE_CURVE('',#933,#935,#465,.T.);
#1170=EDGE_CURVE('',#936,#934,#59,.T.);
#1171=EDGE_CURVE('',#937,#936,#466,.T.);
#1172=EDGE_CURVE('',#935,#937,#60,.T.);
#1173=EDGE_CURVE('',#938,#939,#467,.T.);
#1174=EDGE_CURVE('',#937,#938,#468,.T.);
#1175=EDGE_CURVE('',#939,#936,#469,.T.);
#1176=EDGE_CURVE('',#940,#939,#61,.T.);
#1177=EDGE_CURVE('',#941,#940,#470,.T.);
#1178=EDGE_CURVE('',#938,#941,#62,.T.);
#1179=EDGE_CURVE('',#942,#943,#471,.T.);
#1180=EDGE_CURVE('',#941,#942,#472,.T.);
#1181=EDGE_CURVE('',#943,#940,#473,.T.);
#1182=EDGE_CURVE('',#932,#944,#474,.T.);
#1183=EDGE_CURVE('',#944,#945,#475,.T.);
#1184=EDGE_CURVE('',#945,#946,#63,.T.);
#1185=EDGE_CURVE('',#946,#947,#476,.T.);
#1186=EDGE_CURVE('',#947,#948,#477,.T.);
#1187=EDGE_CURVE('',#948,#949,#64,.T.);
#1188=EDGE_CURVE('',#949,#950,#478,.T.);
#1189=EDGE_CURVE('',#950,#951,#65,.T.);
#1190=EDGE_CURVE('',#951,#952,#479,.T.);
#1191=EDGE_CURVE('',#952,#943,#480,.T.);
#1192=EDGE_CURVE('',#952,#953,#481,.T.);
#1193=EDGE_CURVE('',#954,#953,#482,.T.);
#1194=EDGE_CURVE('',#955,#954,#483,.T.);
#1195=EDGE_CURVE('',#942,#955,#484,.T.);
#1196=EDGE_CURVE('',#956,#957,#485,.T.);
#1197=EDGE_CURVE('',#947,#956,#486,.T.);
#1198=EDGE_CURVE('',#957,#946,#487,.T.);
#1199=EDGE_CURVE('',#958,#945,#488,.T.);
#1200=EDGE_CURVE('',#957,#958,#66,.T.);
#1201=EDGE_CURVE('',#959,#944,#489,.T.);
#1202=EDGE_CURVE('',#958,#959,#490,.T.);
#1203=EDGE_CURVE('',#960,#951,#491,.T.);
#1204=EDGE_CURVE('',#953,#960,#492,.T.);
#1205=EDGE_CURVE('',#961,#950,#493,.T.);
#1206=EDGE_CURVE('',#960,#961,#67,.T.);
#1207=EDGE_CURVE('',#962,#949,#494,.T.);
#1208=EDGE_CURVE('',#961,#962,#495,.T.);
#1209=EDGE_CURVE('',#963,#948,#496,.T.);
#1210=EDGE_CURVE('',#962,#963,#68,.T.);
#1211=EDGE_CURVE('',#963,#956,#497,.T.);
#1212=EDGE_CURVE('',#964,#958,#498,.T.);
#1213=EDGE_CURVE('',#965,#964,#69,.F.);
#1214=EDGE_CURVE('',#957,#965,#499,.T.);
#1215=EDGE_CURVE('',#965,#966,#500,.T.);
#1216=EDGE_CURVE('',#966,#956,#501,.T.);
#1217=EDGE_CURVE('',#967,#966,#502,.T.);
#1218=EDGE_CURVE('',#967,#968,#503,.T.);
#1219=EDGE_CURVE('',#968,#969,#504,.T.);
#1220=EDGE_CURVE('',#969,#970,#505,.T.);
#1221=EDGE_CURVE('',#970,#963,#506,.T.);
#1222=EDGE_CURVE('',#970,#971,#70,.T.);
#1223=EDGE_CURVE('',#962,#971,#507,.T.);
#1224=EDGE_CURVE('',#971,#972,#508,.T.);
#1225=EDGE_CURVE('',#972,#961,#509,.T.);
#1226=EDGE_CURVE('',#972,#973,#71,.T.);
#1227=EDGE_CURVE('',#960,#973,#510,.T.);
#1228=EDGE_CURVE('',#973,#974,#511,.T.);
#1229=EDGE_CURVE('',#975,#974,#512,.T.);
#1230=EDGE_CURVE('',#975,#976,#513,.T.);
#1231=EDGE_CURVE('',#976,#977,#514,.T.);
#1232=EDGE_CURVE('',#977,#954,#515,.T.);
#1233=EDGE_CURVE('',#978,#979,#516,.T.);
#1234=EDGE_CURVE('',#980,#978,#517,.T.);
#1235=EDGE_CURVE('',#981,#980,#518,.T.);
#1236=EDGE_CURVE('',#979,#981,#519,.T.);
#1237=EDGE_CURVE('',#979,#982,#520,.T.);
#1238=EDGE_CURVE('',#982,#983,#521,.T.);
#1239=EDGE_CURVE('',#984,#983,#522,.T.);
#1240=EDGE_CURVE('',#978,#984,#523,.T.);
#1241=EDGE_CURVE('',#981,#985,#524,.T.);
#1242=EDGE_CURVE('',#985,#986,#72,.T.);
#1243=EDGE_CURVE('',#986,#987,#525,.T.);
#1244=EDGE_CURVE('',#987,#988,#73,.T.);
#1245=EDGE_CURVE('',#988,#989,#526,.T.);
#1246=EDGE_CURVE('',#990,#989,#527,.T.);
#1247=EDGE_CURVE('',#990,#991,#528,.T.);
#1248=EDGE_CURVE('',#991,#992,#74,.T.);
#1249=EDGE_CURVE('',#992,#993,#529,.T.);
#1250=EDGE_CURVE('',#993,#994,#530,.T.);
#1251=EDGE_CURVE('',#994,#995,#531,.T.);
#1252=EDGE_CURVE('',#982,#995,#532,.T.);
#1253=EDGE_CURVE('',#970,#993,#533,.T.);
#1254=EDGE_CURVE('',#994,#969,#534,.T.);
#1255=EDGE_CURVE('',#996,#997,#535,.T.);
#1256=EDGE_CURVE('',#989,#996,#536,.T.);
#1257=EDGE_CURVE('',#997,#988,#537,.T.);
#1258=EDGE_CURVE('',#974,#996,#538,.T.);
#1259=EDGE_CURVE('',#990,#974,#539,.T.);
#1260=EDGE_CURVE('',#972,#992,#540,.T.);
#1261=EDGE_CURVE('',#993,#971,#541,.T.);
#1262=EDGE_CURVE('',#973,#991,#542,.T.);
#1263=EDGE_CURVE('',#998,#987,#543,.T.);
#1264=EDGE_CURVE('',#997,#998,#75,.T.);
#1265=EDGE_CURVE('',#999,#986,#544,.T.);
#1266=EDGE_CURVE('',#998,#999,#545,.T.);
#1267=EDGE_CURVE('',#1000,#985,#546,.T.);
#1268=EDGE_CURVE('',#999,#1000,#76,.T.);
#1269=EDGE_CURVE('',#1000,#980,#547,.T.);
#1270=EDGE_CURVE('',#935,#1000,#548,.T.);
#1271=EDGE_CURVE('',#1001,#980,#549,.T.);
#1272=EDGE_CURVE('',#1001,#933,#550,.T.);
#1273=EDGE_CURVE('',#999,#937,#551,.T.);
#1274=EDGE_CURVE('',#938,#998,#552,.T.);
#1275=EDGE_CURVE('',#997,#941,#553,.T.);
#1276=EDGE_CURVE('',#1002,#955,#554,.T.);
#1277=EDGE_CURVE('',#1002,#1003,#555,.T.);
#1278=EDGE_CURVE('',#1003,#1004,#556,.T.);
#1279=EDGE_CURVE('',#1004,#996,#557,.T.);
#1280=EDGE_CURVE('',#975,#1004,#558,.T.);
#1281=EDGE_CURVE('',#1005,#1001,#559,.T.);
#1282=EDGE_CURVE('',#959,#1005,#560,.T.);
#1283=EDGE_CURVE('',#995,#1006,#561,.T.);
#1284=EDGE_CURVE('',#1006,#968,#562,.T.);
#1285=EDGE_CURVE('',#1007,#1006,#563,.T.);
#1286=EDGE_CURVE('',#1008,#1007,#564,.T.);
#1287=EDGE_CURVE('',#983,#1008,#565,.T.);
#1288=EDGE_CURVE('',#1003,#976,#566,.T.);
#1289=EDGE_CURVE('',#977,#1002,#567,.T.);
#1290=EDGE_CURVE('',#1009,#1005,#568,.T.);
#1291=EDGE_CURVE('',#1009,#964,#569,.T.);
#1292=EDGE_CURVE('',#967,#1010,#570,.T.);
#1293=EDGE_CURVE('',#1010,#1007,#571,.T.);
#1294=EDGE_CURVE('',#1010,#1011,#572,.T.);
#1295=EDGE_CURVE('',#1011,#1008,#573,.T.);
#1296=EDGE_CURVE('',#1011,#1012,#574,.T.);
#1297=EDGE_CURVE('',#1012,#984,#575,.T.);
#1298=EDGE_CURVE('',#1009,#1012,#576,.T.);
#1299=EDGE_CURVE('',#1013,#1014,#577,.T.);
#1300=EDGE_CURVE('',#1014,#1015,#578,.T.);
#1301=EDGE_CURVE('',#1015,#1016,#579,.T.);
#1302=EDGE_CURVE('',#1013,#1016,#580,.T.);
#1303=EDGE_CURVE('',#1014,#1017,#581,.T.);
#1304=EDGE_CURVE('',#1017,#1018,#582,.T.);
#1305=EDGE_CURVE('',#1018,#1015,#583,.T.);
#1306=EDGE_CURVE('',#1019,#1017,#584,.T.);
#1307=EDGE_CURVE('',#1019,#1020,#585,.T.);
#1308=EDGE_CURVE('',#1020,#1018,#586,.T.);
#1309=EDGE_CURVE('',#1019,#1013,#587,.T.);
#1310=EDGE_CURVE('',#1016,#1020,#588,.T.);
#1311=ORIENTED_EDGE('',*,*,#1021,.T.);
#1312=ORIENTED_EDGE('',*,*,#1022,.T.);
#1313=ORIENTED_EDGE('',*,*,#1023,.T.);
#1314=ORIENTED_EDGE('',*,*,#1024,.T.);
#1315=ORIENTED_EDGE('',*,*,#1023,.F.);
#1316=ORIENTED_EDGE('',*,*,#1025,.T.);
#1317=ORIENTED_EDGE('',*,*,#1026,.T.);
#1318=ORIENTED_EDGE('',*,*,#1027,.T.);
#1319=ORIENTED_EDGE('',*,*,#1028,.T.);
#1320=ORIENTED_EDGE('',*,*,#1029,.T.);
#1321=ORIENTED_EDGE('',*,*,#1026,.F.);
#1322=ORIENTED_EDGE('',*,*,#1030,.T.);
#1323=ORIENTED_EDGE('',*,*,#1028,.F.);
#1324=ORIENTED_EDGE('',*,*,#1031,.T.);
#1325=ORIENTED_EDGE('',*,*,#1032,.T.);
#1326=ORIENTED_EDGE('',*,*,#1033,.T.);
#1327=ORIENTED_EDGE('',*,*,#1034,.T.);
#1328=ORIENTED_EDGE('',*,*,#1035,.T.);
#1329=ORIENTED_EDGE('',*,*,#1032,.F.);
#1330=ORIENTED_EDGE('',*,*,#1036,.T.);
#1331=ORIENTED_EDGE('',*,*,#1024,.F.);
#1332=ORIENTED_EDGE('',*,*,#1027,.F.);
#1333=ORIENTED_EDGE('',*,*,#1029,.F.);
#1334=ORIENTED_EDGE('',*,*,#1033,.F.);
#1335=ORIENTED_EDGE('',*,*,#1035,.F.);
#1336=ORIENTED_EDGE('',*,*,#1037,.F.);
#1337=ORIENTED_EDGE('',*,*,#1038,.F.);
#1338=ORIENTED_EDGE('',*,*,#1039,.F.);
#1339=ORIENTED_EDGE('',*,*,#1040,.F.);
#1340=ORIENTED_EDGE('',*,*,#1041,.F.);
#1341=ORIENTED_EDGE('',*,*,#1042,.F.);
#1342=ORIENTED_EDGE('',*,*,#1043,.F.);
#1343=ORIENTED_EDGE('',*,*,#1044,.F.);
#1344=ORIENTED_EDGE('',*,*,#1045,.F.);
#1345=ORIENTED_EDGE('',*,*,#1046,.F.);
#1346=ORIENTED_EDGE('',*,*,#1034,.F.);
#1347=ORIENTED_EDGE('',*,*,#1047,.T.);
#1348=ORIENTED_EDGE('',*,*,#1048,.T.);
#1349=ORIENTED_EDGE('',*,*,#1049,.T.);
#1350=ORIENTED_EDGE('',*,*,#1050,.F.);
#1351=ORIENTED_EDGE('',*,*,#1037,.T.);
#1352=ORIENTED_EDGE('',*,*,#1051,.T.);
#1353=ORIENTED_EDGE('',*,*,#1052,.T.);
#1354=ORIENTED_EDGE('',*,*,#1043,.T.);
#1355=ORIENTED_EDGE('',*,*,#1053,.T.);
#1356=ORIENTED_EDGE('',*,*,#1052,.F.);
#1357=ORIENTED_EDGE('',*,*,#1054,.T.);
#1358=ORIENTED_EDGE('',*,*,#1055,.T.);
#1359=ORIENTED_EDGE('',*,*,#1044,.T.);
#1360=ORIENTED_EDGE('',*,*,#1056,.T.);
#1361=ORIENTED_EDGE('',*,*,#1045,.T.);
#1362=ORIENTED_EDGE('',*,*,#1055,.F.);
#1363=ORIENTED_EDGE('',*,*,#1057,.T.);
#1364=ORIENTED_EDGE('',*,*,#1050,.T.);
#1365=ORIENTED_EDGE('',*,*,#1058,.T.);
#1366=ORIENTED_EDGE('',*,*,#1059,.T.);
#1367=ORIENTED_EDGE('',*,*,#1038,.T.);
#1368=ORIENTED_EDGE('',*,*,#1059,.F.);
#1369=ORIENTED_EDGE('',*,*,#1060,.T.);
#1370=ORIENTED_EDGE('',*,*,#1061,.T.);
#1371=ORIENTED_EDGE('',*,*,#1039,.T.);
#1372=ORIENTED_EDGE('',*,*,#1062,.T.);
#1373=ORIENTED_EDGE('',*,*,#1040,.T.);
#1374=ORIENTED_EDGE('',*,*,#1061,.F.);
#1375=ORIENTED_EDGE('',*,*,#1063,.T.);
#1376=ORIENTED_EDGE('',*,*,#1062,.F.);
#1377=ORIENTED_EDGE('',*,*,#1064,.T.);
#1378=ORIENTED_EDGE('',*,*,#1065,.T.);
#1379=ORIENTED_EDGE('',*,*,#1041,.T.);
#1380=ORIENTED_EDGE('',*,*,#1042,.T.);
#1381=ORIENTED_EDGE('',*,*,#1065,.F.);
#1382=ORIENTED_EDGE('',*,*,#1066,.T.);
#1383=ORIENTED_EDGE('',*,*,#1053,.F.);
#1384=ORIENTED_EDGE('',*,*,#1054,.F.);
#1385=ORIENTED_EDGE('',*,*,#1067,.T.);
#1386=ORIENTED_EDGE('',*,*,#1068,.T.);
#1387=ORIENTED_EDGE('',*,*,#1069,.T.);
#1388=ORIENTED_EDGE('',*,*,#1051,.F.);
#1389=ORIENTED_EDGE('',*,*,#1070,.F.);
#1390=ORIENTED_EDGE('',*,*,#1071,.F.);
#1391=ORIENTED_EDGE('',*,*,#1067,.F.);
#1392=ORIENTED_EDGE('',*,*,#1066,.F.);
#1393=ORIENTED_EDGE('',*,*,#1072,.F.);
#1394=ORIENTED_EDGE('',*,*,#1073,.F.);
#1395=ORIENTED_EDGE('',*,*,#1074,.F.);
#1396=ORIENTED_EDGE('',*,*,#1075,.F.);
#1397=ORIENTED_EDGE('',*,*,#1076,.T.);
#1398=ORIENTED_EDGE('',*,*,#1070,.T.);
#1399=ORIENTED_EDGE('',*,*,#1064,.F.);
#1400=ORIENTED_EDGE('',*,*,#1077,.T.);
#1401=ORIENTED_EDGE('',*,*,#1078,.F.);
#1402=ORIENTED_EDGE('',*,*,#1072,.T.);
#1403=ORIENTED_EDGE('',*,*,#1063,.F.);
#1404=ORIENTED_EDGE('',*,*,#1079,.F.);
#1405=ORIENTED_EDGE('',*,*,#1080,.F.);
#1406=ORIENTED_EDGE('',*,*,#1077,.F.);
#1407=ORIENTED_EDGE('',*,*,#1060,.F.);
#1408=ORIENTED_EDGE('',*,*,#1081,.T.);
#1409=ORIENTED_EDGE('',*,*,#1082,.F.);
#1410=ORIENTED_EDGE('',*,*,#1079,.T.);
#1411=ORIENTED_EDGE('',*,*,#1058,.F.);
#1412=ORIENTED_EDGE('',*,*,#1049,.F.);
#1413=ORIENTED_EDGE('',*,*,#1083,.F.);
#1414=ORIENTED_EDGE('',*,*,#1084,.F.);
#1415=ORIENTED_EDGE('',*,*,#1085,.F.);
#1416=ORIENTED_EDGE('',*,*,#1086,.T.);
#1417=ORIENTED_EDGE('',*,*,#1087,.F.);
#1418=ORIENTED_EDGE('',*,*,#1081,.F.);
#1419=ORIENTED_EDGE('',*,*,#1088,.T.);
#1420=ORIENTED_EDGE('',*,*,#1089,.T.);
#1421=ORIENTED_EDGE('',*,*,#1090,.T.);
#1422=ORIENTED_EDGE('',*,*,#1091,.T.);
#1423=ORIENTED_EDGE('',*,*,#1088,.F.);
#1424=ORIENTED_EDGE('',*,*,#1092,.T.);
#1425=ORIENTED_EDGE('',*,*,#1093,.T.);
#1426=ORIENTED_EDGE('',*,*,#1094,.F.);
#1427=ORIENTED_EDGE('',*,*,#1095,.F.);
#1428=ORIENTED_EDGE('',*,*,#1089,.F.);
#1429=ORIENTED_EDGE('',*,*,#1095,.T.);
#1430=ORIENTED_EDGE('',*,*,#1096,.T.);
#1431=ORIENTED_EDGE('',*,*,#1097,.F.);
#1432=ORIENTED_EDGE('',*,*,#1098,.F.);
#1433=ORIENTED_EDGE('',*,*,#1099,.F.);
#1434=ORIENTED_EDGE('',*,*,#1100,.F.);
#1435=ORIENTED_EDGE('',*,*,#1101,.F.);
#1436=ORIENTED_EDGE('',*,*,#1102,.T.);
#1437=ORIENTED_EDGE('',*,*,#1103,.F.);
#1438=ORIENTED_EDGE('',*,*,#1104,.F.);
#1439=ORIENTED_EDGE('',*,*,#1105,.F.);
#1440=ORIENTED_EDGE('',*,*,#1106,.F.);
#1441=ORIENTED_EDGE('',*,*,#1107,.F.);
#1442=ORIENTED_EDGE('',*,*,#1098,.T.);
#1443=ORIENTED_EDGE('',*,*,#1108,.T.);
#1444=ORIENTED_EDGE('',*,*,#1073,.T.);
#1445=ORIENTED_EDGE('',*,*,#1109,.T.);
#1446=ORIENTED_EDGE('',*,*,#1110,.T.);
#1447=ORIENTED_EDGE('',*,*,#1111,.T.);
#1448=ORIENTED_EDGE('',*,*,#1103,.T.);
#1449=ORIENTED_EDGE('',*,*,#1112,.T.);
#1450=ORIENTED_EDGE('',*,*,#1102,.F.);
#1451=ORIENTED_EDGE('',*,*,#1113,.T.);
#1452=ORIENTED_EDGE('',*,*,#1114,.T.);
#1453=ORIENTED_EDGE('',*,*,#1112,.F.);
#1454=ORIENTED_EDGE('',*,*,#1115,.T.);
#1455=ORIENTED_EDGE('',*,*,#1099,.T.);
#1456=ORIENTED_EDGE('',*,*,#1116,.T.);
#1457=ORIENTED_EDGE('',*,*,#1080,.T.);
#1458=ORIENTED_EDGE('',*,*,#1115,.F.);
#1459=ORIENTED_EDGE('',*,*,#1082,.T.);
#1460=ORIENTED_EDGE('',*,*,#1117,.T.);
#1461=ORIENTED_EDGE('',*,*,#1100,.T.);
#1462=ORIENTED_EDGE('',*,*,#1101,.T.);
#1463=ORIENTED_EDGE('',*,*,#1117,.F.);
#1464=ORIENTED_EDGE('',*,*,#1087,.T.);
#1465=ORIENTED_EDGE('',*,*,#1113,.F.);
#1466=ORIENTED_EDGE('',*,*,#1111,.F.);
#1467=ORIENTED_EDGE('',*,*,#1118,.T.);
#1468=ORIENTED_EDGE('',*,*,#1119,.T.);
#1469=ORIENTED_EDGE('',*,*,#1104,.T.);
#1470=ORIENTED_EDGE('',*,*,#1120,.T.);
#1471=ORIENTED_EDGE('',*,*,#1105,.T.);
#1472=ORIENTED_EDGE('',*,*,#1119,.F.);
#1473=ORIENTED_EDGE('',*,*,#1121,.T.);
#1474=ORIENTED_EDGE('',*,*,#1120,.F.);
#1475=ORIENTED_EDGE('',*,*,#1122,.T.);
#1476=ORIENTED_EDGE('',*,*,#1123,.T.);
#1477=ORIENTED_EDGE('',*,*,#1106,.T.);
#1478=ORIENTED_EDGE('',*,*,#1107,.T.);
#1479=ORIENTED_EDGE('',*,*,#1123,.F.);
#1480=ORIENTED_EDGE('',*,*,#1124,.T.);
#1481=ORIENTED_EDGE('',*,*,#1090,.F.);
#1482=ORIENTED_EDGE('',*,*,#1109,.F.);
#1483=ORIENTED_EDGE('',*,*,#1078,.T.);
#1484=ORIENTED_EDGE('',*,*,#1116,.F.);
#1485=ORIENTED_EDGE('',*,*,#1022,.F.);
#1486=ORIENTED_EDGE('',*,*,#1125,.F.);
#1487=ORIENTED_EDGE('',*,*,#1126,.T.);
#1488=ORIENTED_EDGE('',*,*,#1124,.F.);
#1489=ORIENTED_EDGE('',*,*,#1127,.F.);
#1490=ORIENTED_EDGE('',*,*,#1025,.F.);
#1491=ORIENTED_EDGE('',*,*,#1127,.T.);
#1492=ORIENTED_EDGE('',*,*,#1122,.F.);
#1493=ORIENTED_EDGE('',*,*,#1128,.T.);
#1494=ORIENTED_EDGE('',*,*,#1030,.F.);
#1495=ORIENTED_EDGE('',*,*,#1128,.F.);
#1496=ORIENTED_EDGE('',*,*,#1121,.F.);
#1497=ORIENTED_EDGE('',*,*,#1129,.F.);
#1498=ORIENTED_EDGE('',*,*,#1031,.F.);
#1499=ORIENTED_EDGE('',*,*,#1129,.T.);
#1500=ORIENTED_EDGE('',*,*,#1118,.F.);
#1501=ORIENTED_EDGE('',*,*,#1130,.T.);
#1502=ORIENTED_EDGE('',*,*,#1036,.F.);
#1503=ORIENTED_EDGE('',*,*,#1130,.F.);
#1504=ORIENTED_EDGE('',*,*,#1110,.F.);
#1505=ORIENTED_EDGE('',*,*,#1131,.F.);
#1506=ORIENTED_EDGE('',*,*,#1132,.F.);
#1507=ORIENTED_EDGE('',*,*,#1133,.F.);
#1508=ORIENTED_EDGE('',*,*,#1134,.T.);
#1509=ORIENTED_EDGE('',*,*,#1047,.F.);
#1510=ORIENTED_EDGE('',*,*,#1114,.F.);
#1511=ORIENTED_EDGE('',*,*,#1086,.F.);
#1512=ORIENTED_EDGE('',*,*,#1135,.T.);
#1513=ORIENTED_EDGE('',*,*,#1131,.T.);
#1514=ORIENTED_EDGE('',*,*,#1021,.F.);
#1515=ORIENTED_EDGE('',*,*,#1046,.T.);
#1516=ORIENTED_EDGE('',*,*,#1056,.F.);
#1517=ORIENTED_EDGE('',*,*,#1136,.T.);
#1518=ORIENTED_EDGE('',*,*,#1137,.T.);
#1519=ORIENTED_EDGE('',*,*,#1125,.T.);
#1520=ORIENTED_EDGE('',*,*,#1138,.T.);
#1521=ORIENTED_EDGE('',*,*,#1139,.T.);
#1522=ORIENTED_EDGE('',*,*,#1074,.T.);
#1523=ORIENTED_EDGE('',*,*,#1108,.F.);
#1524=ORIENTED_EDGE('',*,*,#1097,.T.);
#1525=ORIENTED_EDGE('',*,*,#1094,.T.);
#1526=ORIENTED_EDGE('',*,*,#1140,.T.);
#1527=ORIENTED_EDGE('',*,*,#1141,.T.);
#1528=ORIENTED_EDGE('',*,*,#1142,.T.);
#1529=ORIENTED_EDGE('',*,*,#1138,.F.);
#1530=ORIENTED_EDGE('',*,*,#1096,.F.);
#1531=ORIENTED_EDGE('',*,*,#1084,.T.);
#1532=ORIENTED_EDGE('',*,*,#1143,.T.);
#1533=ORIENTED_EDGE('',*,*,#1133,.T.);
#1534=ORIENTED_EDGE('',*,*,#1144,.T.);
#1535=ORIENTED_EDGE('',*,*,#1144,.F.);
#1536=ORIENTED_EDGE('',*,*,#1132,.T.);
#1537=ORIENTED_EDGE('',*,*,#1135,.F.);
#1538=ORIENTED_EDGE('',*,*,#1085,.T.);
#1539=ORIENTED_EDGE('',*,*,#1057,.F.);
#1540=ORIENTED_EDGE('',*,*,#1069,.F.);
#1541=ORIENTED_EDGE('',*,*,#1145,.F.);
#1542=ORIENTED_EDGE('',*,*,#1146,.T.);
#1543=ORIENTED_EDGE('',*,*,#1136,.F.);
#1544=ORIENTED_EDGE('',*,*,#1143,.F.);
#1545=ORIENTED_EDGE('',*,*,#1083,.T.);
#1546=ORIENTED_EDGE('',*,*,#1048,.F.);
#1547=ORIENTED_EDGE('',*,*,#1134,.F.);
#1548=ORIENTED_EDGE('',*,*,#1142,.F.);
#1549=ORIENTED_EDGE('',*,*,#1147,.F.);
#1550=ORIENTED_EDGE('',*,*,#1148,.F.);
#1551=ORIENTED_EDGE('',*,*,#1075,.T.);
#1552=ORIENTED_EDGE('',*,*,#1139,.F.);
#1553=ORIENTED_EDGE('',*,*,#1141,.F.);
#1554=ORIENTED_EDGE('',*,*,#1149,.F.);
#1555=ORIENTED_EDGE('',*,*,#1150,.F.);
#1556=ORIENTED_EDGE('',*,*,#1147,.T.);
#1557=ORIENTED_EDGE('',*,*,#1093,.F.);
#1558=ORIENTED_EDGE('',*,*,#1151,.F.);
#1559=ORIENTED_EDGE('',*,*,#1152,.F.);
#1560=ORIENTED_EDGE('',*,*,#1149,.T.);
#1561=ORIENTED_EDGE('',*,*,#1140,.F.);
#1562=ORIENTED_EDGE('',*,*,#1091,.F.);
#1563=ORIENTED_EDGE('',*,*,#1126,.F.);
#1564=ORIENTED_EDGE('',*,*,#1137,.F.);
#1565=ORIENTED_EDGE('',*,*,#1146,.F.);
#1566=ORIENTED_EDGE('',*,*,#1153,.T.);
#1567=ORIENTED_EDGE('',*,*,#1151,.T.);
#1568=ORIENTED_EDGE('',*,*,#1092,.F.);
#1569=ORIENTED_EDGE('',*,*,#1071,.T.);
#1570=ORIENTED_EDGE('',*,*,#1076,.F.);
#1571=ORIENTED_EDGE('',*,*,#1148,.T.);
#1572=ORIENTED_EDGE('',*,*,#1150,.T.);
#1573=ORIENTED_EDGE('',*,*,#1152,.T.);
#1574=ORIENTED_EDGE('',*,*,#1153,.F.);
#1575=ORIENTED_EDGE('',*,*,#1145,.T.);
#1576=ORIENTED_EDGE('',*,*,#1068,.F.);
#1577=ORIENTED_EDGE('',*,*,#1154,.F.);
#1578=ORIENTED_EDGE('',*,*,#1155,.T.);
#1579=ORIENTED_EDGE('',*,*,#1156,.F.);
#1580=ORIENTED_EDGE('',*,*,#1157,.F.);
#1581=ORIENTED_EDGE('',*,*,#1158,.F.);
#1582=ORIENTED_EDGE('',*,*,#1157,.T.);
#1583=ORIENTED_EDGE('',*,*,#1159,.F.);
#1584=ORIENTED_EDGE('',*,*,#1160,.F.);
#1585=ORIENTED_EDGE('',*,*,#1161,.T.);
#1586=ORIENTED_EDGE('',*,*,#1160,.T.);
#1587=ORIENTED_EDGE('',*,*,#1162,.F.);
#1588=ORIENTED_EDGE('',*,*,#1163,.F.);
#1589=ORIENTED_EDGE('',*,*,#1164,.F.);
#1590=ORIENTED_EDGE('',*,*,#1163,.T.);
#1591=ORIENTED_EDGE('',*,*,#1165,.F.);
#1592=ORIENTED_EDGE('',*,*,#1155,.F.);
#1593=ORIENTED_EDGE('',*,*,#1165,.T.);
#1594=ORIENTED_EDGE('',*,*,#1162,.T.);
#1595=ORIENTED_EDGE('',*,*,#1159,.T.);
#1596=ORIENTED_EDGE('',*,*,#1156,.T.);
#1597=ORIENTED_EDGE('',*,*,#1164,.T.);
#1598=ORIENTED_EDGE('',*,*,#1154,.T.);
#1599=ORIENTED_EDGE('',*,*,#1158,.T.);
#1600=ORIENTED_EDGE('',*,*,#1161,.F.);
#1601=ORIENTED_EDGE('',*,*,#1166,.F.);
#1602=ORIENTED_EDGE('',*,*,#1167,.F.);
#1603=ORIENTED_EDGE('',*,*,#1168,.F.);
#1604=ORIENTED_EDGE('',*,*,#1169,.F.);
#1605=ORIENTED_EDGE('',*,*,#1168,.T.);
#1606=ORIENTED_EDGE('',*,*,#1170,.F.);
#1607=ORIENTED_EDGE('',*,*,#1171,.F.);
#1608=ORIENTED_EDGE('',*,*,#1172,.F.);
#1609=ORIENTED_EDGE('',*,*,#1173,.F.);
#1610=ORIENTED_EDGE('',*,*,#1174,.F.);
#1611=ORIENTED_EDGE('',*,*,#1171,.T.);
#1612=ORIENTED_EDGE('',*,*,#1175,.F.);
#1613=ORIENTED_EDGE('',*,*,#1173,.T.);
#1614=ORIENTED_EDGE('',*,*,#1176,.F.);
#1615=ORIENTED_EDGE('',*,*,#1177,.F.);
#1616=ORIENTED_EDGE('',*,*,#1178,.F.);
#1617=ORIENTED_EDGE('',*,*,#1179,.F.);
#1618=ORIENTED_EDGE('',*,*,#1180,.F.);
#1619=ORIENTED_EDGE('',*,*,#1177,.T.);
#1620=ORIENTED_EDGE('',*,*,#1181,.F.);
#1621=ORIENTED_EDGE('',*,*,#1167,.T.);
#1622=ORIENTED_EDGE('',*,*,#1182,.T.);
#1623=ORIENTED_EDGE('',*,*,#1183,.T.);
#1624=ORIENTED_EDGE('',*,*,#1184,.T.);
#1625=ORIENTED_EDGE('',*,*,#1185,.T.);
#1626=ORIENTED_EDGE('',*,*,#1186,.T.);
#1627=ORIENTED_EDGE('',*,*,#1187,.T.);
#1628=ORIENTED_EDGE('',*,*,#1188,.T.);
#1629=ORIENTED_EDGE('',*,*,#1189,.T.);
#1630=ORIENTED_EDGE('',*,*,#1190,.T.);
#1631=ORIENTED_EDGE('',*,*,#1191,.T.);
#1632=ORIENTED_EDGE('',*,*,#1181,.T.);
#1633=ORIENTED_EDGE('',*,*,#1176,.T.);
#1634=ORIENTED_EDGE('',*,*,#1175,.T.);
#1635=ORIENTED_EDGE('',*,*,#1170,.T.);
#1636=ORIENTED_EDGE('',*,*,#1179,.T.);
#1637=ORIENTED_EDGE('',*,*,#1191,.F.);
#1638=ORIENTED_EDGE('',*,*,#1192,.T.);
#1639=ORIENTED_EDGE('',*,*,#1193,.F.);
#1640=ORIENTED_EDGE('',*,*,#1194,.F.);
#1641=ORIENTED_EDGE('',*,*,#1195,.F.);
#1642=ORIENTED_EDGE('',*,*,#1196,.F.);
#1643=ORIENTED_EDGE('',*,*,#1197,.F.);
#1644=ORIENTED_EDGE('',*,*,#1185,.F.);
#1645=ORIENTED_EDGE('',*,*,#1198,.F.);
#1646=ORIENTED_EDGE('',*,*,#1198,.T.);
#1647=ORIENTED_EDGE('',*,*,#1184,.F.);
#1648=ORIENTED_EDGE('',*,*,#1199,.F.);
#1649=ORIENTED_EDGE('',*,*,#1200,.F.);
#1650=ORIENTED_EDGE('',*,*,#1201,.F.);
#1651=ORIENTED_EDGE('',*,*,#1202,.F.);
#1652=ORIENTED_EDGE('',*,*,#1199,.T.);
#1653=ORIENTED_EDGE('',*,*,#1183,.F.);
#1654=ORIENTED_EDGE('',*,*,#1192,.F.);
#1655=ORIENTED_EDGE('',*,*,#1190,.F.);
#1656=ORIENTED_EDGE('',*,*,#1203,.F.);
#1657=ORIENTED_EDGE('',*,*,#1204,.F.);
#1658=ORIENTED_EDGE('',*,*,#1203,.T.);
#1659=ORIENTED_EDGE('',*,*,#1189,.F.);
#1660=ORIENTED_EDGE('',*,*,#1205,.F.);
#1661=ORIENTED_EDGE('',*,*,#1206,.F.);
#1662=ORIENTED_EDGE('',*,*,#1207,.F.);
#1663=ORIENTED_EDGE('',*,*,#1208,.F.);
#1664=ORIENTED_EDGE('',*,*,#1205,.T.);
#1665=ORIENTED_EDGE('',*,*,#1188,.F.);
#1666=ORIENTED_EDGE('',*,*,#1207,.T.);
#1667=ORIENTED_EDGE('',*,*,#1187,.F.);
#1668=ORIENTED_EDGE('',*,*,#1209,.F.);
#1669=ORIENTED_EDGE('',*,*,#1210,.F.);
#1670=ORIENTED_EDGE('',*,*,#1186,.F.);
#1671=ORIENTED_EDGE('',*,*,#1197,.T.);
#1672=ORIENTED_EDGE('',*,*,#1211,.F.);
#1673=ORIENTED_EDGE('',*,*,#1209,.T.);
#1674=ORIENTED_EDGE('',*,*,#1200,.T.);
#1675=ORIENTED_EDGE('',*,*,#1212,.F.);
#1676=ORIENTED_EDGE('',*,*,#1213,.F.);
#1677=ORIENTED_EDGE('',*,*,#1214,.F.);
#1678=ORIENTED_EDGE('',*,*,#1196,.T.);
#1679=ORIENTED_EDGE('',*,*,#1214,.T.);
#1680=ORIENTED_EDGE('',*,*,#1215,.T.);
#1681=ORIENTED_EDGE('',*,*,#1216,.T.);
#1682=ORIENTED_EDGE('',*,*,#1211,.T.);
#1683=ORIENTED_EDGE('',*,*,#1216,.F.);
#1684=ORIENTED_EDGE('',*,*,#1217,.F.);
#1685=ORIENTED_EDGE('',*,*,#1218,.T.);
#1686=ORIENTED_EDGE('',*,*,#1219,.T.);
#1687=ORIENTED_EDGE('',*,*,#1220,.T.);
#1688=ORIENTED_EDGE('',*,*,#1221,.T.);
#1689=ORIENTED_EDGE('',*,*,#1210,.T.);
#1690=ORIENTED_EDGE('',*,*,#1221,.F.);
#1691=ORIENTED_EDGE('',*,*,#1222,.T.);
#1692=ORIENTED_EDGE('',*,*,#1223,.F.);
#1693=ORIENTED_EDGE('',*,*,#1208,.T.);
#1694=ORIENTED_EDGE('',*,*,#1223,.T.);
#1695=ORIENTED_EDGE('',*,*,#1224,.T.);
#1696=ORIENTED_EDGE('',*,*,#1225,.T.);
#1697=ORIENTED_EDGE('',*,*,#1206,.T.);
#1698=ORIENTED_EDGE('',*,*,#1225,.F.);
#1699=ORIENTED_EDGE('',*,*,#1226,.T.);
#1700=ORIENTED_EDGE('',*,*,#1227,.F.);
#1701=ORIENTED_EDGE('',*,*,#1204,.T.);
#1702=ORIENTED_EDGE('',*,*,#1227,.T.);
#1703=ORIENTED_EDGE('',*,*,#1228,.T.);
#1704=ORIENTED_EDGE('',*,*,#1229,.F.);
#1705=ORIENTED_EDGE('',*,*,#1230,.T.);
#1706=ORIENTED_EDGE('',*,*,#1231,.T.);
#1707=ORIENTED_EDGE('',*,*,#1232,.T.);
#1708=ORIENTED_EDGE('',*,*,#1193,.T.);
#1709=ORIENTED_EDGE('',*,*,#1233,.F.);
#1710=ORIENTED_EDGE('',*,*,#1234,.F.);
#1711=ORIENTED_EDGE('',*,*,#1235,.F.);
#1712=ORIENTED_EDGE('',*,*,#1236,.F.);
#1713=ORIENTED_EDGE('',*,*,#1233,.T.);
#1714=ORIENTED_EDGE('',*,*,#1237,.T.);
#1715=ORIENTED_EDGE('',*,*,#1238,.T.);
#1716=ORIENTED_EDGE('',*,*,#1239,.F.);
#1717=ORIENTED_EDGE('',*,*,#1240,.F.);
#1718=ORIENTED_EDGE('',*,*,#1236,.T.);
#1719=ORIENTED_EDGE('',*,*,#1241,.T.);
#1720=ORIENTED_EDGE('',*,*,#1242,.T.);
#1721=ORIENTED_EDGE('',*,*,#1243,.T.);
#1722=ORIENTED_EDGE('',*,*,#1244,.T.);
#1723=ORIENTED_EDGE('',*,*,#1245,.T.);
#1724=ORIENTED_EDGE('',*,*,#1246,.F.);
#1725=ORIENTED_EDGE('',*,*,#1247,.T.);
#1726=ORIENTED_EDGE('',*,*,#1248,.T.);
#1727=ORIENTED_EDGE('',*,*,#1249,.T.);
#1728=ORIENTED_EDGE('',*,*,#1250,.T.);
#1729=ORIENTED_EDGE('',*,*,#1251,.T.);
#1730=ORIENTED_EDGE('',*,*,#1252,.F.);
#1731=ORIENTED_EDGE('',*,*,#1237,.F.);
#1732=ORIENTED_EDGE('',*,*,#1250,.F.);
#1733=ORIENTED_EDGE('',*,*,#1253,.F.);
#1734=ORIENTED_EDGE('',*,*,#1220,.F.);
#1735=ORIENTED_EDGE('',*,*,#1254,.F.);
#1736=ORIENTED_EDGE('',*,*,#1255,.F.);
#1737=ORIENTED_EDGE('',*,*,#1256,.F.);
#1738=ORIENTED_EDGE('',*,*,#1245,.F.);
#1739=ORIENTED_EDGE('',*,*,#1257,.F.);
#1740=ORIENTED_EDGE('',*,*,#1246,.T.);
#1741=ORIENTED_EDGE('',*,*,#1256,.T.);
#1742=ORIENTED_EDGE('',*,*,#1258,.F.);
#1743=ORIENTED_EDGE('',*,*,#1259,.F.);
#1744=ORIENTED_EDGE('',*,*,#1260,.F.);
#1745=ORIENTED_EDGE('',*,*,#1224,.F.);
#1746=ORIENTED_EDGE('',*,*,#1261,.F.);
#1747=ORIENTED_EDGE('',*,*,#1249,.F.);
#1748=ORIENTED_EDGE('',*,*,#1260,.T.);
#1749=ORIENTED_EDGE('',*,*,#1248,.F.);
#1750=ORIENTED_EDGE('',*,*,#1262,.F.);
#1751=ORIENTED_EDGE('',*,*,#1226,.F.);
#1752=ORIENTED_EDGE('',*,*,#1247,.F.);
#1753=ORIENTED_EDGE('',*,*,#1259,.T.);
#1754=ORIENTED_EDGE('',*,*,#1228,.F.);
#1755=ORIENTED_EDGE('',*,*,#1262,.T.);
#1756=ORIENTED_EDGE('',*,*,#1257,.T.);
#1757=ORIENTED_EDGE('',*,*,#1244,.F.);
#1758=ORIENTED_EDGE('',*,*,#1263,.F.);
#1759=ORIENTED_EDGE('',*,*,#1264,.F.);
#1760=ORIENTED_EDGE('',*,*,#1265,.F.);
#1761=ORIENTED_EDGE('',*,*,#1266,.F.);
#1762=ORIENTED_EDGE('',*,*,#1263,.T.);
#1763=ORIENTED_EDGE('',*,*,#1243,.F.);
#1764=ORIENTED_EDGE('',*,*,#1265,.T.);
#1765=ORIENTED_EDGE('',*,*,#1242,.F.);
#1766=ORIENTED_EDGE('',*,*,#1267,.F.);
#1767=ORIENTED_EDGE('',*,*,#1268,.F.);
#1768=ORIENTED_EDGE('',*,*,#1241,.F.);
#1769=ORIENTED_EDGE('',*,*,#1235,.T.);
#1770=ORIENTED_EDGE('',*,*,#1269,.F.);
#1771=ORIENTED_EDGE('',*,*,#1267,.T.);
#1772=ORIENTED_EDGE('',*,*,#1253,.T.);
#1773=ORIENTED_EDGE('',*,*,#1261,.T.);
#1774=ORIENTED_EDGE('',*,*,#1222,.F.);
#1775=ORIENTED_EDGE('',*,*,#1169,.T.);
#1776=ORIENTED_EDGE('',*,*,#1270,.T.);
#1777=ORIENTED_EDGE('',*,*,#1269,.T.);
#1778=ORIENTED_EDGE('',*,*,#1271,.F.);
#1779=ORIENTED_EDGE('',*,*,#1272,.T.);
#1780=ORIENTED_EDGE('',*,*,#1172,.T.);
#1781=ORIENTED_EDGE('',*,*,#1273,.F.);
#1782=ORIENTED_EDGE('',*,*,#1268,.T.);
#1783=ORIENTED_EDGE('',*,*,#1270,.F.);
#1784=ORIENTED_EDGE('',*,*,#1174,.T.);
#1785=ORIENTED_EDGE('',*,*,#1274,.T.);
#1786=ORIENTED_EDGE('',*,*,#1266,.T.);
#1787=ORIENTED_EDGE('',*,*,#1273,.T.);
#1788=ORIENTED_EDGE('',*,*,#1178,.T.);
#1789=ORIENTED_EDGE('',*,*,#1275,.F.);
#1790=ORIENTED_EDGE('',*,*,#1264,.T.);
#1791=ORIENTED_EDGE('',*,*,#1274,.F.);
#1792=ORIENTED_EDGE('',*,*,#1180,.T.);
#1793=ORIENTED_EDGE('',*,*,#1195,.T.);
#1794=ORIENTED_EDGE('',*,*,#1276,.F.);
#1795=ORIENTED_EDGE('',*,*,#1277,.T.);
#1796=ORIENTED_EDGE('',*,*,#1278,.T.);
#1797=ORIENTED_EDGE('',*,*,#1279,.T.);
#1798=ORIENTED_EDGE('',*,*,#1255,.T.);
#1799=ORIENTED_EDGE('',*,*,#1275,.T.);
#1800=ORIENTED_EDGE('',*,*,#1258,.T.);
#1801=ORIENTED_EDGE('',*,*,#1279,.F.);
#1802=ORIENTED_EDGE('',*,*,#1280,.F.);
#1803=ORIENTED_EDGE('',*,*,#1229,.T.);
#1804=ORIENTED_EDGE('',*,*,#1166,.T.);
#1805=ORIENTED_EDGE('',*,*,#1272,.F.);
#1806=ORIENTED_EDGE('',*,*,#1281,.F.);
#1807=ORIENTED_EDGE('',*,*,#1282,.F.);
#1808=ORIENTED_EDGE('',*,*,#1201,.T.);
#1809=ORIENTED_EDGE('',*,*,#1182,.F.);
#1810=ORIENTED_EDGE('',*,*,#1283,.F.);
#1811=ORIENTED_EDGE('',*,*,#1251,.F.);
#1812=ORIENTED_EDGE('',*,*,#1254,.T.);
#1813=ORIENTED_EDGE('',*,*,#1219,.F.);
#1814=ORIENTED_EDGE('',*,*,#1284,.F.);
#1815=ORIENTED_EDGE('',*,*,#1238,.F.);
#1816=ORIENTED_EDGE('',*,*,#1252,.T.);
#1817=ORIENTED_EDGE('',*,*,#1283,.T.);
#1818=ORIENTED_EDGE('',*,*,#1285,.F.);
#1819=ORIENTED_EDGE('',*,*,#1286,.F.);
#1820=ORIENTED_EDGE('',*,*,#1287,.F.);
#1821=ORIENTED_EDGE('',*,*,#1231,.F.);
#1822=ORIENTED_EDGE('',*,*,#1288,.F.);
#1823=ORIENTED_EDGE('',*,*,#1277,.F.);
#1824=ORIENTED_EDGE('',*,*,#1289,.F.);
#1825=ORIENTED_EDGE('',*,*,#1288,.T.);
#1826=ORIENTED_EDGE('',*,*,#1230,.F.);
#1827=ORIENTED_EDGE('',*,*,#1280,.T.);
#1828=ORIENTED_EDGE('',*,*,#1278,.F.);
#1829=ORIENTED_EDGE('',*,*,#1202,.T.);
#1830=ORIENTED_EDGE('',*,*,#1282,.T.);
#1831=ORIENTED_EDGE('',*,*,#1290,.F.);
#1832=ORIENTED_EDGE('',*,*,#1291,.T.);
#1833=ORIENTED_EDGE('',*,*,#1212,.T.);
#1834=ORIENTED_EDGE('',*,*,#1289,.T.);
#1835=ORIENTED_EDGE('',*,*,#1276,.T.);
#1836=ORIENTED_EDGE('',*,*,#1194,.T.);
#1837=ORIENTED_EDGE('',*,*,#1232,.F.);
#1838=ORIENTED_EDGE('',*,*,#1285,.T.);
#1839=ORIENTED_EDGE('',*,*,#1284,.T.);
#1840=ORIENTED_EDGE('',*,*,#1218,.F.);
#1841=ORIENTED_EDGE('',*,*,#1292,.T.);
#1842=ORIENTED_EDGE('',*,*,#1293,.T.);
#1843=ORIENTED_EDGE('',*,*,#1286,.T.);
#1844=ORIENTED_EDGE('',*,*,#1293,.F.);
#1845=ORIENTED_EDGE('',*,*,#1294,.T.);
#1846=ORIENTED_EDGE('',*,*,#1295,.T.);
#1847=ORIENTED_EDGE('',*,*,#1239,.T.);
#1848=ORIENTED_EDGE('',*,*,#1287,.T.);
#1849=ORIENTED_EDGE('',*,*,#1295,.F.);
#1850=ORIENTED_EDGE('',*,*,#1296,.T.);
#1851=ORIENTED_EDGE('',*,*,#1297,.T.);
#1852=ORIENTED_EDGE('',*,*,#1234,.T.);
#1853=ORIENTED_EDGE('',*,*,#1240,.T.);
#1854=ORIENTED_EDGE('',*,*,#1297,.F.);
#1855=ORIENTED_EDGE('',*,*,#1298,.F.);
#1856=ORIENTED_EDGE('',*,*,#1290,.T.);
#1857=ORIENTED_EDGE('',*,*,#1281,.T.);
#1858=ORIENTED_EDGE('',*,*,#1271,.T.);
#1859=ORIENTED_EDGE('',*,*,#1215,.F.);
#1860=ORIENTED_EDGE('',*,*,#1213,.T.);
#1861=ORIENTED_EDGE('',*,*,#1291,.F.);
#1862=ORIENTED_EDGE('',*,*,#1298,.T.);
#1863=ORIENTED_EDGE('',*,*,#1296,.F.);
#1864=ORIENTED_EDGE('',*,*,#1294,.F.);
#1865=ORIENTED_EDGE('',*,*,#1292,.F.);
#1866=ORIENTED_EDGE('',*,*,#1217,.T.);
#1867=ORIENTED_EDGE('',*,*,#1299,.T.);
#1868=ORIENTED_EDGE('',*,*,#1300,.T.);
#1869=ORIENTED_EDGE('',*,*,#1301,.T.);
#1870=ORIENTED_EDGE('',*,*,#1302,.F.);
#1871=ORIENTED_EDGE('',*,*,#1303,.T.);
#1872=ORIENTED_EDGE('',*,*,#1304,.T.);
#1873=ORIENTED_EDGE('',*,*,#1305,.T.);
#1874=ORIENTED_EDGE('',*,*,#1300,.F.);
#1875=ORIENTED_EDGE('',*,*,#1306,.F.);
#1876=ORIENTED_EDGE('',*,*,#1307,.T.);
#1877=ORIENTED_EDGE('',*,*,#1308,.T.);
#1878=ORIENTED_EDGE('',*,*,#1304,.F.);
#1879=ORIENTED_EDGE('',*,*,#1309,.T.);
#1880=ORIENTED_EDGE('',*,*,#1302,.T.);
#1881=ORIENTED_EDGE('',*,*,#1310,.T.);
#1882=ORIENTED_EDGE('',*,*,#1307,.F.);
#1883=ORIENTED_EDGE('',*,*,#1310,.F.);
#1884=ORIENTED_EDGE('',*,*,#1301,.F.);
#1885=ORIENTED_EDGE('',*,*,#1305,.F.);
#1886=ORIENTED_EDGE('',*,*,#1308,.F.);
#1887=ORIENTED_EDGE('',*,*,#1309,.F.);
#1888=ORIENTED_EDGE('',*,*,#1306,.T.);
#1889=ORIENTED_EDGE('',*,*,#1303,.F.);
#1890=ORIENTED_EDGE('',*,*,#1299,.F.);
#1891=PLANE('',#2132);
#1892=PLANE('',#2136);
#1893=PLANE('',#2140);
#1894=PLANE('',#2141);
#1895=PLANE('',#2145);
#1896=PLANE('',#2146);
#1897=PLANE('',#2149);
#1898=PLANE('',#2150);
#1899=PLANE('',#2153);
#1900=PLANE('',#2156);
#1901=PLANE('',#2159);
#1902=PLANE('',#2160);
#1903=PLANE('',#2163);
#1904=PLANE('',#2166);
#1905=PLANE('',#2167);
#1906=PLANE('',#2168);
#1907=PLANE('',#2169);
#1908=PLANE('',#2173);
#1909=PLANE('',#2174);
#1910=PLANE('',#2175);
#1911=PLANE('',#2176);
#1912=PLANE('',#2178);
#1913=PLANE('',#2181);
#1914=PLANE('',#2184);
#1915=PLANE('',#2186);
#1916=PLANE('',#2188);
#1917=PLANE('',#2190);
#1918=PLANE('',#2191);
#1919=PLANE('',#2192);
#1920=PLANE('',#2193);
#1921=PLANE('',#2194);
#1922=PLANE('',#2195);
#1923=PLANE('',#2196);
#1924=PLANE('',#2197);
#1925=PLANE('',#2198);
#1926=PLANE('',#2199);
#1927=PLANE('',#2200);
#1928=PLANE('',#2201);
#1929=PLANE('',#2202);
#1930=PLANE('',#2203);
#1931=PLANE('',#2204);
#1932=PLANE('',#2205);
#1933=PLANE('',#2206);
#1934=PLANE('',#2207);
#1935=PLANE('',#2208);
#1936=PLANE('',#2209);
#1937=PLANE('',#2211);
#1938=PLANE('',#2215);
#1939=PLANE('',#2219);
#1940=PLANE('',#2220);
#1941=PLANE('',#2224);
#1942=PLANE('',#2225);
#1943=PLANE('',#2228);
#1944=PLANE('',#2229);
#1945=PLANE('',#2232);
#1946=PLANE('',#2235);
#1947=PLANE('',#2238);
#1948=PLANE('',#2239);
#1949=PLANE('',#2242);
#1950=PLANE('',#2245);
#1951=PLANE('',#2246);
#1952=PLANE('',#2247);
#1953=PLANE('',#2248);
#1954=PLANE('',#2252);
#1955=PLANE('',#2253);
#1956=PLANE('',#2254);
#1957=PLANE('',#2255);
#1958=PLANE('',#2257);
#1959=PLANE('',#2260);
#1960=PLANE('',#2263);
#1961=PLANE('',#2265);
#1962=PLANE('',#2267);
#1963=PLANE('',#2269);
#1964=PLANE('',#2270);
#1965=PLANE('',#2271);
#1966=PLANE('',#2272);
#1967=PLANE('',#2273);
#1968=PLANE('',#2274);
#1969=PLANE('',#2275);
#1970=PLANE('',#2276);
#1971=PLANE('',#2277);
#1972=PLANE('',#2278);
#1973=PLANE('',#2279);
#1974=PLANE('',#2280);
#1975=PLANE('',#2281);
#1976=PLANE('',#2282);
#1977=PLANE('',#2283);
#1978=PLANE('',#2284);
#1979=PLANE('',#2285);
#1980=PLANE('',#2286);
#1981=PLANE('',#2287);
#1982=PLANE('',#2288);
#1983=ADVANCED_FACE('',(#95),#1891,.T.);
#1984=ADVANCED_FACE('',(#96),#77,.F.);
#1985=ADVANCED_FACE('',(#97),#1892,.T.);
#1986=ADVANCED_FACE('',(#98),#78,.F.);
#1987=ADVANCED_FACE('',(#99),#1893,.T.);
#1988=ADVANCED_FACE('',(#100),#1894,.T.);
#1989=ADVANCED_FACE('',(#101),#1895,.T.);
#1990=ADVANCED_FACE('',(#102),#1896,.T.);
#1991=ADVANCED_FACE('',(#103),#79,.T.);
#1992=ADVANCED_FACE('',(#104),#1897,.T.);
#1993=ADVANCED_FACE('',(#105),#1898,.T.);
#1994=ADVANCED_FACE('',(#106),#80,.F.);
#1995=ADVANCED_FACE('',(#107),#1899,.T.);
#1996=ADVANCED_FACE('',(#108),#81,.T.);
#1997=ADVANCED_FACE('',(#109),#1900,.T.);
#1998=ADVANCED_FACE('',(#110),#31,.T.);
#1999=ADVANCED_FACE('',(#111),#1901,.T.);
#2000=ADVANCED_FACE('',(#112),#1902,.T.);
#2001=ADVANCED_FACE('',(#113),#32,.T.);
#2002=ADVANCED_FACE('',(#114),#1903,.T.);
#2003=ADVANCED_FACE('',(#115),#33,.F.);
#2004=ADVANCED_FACE('',(#116),#1904,.T.);
#2005=ADVANCED_FACE('',(#117),#1905,.T.);
#2006=ADVANCED_FACE('',(#118),#1906,.T.);
#2007=ADVANCED_FACE('',(#119),#1907,.T.);
#2008=ADVANCED_FACE('',(#120),#1908,.T.);
#2009=ADVANCED_FACE('',(#121),#1909,.T.);
#2010=ADVANCED_FACE('',(#122),#1910,.T.);
#2011=ADVANCED_FACE('',(#123),#1911,.T.);
#2012=ADVANCED_FACE('',(#124),#82,.F.);
#2013=ADVANCED_FACE('',(#125),#1912,.T.);
#2014=ADVANCED_FACE('',(#126),#83,.F.);
#2015=ADVANCED_FACE('',(#127),#1913,.T.);
#2016=ADVANCED_FACE('',(#128),#84,.F.);
#2017=ADVANCED_FACE('',(#129),#1914,.T.);
#2018=ADVANCED_FACE('',(#130),#85,.T.);
#2019=ADVANCED_FACE('',(#131),#1915,.T.);
#2020=ADVANCED_FACE('',(#132),#34,.F.);
#2021=ADVANCED_FACE('',(#133),#1916,.T.);
#2022=ADVANCED_FACE('',(#134),#35,.F.);
#2023=ADVANCED_FACE('',(#135),#1917,.T.);
#2024=ADVANCED_FACE('',(#136),#1918,.T.);
#2025=ADVANCED_FACE('',(#137),#1919,.T.);
#2026=ADVANCED_FACE('',(#138),#1920,.T.);
#2027=ADVANCED_FACE('',(#139),#1921,.T.);
#2028=ADVANCED_FACE('',(#140),#1922,.T.);
#2029=ADVANCED_FACE('',(#141),#1923,.T.);
#2030=ADVANCED_FACE('',(#142),#1924,.T.);
#2031=ADVANCED_FACE('',(#143),#1925,.T.);
#2032=ADVANCED_FACE('',(#144),#1926,.T.);
#2033=ADVANCED_FACE('',(#145),#1927,.T.);
#2034=ADVANCED_FACE('',(#146),#1928,.T.);
#2035=ADVANCED_FACE('',(#147),#1929,.T.);
#2036=ADVANCED_FACE('',(#148),#1930,.F.);
#2037=ADVANCED_FACE('',(#149),#1931,.T.);
#2038=ADVANCED_FACE('',(#150),#1932,.T.);
#2039=ADVANCED_FACE('',(#151),#1933,.T.);
#2040=ADVANCED_FACE('',(#152),#1934,.T.);
#2041=ADVANCED_FACE('',(#153),#1935,.T.);
#2042=ADVANCED_FACE('',(#154),#1936,.F.);
#2043=ADVANCED_FACE('',(#155),#1937,.F.);
#2044=ADVANCED_FACE('',(#156),#86,.F.);
#2045=ADVANCED_FACE('',(#157),#1938,.F.);
#2046=ADVANCED_FACE('',(#158),#87,.F.);
#2047=ADVANCED_FACE('',(#159),#1939,.F.);
#2048=ADVANCED_FACE('',(#160),#1940,.F.);
#2049=ADVANCED_FACE('',(#161),#1941,.F.);
#2050=ADVANCED_FACE('',(#162),#1942,.F.);
#2051=ADVANCED_FACE('',(#163),#88,.T.);
#2052=ADVANCED_FACE('',(#164),#1943,.F.);
#2053=ADVANCED_FACE('',(#165),#1944,.F.);
#2054=ADVANCED_FACE('',(#166),#89,.F.);
#2055=ADVANCED_FACE('',(#167),#1945,.F.);
#2056=ADVANCED_FACE('',(#168),#90,.T.);
#2057=ADVANCED_FACE('',(#169),#1946,.F.);
#2058=ADVANCED_FACE('',(#170),#36,.T.);
#2059=ADVANCED_FACE('',(#171),#1947,.F.);
#2060=ADVANCED_FACE('',(#172),#1948,.F.);
#2061=ADVANCED_FACE('',(#173),#37,.T.);
#2062=ADVANCED_FACE('',(#174),#1949,.F.);
#2063=ADVANCED_FACE('',(#175),#38,.F.);
#2064=ADVANCED_FACE('',(#176),#1950,.F.);
#2065=ADVANCED_FACE('',(#177),#1951,.F.);
#2066=ADVANCED_FACE('',(#178),#1952,.F.);
#2067=ADVANCED_FACE('',(#179),#1953,.F.);
#2068=ADVANCED_FACE('',(#180),#1954,.F.);
#2069=ADVANCED_FACE('',(#181),#1955,.F.);
#2070=ADVANCED_FACE('',(#182),#1956,.F.);
#2071=ADVANCED_FACE('',(#183),#1957,.F.);
#2072=ADVANCED_FACE('',(#184),#91,.F.);
#2073=ADVANCED_FACE('',(#185),#1958,.F.);
#2074=ADVANCED_FACE('',(#186),#92,.F.);
#2075=ADVANCED_FACE('',(#187),#1959,.F.);
#2076=ADVANCED_FACE('',(#188),#93,.F.);
#2077=ADVANCED_FACE('',(#189),#1960,.F.);
#2078=ADVANCED_FACE('',(#190),#94,.T.);
#2079=ADVANCED_FACE('',(#191),#1961,.F.);
#2080=ADVANCED_FACE('',(#192),#39,.F.);
#2081=ADVANCED_FACE('',(#193),#1962,.F.);
#2082=ADVANCED_FACE('',(#194),#40,.F.);
#2083=ADVANCED_FACE('',(#195),#1963,.F.);
#2084=ADVANCED_FACE('',(#196),#1964,.F.);
#2085=ADVANCED_FACE('',(#197),#1965,.F.);
#2086=ADVANCED_FACE('',(#198),#1966,.F.);
#2087=ADVANCED_FACE('',(#199),#1967,.F.);
#2088=ADVANCED_FACE('',(#200),#1968,.F.);
#2089=ADVANCED_FACE('',(#201),#1969,.F.);
#2090=ADVANCED_FACE('',(#202),#1970,.F.);
#2091=ADVANCED_FACE('',(#203),#1971,.F.);
#2092=ADVANCED_FACE('',(#204),#1972,.F.);
#2093=ADVANCED_FACE('',(#205),#1973,.F.);
#2094=ADVANCED_FACE('',(#206),#1974,.F.);
#2095=ADVANCED_FACE('',(#207),#1975,.F.);
#2096=ADVANCED_FACE('',(#208),#1976,.T.);
#2097=ADVANCED_FACE('',(#209),#1977,.F.);
#2098=ADVANCED_FACE('',(#210),#1978,.F.);
#2099=ADVANCED_FACE('',(#211),#1979,.F.);
#2100=ADVANCED_FACE('',(#212),#1980,.F.);
#2101=ADVANCED_FACE('',(#213),#1981,.F.);
#2102=ADVANCED_FACE('',(#214),#1982,.T.);
#2103=CLOSED_SHELL('',(#1983,#1984,#1985,#1986,#1987,#1988,#1989,#1990,
#1991,#1992,#1993,#1994,#1995,#1996,#1997,#1998,#1999,#2000,#2001,#2002,
#2003,#2004,#2005,#2006,#2007,#2008,#2009,#2010,#2011,#2012,#2013,#2014,
#2015,#2016,#2017,#2018,#2019,#2020,#2021,#2022,#2023,#2024,#2025,#2026,
#2027,#2028,#2029,#2030,#2031,#2032,#2033,#2034,#2035,#2036));
#2104=CLOSED_SHELL('',(#2037,#2038,#2039,#2040,#2041,#2042));
#2105=CLOSED_SHELL('',(#2043,#2044,#2045,#2046,#2047,#2048,#2049,#2050,
#2051,#2052,#2053,#2054,#2055,#2056,#2057,#2058,#2059,#2060,#2061,#2062,
#2063,#2064,#2065,#2066,#2067,#2068,#2069,#2070,#2071,#2072,#2073,#2074,
#2075,#2076,#2077,#2078,#2079,#2080,#2081,#2082,#2083,#2084,#2085,#2086,
#2087,#2088,#2089,#2090,#2091,#2092,#2093,#2094,#2095,#2096));
#2106=CLOSED_SHELL('',(#2097,#2098,#2099,#2100,#2101,#2102));
#2107=DERIVED_UNIT_ELEMENT(#2111,1.);
#2108=DERIVED_UNIT_ELEMENT(#3469,-3.);
#2109=DERIVED_UNIT_ELEMENT(#2111,1.);
#2110=DERIVED_UNIT_ELEMENT(#3469,-3.);
#2111=(
MASS_UNIT()
NAMED_UNIT(*)
SI_UNIT(.KILO.,.GRAM.)
);
#2112=DERIVED_UNIT((#2107,#2108));
#2113=DERIVED_UNIT((#2109,#2110));
#2114=MEASURE_REPRESENTATION_ITEM('density measure',
POSITIVE_RATIO_MEASURE(7850.),#2112);
#2115=MEASURE_REPRESENTATION_ITEM('density measure',
POSITIVE_RATIO_MEASURE(7850.),#2113);
#2116=PROPERTY_DEFINITION_REPRESENTATION(#2126,#2120);
#2117=PROPERTY_DEFINITION_REPRESENTATION(#2127,#2121);
#2118=PROPERTY_DEFINITION_REPRESENTATION(#2128,#2122);
#2119=PROPERTY_DEFINITION_REPRESENTATION(#2129,#2123);
#2120=REPRESENTATION('material name',(#2124),#3465);
#2121=REPRESENTATION('density',(#2114),#3465);
#2122=REPRESENTATION('material name',(#2125),#3466);
#2123=REPRESENTATION('density',(#2115),#3466);
#2124=DESCRIPTIVE_REPRESENTATION_ITEM('Steel','Steel');
#2125=DESCRIPTIVE_REPRESENTATION_ITEM('Steel','Steel');
#2126=PROPERTY_DEFINITION('material property','material name',#3485);
#2127=PROPERTY_DEFINITION('material property','density of part',#3485);
#2128=PROPERTY_DEFINITION('material property','material name',#3486);
#2129=PROPERTY_DEFINITION('material property','density of part',#3486);
#2130=AXIS2_PLACEMENT_3D('',#2867,#2291,#2292);
#2131=AXIS2_PLACEMENT_3D('',#2868,#2293,#2294);
#2132=AXIS2_PLACEMENT_3D('',#2869,#2295,#2296);
#2133=AXIS2_PLACEMENT_3D('',#2878,#2301,#2302);
#2134=AXIS2_PLACEMENT_3D('',#2880,#2303,#2304);
#2135=AXIS2_PLACEMENT_3D('',#2883,#2306,#2307);
#2136=AXIS2_PLACEMENT_3D('',#2884,#2308,#2309);
#2137=AXIS2_PLACEMENT_3D('',#2890,#2313,#2314);
#2138=AXIS2_PLACEMENT_3D('',#2892,#2315,#2316);
#2139=AXIS2_PLACEMENT_3D('',#2895,#2318,#2319);
#2140=AXIS2_PLACEMENT_3D('',#2896,#2320,#2321);
#2141=AXIS2_PLACEMENT_3D('',#2902,#2325,#2326);
#2142=AXIS2_PLACEMENT_3D('',#2908,#2329,#2330);
#2143=AXIS2_PLACEMENT_3D('',#2912,#2332,#2333);
#2144=AXIS2_PLACEMENT_3D('',#2918,#2336,#2337);
#2145=AXIS2_PLACEMENT_3D('',#2922,#2340,#2341);
#2146=AXIS2_PLACEMENT_3D('',#2930,#2346,#2347);
#2147=AXIS2_PLACEMENT_3D('',#2936,#2351,#2352);
#2148=AXIS2_PLACEMENT_3D('',#2938,#2353,#2354);
#2149=AXIS2_PLACEMENT_3D('',#2940,#2356,#2357);
#2150=AXIS2_PLACEMENT_3D('',#2944,#2360,#2361);
#2151=AXIS2_PLACEMENT_3D('',#2948,#2364,#2365);
#2152=AXIS2_PLACEMENT_3D('',#2950,#2366,#2367);
#2153=AXIS2_PLACEMENT_3D('',#2952,#2369,#2370);
#2154=AXIS2_PLACEMENT_3D('',#2956,#2373,#2374);
#2155=AXIS2_PLACEMENT_3D('',#2958,#2375,#2376);
#2156=AXIS2_PLACEMENT_3D('',#2960,#2378,#2379);
#2157=AXIS2_PLACEMENT_3D('',#2962,#2381,#2382);
#2158=AXIS2_PLACEMENT_3D('',#2966,#2384,#2385);
#2159=AXIS2_PLACEMENT_3D('',#2968,#2387,#2388);
#2160=AXIS2_PLACEMENT_3D('',#2972,#2391,#2392);
#2161=AXIS2_PLACEMENT_3D('',#2982,#2398,#2399);
#2162=AXIS2_PLACEMENT_3D('',#2985,#2401,#2402);
#2163=AXIS2_PLACEMENT_3D('',#2986,#2403,#2404);
#2164=AXIS2_PLACEMENT_3D('',#2990,#2407,#2408);
#2165=AXIS2_PLACEMENT_3D('',#2993,#2410,#2411);
#2166=AXIS2_PLACEMENT_3D('',#2994,#2412,#2413);
#2167=AXIS2_PLACEMENT_3D('',#3004,#2419,#2420);
#2168=AXIS2_PLACEMENT_3D('',#3013,#2425,#2426);
#2169=AXIS2_PLACEMENT_3D('',#3021,#2431,#2432);
#2170=AXIS2_PLACEMENT_3D('',#3031,#2437,#2438);
#2171=AXIS2_PLACEMENT_3D('',#3039,#2442,#2443);
#2172=AXIS2_PLACEMENT_3D('',#3043,#2445,#2446);
#2173=AXIS2_PLACEMENT_3D('',#3045,#2448,#2449);
#2174=AXIS2_PLACEMENT_3D('',#3048,#2452,#2453);
#2175=AXIS2_PLACEMENT_3D('',#3054,#2457,#2458);
#2176=AXIS2_PLACEMENT_3D('',#3057,#2461,#2462);
#2177=AXIS2_PLACEMENT_3D('',#3060,#2465,#2466);
#2178=AXIS2_PLACEMENT_3D('',#3062,#2468,#2469);
#2179=AXIS2_PLACEMENT_3D('',#3063,#2470,#2471);
#2180=AXIS2_PLACEMENT_3D('',#3065,#2472,#2473);
#2181=AXIS2_PLACEMENT_3D('',#3067,#2475,#2476);
#2182=AXIS2_PLACEMENT_3D('',#3071,#2479,#2480);
#2183=AXIS2_PLACEMENT_3D('',#3073,#2481,#2482);
#2184=AXIS2_PLACEMENT_3D('',#3075,#2484,#2485);
#2185=AXIS2_PLACEMENT_3D('',#3077,#2487,#2488);
#2186=AXIS2_PLACEMENT_3D('',#3078,#2489,#2490);
#2187=AXIS2_PLACEMENT_3D('',#3083,#2494,#2495);
#2188=AXIS2_PLACEMENT_3D('',#3085,#2497,#2498);
#2189=AXIS2_PLACEMENT_3D('',#3087,#2500,#2501);
#2190=AXIS2_PLACEMENT_3D('',#3089,#2503,#2504);
#2191=AXIS2_PLACEMENT_3D('',#3097,#2509,#2510);
#2192=AXIS2_PLACEMENT_3D('',#3099,#2512,#2513);
#2193=AXIS2_PLACEMENT_3D('',#3103,#2516,#2517);
#2194=AXIS2_PLACEMENT_3D('',#3107,#2520,#2521);
#2195=AXIS2_PLACEMENT_3D('',#3113,#2525,#2526);
#2196=AXIS2_PLACEMENT_3D('',#3116,#2529,#2530);
#2197=AXIS2_PLACEMENT_3D('',#3117,#2531,#2532);
#2198=AXIS2_PLACEMENT_3D('',#3121,#2535,#2536);
#2199=AXIS2_PLACEMENT_3D('',#3122,#2537,#2538);
#2200=AXIS2_PLACEMENT_3D('',#3126,#2541,#2542);
#2201=AXIS2_PLACEMENT_3D('',#3130,#2545,#2546);
#2202=AXIS2_PLACEMENT_3D('',#3134,#2549,#2550);
#2203=AXIS2_PLACEMENT_3D('',#3136,#2552,#2553);
#2204=AXIS2_PLACEMENT_3D('',#3137,#2554,#2555);
#2205=AXIS2_PLACEMENT_3D('',#3146,#2560,#2561);
#2206=AXIS2_PLACEMENT_3D('',#3152,#2565,#2566);
#2207=AXIS2_PLACEMENT_3D('',#3158,#2570,#2571);
#2208=AXIS2_PLACEMENT_3D('',#3161,#2574,#2575);
#2209=AXIS2_PLACEMENT_3D('',#3162,#2576,#2577);
#2210=AXIS2_PLACEMENT_3D('',#3163,#2578,#2579);
#2211=AXIS2_PLACEMENT_3D('',#3164,#2580,#2581);
#2212=AXIS2_PLACEMENT_3D('',#3173,#2586,#2587);
#2213=AXIS2_PLACEMENT_3D('',#3175,#2588,#2589);
#2214=AXIS2_PLACEMENT_3D('',#3178,#2591,#2592);
#2215=AXIS2_PLACEMENT_3D('',#3179,#2593,#2594);
#2216=AXIS2_PLACEMENT_3D('',#3185,#2598,#2599);
#2217=AXIS2_PLACEMENT_3D('',#3187,#2600,#2601);
#2218=AXIS2_PLACEMENT_3D('',#3190,#2603,#2604);
#2219=AXIS2_PLACEMENT_3D('',#3191,#2605,#2606);
#2220=AXIS2_PLACEMENT_3D('',#3197,#2610,#2611);
#2221=AXIS2_PLACEMENT_3D('',#3203,#2614,#2615);
#2222=AXIS2_PLACEMENT_3D('',#3209,#2618,#2619);
#2223=AXIS2_PLACEMENT_3D('',#3213,#2621,#2622);
#2224=AXIS2_PLACEMENT_3D('',#3217,#2625,#2626);
#2225=AXIS2_PLACEMENT_3D('',#3225,#2631,#2632);
#2226=AXIS2_PLACEMENT_3D('',#3231,#2636,#2637);
#2227=AXIS2_PLACEMENT_3D('',#3234,#2639,#2640);
#2228=AXIS2_PLACEMENT_3D('',#3235,#2641,#2642);
#2229=AXIS2_PLACEMENT_3D('',#3239,#2645,#2646);
#2230=AXIS2_PLACEMENT_3D('',#3243,#2649,#2650);
#2231=AXIS2_PLACEMENT_3D('',#3246,#2652,#2653);
#2232=AXIS2_PLACEMENT_3D('',#3247,#2654,#2655);
#2233=AXIS2_PLACEMENT_3D('',#3251,#2658,#2659);
#2234=AXIS2_PLACEMENT_3D('',#3254,#2661,#2662);
#2235=AXIS2_PLACEMENT_3D('',#3255,#2663,#2664);
#2236=AXIS2_PLACEMENT_3D('',#3257,#2666,#2667);
#2237=AXIS2_PLACEMENT_3D('',#3261,#2669,#2670);
#2238=AXIS2_PLACEMENT_3D('',#3263,#2672,#2673);
#2239=AXIS2_PLACEMENT_3D('',#3267,#2676,#2677);
#2240=AXIS2_PLACEMENT_3D('',#3277,#2683,#2684);
#2241=AXIS2_PLACEMENT_3D('',#3279,#2685,#2686);
#2242=AXIS2_PLACEMENT_3D('',#3281,#2688,#2689);
#2243=AXIS2_PLACEMENT_3D('',#3285,#2692,#2693);
#2244=AXIS2_PLACEMENT_3D('',#3287,#2694,#2695);
#2245=AXIS2_PLACEMENT_3D('',#3289,#2697,#2698);
#2246=AXIS2_PLACEMENT_3D('',#3299,#2704,#2705);
#2247=AXIS2_PLACEMENT_3D('',#3308,#2710,#2711);
#2248=AXIS2_PLACEMENT_3D('',#3316,#2716,#2717);
#2249=AXIS2_PLACEMENT_3D('',#3320,#2719,#2720);
#2250=AXIS2_PLACEMENT_3D('',#3324,#2722,#2723);
#2251=AXIS2_PLACEMENT_3D('',#3332,#2727,#2728);
#2252=AXIS2_PLACEMENT_3D('',#3340,#2733,#2734);
#2253=AXIS2_PLACEMENT_3D('',#3343,#2737,#2738);
#2254=AXIS2_PLACEMENT_3D('',#3349,#2742,#2743);
#2255=AXIS2_PLACEMENT_3D('',#3352,#2746,#2747);
#2256=AXIS2_PLACEMENT_3D('',#3355,#2750,#2751);
#2257=AXIS2_PLACEMENT_3D('',#3357,#2753,#2754);
#2258=AXIS2_PLACEMENT_3D('',#3358,#2755,#2756);
#2259=AXIS2_PLACEMENT_3D('',#3361,#2758,#2759);
#2260=AXIS2_PLACEMENT_3D('',#3362,#2760,#2761);
#2261=AXIS2_PLACEMENT_3D('',#3366,#2764,#2765);
#2262=AXIS2_PLACEMENT_3D('',#3369,#2767,#2768);
#2263=AXIS2_PLACEMENT_3D('',#3370,#2769,#2770);
#2264=AXIS2_PLACEMENT_3D('',#3372,#2772,#2773);
#2265=AXIS2_PLACEMENT_3D('',#3373,#2774,#2775);
#2266=AXIS2_PLACEMENT_3D('',#3378,#2779,#2780);
#2267=AXIS2_PLACEMENT_3D('',#3380,#2782,#2783);
#2268=AXIS2_PLACEMENT_3D('',#3382,#2785,#2786);
#2269=AXIS2_PLACEMENT_3D('',#3384,#2788,#2789);
#2270=AXIS2_PLACEMENT_3D('',#3392,#2794,#2795);
#2271=AXIS2_PLACEMENT_3D('',#3394,#2797,#2798);
#2272=AXIS2_PLACEMENT_3D('',#3398,#2801,#2802);
#2273=AXIS2_PLACEMENT_3D('',#3402,#2805,#2806);
#2274=AXIS2_PLACEMENT_3D('',#3408,#2810,#2811);
#2275=AXIS2_PLACEMENT_3D('',#3411,#2814,#2815);
#2276=AXIS2_PLACEMENT_3D('',#3412,#2816,#2817);
#2277=AXIS2_PLACEMENT_3D('',#3416,#2820,#2821);
#2278=AXIS2_PLACEMENT_3D('',#3417,#2822,#2823);
#2279=AXIS2_PLACEMENT_3D('',#3421,#2826,#2827);
#2280=AXIS2_PLACEMENT_3D('',#3425,#2830,#2831);
#2281=AXIS2_PLACEMENT_3D('',#3429,#2834,#2835);
#2282=AXIS2_PLACEMENT_3D('',#3431,#2837,#2838);
#2283=AXIS2_PLACEMENT_3D('',#3432,#2839,#2840);
#2284=AXIS2_PLACEMENT_3D('',#3441,#2845,#2846);
#2285=AXIS2_PLACEMENT_3D('',#3447,#2850,#2851);
#2286=AXIS2_PLACEMENT_3D('',#3453,#2855,#2856);
#2287=AXIS2_PLACEMENT_3D('',#3456,#2859,#2860);
#2288=AXIS2_PLACEMENT_3D('',#3457,#2861,#2862);
#2289=AXIS2_PLACEMENT_3D('',#3458,#2863,#2864);
#2290=AXIS2_PLACEMENT_3D('',#3459,#2865,#2866);
#2291=DIRECTION('axis',(0.,0.,1.));
#2292=DIRECTION('refdir',(1.,0.,0.));
#2293=DIRECTION('axis',(0.,0.,1.));
#2294=DIRECTION('refdir',(1.,0.,0.));
#2295=DIRECTION('center_axis',(-0.707106781186548,0.,-0.707106781186548));
#2296=DIRECTION('ref_axis',(-0.707106781186548,0.,0.707106781186548));
#2297=DIRECTION('',(-0.577350269189626,-0.577350269189626,0.577350269189626));
#2298=DIRECTION('',(0.,1.,0.));
#2299=DIRECTION('',(0.707106781186548,0.,-0.707106781186548));
#2300=DIRECTION('',(0.,-1.,0.));
#2301=DIRECTION('center_axis',(0.,0.,-1.));
#2302=DIRECTION('ref_axis',(0.707106781186548,0.707106781186548,0.));
#2303=DIRECTION('center_axis',(0.,0.,1.));
#2304=DIRECTION('ref_axis',(0.707106781186548,0.707106781186548,0.));
#2305=DIRECTION('',(0.,0.707106781186548,-0.707106781186548));
#2306=DIRECTION('center_axis',(0.,0.,-1.));
#2307=DIRECTION('ref_axis',(0.707106781186548,0.707106781186548,0.));
#2308=DIRECTION('center_axis',(0.,-0.707106781186548,-0.707106781186548));
#2309=DIRECTION('ref_axis',(-1.,0.,0.));
#2310=DIRECTION('',(0.,0.707106781186548,-0.707106781186548));
#2311=DIRECTION('',(1.,0.,0.));
#2312=DIRECTION('',(-1.,0.,0.));
#2313=DIRECTION('center_axis',(0.,0.,-1.));
#2314=DIRECTION('ref_axis',(-0.707106781186548,0.707106781186548,0.));
#2315=DIRECTION('center_axis',(0.,0.,1.));
#2316=DIRECTION('ref_axis',(-0.707106781186548,0.707106781186548,0.));
#2317=DIRECTION('',(-0.707106781186548,0.,-0.707106781186548));
#2318=DIRECTION('center_axis',(0.,0.,-1.));
#2319=DIRECTION('ref_axis',(-0.707106781186548,0.707106781186548,0.));
#2320=DIRECTION('center_axis',(0.707106781186548,0.,-0.707106781186548));
#2321=DIRECTION('ref_axis',(-0.707106781186548,0.,-0.707106781186548));
#2322=DIRECTION('',(-0.577350269189626,0.577350269189626,-0.577350269189626));
#2323=DIRECTION('',(0.,1.,0.));
#2324=DIRECTION('',(0.,-1.,0.));
#2325=DIRECTION('center_axis',(0.,0.,-1.));
#2326=DIRECTION('ref_axis',(-1.,0.,0.));
#2327=DIRECTION('',(1.,0.,0.));
#2328=DIRECTION('',(0.,-1.,0.));
#2329=DIRECTION('center_axis',(0.,0.,-1.));
#2330=DIRECTION('ref_axis',(0.707106781186547,0.707106781186547,0.));
#2331=DIRECTION('',(1.,0.,0.));
#2332=DIRECTION('center_axis',(0.,0.,1.));
#2333=DIRECTION('ref_axis',(-0.707106781186547,-0.707106781186548,0.));
#2334=DIRECTION('',(-1.62183574264188E-33,-1.,0.));
#2335=DIRECTION('',(-1.,0.,0.));
#2336=DIRECTION('center_axis',(0.,0.,1.));
#2337=DIRECTION('ref_axis',(0.707106781186547,0.707106781186548,0.));
#2338=DIRECTION('',(0.,1.,0.));
#2339=DIRECTION('',(1.,0.,0.));
#2340=DIRECTION('center_axis',(0.,-0.707106781186548,-0.707106781186547));
#2341=DIRECTION('ref_axis',(-1.,0.,0.));
#2342=DIRECTION('',(0.,-0.707106781186547,0.707106781186548));
#2343=DIRECTION('',(-1.,0.,0.));
#2344=DIRECTION('',(0.,0.707106781186547,-0.707106781186548));
#2345=DIRECTION('',(-0.577350269189625,-0.577350269189626,0.577350269189626));
#2346=DIRECTION('center_axis',(0.,0.707106781186548,-0.707106781186548));
#2347=DIRECTION('ref_axis',(-1.,0.,0.));
#2348=DIRECTION('',(1.,0.,0.));
#2349=DIRECTION('',(0.,-0.707106781186548,-0.707106781186548));
#2350=DIRECTION('',(-0.577350269189626,0.577350269189626,0.577350269189626));
#2351=DIRECTION('center_axis',(0.,0.,1.));
#2352=DIRECTION('ref_axis',(0.707106781186547,0.707106781186548,0.));
#2353=DIRECTION('center_axis',(0.,0.,-1.));
#2354=DIRECTION('ref_axis',(0.707106781186547,0.707106781186548,0.));
#2355=DIRECTION('',(-0.707106781186544,0.,-0.707106781186551));
#2356=DIRECTION('center_axis',(0.707106781186548,0.,-0.707106781186548));
#2357=DIRECTION('ref_axis',(-0.707106781186548,0.,-0.707106781186548));
#2358=DIRECTION('',(-0.577350269189626,0.577350269189626,-0.577350269189626));
#2359=DIRECTION('',(0.,-1.,0.));
#2360=DIRECTION('center_axis',(-0.707106781186548,0.,-0.707106781186547));
#2361=DIRECTION('ref_axis',(-0.707106781186547,0.,0.707106781186548));
#2362=DIRECTION('',(0.,1.,0.));
#2363=DIRECTION('',(0.707106781186547,0.,-0.707106781186548));
#2364=DIRECTION('center_axis',(0.,0.,-1.));
#2365=DIRECTION('ref_axis',(0.707106781186547,0.707106781186547,0.));
#2366=DIRECTION('center_axis',(0.,0.,1.));
#2367=DIRECTION('ref_axis',(0.707106781186548,0.707106781186548,0.));
#2368=DIRECTION('',(0.,0.707106781186548,-0.707106781186548));
#2369=DIRECTION('center_axis',(0.,-0.707106781186548,-0.707106781186548));
#2370=DIRECTION('ref_axis',(-1.,0.,0.));
#2371=DIRECTION('',(9.81307786677358E-16,0.707106781186548,-0.707106781186548));
#2372=DIRECTION('',(-1.,0.,0.));
#2373=DIRECTION('center_axis',(0.,0.,1.));
#2374=DIRECTION('ref_axis',(-0.707106781186547,-0.707106781186548,0.));
#2375=DIRECTION('center_axis',(0.,0.,-1.));
#2376=DIRECTION('ref_axis',(-0.707106781186547,-0.707106781186548,0.));
#2377=DIRECTION('',(0.707106781186546,0.,-0.707106781186549));
#2378=DIRECTION('center_axis',(-0.707106781186548,1.1468110515928E-33,-0.707106781186548));
#2379=DIRECTION('ref_axis',(-0.707106781186548,0.,0.707106781186548));
#2380=DIRECTION('',(1.62183574264188E-33,1.,0.));
#2381=DIRECTION('center_axis',(0.,0.,-1.));
#2382=DIRECTION('ref_axis',(0.707106781186547,0.707106781186548,0.));
#2383=DIRECTION('',(0.,0.,1.));
#2384=DIRECTION('center_axis',(0.,0.,1.));
#2385=DIRECTION('ref_axis',(0.707106781186547,0.707106781186548,0.));
#2386=DIRECTION('',(0.,0.,-1.));
#2387=DIRECTION('center_axis',(0.,1.,0.));
#2388=DIRECTION('ref_axis',(1.,0.,0.));
#2389=DIRECTION('',(0.,0.,-1.));
#2390=DIRECTION('',(-1.,0.,0.));
#2391=DIRECTION('center_axis',(-1.,1.62183574264188E-33,0.));
#2392=DIRECTION('ref_axis',(-1.62183574264188E-33,-1.,0.));
#2393=DIRECTION('',(0.,0.,-1.));
#2394=DIRECTION('',(-1.62183574264188E-33,-1.,0.));
#2395=DIRECTION('',(-1.1468110515928E-33,-0.707106781186548,0.707106781186547));
#2396=DIRECTION('',(0.,0.,1.));
#2397=DIRECTION('',(-1.62183574264188E-33,-1.,0.));
#2398=DIRECTION('center_axis',(0.,0.,1.));
#2399=DIRECTION('ref_axis',(-0.707106781186547,-0.707106781186548,0.));
#2400=DIRECTION('',(0.,0.,1.));
#2401=DIRECTION('center_axis',(0.,0.,1.));
#2402=DIRECTION('ref_axis',(-0.707106781186547,-0.707106781186548,0.));
#2403=DIRECTION('center_axis',(0.,-1.,0.));
#2404=DIRECTION('ref_axis',(1.,0.,0.));
#2405=DIRECTION('',(0.,0.,-1.));
#2406=DIRECTION('',(1.,0.,0.));
#2407=DIRECTION('center_axis',(0.,0.,1.));
#2408=DIRECTION('ref_axis',(0.707106781186548,0.707106781186548,0.));
#2409=DIRECTION('',(0.,0.,1.));
#2410=DIRECTION('center_axis',(0.,0.,-1.));
#2411=DIRECTION('ref_axis',(0.707106781186548,0.707106781186548,0.));
#2412=DIRECTION('center_axis',(-1.,0.,0.));
#2413=DIRECTION('ref_axis',(0.,-1.,0.));
#2414=DIRECTION('',(0.,0.,-1.));
#2415=DIRECTION('',(0.,-0.707106781186547,-0.707106781186548));
#2416=DIRECTION('',(0.,-1.,0.));
#2417=DIRECTION('',(0.,0.,1.));
#2418=DIRECTION('',(0.,-1.,0.));
#2419=DIRECTION('center_axis',(0.,-0.707106781186547,0.707106781186548));
#2420=DIRECTION('ref_axis',(1.,0.,0.));
#2421=DIRECTION('',(-0.577350269189626,0.577350269189626,0.577350269189626));
#2422=DIRECTION('',(-1.,0.,0.));
#2423=DIRECTION('',(-0.577350269189626,-0.577350269189626,-0.577350269189626));
#2424=DIRECTION('',(1.,0.,0.));
#2425=DIRECTION('center_axis',(0.707106781186547,0.,0.707106781186548));
#2426=DIRECTION('ref_axis',(0.707106781186548,0.,-0.707106781186547));
#2427=DIRECTION('',(0.707106781186548,0.,-0.707106781186547));
#2428=DIRECTION('',(0.,1.,0.));
#2429=DIRECTION('',(0.678598344545847,0.281084637714821,-0.678598344545847));
#2430=DIRECTION('',(0.,1.,0.));
#2431=DIRECTION('center_axis',(0.,0.,1.));
#2432=DIRECTION('ref_axis',(1.,0.,0.));
#2433=DIRECTION('',(-0.707106781186547,0.707106781186547,0.));
#2434=DIRECTION('',(1.,0.,0.));
#2435=DIRECTION('',(1.62183574264188E-33,1.,0.));
#2436=DIRECTION('',(-1.,0.,0.));
#2437=DIRECTION('center_axis',(0.,0.,1.));
#2438=DIRECTION('ref_axis',(0.707106781186548,0.707106781186548,0.));
#2439=DIRECTION('',(0.,1.,0.));
#2440=DIRECTION('',(1.,0.,0.));
#2441=DIRECTION('',(0.,-1.,0.));
#2442=DIRECTION('center_axis',(0.,0.,1.));
#2443=DIRECTION('ref_axis',(-0.707106781186548,0.707106781186548,0.));
#2444=DIRECTION('',(-1.,0.,0.));
#2445=DIRECTION('center_axis',(0.,0.,1.));
#2446=DIRECTION('ref_axis',(0.707106781186548,0.707106781186548,0.));
#2447=DIRECTION('',(0.,1.,0.));
#2448=DIRECTION('center_axis',(-0.707106781186547,1.1468110515928E-33,0.707106781186548));
#2449=DIRECTION('ref_axis',(0.707106781186548,0.,0.707106781186547));
#2450=DIRECTION('',(-0.577350269189626,0.577350269189626,-0.577350269189626));
#2451=DIRECTION('',(0.707106781186548,0.,0.707106781186547));
#2452=DIRECTION('center_axis',(0.707106781186547,0.,0.707106781186548));
#2453=DIRECTION('ref_axis',(0.707106781186548,0.,-0.707106781186547));
#2454=DIRECTION('',(0.,1.,0.));
#2455=DIRECTION('',(-0.707106781186548,0.,0.707106781186547));
#2456=DIRECTION('',(0.577350269189626,-0.577350269189626,-0.577350269189626));
#2457=DIRECTION('center_axis',(0.,-0.707106781186547,0.707106781186548));
#2458=DIRECTION('ref_axis',(1.,0.,0.));
#2459=DIRECTION('',(-0.577350269189626,-0.577350269189626,-0.577350269189626));
#2460=DIRECTION('',(1.,0.,0.));
#2461=DIRECTION('center_axis',(0.,-0.707106781186547,0.707106781186548));
#2462=DIRECTION('ref_axis',(1.,0.,0.));
#2463=DIRECTION('',(0.,0.707106781186548,0.707106781186547));
#2464=DIRECTION('',(-4.90653893338679E-16,-0.707106781186548,-0.707106781186547));
#2465=DIRECTION('center_axis',(0.,0.,1.));
#2466=DIRECTION('ref_axis',(0.707106781186547,0.707106781186547,0.));
#2467=DIRECTION('',(0.707106781186547,0.,0.707106781186547));
#2468=DIRECTION('center_axis',(-0.707106781186548,0.,0.707106781186548));
#2469=DIRECTION('ref_axis',(0.707106781186548,0.,0.707106781186548));
#2470=DIRECTION('center_axis',(0.,0.,1.));
#2471=DIRECTION('ref_axis',(-0.707106781186547,0.707106781186547,0.));
#2472=DIRECTION('center_axis',(0.,0.,-1.));
#2473=DIRECTION('ref_axis',(-0.707106781186548,0.707106781186548,0.));
#2474=DIRECTION('',(0.,0.707106781186548,0.707106781186547));
#2475=DIRECTION('center_axis',(0.,-0.707106781186547,0.707106781186548));
#2476=DIRECTION('ref_axis',(1.,0.,0.));
#2477=DIRECTION('',(0.,0.707106781186548,0.707106781186547));
#2478=DIRECTION('',(1.,0.,0.));
#2479=DIRECTION('center_axis',(0.,0.,1.));
#2480=DIRECTION('ref_axis',(0.707106781186547,0.707106781186547,0.));
#2481=DIRECTION('center_axis',(0.,0.,-1.));
#2482=DIRECTION('ref_axis',(0.707106781186548,0.707106781186548,0.));
#2483=DIRECTION('',(0.707106781186548,0.,0.707106781186547));
#2484=DIRECTION('center_axis',(-0.707106781186547,0.,0.707106781186548));
#2485=DIRECTION('ref_axis',(0.707106781186548,0.,0.707106781186547));
#2486=DIRECTION('',(0.,-1.,0.));
#2487=DIRECTION('center_axis',(0.,0.,-1.));
#2488=DIRECTION('ref_axis',(-0.707106781186547,-0.707106781186548,0.));
#2489=DIRECTION('center_axis',(-1.,0.,0.));
#2490=DIRECTION('ref_axis',(0.,-1.,0.));
#2491=DIRECTION('',(0.,0.707106781186548,-0.707106781186548));
#2492=DIRECTION('',(0.,0.,1.));
#2493=DIRECTION('',(0.,0.,1.));
#2494=DIRECTION('center_axis',(0.,0.,1.));
#2495=DIRECTION('ref_axis',(0.707106781186548,0.707106781186548,0.));
#2496=DIRECTION('',(0.,0.,-1.));
#2497=DIRECTION('center_axis',(0.,-1.,0.));
#2498=DIRECTION('ref_axis',(1.,0.,0.));
#2499=DIRECTION('',(0.,0.,1.));
#2500=DIRECTION('center_axis',(0.,0.,1.));
#2501=DIRECTION('ref_axis',(-0.707106781186548,0.707106781186548,0.));
#2502=DIRECTION('',(0.,0.,-1.));
#2503=DIRECTION('center_axis',(1.,0.,0.));
#2504=DIRECTION('ref_axis',(0.,1.,0.));
#2505=DIRECTION('',(0.,0.,1.));
#2506=DIRECTION('',(0.,1.,0.));
#2507=DIRECTION('',(0.,0.707106781186547,0.707106781186548));
#2508=DIRECTION('',(0.,0.,-1.));
#2509=DIRECTION('center_axis',(0.,-1.,0.));
#2510=DIRECTION('ref_axis',(1.,0.,0.));
#2511=DIRECTION('',(1.,0.,0.));
#2512=DIRECTION('center_axis',(0.,-0.707106781186548,-0.707106781186548));
#2513=DIRECTION('ref_axis',(-1.,0.,0.));
#2514=DIRECTION('',(0.,-0.707106781186548,0.707106781186548));
#2515=DIRECTION('',(-1.,0.,0.));
#2516=DIRECTION('center_axis',(0.,0.707106781186547,0.707106781186548));
#2517=DIRECTION('ref_axis',(1.,0.,0.));
#2518=DIRECTION('',(0.281084637714819,0.678598344545848,-0.678598344545847));
#2519=DIRECTION('',(-1.,0.,0.));
#2520=DIRECTION('center_axis',(0.5,0.5,0.707106781186548));
#2521=DIRECTION('ref_axis',(0.816496580927726,0.,-0.577350269189626));
#2522=DIRECTION('',(0.,0.816496580927726,-0.577350269189626));
#2523=DIRECTION('',(-0.707106781186548,0.707106781186548,0.));
#2524=DIRECTION('',(-0.816496580927726,0.,0.577350269189626));
#2525=DIRECTION('center_axis',(0.,-0.707106781186548,0.707106781186547));
#2526=DIRECTION('ref_axis',(1.,0.,0.));
#2527=DIRECTION('',(1.,0.,0.));
#2528=DIRECTION('',(-1.,0.,0.));
#2529=DIRECTION('center_axis',(0.,0.,1.));
#2530=DIRECTION('ref_axis',(1.,0.,0.));
#2531=DIRECTION('center_axis',(1.,0.,0.));
#2532=DIRECTION('ref_axis',(0.,-1.,0.));
#2533=DIRECTION('',(0.,1.,0.));
#2534=DIRECTION('',(0.,0.,-1.));
#2535=DIRECTION('center_axis',(0.,-1.,0.));
#2536=DIRECTION('ref_axis',(-1.,0.,0.));
#2537=DIRECTION('center_axis',(0.,1.,0.));
#2538=DIRECTION('ref_axis',(-1.,0.,0.));
#2539=DIRECTION('',(0.,0.,1.));
#2540=DIRECTION('',(1.,0.,0.));
#2541=DIRECTION('center_axis',(0.707106781186548,0.707106781186548,0.));
#2542=DIRECTION('ref_axis',(-0.707106781186548,0.707106781186548,0.));
#2543=DIRECTION('',(0.,0.,1.));
#2544=DIRECTION('',(0.707106781186547,-0.707106781186547,0.));
#2545=DIRECTION('center_axis',(1.,0.,0.));
#2546=DIRECTION('ref_axis',(0.,1.,0.));
#2547=DIRECTION('',(0.,0.,1.));
#2548=DIRECTION('',(0.,-1.,0.));
#2549=DIRECTION('center_axis',(0.,-1.,0.));
#2550=DIRECTION('ref_axis',(1.,0.,0.));
#2551=DIRECTION('',(1.,0.,0.));
#2552=DIRECTION('center_axis',(0.,0.,1.));
#2553=DIRECTION('ref_axis',(1.,0.,0.));
#2554=DIRECTION('center_axis',(0.,1.,0.));
#2555=DIRECTION('ref_axis',(-1.,0.,0.));
#2556=DIRECTION('',(1.,0.,0.));
#2557=DIRECTION('',(0.,0.,1.));
#2558=DIRECTION('',(-1.,0.,0.));
#2559=DIRECTION('',(0.,0.,1.));
#2560=DIRECTION('center_axis',(1.,0.,0.));
#2561=DIRECTION('ref_axis',(0.,1.,0.));
#2562=DIRECTION('',(0.,-1.,0.));
#2563=DIRECTION('',(0.,1.,0.));
#2564=DIRECTION('',(0.,0.,1.));
#2565=DIRECTION('center_axis',(0.,-1.,0.));
#2566=DIRECTION('ref_axis',(1.,0.,0.));
#2567=DIRECTION('',(1.,0.,0.));
#2568=DIRECTION('',(1.,0.,0.));
#2569=DIRECTION('',(0.,0.,1.));
#2570=DIRECTION('center_axis',(-1.,0.,0.));
#2571=DIRECTION('ref_axis',(0.,-1.,0.));
#2572=DIRECTION('',(0.,1.,0.));
#2573=DIRECTION('',(0.,-1.,0.));
#2574=DIRECTION('center_axis',(0.,0.,1.));
#2575=DIRECTION('ref_axis',(1.,0.,0.));
#2576=DIRECTION('center_axis',(0.,0.,1.));
#2577=DIRECTION('ref_axis',(-1.,0.,0.));
#2578=DIRECTION('axis',(0.,0.,1.));
#2579=DIRECTION('refdir',(1.,0.,0.));
#2580=DIRECTION('center_axis',(0.707106781186548,0.,-0.707106781186548));
#2581=DIRECTION('ref_axis',(-0.707106781186548,0.,-0.707106781186548));
#2582=DIRECTION('',(-0.577350269189626,-0.577350269189626,-0.577350269189626));
#2583=DIRECTION('',(0.,-1.,0.));
#2584=DIRECTION('',(0.707106781186548,0.,0.707106781186548));
#2585=DIRECTION('',(0.,1.,0.));
#2586=DIRECTION('center_axis',(0.,0.,1.));
#2587=DIRECTION('ref_axis',(0.707106781186548,0.707106781186548,0.));
#2588=DIRECTION('center_axis',(0.,0.,-1.));
#2589=DIRECTION('ref_axis',(0.707106781186548,0.707106781186548,0.));
#2590=DIRECTION('',(0.,0.707106781186548,0.707106781186548));
#2591=DIRECTION('center_axis',(0.,0.,1.));
#2592=DIRECTION('ref_axis',(0.707106781186548,0.707106781186548,0.));
#2593=DIRECTION('center_axis',(0.,0.707106781186548,-0.707106781186548));
#2594=DIRECTION('ref_axis',(-1.,0.,0.));
#2595=DIRECTION('',(0.,0.707106781186548,0.707106781186548));
#2596=DIRECTION('',(-1.,0.,0.));
#2597=DIRECTION('',(1.,0.,0.));
#2598=DIRECTION('center_axis',(0.,0.,1.));
#2599=DIRECTION('ref_axis',(-0.707106781186548,0.707106781186548,0.));
#2600=DIRECTION('center_axis',(0.,0.,-1.));
#2601=DIRECTION('ref_axis',(-0.707106781186548,0.707106781186548,0.));
#2602=DIRECTION('',(-0.707106781186548,0.,0.707106781186548));
#2603=DIRECTION('center_axis',(0.,0.,1.));
#2604=DIRECTION('ref_axis',(-0.707106781186548,0.707106781186548,0.));
#2605=DIRECTION('center_axis',(-0.707106781186548,0.,-0.707106781186548));
#2606=DIRECTION('ref_axis',(-0.707106781186548,0.,0.707106781186548));
#2607=DIRECTION('',(-0.577350269189626,0.577350269189626,0.577350269189626));
#2608=DIRECTION('',(0.,-1.,0.));
#2609=DIRECTION('',(0.,1.,0.));
#2610=DIRECTION('center_axis',(0.,0.,-1.));
#2611=DIRECTION('ref_axis',(-1.,0.,0.));
#2612=DIRECTION('',(1.,0.,0.));
#2613=DIRECTION('',(0.,1.,0.));
#2614=DIRECTION('center_axis',(0.,0.,1.));
#2615=DIRECTION('ref_axis',(0.707106781186547,0.707106781186548,0.));
#2616=DIRECTION('',(-1.,0.,0.));
#2617=DIRECTION('',(-1.62183574264188E-33,-1.,0.));
#2618=DIRECTION('center_axis',(0.,0.,1.));
#2619=DIRECTION('ref_axis',(-0.707106781186547,-0.707106781186548,0.));
#2620=DIRECTION('',(1.,0.,0.));
#2621=DIRECTION('center_axis',(0.,0.,-1.));
#2622=DIRECTION('ref_axis',(0.707106781186547,0.707106781186547,0.));
#2623=DIRECTION('',(0.,-1.,0.));
#2624=DIRECTION('',(1.,0.,0.));
#2625=DIRECTION('center_axis',(0.,0.707106781186548,-0.707106781186547));
#2626=DIRECTION('ref_axis',(-1.,0.,0.));
#2627=DIRECTION('',(-0.577350269189625,-0.577350269189626,-0.577350269189626));
#2628=DIRECTION('',(0.,0.707106781186547,0.707106781186548));
#2629=DIRECTION('',(-1.,0.,0.));
#2630=DIRECTION('',(0.,-0.707106781186547,-0.707106781186548));
#2631=DIRECTION('center_axis',(0.,-0.707106781186548,-0.707106781186548));
#2632=DIRECTION('ref_axis',(-1.,0.,0.));
#2633=DIRECTION('',(1.,0.,0.));
#2634=DIRECTION('',(-0.577350269189626,0.577350269189626,-0.577350269189626));
#2635=DIRECTION('',(0.,-0.707106781186548,0.707106781186548));
#2636=DIRECTION('center_axis',(0.,0.,-1.));
#2637=DIRECTION('ref_axis',(0.707106781186547,0.707106781186548,0.));
#2638=DIRECTION('',(-0.707106781186544,0.,0.707106781186551));
#2639=DIRECTION('center_axis',(0.,0.,-1.));
#2640=DIRECTION('ref_axis',(0.707106781186547,0.707106781186548,0.));
#2641=DIRECTION('center_axis',(-0.707106781186548,0.,-0.707106781186548));
#2642=DIRECTION('ref_axis',(-0.707106781186548,0.,0.707106781186548));
#2643=DIRECTION('',(-0.577350269189626,0.577350269189626,0.577350269189626));
#2644=DIRECTION('',(0.,-1.,0.));
#2645=DIRECTION('center_axis',(0.707106781186548,0.,-0.707106781186547));
#2646=DIRECTION('ref_axis',(-0.707106781186547,0.,-0.707106781186548));
#2647=DIRECTION('',(0.707106781186547,0.,0.707106781186548));
#2648=DIRECTION('',(0.,1.,0.));
#2649=DIRECTION('center_axis',(0.,0.,1.));
#2650=DIRECTION('ref_axis',(0.707106781186547,0.707106781186547,0.));
#2651=DIRECTION('',(0.,0.707106781186548,0.707106781186548));
#2652=DIRECTION('center_axis',(0.,0.,1.));
#2653=DIRECTION('ref_axis',(0.707106781186548,0.707106781186548,0.));
#2654=DIRECTION('center_axis',(0.,0.707106781186548,-0.707106781186548));
#2655=DIRECTION('ref_axis',(-1.,0.,0.));
#2656=DIRECTION('',(9.81307786677358E-16,0.707106781186548,0.707106781186548));
#2657=DIRECTION('',(-1.,0.,0.));
#2658=DIRECTION('center_axis',(0.,0.,-1.));
#2659=DIRECTION('ref_axis',(-0.707106781186547,-0.707106781186548,0.));
#2660=DIRECTION('',(0.707106781186546,0.,0.707106781186549));
#2661=DIRECTION('center_axis',(0.,0.,-1.));
#2662=DIRECTION('ref_axis',(-0.707106781186547,-0.707106781186548,0.));
#2663=DIRECTION('center_axis',(0.707106781186548,-1.1468110515928E-33,-0.707106781186548));
#2664=DIRECTION('ref_axis',(-0.707106781186548,0.,-0.707106781186548));
#2665=DIRECTION('',(1.62183574264188E-33,1.,0.));
#2666=DIRECTION('center_axis',(0.,0.,-1.));
#2667=DIRECTION('ref_axis',(0.707106781186547,0.707106781186548,0.));
#2668=DIRECTION('',(0.,0.,1.));
#2669=DIRECTION('center_axis',(0.,0.,1.));
#2670=DIRECTION('ref_axis',(0.707106781186547,0.707106781186548,0.));
#2671=DIRECTION('',(0.,0.,-1.));
#2672=DIRECTION('center_axis',(0.,-1.,0.));
#2673=DIRECTION('ref_axis',(1.,0.,0.));
#2674=DIRECTION('',(-1.,0.,0.));
#2675=DIRECTION('',(0.,0.,1.));
#2676=DIRECTION('center_axis',(1.,-1.62183574264188E-33,0.));
#2677=DIRECTION('ref_axis',(-1.62183574264188E-33,-1.,0.));
#2678=DIRECTION('',(-1.62183574264188E-33,-1.,0.));
#2679=DIRECTION('',(0.,0.,-1.));
#2680=DIRECTION('',(-1.1468110515928E-33,-0.707106781186548,-0.707106781186547));
#2681=DIRECTION('',(-1.62183574264188E-33,-1.,0.));
#2682=DIRECTION('',(0.,0.,1.));
#2683=DIRECTION('center_axis',(0.,0.,1.));
#2684=DIRECTION('ref_axis',(-0.707106781186547,-0.707106781186548,0.));
#2685=DIRECTION('center_axis',(0.,0.,1.));
#2686=DIRECTION('ref_axis',(-0.707106781186547,-0.707106781186548,0.));
#2687=DIRECTION('',(0.,0.,-1.));
#2688=DIRECTION('center_axis',(0.,1.,0.));
#2689=DIRECTION('ref_axis',(1.,0.,0.));
#2690=DIRECTION('',(1.,0.,0.));
#2691=DIRECTION('',(0.,0.,1.));
#2692=DIRECTION('center_axis',(0.,0.,1.));
#2693=DIRECTION('ref_axis',(0.707106781186548,0.707106781186548,0.));
#2694=DIRECTION('center_axis',(0.,0.,-1.));
#2695=DIRECTION('ref_axis',(0.707106781186548,0.707106781186548,0.));
#2696=DIRECTION('',(0.,0.,-1.));
#2697=DIRECTION('center_axis',(1.,0.,0.));
#2698=DIRECTION('ref_axis',(0.,-1.,0.));
#2699=DIRECTION('',(0.,-1.,0.));
#2700=DIRECTION('',(0.,0.,-1.));
#2701=DIRECTION('',(0.,-1.,0.));
#2702=DIRECTION('',(0.,-0.707106781186547,0.707106781186548));
#2703=DIRECTION('',(0.,0.,1.));
#2704=DIRECTION('center_axis',(0.,0.707106781186547,0.707106781186548));
#2705=DIRECTION('ref_axis',(1.,0.,0.));
#2706=DIRECTION('',(-0.577350269189626,0.577350269189626,-0.577350269189626));
#2707=DIRECTION('',(1.,0.,0.));
#2708=DIRECTION('',(-0.577350269189626,-0.577350269189626,0.577350269189626));
#2709=DIRECTION('',(-1.,0.,0.));
#2710=DIRECTION('center_axis',(-0.707106781186547,0.,0.707106781186548));
#2711=DIRECTION('ref_axis',(0.707106781186548,0.,0.707106781186547));
#2712=DIRECTION('',(0.,1.,0.));
#2713=DIRECTION('',(0.678598344545847,0.281084637714821,0.678598344545847));
#2714=DIRECTION('',(0.,1.,0.));
#2715=DIRECTION('',(0.707106781186548,0.,0.707106781186547));
#2716=DIRECTION('center_axis',(0.,0.,1.));
#2717=DIRECTION('ref_axis',(1.,0.,0.));
#2718=DIRECTION('',(0.,1.,0.));
#2719=DIRECTION('center_axis',(0.,0.,1.));
#2720=DIRECTION('ref_axis',(0.707106781186548,0.707106781186548,0.));
#2721=DIRECTION('',(-1.,0.,0.));
#2722=DIRECTION('center_axis',(0.,0.,1.));
#2723=DIRECTION('ref_axis',(-0.707106781186548,0.707106781186548,0.));
#2724=DIRECTION('',(0.,-1.,0.));
#2725=DIRECTION('',(1.,0.,0.));
#2726=DIRECTION('',(0.,1.,0.));
#2727=DIRECTION('center_axis',(0.,0.,1.));
#2728=DIRECTION('ref_axis',(0.707106781186548,0.707106781186548,0.));
#2729=DIRECTION('',(-1.,0.,0.));
#2730=DIRECTION('',(1.62183574264188E-33,1.,0.));
#2731=DIRECTION('',(1.,0.,0.));
#2732=DIRECTION('',(-0.707106781186547,0.707106781186547,0.));
#2733=DIRECTION('center_axis',(0.707106781186547,-1.1468110515928E-33,0.707106781186548));
#2734=DIRECTION('ref_axis',(0.707106781186548,0.,-0.707106781186547));
#2735=DIRECTION('',(0.707106781186548,0.,-0.707106781186547));
#2736=DIRECTION('',(-0.577350269189626,0.577350269189626,0.577350269189626));
#2737=DIRECTION('center_axis',(-0.707106781186547,0.,0.707106781186548));
#2738=DIRECTION('ref_axis',(0.707106781186548,0.,0.707106781186547));
#2739=DIRECTION('',(0.,1.,0.));
#2740=DIRECTION('',(0.577350269189626,-0.577350269189626,0.577350269189626));
#2741=DIRECTION('',(-0.707106781186548,0.,-0.707106781186547));
#2742=DIRECTION('center_axis',(0.,0.707106781186547,0.707106781186548));
#2743=DIRECTION('ref_axis',(1.,0.,0.));
#2744=DIRECTION('',(1.,0.,0.));
#2745=DIRECTION('',(-0.577350269189626,-0.577350269189626,0.577350269189626));
#2746=DIRECTION('center_axis',(0.,0.707106781186547,0.707106781186548));
#2747=DIRECTION('ref_axis',(1.,0.,0.));
#2748=DIRECTION('',(0.,0.707106781186548,-0.707106781186547));
#2749=DIRECTION('',(-4.90653893338679E-16,-0.707106781186548,0.707106781186547));
#2750=DIRECTION('center_axis',(0.,0.,-1.));
#2751=DIRECTION('ref_axis',(0.707106781186547,0.707106781186547,0.));
#2752=DIRECTION('',(0.707106781186547,0.,-0.707106781186547));
#2753=DIRECTION('center_axis',(0.707106781186548,0.,0.707106781186548));
#2754=DIRECTION('ref_axis',(0.707106781186548,0.,-0.707106781186548));
#2755=DIRECTION('center_axis',(0.,0.,-1.));
#2756=DIRECTION('ref_axis',(-0.707106781186547,0.707106781186547,0.));
#2757=DIRECTION('',(0.,0.707106781186548,-0.707106781186547));
#2758=DIRECTION('center_axis',(0.,0.,-1.));
#2759=DIRECTION('ref_axis',(-0.707106781186548,0.707106781186548,0.));
#2760=DIRECTION('center_axis',(0.,0.707106781186547,0.707106781186548));
#2761=DIRECTION('ref_axis',(1.,0.,0.));
#2762=DIRECTION('',(0.,0.707106781186548,-0.707106781186547));
#2763=DIRECTION('',(1.,0.,0.));
#2764=DIRECTION('center_axis',(0.,0.,-1.));
#2765=DIRECTION('ref_axis',(0.707106781186547,0.707106781186547,0.));
#2766=DIRECTION('',(0.707106781186548,0.,-0.707106781186547));
#2767=DIRECTION('center_axis',(0.,0.,-1.));
#2768=DIRECTION('ref_axis',(0.707106781186548,0.707106781186548,0.));
#2769=DIRECTION('center_axis',(0.707106781186547,0.,0.707106781186548));
#2770=DIRECTION('ref_axis',(0.707106781186548,0.,-0.707106781186547));
#2771=DIRECTION('',(0.,-1.,0.));
#2772=DIRECTION('center_axis',(0.,0.,1.));
#2773=DIRECTION('ref_axis',(-0.707106781186547,-0.707106781186548,0.));
#2774=DIRECTION('center_axis',(1.,0.,0.));
#2775=DIRECTION('ref_axis',(0.,-1.,0.));
#2776=DIRECTION('',(0.,0.,-1.));
#2777=DIRECTION('',(0.,0.,-1.));
#2778=DIRECTION('',(0.,0.707106781186548,0.707106781186548));
#2779=DIRECTION('center_axis',(0.,0.,1.));
#2780=DIRECTION('ref_axis',(0.707106781186548,0.707106781186548,0.));
#2781=DIRECTION('',(0.,0.,1.));
#2782=DIRECTION('center_axis',(0.,1.,0.));
#2783=DIRECTION('ref_axis',(1.,0.,0.));
#2784=DIRECTION('',(0.,0.,-1.));
#2785=DIRECTION('center_axis',(0.,0.,1.));
#2786=DIRECTION('ref_axis',(-0.707106781186548,0.707106781186548,0.));
#2787=DIRECTION('',(0.,0.,1.));
#2788=DIRECTION('center_axis',(-1.,0.,0.));
#2789=DIRECTION('ref_axis',(0.,1.,0.));
#2790=DIRECTION('',(0.,0.,1.));
#2791=DIRECTION('',(0.,0.707106781186547,-0.707106781186548));
#2792=DIRECTION('',(0.,1.,0.));
#2793=DIRECTION('',(0.,0.,-1.));
#2794=DIRECTION('center_axis',(0.,1.,0.));
#2795=DIRECTION('ref_axis',(1.,0.,0.));
#2796=DIRECTION('',(1.,0.,0.));
#2797=DIRECTION('center_axis',(0.,0.707106781186548,-0.707106781186548));
#2798=DIRECTION('ref_axis',(-1.,0.,0.));
#2799=DIRECTION('',(-1.,0.,0.));
#2800=DIRECTION('',(0.,-0.707106781186548,-0.707106781186548));
#2801=DIRECTION('center_axis',(0.,-0.707106781186547,0.707106781186548));
#2802=DIRECTION('ref_axis',(1.,0.,0.));
#2803=DIRECTION('',(0.281084637714819,0.678598344545848,0.678598344545847));
#2804=DIRECTION('',(-1.,0.,0.));
#2805=DIRECTION('center_axis',(-0.5,-0.5,0.707106781186548));
#2806=DIRECTION('ref_axis',(0.816496580927726,0.,0.577350269189626));
#2807=DIRECTION('',(-0.816496580927726,0.,-0.577350269189626));
#2808=DIRECTION('',(-0.707106781186548,0.707106781186548,0.));
#2809=DIRECTION('',(0.,0.816496580927726,0.577350269189626));
#2810=DIRECTION('center_axis',(0.,0.707106781186548,0.707106781186547));
#2811=DIRECTION('ref_axis',(1.,0.,0.));
#2812=DIRECTION('',(-1.,0.,0.));
#2813=DIRECTION('',(1.,0.,0.));
#2814=DIRECTION('center_axis',(0.,0.,1.));
#2815=DIRECTION('ref_axis',(1.,0.,0.));
#2816=DIRECTION('center_axis',(-1.,0.,0.));
#2817=DIRECTION('ref_axis',(0.,-1.,0.));
#2818=DIRECTION('',(0.,0.,1.));
#2819=DIRECTION('',(0.,1.,0.));
#2820=DIRECTION('center_axis',(0.,1.,0.));
#2821=DIRECTION('ref_axis',(-1.,0.,0.));
#2822=DIRECTION('center_axis',(0.,-1.,0.));
#2823=DIRECTION('ref_axis',(-1.,0.,0.));
#2824=DIRECTION('',(1.,0.,0.));
#2825=DIRECTION('',(0.,0.,-1.));
#2826=DIRECTION('center_axis',(-0.707106781186548,-0.707106781186548,0.));
#2827=DIRECTION('ref_axis',(-0.707106781186548,0.707106781186548,0.));
#2828=DIRECTION('',(0.707106781186547,-0.707106781186547,0.));
#2829=DIRECTION('',(0.,0.,-1.));
#2830=DIRECTION('center_axis',(-1.,0.,0.));
#2831=DIRECTION('ref_axis',(0.,1.,0.));
#2832=DIRECTION('',(0.,-1.,0.));
#2833=DIRECTION('',(0.,0.,-1.));
#2834=DIRECTION('center_axis',(0.,1.,0.));
#2835=DIRECTION('ref_axis',(1.,0.,0.));
#2836=DIRECTION('',(1.,0.,0.));
#2837=DIRECTION('center_axis',(0.,0.,1.));
#2838=DIRECTION('ref_axis',(1.,0.,0.));
#2839=DIRECTION('center_axis',(0.,-1.,0.));
#2840=DIRECTION('ref_axis',(-1.,0.,0.));
#2841=DIRECTION('',(1.,0.,0.));
#2842=DIRECTION('',(0.,0.,-1.));
#2843=DIRECTION('',(-1.,0.,0.));
#2844=DIRECTION('',(0.,0.,-1.));
#2845=DIRECTION('center_axis',(-1.,0.,0.));
#2846=DIRECTION('ref_axis',(0.,1.,0.));
#2847=DIRECTION('',(0.,-1.,0.));
#2848=DIRECTION('',(0.,0.,-1.));
#2849=DIRECTION('',(0.,1.,0.));
#2850=DIRECTION('center_axis',(0.,1.,0.));
#2851=DIRECTION('ref_axis',(1.,0.,0.));
#2852=DIRECTION('',(1.,0.,0.));
#2853=DIRECTION('',(0.,0.,-1.));
#2854=DIRECTION('',(1.,0.,0.));
#2855=DIRECTION('center_axis',(1.,0.,0.));
#2856=DIRECTION('ref_axis',(0.,-1.,0.));
#2857=DIRECTION('',(0.,1.,0.));
#2858=DIRECTION('',(0.,-1.,0.));
#2859=DIRECTION('center_axis',(0.,0.,1.));
#2860=DIRECTION('ref_axis',(1.,0.,0.));
#2861=DIRECTION('center_axis',(0.,0.,1.));
#2862=DIRECTION('ref_axis',(-1.,0.,0.));
#2863=DIRECTION('',(2.08166817117217E-16,0.,-1.));
#2864=DIRECTION('',(-1.,0.,-2.08166817117217E-16));
#2865=DIRECTION('',(-2.08166817117217E-16,0.,1.));
#2866=DIRECTION('',(1.,0.,2.08166817117217E-16));
#2867=CARTESIAN_POINT('',(0.,0.,0.));
#2868=CARTESIAN_POINT('',(0.,0.,0.));
#2869=CARTESIAN_POINT('Origin',(13.66,5.525,-2.9));
#2870=CARTESIAN_POINT('',(13.76,2.,-3.));
#2871=CARTESIAN_POINT('',(13.56,1.8,-2.8));
#2872=CARTESIAN_POINT('',(13.4216666666667,1.66166666666667,-2.66166666666667));
#2873=CARTESIAN_POINT('',(13.56,7.4,-2.8));
#2874=CARTESIAN_POINT('',(13.56,5.525,-2.8));
#2875=CARTESIAN_POINT('',(13.76,7.4,-3.));
#2876=CARTESIAN_POINT('',(13.56,7.4,-2.8));
#2877=CARTESIAN_POINT('',(13.76,5.525,-3.));
#2878=CARTESIAN_POINT('Origin',(13.16,7.4,-2.9));
#2879=CARTESIAN_POINT('',(13.16,7.8,-2.8));
#2880=CARTESIAN_POINT('Origin',(13.16,7.4,-2.8));
#2881=CARTESIAN_POINT('',(13.16,8.,-3.));
#2882=CARTESIAN_POINT('',(13.16,7.8,-2.8));
#2883=CARTESIAN_POINT('Origin',(13.16,7.4,-3.));
#2884=CARTESIAN_POINT('Origin',(8.915,7.9,-2.9));
#2885=CARTESIAN_POINT('',(10.98,7.8,-2.8));
#2886=CARTESIAN_POINT('',(10.98,8.,-3.));
#2887=CARTESIAN_POINT('',(10.98,7.8,-2.8));
#2888=CARTESIAN_POINT('',(8.915,8.,-3.));
#2889=CARTESIAN_POINT('',(8.915,7.8,-2.8));
#2890=CARTESIAN_POINT('Origin',(10.98,7.4,-2.9));
#2891=CARTESIAN_POINT('',(10.58,7.4,-2.8));
#2892=CARTESIAN_POINT('Origin',(10.98,7.4,-2.8));
#2893=CARTESIAN_POINT('',(10.38,7.4,-3.));
#2894=CARTESIAN_POINT('',(10.58,7.4,-2.8));
#2895=CARTESIAN_POINT('Origin',(10.98,7.4,-3.));
#2896=CARTESIAN_POINT('Origin',(10.48,1.625,-2.9));
#2897=CARTESIAN_POINT('',(10.58,-2.2,-2.8));
#2898=CARTESIAN_POINT('',(10.38,-2.,-3.));
#2899=CARTESIAN_POINT('',(9.73166666666667,-1.35166666666667,-3.64833333333333));
#2900=CARTESIAN_POINT('',(10.38,1.625,-3.));
#2901=CARTESIAN_POINT('',(10.58,1.625,-2.8));
#2902=CARTESIAN_POINT('Origin',(7.25,3.25,-3.));
#2903=CARTESIAN_POINT('',(2.38,-2.,-3.));
#2904=CARTESIAN_POINT('',(8.915,-2.,-3.));
#2905=CARTESIAN_POINT('',(2.38,7.4,-3.));
#2906=CARTESIAN_POINT('',(2.38,5.525,-3.));
#2907=CARTESIAN_POINT('',(1.78,8.,-3.));
#2908=CARTESIAN_POINT('Origin',(1.78,7.4,-3.));
#2909=CARTESIAN_POINT('',(0.4,8.,-3.));
#2910=CARTESIAN_POINT('',(3.625,8.,-3.));
#2911=CARTESIAN_POINT('',(0.199999999999999,8.2,-3.));
#2912=CARTESIAN_POINT('Origin',(0.4,8.2,-3.));
#2913=CARTESIAN_POINT('',(0.2,9.3,-3.));
#2914=CARTESIAN_POINT('',(0.2,9.12500011175871,-3.));
#2915=CARTESIAN_POINT('',(12.5,9.3,-3.));
#2916=CARTESIAN_POINT('',(3.625,9.3,-3.));
#2917=CARTESIAN_POINT('',(14.3,7.5,-3.));
#2918=CARTESIAN_POINT('Origin',(12.5,7.5,-3.));
#2919=CARTESIAN_POINT('',(14.3,2.,-3.));
#2920=CARTESIAN_POINT('',(14.3,6.375,-3.));
#2921=CARTESIAN_POINT('',(10.405,2.,-3.));
#2922=CARTESIAN_POINT('Origin',(8.915,-2.5,-2.5));
#2923=CARTESIAN_POINT('',(10.58,-3.,-2.));
#2924=CARTESIAN_POINT('',(10.58,-2.5,-2.5));
#2925=CARTESIAN_POINT('',(2.18,-3.,-2.));
#2926=CARTESIAN_POINT('',(8.915,-3.,-2.));
#2927=CARTESIAN_POINT('',(2.18,-2.2,-2.8));
#2928=CARTESIAN_POINT('',(2.18,-0.55,-4.45));
#2929=CARTESIAN_POINT('',(4.52333333333333,0.143333333333333,-5.14333333333333));
#2930=CARTESIAN_POINT('Origin',(3.625,9.4,-2.9));
#2931=CARTESIAN_POINT('',(1.54074395550979E-32,9.5,-2.8));
#2932=CARTESIAN_POINT('',(12.5,9.5,-2.8));
#2933=CARTESIAN_POINT('',(3.625,9.5,-2.8));
#2934=CARTESIAN_POINT('',(12.5,9.5,-2.8));
#2935=CARTESIAN_POINT('',(0.2,9.3,-3.));
#2936=CARTESIAN_POINT('Origin',(12.5,7.5,-2.9));
#2937=CARTESIAN_POINT('',(14.5,7.5,-2.8));
#2938=CARTESIAN_POINT('Origin',(12.5,7.5,-2.8));
#2939=CARTESIAN_POINT('',(14.5,7.5,-2.8));
#2940=CARTESIAN_POINT('Origin',(14.4,6.375,-2.9));
#2941=CARTESIAN_POINT('',(14.5,1.8,-2.8));
#2942=CARTESIAN_POINT('',(13.2883333333333,3.01166666666667,-4.01166666666667));
#2943=CARTESIAN_POINT('',(14.5,6.375,-2.8));
#2944=CARTESIAN_POINT('Origin',(2.28,5.525,-2.9));
#2945=CARTESIAN_POINT('',(2.18,7.4,-2.8));
#2946=CARTESIAN_POINT('',(2.18,5.525,-2.8));
#2947=CARTESIAN_POINT('',(2.18,7.4,-2.8));
#2948=CARTESIAN_POINT('Origin',(1.78,7.4,-2.9));
#2949=CARTESIAN_POINT('',(1.78,7.8,-2.8));
#2950=CARTESIAN_POINT('Origin',(1.78,7.4,-2.8));
#2951=CARTESIAN_POINT('',(1.78,7.8,-2.8));
#2952=CARTESIAN_POINT('Origin',(3.625,7.9,-2.9));
#2953=CARTESIAN_POINT('',(0.4,7.8,-2.8));
#2954=CARTESIAN_POINT('',(0.4,7.8,-2.8));
#2955=CARTESIAN_POINT('',(3.625,7.8,-2.8));
#2956=CARTESIAN_POINT('Origin',(0.4,8.2,-2.9));
#2957=CARTESIAN_POINT('',(0.,8.2,-2.8));
#2958=CARTESIAN_POINT('Origin',(0.4,8.2,-2.8));
#2959=CARTESIAN_POINT('',(0.,8.2,-2.8));
#2960=CARTESIAN_POINT('Origin',(0.1,9.12500011175871,-2.9));
#2961=CARTESIAN_POINT('',(0.,9.12500011175871,-2.8));
#2962=CARTESIAN_POINT('Origin',(12.5,7.5,0.));
#2963=CARTESIAN_POINT('',(12.5,9.5,0.));
#2964=CARTESIAN_POINT('',(12.5,9.5,0.));
#2965=CARTESIAN_POINT('',(14.5,7.5,0.));
#2966=CARTESIAN_POINT('Origin',(12.5,7.5,0.));
#2967=CARTESIAN_POINT('',(14.5,7.5,0.));
#2968=CARTESIAN_POINT('Origin',(0.,9.5,0.));
#2969=CARTESIAN_POINT('',(1.54074395550979E-32,9.5,0.));
#2970=CARTESIAN_POINT('',(1.54074395550979E-32,9.5,0.));
#2971=CARTESIAN_POINT('',(4.50000006705523,9.5,0.));
#2972=CARTESIAN_POINT('Origin',(2.43275365021368E-32,15.0000002235174,0.));
#2973=CARTESIAN_POINT('',(0.,8.2,1.6));
#2974=CARTESIAN_POINT('',(0.,8.2,0.));
#2975=CARTESIAN_POINT('',(-9.7310144558513E-34,14.4000002235174,1.6));
#2976=CARTESIAN_POINT('',(0.,11.2500001676381,1.6));
#2977=CARTESIAN_POINT('',(0.,15.0000002235174,1.));
#2978=CARTESIAN_POINT('',(0.,15.0000002235174,1.));
#2979=CARTESIAN_POINT('',(0.,15.0000002235174,0.));
#2980=CARTESIAN_POINT('',(0.,15.0000002235174,0.));
#2981=CARTESIAN_POINT('',(1.54074395550979E-32,9.5,0.));
#2982=CARTESIAN_POINT('Origin',(0.4,8.2,0.));
#2983=CARTESIAN_POINT('',(0.4,7.8,1.6));
#2984=CARTESIAN_POINT('',(0.4,7.8,0.));
#2985=CARTESIAN_POINT('Origin',(0.4,8.2,1.6));
#2986=CARTESIAN_POINT('Origin',(0.,7.8,0.));
#2987=CARTESIAN_POINT('',(1.78,7.8,1.6));
#2988=CARTESIAN_POINT('',(1.78,7.8,0.));
#2989=CARTESIAN_POINT('',(4.50000006705523,7.8,1.6));
#2990=CARTESIAN_POINT('Origin',(1.78,7.4,0.));
#2991=CARTESIAN_POINT('',(2.18,7.4,1.6));
#2992=CARTESIAN_POINT('',(2.18,7.4,0.));
#2993=CARTESIAN_POINT('Origin',(1.78,7.4,1.6));
#2994=CARTESIAN_POINT('Origin',(2.18,7.8,0.));
#2995=CARTESIAN_POINT('',(2.18,-3.,-1.));
#2996=CARTESIAN_POINT('',(2.18,-3.,0.));
#2997=CARTESIAN_POINT('',(2.18,-2.,0.));
#2998=CARTESIAN_POINT('',(2.18,0.2,2.2));
#2999=CARTESIAN_POINT('',(2.18,0.,0.));
#3000=CARTESIAN_POINT('',(2.18,7.8,0.));
#3001=CARTESIAN_POINT('',(2.18,0.,1.6));
#3002=CARTESIAN_POINT('',(2.18,0.,0.));
#3003=CARTESIAN_POINT('',(2.18,7.65000005587935,1.6));
#3004=CARTESIAN_POINT('Origin',(11.2800000670552,0.2,1.8));
#3005=CARTESIAN_POINT('',(17.4000002682209,2.77555756156289E-16,1.6));
#3006=CARTESIAN_POINT('',(17.0000002682209,0.4,2.));
#3007=CARTESIAN_POINT('',(15.7216668920467,1.67833337617417,3.27833337617417));
#3008=CARTESIAN_POINT('',(13.96,0.4,2.));
#3009=CARTESIAN_POINT('',(11.2800000670552,0.4,2.));
#3010=CARTESIAN_POINT('',(13.56,0.,1.6));
#3011=CARTESIAN_POINT('',(13.96,0.4,2.));
#3012=CARTESIAN_POINT('',(11.2800000670552,0.,1.6));
#3013=CARTESIAN_POINT('Origin',(17.5000002682209,3.75000005587935,1.5));
#3014=CARTESIAN_POINT('',(18.0000002682209,0.,1.));
#3015=CARTESIAN_POINT('',(16.8900002011657,2.77555756156289E-16,2.11000006705523));
#3016=CARTESIAN_POINT('',(18.0000002682209,10.1514720860936,1.));
#3017=CARTESIAN_POINT('',(18.0000002682209,3.75000005587935,1.));
#3018=CARTESIAN_POINT('',(17.0000002682209,9.73725852372047,2.));
#3019=CARTESIAN_POINT('',(17.0000002682209,9.73725852372047,2.));
#3020=CARTESIAN_POINT('',(17.0000002682209,5.62500008381903,2.));
#3021=CARTESIAN_POINT('Origin',(9.00000013411045,7.50000011175871,2.));
#3022=CARTESIAN_POINT('',(12.7372585684239,14.0000002235174,2.));
#3023=CARTESIAN_POINT('',(14.8061294099405,11.9311293820008,2.));
#3024=CARTESIAN_POINT('',(0.4,14.0000002235174,2.));
#3025=CARTESIAN_POINT('',(10.2500001676381,14.0000002235174,2.));
#3026=CARTESIAN_POINT('',(0.4,8.2,2.));
#3027=CARTESIAN_POINT('',(0.4,11.2500001676381,2.));
#3028=CARTESIAN_POINT('',(1.78,8.2,2.));
#3029=CARTESIAN_POINT('',(4.50000006705523,8.2,2.));
#3030=CARTESIAN_POINT('',(2.58,7.4,2.));
#3031=CARTESIAN_POINT('Origin',(1.78,7.4,2.));
#3032=CARTESIAN_POINT('',(2.58,0.4,2.));
#3033=CARTESIAN_POINT('',(2.58,7.65000005587935,2.));
#3034=CARTESIAN_POINT('',(10.18,0.4,2.));
#3035=CARTESIAN_POINT('',(10.1400001005828,0.4,2.));
#3036=CARTESIAN_POINT('',(10.18,7.4,2.));
#3037=CARTESIAN_POINT('',(10.18,3.75000005587935,2.));
#3038=CARTESIAN_POINT('',(10.98,8.2,2.));
#3039=CARTESIAN_POINT('Origin',(10.98,7.4,2.));
#3040=CARTESIAN_POINT('',(13.16,8.2,2.));
#3041=CARTESIAN_POINT('',(9.79000006705522,8.2,2.));
#3042=CARTESIAN_POINT('',(13.96,7.4,2.));
#3043=CARTESIAN_POINT('Origin',(13.16,7.4,2.));
#3044=CARTESIAN_POINT('',(13.96,7.65000005587935,2.));
#3045=CARTESIAN_POINT('Origin',(0.2,11.2500001676381,1.8));
#3046=CARTESIAN_POINT('',(2.47500004284084,11.9250001806766,4.07500004284084));
#3047=CARTESIAN_POINT('',(0.,8.2,1.6));
#3048=CARTESIAN_POINT('Origin',(10.38,3.75000005587935,1.8));
#3049=CARTESIAN_POINT('',(10.58,0.,1.6));
#3050=CARTESIAN_POINT('',(10.58,7.4,1.6));
#3051=CARTESIAN_POINT('',(10.58,3.75000005587935,1.6));
#3052=CARTESIAN_POINT('',(10.58,7.4,1.6));
#3053=CARTESIAN_POINT('',(10.18,0.4,2.));
#3054=CARTESIAN_POINT('Origin',(5.59000006705523,0.2,1.8));
#3055=CARTESIAN_POINT('',(2.58,0.4,2.));
#3056=CARTESIAN_POINT('',(5.59000006705523,0.,1.6));
#3057=CARTESIAN_POINT('Origin',(4.50000006705523,8.,1.8));
#3058=CARTESIAN_POINT('',(1.78,7.8,1.6));
#3059=CARTESIAN_POINT('',(0.4,8.2,2.));
#3060=CARTESIAN_POINT('Origin',(1.78,7.4,1.8));
#3061=CARTESIAN_POINT('',(2.18,7.4,1.6));
#3062=CARTESIAN_POINT('Origin',(2.38,7.65000005587935,1.8));
#3063=CARTESIAN_POINT('Origin',(10.98,7.4,1.8));
#3064=CARTESIAN_POINT('',(10.98,7.8,1.6));
#3065=CARTESIAN_POINT('Origin',(10.98,7.4,1.6));
#3066=CARTESIAN_POINT('',(10.98,7.8,1.6));
#3067=CARTESIAN_POINT('Origin',(9.79000006705522,8.,1.8));
#3068=CARTESIAN_POINT('',(13.16,7.8,1.6));
#3069=CARTESIAN_POINT('',(13.16,7.8,1.6));
#3070=CARTESIAN_POINT('',(9.79000006705522,7.8,1.6));
#3071=CARTESIAN_POINT('Origin',(13.16,7.4,1.8));
#3072=CARTESIAN_POINT('',(13.56,7.4,1.6));
#3073=CARTESIAN_POINT('Origin',(13.16,7.4,1.6));
#3074=CARTESIAN_POINT('',(13.56,7.4,1.6));
#3075=CARTESIAN_POINT('Origin',(13.76,7.65000005587935,1.8));
#3076=CARTESIAN_POINT('',(13.56,7.65000005587935,1.6));
#3077=CARTESIAN_POINT('Origin',(0.4,8.2,1.6));
#3078=CARTESIAN_POINT('Origin',(13.56,7.8,0.));
#3079=CARTESIAN_POINT('',(13.56,0.,-1.));
#3080=CARTESIAN_POINT('',(13.56,2.2,-3.2));
#3081=CARTESIAN_POINT('',(13.56,0.,0.));
#3082=CARTESIAN_POINT('',(13.56,7.4,0.));
#3083=CARTESIAN_POINT('Origin',(13.16,7.4,0.));
#3084=CARTESIAN_POINT('',(13.16,7.8,0.));
#3085=CARTESIAN_POINT('Origin',(10.58,7.8,0.));
#3086=CARTESIAN_POINT('',(10.98,7.8,0.));
#3087=CARTESIAN_POINT('Origin',(10.98,7.4,0.));
#3088=CARTESIAN_POINT('',(10.58,7.4,0.));
#3089=CARTESIAN_POINT('Origin',(10.58,0.,0.));
#3090=CARTESIAN_POINT('',(10.58,0.,0.));
#3091=CARTESIAN_POINT('',(10.58,0.,0.));
#3092=CARTESIAN_POINT('',(10.58,-2.,0.));
#3093=CARTESIAN_POINT('',(10.58,0.,0.));
#3094=CARTESIAN_POINT('',(10.58,-3.,-1.));
#3095=CARTESIAN_POINT('',(10.58,-1.75,0.25));
#3096=CARTESIAN_POINT('',(10.58,-3.,0.));
#3097=CARTESIAN_POINT('Origin',(2.18,0.,0.));
#3098=CARTESIAN_POINT('',(2.18,0.,0.));
#3099=CARTESIAN_POINT('Origin',(10.405,1.,-2.));
#3100=CARTESIAN_POINT('',(14.5,0.,-1.));
#3101=CARTESIAN_POINT('',(14.5,2.625,-3.625));
#3102=CARTESIAN_POINT('',(10.405,0.,-1.));
#3103=CARTESIAN_POINT('Origin',(11.5000002011657,14.5000002235174,1.5));
#3104=CARTESIAN_POINT('',(13.151472130797,15.0000002235174,1.));
#3105=CARTESIAN_POINT('',(12.737258568424,14.0000002235174,2.));
#3106=CARTESIAN_POINT('',(11.5000002011657,15.0000002235174,1.));
#3107=CARTESIAN_POINT('Origin',(16.0593148376837,11.8093148041561,1.2));
#3108=CARTESIAN_POINT('',(18.0000002682209,11.0000002235174,0.4));
#3109=CARTESIAN_POINT('',(18.0000002682209,7.5088241050663,2.86863430767331));
#3110=CARTESIAN_POINT('',(14.0000002682209,15.0000002235174,0.4));
#3111=CARTESIAN_POINT('',(16.625000262633,12.3750002291054,0.4));
#3112=CARTESIAN_POINT('',(14.5921575538836,15.0000002235174,-0.0187184322211401));
#3113=CARTESIAN_POINT('Origin',(8.915,-2.5,-0.5));
#3114=CARTESIAN_POINT('',(8.915,-3.,-1.));
#3115=CARTESIAN_POINT('',(8.915,-2.,0.));
#3116=CARTESIAN_POINT('Origin',(7.25,3.25,0.));
#3117=CARTESIAN_POINT('Origin',(14.5,9.5,0.));
#3118=CARTESIAN_POINT('',(14.5,0.,0.));
#3119=CARTESIAN_POINT('',(14.5,8.50000005587935,0.));
#3120=CARTESIAN_POINT('',(14.5,0.,0.));
#3121=CARTESIAN_POINT('Origin',(10.58,-3.,0.));
#3122=CARTESIAN_POINT('Origin',(14.0000002682209,15.0000002235174,0.));
#3123=CARTESIAN_POINT('',(14.0000002682209,15.0000002235174,0.));
#3124=CARTESIAN_POINT('',(14.0000002682209,15.0000002235174,0.));
#3125=CARTESIAN_POINT('',(0.,15.0000002235174,0.));
#3126=CARTESIAN_POINT('Origin',(18.0000002682209,11.0000002235174,0.));
#3127=CARTESIAN_POINT('',(18.0000002682209,11.0000002235174,0.));
#3128=CARTESIAN_POINT('',(18.0000002682209,11.0000002235174,0.));
#3129=CARTESIAN_POINT('',(14.0000002682209,15.0000002235174,0.));
#3130=CARTESIAN_POINT('Origin',(18.0000002682209,0.,0.));
#3131=CARTESIAN_POINT('',(18.0000002682209,0.,0.));
#3132=CARTESIAN_POINT('',(18.0000002682209,0.,0.));
#3133=CARTESIAN_POINT('',(18.0000002682209,11.0000002235174,0.));
#3134=CARTESIAN_POINT('Origin',(13.56,0.,0.));
#3135=CARTESIAN_POINT('',(0.,0.,0.));
#3136=CARTESIAN_POINT('Origin',(9.00000013411045,7.50000011175871,0.));
#3137=CARTESIAN_POINT('Origin',(10.58,-0.4,0.2));
#3138=CARTESIAN_POINT('',(2.18,-0.4,0.2));
#3139=CARTESIAN_POINT('',(10.58,-0.4,0.2));
#3140=CARTESIAN_POINT('',(2.18,-0.4,0.2));
#3141=CARTESIAN_POINT('',(2.18,-0.4,2.));
#3142=CARTESIAN_POINT('',(2.18,-0.4,0.2));
#3143=CARTESIAN_POINT('',(10.58,-0.4,2.));
#3144=CARTESIAN_POINT('',(2.18,-0.4,2.));
#3145=CARTESIAN_POINT('',(10.58,-0.4,0.2));
#3146=CARTESIAN_POINT('Origin',(10.58,-3.,0.2));
#3147=CARTESIAN_POINT('',(10.58,-3.,0.2));
#3148=CARTESIAN_POINT('',(10.58,-0.4,0.2));
#3149=CARTESIAN_POINT('',(10.58,-3.,2.));
#3150=CARTESIAN_POINT('',(10.58,-0.4,2.));
#3151=CARTESIAN_POINT('',(10.58,-3.,0.2));
#3152=CARTESIAN_POINT('Origin',(2.18,-3.,0.2));
#3153=CARTESIAN_POINT('',(2.18,-3.,0.2));
#3154=CARTESIAN_POINT('',(2.18,-3.,0.2));
#3155=CARTESIAN_POINT('',(2.18,-3.,2.));
#3156=CARTESIAN_POINT('',(2.18,-3.,2.));
#3157=CARTESIAN_POINT('',(2.18,-3.,0.2));
#3158=CARTESIAN_POINT('Origin',(2.18,-0.4,0.2));
#3159=CARTESIAN_POINT('',(2.18,-3.,0.2));
#3160=CARTESIAN_POINT('',(2.18,-3.,2.));
#3161=CARTESIAN_POINT('Origin',(6.38,-1.7,2.));
#3162=CARTESIAN_POINT('Origin',(6.38,-1.7,0.2));
#3163=CARTESIAN_POINT('',(0.,0.,0.));
#3164=CARTESIAN_POINT('Origin',(13.66,5.525,2.9));
#3165=CARTESIAN_POINT('',(13.76,2.,3.));
#3166=CARTESIAN_POINT('',(13.56,1.8,2.8));
#3167=CARTESIAN_POINT('',(13.4216666666667,1.66166666666667,2.66166666666667));
#3168=CARTESIAN_POINT('',(13.76,7.4,3.));
#3169=CARTESIAN_POINT('',(13.76,5.525,3.));
#3170=CARTESIAN_POINT('',(13.56,7.4,2.8));
#3171=CARTESIAN_POINT('',(13.56,7.4,2.8));
#3172=CARTESIAN_POINT('',(13.56,5.525,2.8));
#3173=CARTESIAN_POINT('Origin',(13.16,7.4,2.9));
#3174=CARTESIAN_POINT('',(13.16,8.,3.));
#3175=CARTESIAN_POINT('Origin',(13.16,7.4,3.));
#3176=CARTESIAN_POINT('',(13.16,7.8,2.8));
#3177=CARTESIAN_POINT('',(13.16,7.8,2.8));
#3178=CARTESIAN_POINT('Origin',(13.16,7.4,2.8));
#3179=CARTESIAN_POINT('Origin',(8.915,7.9,2.9));
#3180=CARTESIAN_POINT('',(10.98,7.8,2.8));
#3181=CARTESIAN_POINT('',(10.98,8.,3.));
#3182=CARTESIAN_POINT('',(10.98,7.8,2.8));
#3183=CARTESIAN_POINT('',(8.915,7.8,2.8));
#3184=CARTESIAN_POINT('',(8.915,8.,3.));
#3185=CARTESIAN_POINT('Origin',(10.98,7.4,2.9));
#3186=CARTESIAN_POINT('',(10.38,7.4,3.));
#3187=CARTESIAN_POINT('Origin',(10.98,7.4,3.));
#3188=CARTESIAN_POINT('',(10.58,7.4,2.8));
#3189=CARTESIAN_POINT('',(10.58,7.4,2.8));
#3190=CARTESIAN_POINT('Origin',(10.98,7.4,2.8));
#3191=CARTESIAN_POINT('Origin',(10.48,1.625,2.9));
#3192=CARTESIAN_POINT('',(10.58,-2.2,2.8));
#3193=CARTESIAN_POINT('',(10.38,-2.,3.));
#3194=CARTESIAN_POINT('',(9.73166666666667,-1.35166666666667,3.64833333333333));
#3195=CARTESIAN_POINT('',(10.58,1.625,2.8));
#3196=CARTESIAN_POINT('',(10.38,1.625,3.));
#3197=CARTESIAN_POINT('Origin',(7.25,3.25,3.));
#3198=CARTESIAN_POINT('',(14.3,2.,3.));
#3199=CARTESIAN_POINT('',(10.405,2.,3.));
#3200=CARTESIAN_POINT('',(14.3,7.5,3.));
#3201=CARTESIAN_POINT('',(14.3,6.375,3.));
#3202=CARTESIAN_POINT('',(12.5,9.3,3.));
#3203=CARTESIAN_POINT('Origin',(12.5,7.5,3.));
#3204=CARTESIAN_POINT('',(0.2,9.3,3.));
#3205=CARTESIAN_POINT('',(3.625,9.3,3.));
#3206=CARTESIAN_POINT('',(0.199999999999999,8.2,3.));
#3207=CARTESIAN_POINT('',(0.2,9.12500011175871,3.));
#3208=CARTESIAN_POINT('',(0.4,8.,3.));
#3209=CARTESIAN_POINT('Origin',(0.4,8.2,3.));
#3210=CARTESIAN_POINT('',(1.78,8.,3.));
#3211=CARTESIAN_POINT('',(3.625,8.,3.));
#3212=CARTESIAN_POINT('',(2.38,7.4,3.));
#3213=CARTESIAN_POINT('Origin',(1.78,7.4,3.));
#3214=CARTESIAN_POINT('',(2.38,-2.,3.));
#3215=CARTESIAN_POINT('',(2.38,5.525,3.));
#3216=CARTESIAN_POINT('',(8.915,-2.,3.));
#3217=CARTESIAN_POINT('Origin',(8.915,-2.5,2.5));
#3218=CARTESIAN_POINT('',(2.18,-2.2,2.8));
#3219=CARTESIAN_POINT('',(4.52333333333333,0.143333333333333,5.14333333333333));
#3220=CARTESIAN_POINT('',(2.18,-3.,2.));
#3221=CARTESIAN_POINT('',(2.18,-0.55,4.45));
#3222=CARTESIAN_POINT('',(10.58,-3.,2.));
#3223=CARTESIAN_POINT('',(8.915,-3.,2.));
#3224=CARTESIAN_POINT('',(10.58,-2.5,2.5));
#3225=CARTESIAN_POINT('Origin',(3.625,9.4,2.9));
#3226=CARTESIAN_POINT('',(1.54074395550979E-32,9.5,2.8));
#3227=CARTESIAN_POINT('',(12.5,9.5,2.8));
#3228=CARTESIAN_POINT('',(3.625,9.5,2.8));
#3229=CARTESIAN_POINT('',(0.2,9.3,3.));
#3230=CARTESIAN_POINT('',(12.5,9.5,2.8));
#3231=CARTESIAN_POINT('Origin',(12.5,7.5,2.9));
#3232=CARTESIAN_POINT('',(14.5,7.5,2.8));
#3233=CARTESIAN_POINT('',(14.5,7.5,2.8));
#3234=CARTESIAN_POINT('Origin',(12.5,7.5,2.8));
#3235=CARTESIAN_POINT('Origin',(14.4,6.375,2.9));
#3236=CARTESIAN_POINT('',(14.5,1.8,2.8));
#3237=CARTESIAN_POINT('',(13.2883333333333,3.01166666666667,4.01166666666667));
#3238=CARTESIAN_POINT('',(14.5,6.375,2.8));
#3239=CARTESIAN_POINT('Origin',(2.28,5.525,2.9));
#3240=CARTESIAN_POINT('',(2.18,7.4,2.8));
#3241=CARTESIAN_POINT('',(2.18,7.4,2.8));
#3242=CARTESIAN_POINT('',(2.18,5.525,2.8));
#3243=CARTESIAN_POINT('Origin',(1.78,7.4,2.9));
#3244=CARTESIAN_POINT('',(1.78,7.8,2.8));
#3245=CARTESIAN_POINT('',(1.78,7.8,2.8));
#3246=CARTESIAN_POINT('Origin',(1.78,7.4,2.8));
#3247=CARTESIAN_POINT('Origin',(3.625,7.9,2.9));
#3248=CARTESIAN_POINT('',(0.4,7.8,2.8));
#3249=CARTESIAN_POINT('',(0.4,7.8,2.8));
#3250=CARTESIAN_POINT('',(3.625,7.8,2.8));
#3251=CARTESIAN_POINT('Origin',(0.4,8.2,2.9));
#3252=CARTESIAN_POINT('',(0.,8.2,2.8));
#3253=CARTESIAN_POINT('',(0.,8.2,2.8));
#3254=CARTESIAN_POINT('Origin',(0.4,8.2,2.8));
#3255=CARTESIAN_POINT('Origin',(0.1,9.12500011175871,2.9));
#3256=CARTESIAN_POINT('',(0.,9.12500011175871,2.8));
#3257=CARTESIAN_POINT('Origin',(12.5,7.5,0.));
#3258=CARTESIAN_POINT('',(14.5,7.5,0.));
#3259=CARTESIAN_POINT('',(14.5,7.5,0.));
#3260=CARTESIAN_POINT('',(12.5,9.5,0.));
#3261=CARTESIAN_POINT('Origin',(12.5,7.5,0.));
#3262=CARTESIAN_POINT('',(12.5,9.5,0.));
#3263=CARTESIAN_POINT('Origin',(0.,9.5,0.));
#3264=CARTESIAN_POINT('',(1.54074395550979E-32,9.5,0.));
#3265=CARTESIAN_POINT('',(4.50000006705523,9.5,0.));
#3266=CARTESIAN_POINT('',(1.54074395550979E-32,9.5,0.));
#3267=CARTESIAN_POINT('Origin',(2.43275365021368E-32,15.0000002235174,0.));
#3268=CARTESIAN_POINT('',(0.,15.0000002235174,0.));
#3269=CARTESIAN_POINT('',(1.54074395550979E-32,9.5,0.));
#3270=CARTESIAN_POINT('',(0.,15.0000002235174,-1.));
#3271=CARTESIAN_POINT('',(0.,15.0000002235174,0.));
#3272=CARTESIAN_POINT('',(-9.7310144558513E-34,14.4000002235174,-1.6));
#3273=CARTESIAN_POINT('',(0.,15.0000002235174,-1.));
#3274=CARTESIAN_POINT('',(0.,8.2,-1.6));
#3275=CARTESIAN_POINT('',(0.,11.2500001676381,-1.6));
#3276=CARTESIAN_POINT('',(0.,8.2,0.));
#3277=CARTESIAN_POINT('Origin',(0.4,8.2,0.));
#3278=CARTESIAN_POINT('',(0.4,7.8,-1.6));
#3279=CARTESIAN_POINT('Origin',(0.4,8.2,-1.6));
#3280=CARTESIAN_POINT('',(0.4,7.8,0.));
#3281=CARTESIAN_POINT('Origin',(0.,7.8,0.));
#3282=CARTESIAN_POINT('',(1.78,7.8,-1.6));
#3283=CARTESIAN_POINT('',(4.50000006705523,7.8,-1.6));
#3284=CARTESIAN_POINT('',(1.78,7.8,0.));
#3285=CARTESIAN_POINT('Origin',(1.78,7.4,0.));
#3286=CARTESIAN_POINT('',(2.18,7.4,-1.6));
#3287=CARTESIAN_POINT('Origin',(1.78,7.4,-1.6));
#3288=CARTESIAN_POINT('',(2.18,7.4,0.));
#3289=CARTESIAN_POINT('Origin',(2.18,7.8,0.));
#3290=CARTESIAN_POINT('',(2.18,0.,-1.6));
#3291=CARTESIAN_POINT('',(2.18,7.65000005587935,-1.6));
#3292=CARTESIAN_POINT('',(2.18,0.,0.));
#3293=CARTESIAN_POINT('',(2.18,0.,0.));
#3294=CARTESIAN_POINT('',(2.18,-2.,0.));
#3295=CARTESIAN_POINT('',(2.18,7.8,0.));
#3296=CARTESIAN_POINT('',(2.18,-3.,1.));
#3297=CARTESIAN_POINT('',(2.18,0.2,-2.2));
#3298=CARTESIAN_POINT('',(2.18,-3.,0.));
#3299=CARTESIAN_POINT('Origin',(11.2800000670552,0.2,-1.8));
#3300=CARTESIAN_POINT('',(17.4000002682209,2.77555756156289E-16,-1.6));
#3301=CARTESIAN_POINT('',(17.0000002682209,0.4,-2.));
#3302=CARTESIAN_POINT('',(15.7216668920467,1.67833337617417,-3.27833337617417));
#3303=CARTESIAN_POINT('',(13.56,0.,-1.6));
#3304=CARTESIAN_POINT('',(11.2800000670552,0.,-1.6));
#3305=CARTESIAN_POINT('',(13.96,0.4,-2.));
#3306=CARTESIAN_POINT('',(13.96,0.4,-2.));
#3307=CARTESIAN_POINT('',(11.2800000670552,0.4,-2.));
#3308=CARTESIAN_POINT('Origin',(17.5000002682209,3.75000005587935,-1.5));
#3309=CARTESIAN_POINT('',(17.0000002682209,9.73725852372047,-2.));
#3310=CARTESIAN_POINT('',(17.0000002682209,5.62500008381903,-2.));
#3311=CARTESIAN_POINT('',(18.0000002682209,10.1514720860936,-1.));
#3312=CARTESIAN_POINT('',(17.0000002682209,9.73725852372047,-2.));
#3313=CARTESIAN_POINT('',(18.0000002682209,0.,-1.));
#3314=CARTESIAN_POINT('',(18.0000002682209,3.75000005587935,-1.));
#3315=CARTESIAN_POINT('',(16.8900002011657,2.77555756156289E-16,-2.11000006705523));
#3316=CARTESIAN_POINT('Origin',(9.00000013411045,7.50000011175871,-2.));
#3317=CARTESIAN_POINT('',(13.96,7.4,-2.));
#3318=CARTESIAN_POINT('',(13.96,7.65000005587935,-2.));
#3319=CARTESIAN_POINT('',(13.16,8.2,-2.));
#3320=CARTESIAN_POINT('Origin',(13.16,7.4,-2.));
#3321=CARTESIAN_POINT('',(10.98,8.2,-2.));
#3322=CARTESIAN_POINT('',(9.79000006705522,8.2,-2.));
#3323=CARTESIAN_POINT('',(10.18,7.4,-2.));
#3324=CARTESIAN_POINT('Origin',(10.98,7.4,-2.));
#3325=CARTESIAN_POINT('',(10.18,0.4,-2.));
#3326=CARTESIAN_POINT('',(10.18,3.75000005587935,-2.));
#3327=CARTESIAN_POINT('',(2.58,0.4,-2.));
#3328=CARTESIAN_POINT('',(10.1400001005828,0.4,-2.));
#3329=CARTESIAN_POINT('',(2.58,7.4,-2.));
#3330=CARTESIAN_POINT('',(2.58,7.65000005587935,-2.));
#3331=CARTESIAN_POINT('',(1.78,8.2,-2.));
#3332=CARTESIAN_POINT('Origin',(1.78,7.4,-2.));
#3333=CARTESIAN_POINT('',(0.4,8.2,-2.));
#3334=CARTESIAN_POINT('',(4.50000006705523,8.2,-2.));
#3335=CARTESIAN_POINT('',(0.4,14.0000002235174,-2.));
#3336=CARTESIAN_POINT('',(0.4,11.2500001676381,-2.));
#3337=CARTESIAN_POINT('',(12.7372585684239,14.0000002235174,-2.));
#3338=CARTESIAN_POINT('',(10.2500001676381,14.0000002235174,-2.));
#3339=CARTESIAN_POINT('',(14.8061294099405,11.9311293820008,-2.));
#3340=CARTESIAN_POINT('Origin',(0.2,11.2500001676381,-1.8));
#3341=CARTESIAN_POINT('',(0.,8.2,-1.6));
#3342=CARTESIAN_POINT('',(2.47500004284084,11.9250001806766,-4.07500004284084));
#3343=CARTESIAN_POINT('Origin',(10.38,3.75000005587935,-1.8));
#3344=CARTESIAN_POINT('',(10.58,0.,-1.6));
#3345=CARTESIAN_POINT('',(10.58,7.4,-1.6));
#3346=CARTESIAN_POINT('',(10.58,3.75000005587935,-1.6));
#3347=CARTESIAN_POINT('',(10.18,0.4,-2.));
#3348=CARTESIAN_POINT('',(10.58,7.4,-1.6));
#3349=CARTESIAN_POINT('Origin',(5.59000006705523,0.2,-1.8));
#3350=CARTESIAN_POINT('',(5.59000006705523,0.,-1.6));
#3351=CARTESIAN_POINT('',(2.58,0.4,-2.));
#3352=CARTESIAN_POINT('Origin',(4.50000006705523,8.,-1.8));
#3353=CARTESIAN_POINT('',(1.78,7.8,-1.6));
#3354=CARTESIAN_POINT('',(0.4,8.2,-2.));
#3355=CARTESIAN_POINT('Origin',(1.78,7.4,-1.8));
#3356=CARTESIAN_POINT('',(2.18,7.4,-1.6));
#3357=CARTESIAN_POINT('Origin',(2.38,7.65000005587935,-1.8));
#3358=CARTESIAN_POINT('Origin',(10.98,7.4,-1.8));
#3359=CARTESIAN_POINT('',(10.98,7.8,-1.6));
#3360=CARTESIAN_POINT('',(10.98,7.8,-1.6));
#3361=CARTESIAN_POINT('Origin',(10.98,7.4,-1.6));
#3362=CARTESIAN_POINT('Origin',(9.79000006705522,8.,-1.8));
#3363=CARTESIAN_POINT('',(13.16,7.8,-1.6));
#3364=CARTESIAN_POINT('',(13.16,7.8,-1.6));
#3365=CARTESIAN_POINT('',(9.79000006705522,7.8,-1.6));
#3366=CARTESIAN_POINT('Origin',(13.16,7.4,-1.8));
#3367=CARTESIAN_POINT('',(13.56,7.4,-1.6));
#3368=CARTESIAN_POINT('',(13.56,7.4,-1.6));
#3369=CARTESIAN_POINT('Origin',(13.16,7.4,-1.6));
#3370=CARTESIAN_POINT('Origin',(13.76,7.65000005587935,-1.8));
#3371=CARTESIAN_POINT('',(13.56,7.65000005587935,-1.6));
#3372=CARTESIAN_POINT('Origin',(0.4,8.2,-1.6));
#3373=CARTESIAN_POINT('Origin',(13.56,7.8,0.));
#3374=CARTESIAN_POINT('',(13.56,7.4,0.));
#3375=CARTESIAN_POINT('',(13.56,0.,1.));
#3376=CARTESIAN_POINT('',(13.56,0.,0.));
#3377=CARTESIAN_POINT('',(13.56,2.2,3.2));
#3378=CARTESIAN_POINT('Origin',(13.16,7.4,0.));
#3379=CARTESIAN_POINT('',(13.16,7.8,0.));
#3380=CARTESIAN_POINT('Origin',(10.58,7.8,0.));
#3381=CARTESIAN_POINT('',(10.98,7.8,0.));
#3382=CARTESIAN_POINT('Origin',(10.98,7.4,0.));
#3383=CARTESIAN_POINT('',(10.58,7.4,0.));
#3384=CARTESIAN_POINT('Origin',(10.58,0.,0.));
#3385=CARTESIAN_POINT('',(10.58,-3.,1.));
#3386=CARTESIAN_POINT('',(10.58,-3.,0.));
#3387=CARTESIAN_POINT('',(10.58,-2.,0.));
#3388=CARTESIAN_POINT('',(10.58,-1.75,-0.25));
#3389=CARTESIAN_POINT('',(10.58,0.,0.));
#3390=CARTESIAN_POINT('',(10.58,0.,0.));
#3391=CARTESIAN_POINT('',(10.58,0.,0.));
#3392=CARTESIAN_POINT('Origin',(2.18,0.,0.));
#3393=CARTESIAN_POINT('',(2.18,0.,0.));
#3394=CARTESIAN_POINT('Origin',(10.405,1.,2.));
#3395=CARTESIAN_POINT('',(14.5,0.,1.));
#3396=CARTESIAN_POINT('',(10.405,0.,1.));
#3397=CARTESIAN_POINT('',(14.5,2.625,3.625));
#3398=CARTESIAN_POINT('Origin',(11.5000002011657,14.5000002235174,-1.5));
#3399=CARTESIAN_POINT('',(13.151472130797,15.0000002235174,-1.));
#3400=CARTESIAN_POINT('',(12.737258568424,14.0000002235174,-2.));
#3401=CARTESIAN_POINT('',(11.5000002011657,15.0000002235174,-1.));
#3402=CARTESIAN_POINT('Origin',(16.0593148376837,11.8093148041561,-1.2));
#3403=CARTESIAN_POINT('',(14.0000002682209,15.0000002235174,-0.4));
#3404=CARTESIAN_POINT('',(14.5921575538836,15.0000002235174,0.0187184322211401));
#3405=CARTESIAN_POINT('',(18.0000002682209,11.0000002235174,-0.4));
#3406=CARTESIAN_POINT('',(16.625000262633,12.3750002291054,-0.4));
#3407=CARTESIAN_POINT('',(18.0000002682209,7.5088241050663,-2.86863430767331));
#3408=CARTESIAN_POINT('Origin',(8.915,-2.5,0.5));
#3409=CARTESIAN_POINT('',(8.915,-2.,0.));
#3410=CARTESIAN_POINT('',(8.915,-3.,1.));
#3411=CARTESIAN_POINT('Origin',(7.25,3.25,0.));
#3412=CARTESIAN_POINT('Origin',(14.5,9.5,0.));
#3413=CARTESIAN_POINT('',(14.5,0.,0.));
#3414=CARTESIAN_POINT('',(14.5,0.,0.));
#3415=CARTESIAN_POINT('',(14.5,8.50000005587935,0.));
#3416=CARTESIAN_POINT('Origin',(10.58,-3.,0.));
#3417=CARTESIAN_POINT('Origin',(14.0000002682209,15.0000002235174,0.));
#3418=CARTESIAN_POINT('',(14.0000002682209,15.0000002235174,0.));
#3419=CARTESIAN_POINT('',(0.,15.0000002235174,0.));
#3420=CARTESIAN_POINT('',(14.0000002682209,15.0000002235174,0.));
#3421=CARTESIAN_POINT('Origin',(18.0000002682209,11.0000002235174,0.));
#3422=CARTESIAN_POINT('',(18.0000002682209,11.0000002235174,0.));
#3423=CARTESIAN_POINT('',(14.0000002682209,15.0000002235174,0.));
#3424=CARTESIAN_POINT('',(18.0000002682209,11.0000002235174,0.));
#3425=CARTESIAN_POINT('Origin',(18.0000002682209,0.,0.));
#3426=CARTESIAN_POINT('',(18.0000002682209,0.,0.));
#3427=CARTESIAN_POINT('',(18.0000002682209,11.0000002235174,0.));
#3428=CARTESIAN_POINT('',(18.0000002682209,0.,0.));
#3429=CARTESIAN_POINT('Origin',(13.56,0.,0.));
#3430=CARTESIAN_POINT('',(0.,0.,0.));
#3431=CARTESIAN_POINT('Origin',(9.00000013411045,7.50000011175871,0.));
#3432=CARTESIAN_POINT('Origin',(10.58,-0.4,-0.2));
#3433=CARTESIAN_POINT('',(2.18,-0.4,-0.2));
#3434=CARTESIAN_POINT('',(10.58,-0.4,-0.2));
#3435=CARTESIAN_POINT('',(2.18,-0.4,-0.2));
#3436=CARTESIAN_POINT('',(10.58,-0.4,-2.));
#3437=CARTESIAN_POINT('',(10.58,-0.4,-0.2));
#3438=CARTESIAN_POINT('',(2.18,-0.4,-2.));
#3439=CARTESIAN_POINT('',(2.18,-0.4,-2.));
#3440=CARTESIAN_POINT('',(2.18,-0.4,-0.2));
#3441=CARTESIAN_POINT('Origin',(10.58,-3.,-0.2));
#3442=CARTESIAN_POINT('',(10.58,-3.,-0.2));
#3443=CARTESIAN_POINT('',(10.58,-0.4,-0.2));
#3444=CARTESIAN_POINT('',(10.58,-3.,-2.));
#3445=CARTESIAN_POINT('',(10.58,-3.,-0.2));
#3446=CARTESIAN_POINT('',(10.58,-0.4,-2.));
#3447=CARTESIAN_POINT('Origin',(2.18,-3.,-0.2));
#3448=CARTESIAN_POINT('',(2.18,-3.,-0.2));
#3449=CARTESIAN_POINT('',(2.18,-3.,-0.2));
#3450=CARTESIAN_POINT('',(2.18,-3.,-2.));
#3451=CARTESIAN_POINT('',(2.18,-3.,-0.2));
#3452=CARTESIAN_POINT('',(2.18,-3.,-2.));
#3453=CARTESIAN_POINT('Origin',(2.18,-0.4,-0.2));
#3454=CARTESIAN_POINT('',(2.18,-3.,-0.2));
#3455=CARTESIAN_POINT('',(2.18,-3.,-2.));
#3456=CARTESIAN_POINT('Origin',(6.38,-1.7,-2.));
#3457=CARTESIAN_POINT('Origin',(6.38,-1.7,-0.2));
#3458=CARTESIAN_POINT('',(0.,0.,0.));
#3459=CARTESIAN_POINT('',(4.00000000000001,0.,4.85722573273506E-16));
#3460=UNCERTAINTY_MEASURE_WITH_UNIT(LENGTH_MEASURE(0.01),#3468,
'DISTANCE_ACCURACY_VALUE',
'Maximum model space distance between geometric entities at asserted c
onnectivities');
#3461=UNCERTAINTY_MEASURE_WITH_UNIT(LENGTH_MEASURE(0.01),#3468,
'DISTANCE_ACCURACY_VALUE',
'Maximum model space distance between geometric entities at asserted c
onnectivities');
#3462=UNCERTAINTY_MEASURE_WITH_UNIT(LENGTH_MEASURE(0.01),#3468,
'DISTANCE_ACCURACY_VALUE',
'Maximum model space distance between geometric entities at asserted c
onnectivities');
#3463=UNCERTAINTY_MEASURE_WITH_UNIT(LENGTH_MEASURE(0.01),#3468,
'DISTANCE_ACCURACY_VALUE',
'Maximum model space distance between geometric entities at asserted c
onnectivities');
#3464=(
GEOMETRIC_REPRESENTATION_CONTEXT(3)
GLOBAL_UNCERTAINTY_ASSIGNED_CONTEXT((#3460))
GLOBAL_UNIT_ASSIGNED_CONTEXT((#3468,#3470,#3471))
REPRESENTATION_CONTEXT('','3D')
);
#3465=(
GEOMETRIC_REPRESENTATION_CONTEXT(3)
GLOBAL_UNCERTAINTY_ASSIGNED_CONTEXT((#3461))
GLOBAL_UNIT_ASSIGNED_CONTEXT((#3468,#3470,#3471))
REPRESENTATION_CONTEXT('','3D')
);
#3466=(
GEOMETRIC_REPRESENTATION_CONTEXT(3)
GLOBAL_UNCERTAINTY_ASSIGNED_CONTEXT((#3462))
GLOBAL_UNIT_ASSIGNED_CONTEXT((#3468,#3470,#3471))
REPRESENTATION_CONTEXT('','3D')
);
#3467=(
GEOMETRIC_REPRESENTATION_CONTEXT(3)
GLOBAL_UNCERTAINTY_ASSIGNED_CONTEXT((#3463))
GLOBAL_UNIT_ASSIGNED_CONTEXT((#3468,#3470,#3471))
REPRESENTATION_CONTEXT('','3D')
);
#3468=(
LENGTH_UNIT()
NAMED_UNIT(*)
SI_UNIT(.MILLI.,.METRE.)
);
#3469=(
LENGTH_UNIT()
NAMED_UNIT(*)
SI_UNIT($,.METRE.)
);
#3470=(
NAMED_UNIT(*)
PLANE_ANGLE_UNIT()
SI_UNIT($,.RADIAN.)
);
#3471=(
NAMED_UNIT(*)
SI_UNIT($,.STERADIAN.)
SOLID_ANGLE_UNIT()
);
#3472=SHAPE_DEFINITION_REPRESENTATION(#3475,#3480);
#3473=SHAPE_DEFINITION_REPRESENTATION(#3476,#3481);
#3474=SHAPE_DEFINITION_REPRESENTATION(#3477,#3482);
#3475=PRODUCT_DEFINITION_SHAPE('',$,#3484);
#3476=PRODUCT_DEFINITION_SHAPE('',$,#3485);
#3477=PRODUCT_DEFINITION_SHAPE('',$,#3486);
#3478=PRODUCT_DEFINITION_SHAPE($,$,#17);
#3479=PRODUCT_DEFINITION_SHAPE($,$,#18);
#3480=SHAPE_REPRESENTATION('',(#2130,#2289,#2290),#3464);
#3481=SHAPE_REPRESENTATION('',(#2131),#3465);
#3482=SHAPE_REPRESENTATION('',(#2210),#3466);
#3483=PRODUCT_DEFINITION_CONTEXT('part definition',#3494,'design');
#3484=PRODUCT_DEFINITION('(Unsaved)','(Unsaved)',#3487,#3483);
#3485=PRODUCT_DEFINITION('front_belt_guard','front_belt_guard',#3488,#3483);
#3486=PRODUCT_DEFINITION('front_belt_guard(Mirror)',
'front_belt_guard(Mirror)',#3489,#3483);
#3487=PRODUCT_DEFINITION_FORMATION('',$,#3496);
#3488=PRODUCT_DEFINITION_FORMATION('',$,#3497);
#3489=PRODUCT_DEFINITION_FORMATION('',$,#3498);
#3490=PRODUCT_RELATED_PRODUCT_CATEGORY('(Unsaved)','(Unsaved)',(#3496));
#3491=PRODUCT_RELATED_PRODUCT_CATEGORY('front_belt_guard',
'front_belt_guard',(#3497));
#3492=PRODUCT_RELATED_PRODUCT_CATEGORY('front_belt_guard(Mirror)',
'front_belt_guard(Mirror)',(#3498));
#3493=APPLICATION_PROTOCOL_DEFINITION('international standard',
'automotive_design',2009,#3494);
#3494=APPLICATION_CONTEXT(
'Core Data for Automotive Mechanical Design Process');
#3495=PRODUCT_CONTEXT('part definition',#3494,'mechanical');
#3496=PRODUCT('(Unsaved)','(Unsaved)',$,(#3495));
#3497=PRODUCT('front_belt_guard','front_belt_guard',$,(#3495));
#3498=PRODUCT('front_belt_guard(Mirror)','front_belt_guard(Mirror)',$,(#3495));
#3499=PRESENTATION_STYLE_ASSIGNMENT((#3500));
#3500=SURFACE_STYLE_USAGE(.BOTH.,#3501);
#3501=SURFACE_SIDE_STYLE('',(#3502));
#3502=SURFACE_STYLE_FILL_AREA(#3503);
#3503=FILL_AREA_STYLE('Steel - Satin',(#3504));
#3504=FILL_AREA_STYLE_COLOUR('Steel - Satin',#3505);
#3505=COLOUR_RGB('Steel - Satin',0.627450980392157,0.627450980392157,0.627450980392157);
ENDSEC;
END-ISO-10303-21;
